时间,粉丝年化增长率,ETH价格（$）
"2015-08-06 09:00","20","2.83162",
"2015-08-07 09:00","11.051485","2.772121",
"2015-08-08 09:00","2.449287","0.75332516",
"2015-08-09 09:00","2.20723","0.7018966",
"2015-08-10 09:00","9.177861","0.7084479",
"2015-08-11 09:00","7.75856","1.0678593",
"2015-08-12 09:00","9.580581","1.2174363",
"2015-08-13 09:00","14.54828","1.8276747",
"2015-08-14 09:00","5.43799","1.8278726",
"2015-08-15 09:00","4.589706","1.6889001",
"2015-08-16 09:00","10.413604","1.5660319",
"2015-08-17 09:00","10.986129","1.2036061",
"2015-08-18 09:00","3.758615","1.0870484",
"2015-08-19 09:00","2.650669","1.2588581",
"2015-08-20 09:00","2.195582","1.4649221",
"2015-08-21 09:00","1.308771","1.3952922",
"2015-08-22 09:00","1.160698","1.3792347",
"2015-08-23 09:00","2.166646","1.3525856",
"2015-08-24 09:00","1.019153","1.2312702",
"2015-08-25 09:00","1.148925","1.1401867",
"2015-08-26 09:00","0.37457","1.1599826",
"2015-08-27 09:00","0.888232","1.1477025",
"2015-08-28 09:00","1.281191","1.191379",
"2015-08-29 09:00","1.137995","1.1825498",
"2015-08-30 09:00","1.273726","1.3192676",
"2015-08-31 09:00","0.554856","1.3582383",
"2015-09-01 09:00","1.267112","1.3516148",
"2015-09-02 09:00","1.262987","1.294785",
"2015-09-03 09:00","1.25887","1.2649274",
"2015-09-04 09:00","0.36757","1.2744066",
"2015-09-05 09:00","0.206305","1.3388101",
"2015-09-06 09:00","0.64824","1.2958261",
"2015-09-07 09:00","0.45397","1.2466453",
"2015-09-08 09:00","2.264919","1.2424282",
"2015-09-09 09:00","0.644039","1.2065104",
"2015-09-10 09:00","1.239212","1.1657739",
"2015-09-11 09:00","2.044617","0.98297846",
"2015-09-12 09:00","3.128123","1.0387416",
"2015-09-13 09:00","0.848746","0.93600327",
"2015-09-14 09:00","0.737057","0.8756216",
"2015-09-15 09:00","0.84538","0.9444096",
"2015-09-16 09:00","0.843364","0.90717465",
"2015-09-17 09:00","1.211655","0.8742314",
"2015-09-18 09:00","0.532347","0.8536852",
"2015-09-19 09:00","0.95331","0.88239104",
"2015-09-20 09:00","1.202813","0.93844545",
"2015-09-21 09:00","1.069795","0.9190469",
"2015-09-22 09:00","0.062458","0.901796",
"2015-09-23 09:00","0.353183","0.89340615",
"2015-09-24 09:00","0.353183","0.8136102",
"2015-09-25 09:00","0.526214","0.7362234",
"2015-09-26 09:00","0.721302","0.7859643",
"2015-09-27 09:00","0.719421","0.720839",
"2015-09-28 09:00","0.824652","0.582886",
"2015-09-29 09:00","0.716916","0.6611463",
"2015-09-30 09:00","0.821331","0.738644",
"2015-10-01 09:00","0","0.6902146",
"2015-10-02 09:00","0.196662","0.6785743",
"2015-10-03 09:00","0.520105","0.68717146",
"2015-10-04 09:00","0.431351","0.668379",
"2015-10-05 09:00","0.816691","0.6286434",
"2015-10-06 09:00","0.269511","0.6506455",
"2015-10-07 09:00","0.61082","0.6093882",
"2015-10-08 09:00","0.429265","0.62171555",
"2015-10-09 09:00","0.346292","0.6506276",
"2015-10-10 09:00","0.810742","0.6278574",
"2015-10-11 09:00","0.808764","0.63496256",
"2015-10-12 09:00","0.267198","0.6260302",
"2015-10-13 09:00","2.669305","0.60765463",
"2015-10-14 09:00","0.342859","0.5229682",
"2015-10-15 09:00","0.342369","0.56187755",
"2015-10-16 09:00","0.698245","0.53649473",
"2015-10-17 09:00","0.90829","0.54717755",
"2015-10-18 09:00","0.695153","0.5177342",
"2015-10-19 09:00","0.192304","0.48901403",
"2015-10-20 09:00","0.506862","0.434829",
"2015-10-21 09:00","16.395914","0.44732895",
"2015-10-22 09:00","0.786491","0.56770235",
"2015-10-23 09:00","0.684069","0.53965724",
"2015-10-24 09:00","1.001576","0.56359017",
"2015-10-25 09:00","0.189263","0.61603856",
"2015-10-26 09:00","0.189263","0.7313173",
"2015-10-27 09:00","0.413715","0.86964136",
"2015-10-28 09:00","2.163191","1.0024766",
"2015-10-29 09:00","1.366655","1.2066561",
"2015-10-30 09:00","0.493734","1.0412182",
"2015-10-31 09:00","0.331642","0.9166268",
"2015-11-01 08:00","0.409597","1.0556688",
"2015-11-02 08:00","0.492102","0.98978895",
"2015-11-03 08:00","1.100174","1.0133635",
"2015-11-04 08:00","0.76771","0.89904976",
"2015-11-05 08:00","1.216494","0.89563733",
"2015-11-06 08:00","1.213267","0.9260321",
"2015-11-07 08:00","0.404978","0.92797416",
"2015-11-08 08:00","1.766713","1.027466",
"2015-11-09 08:00","1.759673","0.9992781",
"2015-11-10 08:00","1.751649","0.9343483",
"2015-11-11 08:00","1.901822","0.79182917",
"2015-11-12 08:00","0.479641","0.89571095",
"2015-11-13 08:00","1.444607","0.9040956",
"2015-11-14 08:00","0.182341","0.8888116",
"2015-11-15 08:00","0.477485","0.90636796",
"2015-11-16 08:00","0.561104","0.9289618",
"2015-11-17 08:00","0.948335","1.0079756",
"2015-11-18 08:00","0.946207","0.9933191",
"2015-11-19 08:00","0.473719","0.95553195",
"2015-11-20 08:00","0.645238","0.92491966",
"2015-11-21 08:00","0.836659","0.97613966",
"2015-11-22 08:00","0.392735","0.9680178",
"2015-11-23 08:00","0.937716","0.9469692",
"2015-11-24 08:00","0.733894","0.9001912",
"2015-11-25 08:00","0.829979","0.86353725",
"2015-11-26 08:00","0.056272","0.88418305",
"2015-11-27 08:00","0.730737","0.8679511",
"2015-11-28 08:00","0.636864","0.9157028",
"2015-11-29 08:00","0.548633","0.87861377",
"2015-11-30 08:00","0.823323","0.8731191",
"2015-12-01 08:00","0.38716","0.8747996",
"2015-12-02 08:00","0.820667","0.8212097",
"2015-12-03 08:00","0.463544","0.81214267",
"2015-12-04 08:00","0.463011","0.8400414",
"2015-12-05 08:00","0.242481","0.8624378",
"2015-12-06 08:00","1.023571","0.8355001",
"2015-12-07 08:00","0.384128","0.8112643",
"2015-12-08 08:00","1.375289","0.82211804",
"2015-12-09 08:00","1.6398","0.79216707",
"2015-12-10 08:00","0.537943","0.84039587",
"2015-12-11 08:00","0.906205","0.92976224",
"2015-12-12 08:00","0.710046","0.97697264",
"2015-12-13 08:00","0.802841","0.95288384",
"2015-12-14 08:00","-0.148397","0.99302226",
"2015-12-15 08:00","0.801528","1.014146",
"2015-12-16 08:00","0.898581","0.9911817",
"2015-12-17 08:00","1.475058","0.9407008",
"2015-12-18 08:00","0.451322","0.9201274",
"2015-12-19 08:00","0.304719","0.9080715",
"2015-12-20 08:00","0.172889","0.90388465",
"2015-12-21 08:00","0.450264","0.9007706",
"2015-12-22 08:00","0.236603","0.86420166",
"2015-12-23 08:00","0.611408","0.8580773",
"2015-12-24 08:00","-0.411395","0.8632619",
"2015-12-25 08:00","-0.23314","0.8703628",
"2015-12-26 08:00","-0.191433","0.85460323",
"2015-12-27 08:00","-0.147464","0.8563646",
"2015-12-28 08:00","-0.549786","0.8450051",
"2015-12-29 08:00","0","0.8730542",
"2015-12-30 08:00","0.054731","0.911958",
"2015-12-31 08:00","-0.051899","0.9335423",
"2016-01-01 08:00","0.702584","0.9480244",
"2016-01-02 08:00","1.339237","0.9371241",
"2016-01-03 08:00","0.528441","0.9719048",
"2016-01-04 08:00","1.098645","0.95448023",
"2016-01-05 08:00","1.329037","0.9501759",
"2016-01-06 08:00","1.091776","0.9508598",
"2016-01-07 08:00","2.531813","0.94200456",
"2016-01-08 08:00","1.195604","0.98678917",
"2016-01-09 08:00","0.873839","0.9868334",
"2016-01-10 08:00","1.077349","0.9992307",
"2016-01-11 08:00","12.455355","1.0615958",
"2016-01-12 08:00","2.119756","1.1410013",
"2016-01-13 08:00","2.109556","1.1252029",
"2016-01-14 08:00","20","1.1895863",
"2016-01-15 08:00","7.458717","1.2080146",
"2016-01-16 08:00","2.368684","1.2202905",
"2016-01-17 08:00","5.452033","1.3274665",
"2016-01-18 08:00","3.07444","1.4263369",
"2016-01-19 08:00","9.971306","1.3713928",
"2016-01-20 08:00","4.143457","1.5318174",
"2016-01-21 08:00","1.435723","1.5535672",
"2016-01-22 08:00","8.171573","1.5012652",
"2016-01-23 08:00","9.99919","1.9726679",
"2016-01-24 08:00","20","2.141199",
"2016-01-25 08:00","17.88627","2.4992723",
"2016-01-26 08:00","5.781119","2.276372",
"2016-01-27 08:00","3.174914","2.3885467",
"2016-01-28 08:00","1.84121","2.526487",
"2016-01-29 08:00","1.133328","2.4949617",
"2016-01-30 08:00","7.755382","2.445063",
"2016-01-31 08:00","2.721721","2.306043",
"2016-02-01 08:00","5.484918","2.2116885",
"2016-02-02 08:00","2.35401","2.4396403",
"2016-02-03 08:00","2.044617","2.5286882",
"2016-02-04 08:00","1.766713","2.5780404",
"2016-02-05 08:00","0.515126","2.5389915",
"2016-02-06 08:00","1.292016","2.5344605",
"2016-02-07 08:00","1.185233","2.9643378",
"2016-02-08 08:00","9.330335","3.1797864",
"2016-02-09 08:00","20","4.0446424",
"2016-02-10 08:00","20","4.4362617",
"2016-02-11 08:00","6.744704","6.0131016",
"2016-02-12 08:00","5.141106","5.5469766",
"2016-02-13 08:00","3.473478","5.3853188",
"2016-02-14 08:00","11.156795","5.2397294",
"2016-02-15 08:00","3.034636","5.2883515",
"2016-02-16 08:00","3.985205","4.315291",
"2016-02-17 08:00","4.16781","3.7572405",
"2016-02-18 08:00","1.267112","4.3991337",
"2016-02-19 08:00","1.262987","4.737892",
"2016-02-20 08:00","3.674619","4.3413253",
"2016-02-21 08:00","4.277874","4.653618",
"2016-02-22 08:00","4.947927","5.616504",
"2016-02-23 08:00","15.19207","5.5862064",
"2016-02-24 08:00","3.525817","6.236472",
"2016-02-25 08:00","20","6.1048007",
"2016-02-26 08:00","5.43799","5.9216695",
"2016-02-27 08:00","3.058177","6.4258585",
"2016-02-28 08:00","7.780833","6.468348",
"2016-02-29 08:00","16.289143","6.3369946",
"2016-03-01 08:00","20","7.653688",
"2016-03-02 08:00","20","8.46539",
"2016-03-03 08:00","19.74282","9.29415",
"2016-03-04 08:00","20","10.405976",
"2016-03-05 08:00","20","11.003727",
"2016-03-06 08:00","17.88627","11.382899",
"2016-03-07 08:00","8.353017","9.552628",
"2016-03-08 08:00","8.224965","9.847209",
"2016-03-09 08:00","9.181553","11.898025",
"2016-03-10 08:00","7.030953","11.304983",
"2016-03-11 08:00","20","11.082802",
"2016-03-12 08:00","7.698386","13.533343",
"2016-03-13 09:00","7.899507","14.475005",
"2016-03-14 09:00","14.503285","12.452598",
"2016-03-15 09:00","8.955152","13.01002",
"2016-03-16 09:00","7.234594","12.520891",
"2016-03-17 09:00","8.03288","11.08147",
"2016-03-18 09:00","6.761588","10.998128",
"2016-03-19 09:00","4.626377","10.530707",
"2016-03-20 09:00","2.697437","10.319779",
"2016-03-21 09:00","2.679996","11.8641205",
"2016-03-22 09:00","3.977964","11.274812",
"2016-03-23 09:00","11.761866","12.41675",
"2016-03-24 09:00","1.490425","11.235013",
"2016-03-25 09:00","1.484991","10.743159",
"2016-03-26 09:00","2.032455","10.973968",
"2016-03-27 09:00","20","10.419201",
"2016-03-28 09:00","11.77575","11.665603",
"2016-03-29 09:00","4.714954","11.656444",
"2016-03-30 09:00","2.957626","11.952878",
"2016-03-31 09:00","1.842244","11.403538",
"2016-04-01 09:00","2.02364","11.663588",
"2016-04-02 09:00","2.659975","11.598876",
"2016-04-03 09:00","5.103306","11.618333",
"2016-04-04 09:00","2.860964","11.157274",
"2016-04-05 09:00","2.070206","10.438125",
"2016-04-06 09:00","5.368233","10.685382",
"2016-04-07 09:00","2.681335","10.069683",
"2016-04-08 09:00","1.845349","9.719586",
"2016-04-09 09:00","2.536956","9.150619",
"2016-04-10 09:00","2.869398","8.936342",
"2016-04-11 09:00","2.851148","8.643789",
"2016-04-12 09:00","2.278012","7.4423127",
"2016-04-13 09:00","1.883924","8.04442",
"2016-04-14 09:00","0.861589","8.38724",
"2016-04-15 09:00","1.869267","8.242781",
"2016-04-16 09:00","1.100939","8.609499",
"2016-04-17 09:00","1.231072","9.309098",
"2016-04-18 09:00","0.636864","9.035998",
"2016-04-19 09:00","1.294522","8.714877",
"2016-04-20 09:00","1.289514","8.465794",
"2016-04-21 09:00","0.844708","8.102173",
"2016-04-22 09:00","0.787794","7.821264",
"2016-04-23 09:00","0.68039","8.294792",
"2016-04-24 09:00","0.840009","8.001352",
"2016-04-25 09:00","0.578846","7.5543375",
"2016-04-26 09:00","1.203615","7.397041",
"2016-04-27 09:00","0.948335","7.7599707",
"2016-04-28 09:00","0.946207","7.1725283",
"2016-04-29 09:00","1.260516","7.4572883",
"2016-04-30 09:00","0.827314","8.813979",
"2016-05-01 09:00","1.253119","8.846502",
"2016-05-02 09:00","1.536176","10.163232",
"2016-05-03 09:00","3.080371","9.311272",
"2016-05-04 09:00","2.105034","9.413769",
"2016-05-05 09:00","1.747645","9.826101",
"2016-05-06 09:00","2.794153","9.346639",
"2016-05-07 09:00","1.498599","9.370509",
"2016-05-08 09:00","2.34548","9.48293",
"2016-05-09 09:00","2.638738","9.297732",
"2016-05-10 09:00","4.451328","9.361515",
"2016-05-11 09:00","4.253003","9.996278",
"2016-05-12 09:00","2.009369","10.057799",
"2016-05-13 09:00","4.041681","10.506571",
"2016-05-14 09:00","3.5921","10.239732",
"2016-05-15 09:00","7.077723","9.962352",
"2016-05-16 09:00","4.843001","11.171299",
"2016-05-17 09:00","13.704547","12.1987505",
"2016-05-18 09:00","20","13.558582",
"2016-05-19 09:00","7.273534","14.769704",
"2016-05-20 09:00","6.320995","13.635623",
"2016-05-21 09:00","14.175426","14.015044",
"2016-05-22 09:00","7.178011","14.28611",
"2016-05-23 09:00","20","13.461511",
"2016-05-24 09:00","20","12.73232",
"2016-05-25 09:00","12.851157","12.526032",
"2016-05-26 09:00","11.901392","12.430418",
"2016-05-27 09:00","8.76206","11.295753",
"2016-05-28 09:00","5.690626","11.892942",
"2016-05-29 09:00","8.510401","12.350427",
"2016-05-30 09:00","20","12.725281",
"2016-05-31 09:00","9.439556","14.0772505",
"2016-06-01 09:00","7.403647","14.001503",
"2016-06-02 09:00","4.019744","13.73804",
"2016-06-03 09:00","1.533408","13.846696",
"2016-06-04 09:00","2.165494","13.740443",
"2016-06-05 09:00","3.817782","13.975027",
"2016-06-06 09:00","5.606134","13.934076",
"2016-06-07 09:00","5.705219","14.512035",
"2016-06-08 09:00","3.268536","14.417732",
"2016-06-09 09:00","1.477763","14.398618",
"2016-06-10 09:00","2.930377","13.908645",
"2016-06-11 09:00","4.233951","14.191619",
"2016-06-12 09:00","7.838368","15.743715",
"2016-06-13 09:00","17.34704","17.602724",
"2016-06-14 09:00","9.88413","18.893217",
"2016-06-15 09:00","12.572896","18.35429",
"2016-06-16 09:00","20","20.588602",
"2016-06-17 09:00","20","15.376839",
"2016-06-18 09:00","20","11.330687",
"2016-06-19 09:00","20","12.234207",
"2016-06-20 09:00","20","11.839534",
"2016-06-21 09:00","20","13.306731",
"2016-06-22 09:00","7.443384","13.095109",
"2016-06-23 09:00","3.061129","13.676222",
"2016-06-24 09:00","2.2014","14.332058",
"2016-06-25 09:00","2.2578","14.283028",
"2016-06-26 09:00","2.178189","13.850195",
"2016-06-27 09:00","2.233004","13.883865",
"2016-06-28 09:00","3.223769","12.17556",
"2016-06-29 09:00","2.484598","12.611209",
"2016-06-30 09:00","2.469421","12.461502",
"2016-07-01 09:00","2.45431","12.19946",
"2016-07-02 09:00","2.440515","12.128438",
"2016-07-03 09:00","2.425529","11.720218",
"2016-07-04 09:00","2.411849","11.471003",
"2016-07-05 09:00","2.838565","10.611368",
"2016-07-06 09:00","0.356642","10.528934",
"2016-07-07 09:00","0.730737","10.109366",
"2016-07-08 09:00","1.249839","11.394575",
"2016-07-09 09:00","0.726957","10.965473",
"2016-07-10 09:00","0.725699","10.947623",
"2016-07-11 09:00","1.025784","10.459027",
"2016-07-12 09:00","1.236767","10.516094",
"2016-07-13 09:00","1.019889","10.500515",
"2016-07-14 09:00","2.010465","11.513191",
"2016-07-15 09:00","0.78584","11.951624",
"2016-07-16 09:00","0.52066","11.65283",
"2016-07-17 09:00","0.613759","11.158696",
"2016-07-18 09:00","2.502389","11.034428",
"2016-07-19 09:00","2.487134","11.619124",
"2016-07-20 09:00","20","12.450601",
"2016-07-21 09:00","6.938224","12.650744",
"2016-07-22 09:00","1.973446","14.661924",
"2016-07-23 09:00","5.065738","14.299668",
"2016-07-24 09:00","3.865289","12.749479",
"2016-07-25 09:00","12.582738","13.836116",
"2016-07-26 09:00","5.235498","11.989516",
"2016-07-27 09:00","2.776258","12.972791",
"2016-07-28 09:00","1.777813","12.843631",
"2016-07-29 09:00","2.16089","12.794635",
"2016-07-30 09:00","3.096723","12.4610195",
"2016-07-31 09:00","1.855723","11.875944",
"2016-08-01 09:00","7.080655","10.941604",
"2016-08-02 09:00","5.050336","8.787278",
"2016-08-03 09:00","1.095589","10.293891",
"2016-08-04 09:00","1.659089","11.042787",
"2016-08-05 09:00","1.41893","10.925382",
"2016-08-06 09:00","1.413651","10.881077",
"2016-08-07 09:00","1.364932","10.911555",
"2016-08-08 09:00","1.78186","11.245432",
"2016-08-09 09:00","5.756542","12.244302",
"2016-08-10 09:00","1.302054","12.143206",
"2016-08-11 09:00","0.918049","11.690898",
"2016-08-12 09:00","1.253119","11.778548",
"2016-08-13 09:00","0.626752","11.571282",
"2016-08-14 09:00","0.778696","11.19476",
"2016-08-15 09:00","0.745306","11.218371",
"2016-08-16 09:00","1.124023","11.139655",
"2016-08-17 09:00","0.904817","10.752753",
"2016-08-18 09:00","0.679165","10.756106",
"2016-08-19 09:00","0.307101","10.748687",
"2016-08-20 09:00","0.454501","11.247388",
"2016-08-21 09:00","0.58924","11.179168",
"2016-08-22 09:00","0.479102","11.120921",
"2016-08-23 09:00","0.644639","11.030555",
"2016-08-24 09:00","0.703204","11.036025",
"2016-08-25 09:00","0.400374","11.357408",
"2016-08-26 09:00","0.700723","11.295387",
"2016-08-27 09:00","0.760638","11.148203",
"2016-08-28 09:00","0.698245","10.929268",
"2016-08-29 09:00","0.500284","10.983827",
"2016-08-30 09:00","1.453525","11.228854",
"2016-08-31 09:00","0.372066","11.67238",
"2016-09-01 09:00","0.395786","11.994907",
"2016-09-02 09:00","0.23435","12.112951",
"2016-09-03 09:00","0.300918","11.758739",
"2016-09-04 09:00","0.444459","11.679917",
"2016-09-05 09:00","0.39426","11.717033",
"2016-09-06 09:00","0.575396","11.68914",
"2016-09-07 09:00","0.299495","11.547911",
"2016-09-08 09:00","0.46782","11.345937",
"2016-09-09 09:00","0.441828","11.6528425",
"2016-09-10 09:00","0.54525","12.168487",
"2016-09-11 09:00","0.544686","11.638432",
"2016-09-12 09:00","0.626159","11.893692",
"2016-09-13 09:00","0.653655","11.918725",
"2016-09-14 09:00","0.438677","11.923206",
"2016-09-15 09:00","0.651848","11.937027",
"2016-09-16 09:00","0.622015","12.555772",
"2016-09-17 09:00","1.173327","12.698646",
"2016-09-18 09:00","1.323954","12.431235",
"2016-09-19 09:00","3.01415","13.189001",
"2016-09-20 09:00","1.789972","14.430275",
"2016-09-21 09:00","0.612583","13.768513",
"2016-09-22 09:00","1.189216","13.247584",
"2016-09-23 09:00","0.45397","13.331318",
"2016-09-24 09:00","0.939836","12.877936",
"2016-09-25 09:00","1.908165","13.100855",
"2016-09-26 09:00","1.175703","12.8230505",
"2016-09-27 09:00","1.030957","13.09828",
"2016-09-28 09:00","0.62972","13.27484",
"2016-09-29 09:00","0.353677","13.073355",
"2016-09-30 09:00","0.627939","13.224803",
"2016-10-01 09:00","0.956159","13.172696",
"2016-10-02 09:00","1.160698","13.19971",
"2016-10-03 09:00","1.120931","13.452367",
"2016-10-04 09:00","0.948335","13.276987",
"2016-10-05 09:00","0.882736","13.035693",
"2016-10-06 09:00","0.304719","12.854333",
"2016-10-07 09:00","0.348749","12.667059",
"2016-10-08 09:00","0.618472","12.219116",
"2016-10-09 09:00","0.816029","12.053683",
"2016-10-10 09:00","0.814044","11.755537",
"2016-10-11 09:00","0.936305","11.78568",
"2016-10-12 09:00","0.695153","11.933531",
"2016-10-13 09:00","0.665754","11.963002",
"2016-10-14 09:00","0.898581","11.938246",
"2016-10-15 09:00","0.927858","11.983436",
"2016-10-16 09:00","0.745306","11.951567",
"2016-10-17 09:00","0.744034","12.005009",
"2016-10-18 09:00","0.742764","12.588488",
"2016-10-19 09:00","0.740859","12.022562",
"2016-10-20 09:00","0.739591","12.098979",
"2016-10-21 09:00","0.738323","12.1753645",
"2016-10-22 09:00","0.736424","12.071487",
"2016-10-23 09:00","0.821994","12.036034",
"2016-10-24 09:00","0.624974","11.968959",
"2016-10-25 09:00","0.62379","11.414007",
"2016-10-26 09:00","0.623198","11.531997",
"2016-10-27 09:00","0.622015","11.499693",
"2016-10-28 09:00","0.620833","11.085078",
"2016-10-29 09:00","0.619652","10.444594",
"2016-10-30 09:00","0.619062","11.182768",
"2016-10-31 09:00","0.617882","10.998227",
"2016-11-01 09:00","0.616703","10.766134",
"2016-11-02 09:00","0.615525","10.752603",
"2016-11-03 09:00","0.614936","10.800997",
"2016-11-04 09:00","0.613759","11.090692",
"2016-11-05 09:00","0.612583","11.002518",
"2016-11-06 08:00","0.637461","10.873507",
"2016-11-07 08:00","0.511815","10.808839",
"2016-11-08 08:00","0.510713","10.833651",
"2016-11-09 08:00","0.558829","10.65554",
"2016-11-10 08:00","0.854143","10.524494",
"2016-11-11 08:00","0.461411","10.289945",
"2016-11-12 08:00","0.460879","9.877959",
"2016-11-13 08:00","0.682841","10.101535",
"2016-11-14 08:00","0.681615","9.966476",
"2016-11-15 08:00","0.846726","10.217504",
"2016-11-16 08:00","0.504118","10.059128",
"2016-11-17 08:00","0.677942","9.9911785",
"2016-11-18 08:00","0.264889","9.476157",
"2016-11-19 08:00","0.264889","9.662761",
"2016-11-20 08:00","0.959012","9.579285",
"2016-11-21 08:00","0.956872","9.620815",
"2016-11-22 08:00","0.646438","9.905717",
"2016-11-23 08:00","0.645238","9.8436165",
"2016-11-24 08:00","0.386148","9.231673",
"2016-11-25 08:00","0.385643","9.402051",
"2016-11-26 08:00","0.385138","9.328113",
"2016-11-27 08:00","0.887545","8.99847",
"2016-11-28 08:00","0.885482","8.724824",
"2016-11-29 08:00","0.716916","8.174116",
"2016-11-30 08:00","0.470498","8.587543",
"2016-12-01 08:00","0.469962","8.452501",
"2016-12-02 08:00","0.469426","7.7599616",
"2016-12-03 08:00","0.491558","7.9213424",
"2016-12-04 08:00","0.58519","7.4436793",
"2016-12-05 08:00","0.536822","6.8216624",
"2016-12-06 08:00","0.535702","7.8689275",
"2016-12-07 08:00","0.535143","8.381482",
"2016-12-08 08:00","0.534024","8.230515",
"2016-12-09 08:00","0.533464","8.446013",
"2016-12-10 08:00","0.532905","8.125163",
"2016-12-11 08:00","0.531788","8.193624",
"2016-12-12 08:00","0.53123","8.522211",
"2016-12-13 08:00","0.530672","8.422849",
"2016-12-14 08:00","0.529556","8.265235",
"2016-12-15 08:00","0.528998","7.8284674",
"2016-12-16 08:00","0.527884","7.858214",
"2016-12-17 08:00","0.527327","7.876586",
"2016-12-18 08:00","0.52677","7.86532",
"2016-12-19 08:00","0.525657","7.643823",
"2016-12-20 08:00","0.525101","7.6600394",
"2016-12-21 08:00","0.524545","7.9144015",
"2016-12-22 08:00","0.523434","7.585005",
"2016-12-23 08:00","0.522879","7.166149",
"2016-12-24 08:00","0.522324","7.2657733",
"2016-12-25 08:00","0.521214","7.17508",
"2016-12-26 08:00","0.52066","7.2740917",
"2016-12-27 08:00","0.520105","7.170823",
"2016-12-28 08:00","0.518997","7.520107",
"2016-12-29 08:00","0.985598","8.284159",
"2016-12-30 08:00","0.269048","8.159984",
"2016-12-31 08:00","0.786491","7.969097",
"2017-01-01 08:00","2.044617","8.172571",
"2017-01-02 08:00","3.19927","8.378512",
"2017-01-03 08:00","3.83708","9.725245",
"2017-01-04 08:00","2.913264","11.251551",
"2017-01-05 08:00","1.625424","10.254371",
"2017-01-06 08:00","1.857803","10.254651",
"2017-01-07 08:00","1.291182","9.8671875",
"2017-01-08 08:00","1.287014","10.289789",
"2017-01-09 08:00","0.918748","10.325636",
"2017-01-10 08:00","0.835321","10.549573",
"2017-01-11 08:00","0.781291","9.717757",
"2017-01-12 08:00","0.518997","9.861325",
"2017-01-13 08:00","0.58519","9.769499",
"2017-01-14 08:00","0.495915","9.646661",
"2017-01-15 08:00","0.39172","9.904257",
"2017-01-16 08:00","0.560535","9.636502",
"2017-01-17 08:00","0.627939","10.302349",
"2017-01-18 08:00","0.772872","10.227767",
"2017-01-19 08:00","0.625567","10.397182",
"2017-01-20 08:00","0.449207","10.600625",
"2017-01-21 08:00","0.311399","10.909182",
"2017-01-22 08:00","0.768355","10.703221",
"2017-01-23 08:00","0.554289","10.820811",
"2017-01-24 08:00","0.553723","10.632478",
"2017-01-25 08:00","0.55259","10.570549",
"2017-01-26 08:00","0.619062","10.589132",
"2017-01-27 08:00","0.404466","10.537328",
"2017-01-28 08:00","0.29005","10.564966",
"2017-01-29 08:00","0.345801","10.484044",
"2017-01-30 08:00","0.639252","10.571168",
"2017-01-31 08:00","0.685297","10.72754",
"2017-02-01 08:00","0.591559","10.7321",
"2017-02-02 08:00","0.706311","10.821354",
"2017-02-03 08:00","0.503022","11.114493",
"2017-02-04 08:00","0.988494","11.433533",
"2017-02-05 08:00","0.565093","11.353028",
"2017-02-06 08:00","0.798904","11.389359",
"2017-02-07 08:00","0.954022","11.515292",
"2017-02-08 08:00","0.457155","11.431196",
"2017-02-09 08:00","0.87111","11.032242",
"2017-02-10 08:00","0.47587","11.278928",
"2017-02-11 08:00","0.455031","11.349521",
"2017-02-12 08:00","0.765779","11.399157",
"2017-02-13 08:00","1.425103","11.269521",
"2017-02-14 08:00","0.995024","13.025237",
"2017-02-15 08:00","0.735791","12.9197235",
"2017-02-16 08:00","0.553723","12.903666",
"2017-02-17 08:00","0.55259","12.676482",
"2017-02-18 08:00","0.489384","12.810152",
"2017-02-19 08:00","0.730737","12.758463",
"2017-02-20 08:00","0.660299","12.430144",
"2017-02-21 08:00","0.825317","12.668395",
"2017-02-22 08:00","0.899965","12.599694",
"2017-02-23 08:00","0.72507","13.119355",
"2017-02-24 08:00","0.632693","13.069153",
"2017-02-25 08:00","1.964802","13.548668",
"2017-02-26 08:00","3.493034","14.51996",
"2017-02-27 08:00","4.537157","15.396522",
"2017-02-28 08:00","5.032781","15.817199",
"2017-03-01 08:00","9.31536","17.34968",
"2017-03-02 08:00","5.150034","19.03024",
"2017-03-03 08:00","2.238891","19.45897",
"2017-03-04 08:00","2.143686","18.61888",
"2017-03-05 08:00","1.972365","19.302252",
"2017-03-06 08:00","2.041295","19.605669",
"2017-03-07 08:00","1.766713","18.888645",
"2017-03-08 08:00","1.155196","16.651293",
"2017-03-09 08:00","1.096353","17.754719",
"2017-03-10 08:00","16.617813","19.332268",
"2017-03-11 08:00","6.503957","21.472523",
"2017-03-12 09:00","6.419989","23.43772",
"2017-03-13 09:00","7.876933","28.592922",
"2017-03-14 09:00","20","28.654598",
"2017-03-15 09:00","20","35.05592",
"2017-03-16 09:00","20","46.345814",
"2017-03-17 09:00","20","46.82799",
"2017-03-18 09:00","8.359805","34.16023",
"2017-03-19 09:00","10.438461","44.740074",
"2017-03-20 09:00","4.868525","43.390224",
"2017-03-21 09:00","4.359032","43.145092",
"2017-03-22 09:00","4.773378","42.342056",
"2017-03-23 09:00","14.98229","43.67843",
"2017-03-24 09:00","8.407462","53.107525",
"2017-03-25 09:00","3.288758","51.250046",
"2017-03-26 09:00","20","50.5216",
"2017-03-27 09:00","7.918902","49.666927",
"2017-03-28 09:00","6.602657","50.774902",
"2017-03-29 09:00","6.517588","53.126076",
"2017-03-30 09:00","3.018531","52.20576",
"2017-03-31 09:00","1.957259","50.037277",
"2017-04-01 09:00","2.849748","50.699463",
"2017-04-02 09:00","5.447349","48.74875",
"2017-04-03 09:00","3.294999","44.356434",
"2017-04-04 09:00","2.911841","44.641922",
"2017-04-05 09:00","2.807976","45.30395",
"2017-04-06 09:00","1.530642","43.242138",
"2017-04-07 09:00","1.443717","42.162632",
"2017-04-08 09:00","1.717804","44.307068",
"2017-04-09 09:00","1.595962","43.26697",
"2017-04-10 09:00","1.5068","43.435196",
"2017-04-11 09:00","2.170105","43.407204",
"2017-04-12 09:00","3.45077","46.28725",
"2017-04-13 09:00","1.380484","50.21942",
"2017-04-14 09:00","1.42687","47.574135",
"2017-04-15 09:00","1.751649","49.10149",
"2017-04-16 09:00","2.14941","48.718548",
"2017-04-17 09:00","2.040189","48.30457",
"2017-04-18 09:00","1.966961","50.707474",
"2017-04-19 09:00","2.14941","48.30528",
"2017-04-20 09:00","2.073559","49.67216",
"2017-04-21 09:00","1.169372","48.22445",
"2017-04-22 09:00","1.640761","48.553005",
"2017-04-23 09:00","5.10996","48.48929",
"2017-04-24 09:00","2.842755","50.03146",
"2017-04-25 09:00","3.327914","49.89123",
"2017-04-26 09:00","11.227511","52.72033",
"2017-04-27 09:00","14.809546","62.16773",
"2017-04-28 09:00","7.806358","70.1592",
"2017-04-29 09:00","20","68.37693",
"2017-04-30 09:00","20","79.02125",
"2017-05-01 09:00","19.489092","76.29698",
"2017-05-02 09:00","16.617813","77.26378",
"2017-05-03 09:00","20","79.71818",
"2017-05-04 09:00","20","96.98135",
"2017-05-05 09:00","11.747996","94.39854",
"2017-05-06 09:00","12.63205","97.813484",
"2017-05-07 09:00","17.547428","94.00732",
"2017-05-08 09:00","18.154848","91.42038",
"2017-05-09 09:00","8.926308","91.16292",
"2017-05-10 09:00","11.8687","89.52486",
"2017-05-11 09:00","9.642151","89.87967",
"2017-05-12 09:00","4.141588","88.65538",
"2017-05-13 09:00","7.288559","90.835396",
"2017-05-14 09:00","9.233382","90.786545",
"2017-05-15 09:00","8.475964","92.414894",
"2017-05-16 09:00","5.57025","89.43795",
"2017-05-17 09:00","14.357943","89.860374",
"2017-05-18 09:00","20","96.90627",
"2017-05-19 09:00","20","129.52747",
"2017-05-20 09:00","20","126.52118",
"2017-05-21 09:00","20","157.9366",
"2017-05-22 09:00","20","174.26137",
"2017-05-23 09:00","20","181.95245",
"2017-05-24 09:00","20","190.04576",
"2017-05-25 09:00","20","174.44638",
"2017-05-26 09:00","20","160.4033",
"2017-05-27 09:00","20","157.75783",
"2017-05-28 09:00","20","170.51091",
"2017-05-29 09:00","20","194.9094",
"2017-05-30 09:00","20","231.91083",
"2017-05-31 09:00","20","230.66937",
"2017-06-01 09:00","20","222.23917",
"2017-06-02 09:00","20","223.77507",
"2017-06-03 09:00","20","224.37558",
"2017-06-04 09:00","20","245.33224",
"2017-06-05 09:00","20","248.464",
"2017-06-06 09:00","20","264.4656",
"2017-06-07 09:00","20","258.07123",
"2017-06-08 09:00","20","261.6663",
"2017-06-09 09:00","20","281.73682",
"2017-06-10 09:00","20","337.668",
"2017-06-11 09:00","20","340.6089",
"2017-06-12 09:00","20","401.4904",
"2017-06-13 09:00","20","397.5371",
"2017-06-14 09:00","20","359.053",
"2017-06-15 09:00","20","361.93295",
"2017-06-16 09:00","20","370.22748",
"2017-06-17 09:00","20","379.4142",
"2017-06-18 09:00","20","371.45807",
"2017-06-19 09:00","20","370.05588",
"2017-06-20 09:00","20","359.00543",
"2017-06-21 09:00","20","336.87183",
"2017-06-22 09:00","20","336.3705",
"2017-06-23 09:00","20","341.73862",
"2017-06-24 09:00","20","323.69592",
"2017-06-25 09:00","20","303.24826",
"2017-06-26 09:00","20","272.6919",
"2017-06-27 09:00","20","293.08795",
"2017-06-28 09:00","19.750332","327.9267",
"2017-06-29 09:00","6.062549","302.88327",
"2017-06-30 09:00","6.04974","294.91583",
"2017-07-01 09:00","9.020359","274.60056",
"2017-07-02 09:00","5.659119","287.98688",
"2017-07-03 09:00","10.597144","282.89752",
"2017-07-04 09:00","10.70698","273.30322",
"2017-07-05 09:00","6.920956","268.77432",
"2017-07-06 09:00","6.315682","270.54935",
"2017-07-07 09:00","5.57025","245.99084",
"2017-07-08 09:00","8.171573","251.69714",
"2017-07-09 09:00","18.518885","242.1373",
"2017-07-10 09:00","19.187239","215.35661",
"2017-07-11 09:00","6.029294","197.40393",
"2017-07-12 09:00","7.255539","230.774",
"2017-07-13 09:00","7.154302","209.7328",
"2017-07-14 09:00","7.057228","199.66234",
"2017-07-15 09:00","6.961306","170.65453",
"2017-07-16 09:00","6.869378","157.36278",
"2017-07-17 09:00","6.809627","193.42442",
"2017-07-18 09:00","6.0523","234.39085",
"2017-07-19 09:00","5.015277","199.70274",
"2017-07-20 09:00","3.793331","227.26465",
"2017-07-21 09:00","2.489672","218.30463",
"2017-07-22 09:00","3.135634","229.47618",
"2017-07-23 09:00","4.30479","225.95078",
"2017-07-24 09:00","3.550561","224.711",
"2017-07-25 09:00","3.436232","206.70995",
"2017-07-26 09:00","3.086309","203.9534",
"2017-07-27 09:00","2.374817","204.31763",
"2017-07-28 09:00","3.044918","193.34088",
"2017-07-29 09:00","3.053753","205.78876",
"2017-07-30 09:00","1.699073","197.97784",
"2017-07-31 09:00","3.89722","203.8706",
"2017-08-01 09:00","3.318484","226.76872",
"2017-08-02 09:00","2.017045","219.95242",
"2017-08-03 09:00","2.155145","225.3423",
"2017-08-04 09:00","3.116133","222.85162",
"2017-08-05 09:00","6.417296","256.50653",
"2017-08-06 09:00","4.788077","261.5674",
"2017-08-07 09:00","11.383635","269.1798",
"2017-08-08 09:00","7.52342","296.7689",
"2017-08-09 09:00","5.837985","296.02682",
"2017-08-10 09:00","6.13989","295.89163",
"2017-08-11 09:00","6.857962","308.86365",
"2017-08-12 09:00","9.263116","310.60092",
"2017-08-13 09:00","9.959378","298.0641",
"2017-08-14 09:00","8.387008","300.0973",
"2017-08-15 09:00","5.529816","289.81842",
"2017-08-16 09:00","5.447349","302.26663",
"2017-08-17 09:00","3.922199","301.45706",
"2017-08-18 09:00","3.426567","295.58984",
"2017-08-19 09:00","5.161212","297.4705",
"2017-08-20 09:00","9.031268","301.42847",
"2017-08-21 09:00","5.630166","321.59128",
"2017-08-22 09:00","6.531244","314.78482",
"2017-08-23 09:00","5.499063","317.51852",
"2017-08-24 09:00","3.844117","325.61142",
"2017-08-25 09:00","3.231454","331.9153",
"2017-08-26 09:00","5.382124","333.88177",
"2017-08-27 09:00","4.807031","347.893",
"2017-08-28 09:00","9.360351","347.74728",
"2017-08-29 09:00","10.388801","370.667",
"2017-08-30 09:00","6.755956","378.48523",
"2017-08-31 09:00","5.945579","383.04242",
"2017-09-01 09:00","8.258492","387.74066",
"2017-09-02 09:00","5.201622","348.98428",
"2017-09-03 09:00","11.82679","347.48413",
"2017-09-04 09:00","6.43077","295.17093",
"2017-09-05 09:00","4.359032","312.9881",
"2017-09-06 09:00","3.744799","334.33804",
"2017-09-07 09:00","3.18251","329.42798",
"2017-09-08 09:00","2.601869","296.49658",
"2017-09-09 09:00","2.729851","294.40472",
"2017-09-10 09:00","3.06704","288.7469",
"2017-09-11 09:00","2.404411","294.53235",
"2017-09-12 09:00","3.354744","291.12164",
"2017-09-13 09:00","3.329488","277.11163",
"2017-09-14 09:00","2.143686","213.90843",
"2017-09-15 09:00","1.451739","250.46439",
"2017-09-16 09:00","2.295949","246.52173",
"2017-09-17 09:00","3.741352","251.74936",
"2017-09-18 09:00","3.040509","293.4967",
"2017-09-19 09:00","2.056828","282.80383",
"2017-09-20 09:00","1.669758","283.7421",
"2017-09-21 09:00","1.299541","258.58005",
"2017-09-22 09:00","1.170953","264.30957",
"2017-09-23 09:00","1.324801","286.16785",
"2017-09-24 09:00","1.474157","282.4834",
"2017-09-25 09:00","1.585587","292.33215",
"2017-09-26 09:00","1.955108","287.43796",
"2017-09-27 09:00","1.2787","306.46713",
"2017-09-28 09:00","1.273726","299.15546",
"2017-09-29 09:00","0.983429","291.46738",
"2017-09-30 09:00","1.30541","301.46524",
"2017-10-01 09:00","1.255582","302.33682",
"2017-10-02 09:00","1.459786","297.47498",
"2017-10-03 09:00","1.098645","292.46265",
"2017-10-04 09:00","1.321417","292.65756",
"2017-10-05 09:00","1.356336","295.863",
"2017-10-06 09:00","1.35205","308.5881",
"2017-10-07 09:00","1.94116","311.1243",
"2017-10-08 09:00","1.94009","308.60794",
"2017-10-09 09:00","1.341794","297.39175",
"2017-10-10 09:00","1.3435","299.87",
"2017-10-11 09:00","2.380961","303.45602",
"2017-10-12 09:00","2.367459","304.13617",
"2017-10-13 09:00","2.225954","338.75732",
"2017-10-14 09:00","3.008316","339.6279",
"2017-10-15 09:00","3.807288","336.59497",
"2017-10-16 09:00","3.108656","333.38422",
"2017-10-17 09:00","2.827413","317.08194",
"2017-10-18 09:00","1.973446","314.3187",
"2017-10-19 09:00","1.924084","308.08755",
"2017-10-20 09:00","1.914522","304.00613",
"2017-10-21 09:00","1.913462","300.18744",
"2017-10-22 09:00","3.710435","295.44626",
"2017-10-23 09:00","4.87279","286.94974",
"2017-10-24 09:00","3.265434","298.32758",
"2017-10-25 09:00","2.665303","297.9254",
"2017-10-26 09:00","2.114086","296.52716",
"2017-10-27 09:00","1.807288","297.42258",
"2017-10-28 09:00","2.499842","296.298",
"2017-10-29 09:00","1.946517","305.08795",
"2017-10-30 09:00","2.143686","307.75116",
"2017-10-31 09:00","3.824791","305.8794",
"2017-11-01 09:00","4.539169","291.69443",
"2017-11-02 09:00","4.982594","287.42856",
"2017-11-03 09:00","4.535146","305.7113",
"2017-11-04 09:00","4.491082","300.46866",
"2017-11-05 08:00","4.475146","296.26263",
"2017-11-06 08:00","5.632574","298.89206",
"2017-11-07 08:00","5.567864","294.65857",
"2017-11-08 08:00","5.503785","309.0698",
"2017-11-09 08:00","5.442668","320.8839",
"2017-11-10 08:00","5.382124","299.25253",
"2017-11-11 08:00","5.354372","314.68124",
"2017-11-12 08:00","5.067941","307.90823",
"2017-11-13 08:00","6.220697","316.71585",
"2017-11-14 08:00","6.265396","337.63098",
"2017-11-15 08:00","4.128527","333.3568",
"2017-11-16 08:00","3.231454","330.92422",
"2017-11-17 08:00","4.541182","332.3941",
"2017-11-18 08:00","7.993639","347.6124",
"2017-11-19 08:00","7.812751","354.38577",
"2017-11-20 08:00","6.503957","366.72974",
"2017-11-21 08:00","6.352956","360.40063",
"2017-11-22 08:00","20","380.6521",
"2017-11-23 08:00","20","410.1656",
"2017-11-24 08:00","13.859865","474.9114",
"2017-11-25 08:00","20","466.27634",
"2017-11-26 08:00","20","471.33026",
"2017-11-27 08:00","20","480.35513",
"2017-11-28 08:00","20","472.90207",
"2017-11-29 08:00","20","427.5233",
"2017-11-30 08:00","20","447.11432",
"2017-12-01 08:00","20","466.53976",
"2017-12-02 08:00","20","463.4493",
"2017-12-03 08:00","20","465.8534",
"2017-12-04 08:00","20","470.20386",
"2017-12-05 08:00","20","463.28088",
"2017-12-06 08:00","20","428.58765",
"2017-12-07 08:00","20","434.40775",
"2017-12-08 08:00","20","456.0313",
"2017-12-09 08:00","20","473.50195",
"2017-12-10 08:00","20","441.7209",
"2017-12-11 08:00","20","515.1364",
"2017-12-12 08:00","20","651.43146",
"2017-12-13 08:00","20","702.76685",
"2017-12-14 08:00","20","695.81555",
"2017-12-15 08:00","20","684.4483",
"2017-12-16 08:00","20","696.2095",
"2017-12-17 08:00","20","719.97516",
"2017-12-18 08:00","20","794.64484",
"2017-12-19 08:00","20","826.82306",
"2017-12-20 08:00","20","819.0856",
"2017-12-21 08:00","20","821.06335",
"2017-12-22 08:00","20","674.8601",
"2017-12-23 08:00","20","719.38727",
"2017-12-24 08:00","20","694.1484",
"2017-12-25 08:00","20","765.8343",
"2017-12-26 08:00","20","773.83575",
"2017-12-27 08:00","20","762.84216",
"2017-12-28 08:00","20","737.023",
"2017-12-29 08:00","20","753.5921",
"2017-12-30 08:00","10.450909","717.25653",
"2017-12-31 08:00","20","756.7326",
"2018-01-01 08:00","20","772.6408",
"2018-01-02 08:00","20","884.4444",
"2018-01-03 08:00","20","962.71967",
"2018-01-04 08:00","20","980.92175",
"2018-01-05 08:00","20","997.71967",
"2018-01-06 08:00","20","1041.6783",
"2018-01-07 08:00","20","1153.1683",
"2018-01-08 08:00","20","1148.5294",
"2018-01-09 08:00","20","1299.7355",
"2018-01-10 08:00","20","1255.8201",
"2018-01-11 08:00","16.939718","1154.9315",
"2018-01-12 08:00","20","1273.2019",
"2018-01-13 08:00","20","1396.4176",
"2018-01-14 08:00","20","1366.7722",
"2018-01-15 08:00","20","1291.9177",
"2018-01-16 08:00","20","1053.6918",
"2018-01-17 08:00","14.861173","1014.2546",
"2018-01-18 08:00","8.883197","1036.283",
"2018-01-19 08:00","6.594383","1039.1013",
"2018-01-20 08:00","7.948073","1155.1533",
"2018-01-21 08:00","6.254854","1049.5812",
"2018-01-22 08:00","5.347453","1003.2608",
"2018-01-23 08:00","5.290085","986.22925",
"2018-01-24 08:00","4.370727","1058.782",
"2018-01-25 08:00","2.940395","1056.0332",
"2018-01-26 08:00","7.178011","1055.1715",
"2018-01-27 08:00","20","1107.067",
"2018-01-28 08:00","8.555356","1246.0059",
"2018-01-29 08:00","5.31297","1182.3606",
"2018-01-30 08:00","5.043747","1071.1311",
"2018-01-31 08:00","5.228708","1118.3063",
"2018-02-01 08:00","3.707012","1036.7867",
"2018-02-02 08:00","2.693405","915.78546",
"2018-02-03 08:00","2.762549","964.0195",
"2018-02-04 08:00","2.798295","834.68207",
"2018-02-05 08:00","2.82324","697.95056",
"2018-02-06 08:00","2.186294","793.12244",
"2018-02-07 08:00","6.564121","757.06824",
"2018-02-08 08:00","2.385884","817.80725",
"2018-02-09 08:00","1.746645","883.86456",
"2018-02-10 08:00","1.770744","860.4153",
"2018-02-11 08:00","1.631165","814.6602",
"2018-02-12 08:00","1.786927","868.7068",
"2018-02-13 08:00","1.394393","845.25824",
"2018-02-14 08:00","1.556571","923.5613",
"2018-02-15 08:00","1.282022","936.9759",
"2018-02-16 08:00","1.358912","944.20953",
"2018-02-17 08:00","1.449954","974.11487",
"2018-02-18 08:00","1.562162","923.9213",
"2018-02-19 08:00","1.483182","943.8654",
"2018-02-20 08:00","1.312978","895.37067",
"2018-02-21 08:00","1.003765","849.9715",
"2018-02-22 08:00","0.83599","812.84454",
"2018-02-23 08:00","0.833984","864.18915",
"2018-02-24 08:00","0.832648","840.51526",
"2018-02-25 08:00","0.830646","844.81036",
"2018-02-26 08:00","0.828646","869.3152",
"2018-02-27 08:00","0.93419","878.2651",
"2018-02-28 08:00","0.93419","855.19885",
"2018-03-01 08:00","0.93419","872.1998",
"2018-03-02 08:00","0.93419","856.853",
"2018-03-03 08:00","0.93419","857.2251",
"2018-03-04 08:00","0.93419","866.678",
"2018-03-05 08:00","0.93419","853.6842",
"2018-03-06 08:00","0.93419","816.9514",
"2018-03-07 08:00","0.93419","752.8315",
"2018-03-08 08:00","0.93419","704.5955",
"2018-03-09 08:00","0.93419","728.9163",
"2018-03-10 08:00","0.93419","686.88995",
"2018-03-11 09:00","0.93419","723.3392",
"2018-03-12 09:00","0.93419","699.831",
"2018-03-13 09:00","0","690.8266",
"2018-03-14 09:00","0.623198","614.29095",
"2018-03-15 09:00","0.718168","611.3041",
"2018-03-16 09:00","0.451322","601.66626",
"2018-03-17 09:00","0.603205","552.779",
"2018-03-18 09:00","0.647038","538.6437",
"2018-03-19 09:00","0.55599","556.72595",
"2018-03-20 09:00","0.534024","557.1749",
"2018-03-21 09:00","0.46782","561.7315",
"2018-03-22 09:00","0.415778","539.702",
"2018-03-23 09:00","0.34531","539.61896",
"2018-03-24 09:00","0.012857","526.4386",
"2018-03-25 09:00","0.926453","524.2869",
"2018-03-26 09:00","0.37457","489.95123",
"2018-03-27 09:00","0.437628","450.1161",
"2018-03-28 09:00","0.459814","446.27914",
"2018-03-29 09:00","0.338947","385.96838",
"2018-03-30 09:00","0.25707","394.64484",
"2018-03-31 09:00","0.335533","396.4571",
"2018-04-01 09:00","0.501379","379.6065",
"2018-04-02 09:00","0.353183","386.42462",
"2018-04-03 09:00","0.174602","416.89307",
"2018-04-04 09:00","0.258446","380.54288",
"2018-04-05 09:00","0.297128","383.2317",
"2018-04-06 09:00","0.210272","370.28516",
"2018-04-07 09:00","0.304719","385.31424",
"2018-04-08 09:00","0.432918","400.50818",
"2018-04-09 09:00","0.31619","398.52563",
"2018-04-10 09:00","0.356642","414.24258",
"2018-04-11 09:00","0.398843","430.54004",
"2018-04-12 09:00","0.450264","492.9413",
"2018-04-13 09:00","0.264428","492.73477",
"2018-04-14 09:00","0.251123","501.47833",
"2018-04-15 09:00","0.332613","531.70197",
"2018-04-16 09:00","0.254779","511.1467",
"2018-04-17 09:00","0.194917","502.89365",
"2018-04-18 09:00","0.247932","524.7888",
"2018-04-19 09:00","0.479641","567.88904",
"2018-04-20 09:00","0.310921","615.718",
"2018-04-21 09:00","0.294292","605.3953",
"2018-04-22 09:00","0.402419","621.8604",
"2018-04-23 09:00","0.516231","642.548",
"2018-04-24 09:00","0.418879","708.1581",
"2018-04-25 09:00","0.400885","615.41565",
"2018-04-26 09:00","0.292877","662.80865",
"2018-04-27 09:00","0.228958","647.0319",
"2018-04-28 09:00","0.220024","683.6779",
"2018-04-29 09:00","0.335046","688.8808",
"2018-04-30 09:00","0.44604","669.92365",
"2018-05-01 09:00","0.377581","673.6133",
"2018-05-02 09:00","0.698245","687.14935",
"2018-05-03 09:00","0.463544","779.5428",
"2018-05-04 09:00","0.356642","785.62415",
"2018-05-05 09:00","0.401396","816.1197",
"2018-05-06 09:00","0.665147","792.31085",
"2018-05-07 09:00","0.408569","753.72546",
"2018-05-08 09:00","0.454501","752.8572",
"2018-05-09 09:00","0.369567","752.27527",
"2018-05-10 09:00","0.329701","727.2774",
"2018-05-11 09:00","0.2348","679.5863",
"2018-05-12 09:00","0.327762","686.0483",
"2018-05-13 09:00","0.400374","733.49646",
"2018-05-14 09:00","0.271829","730.54913",
"2018-05-15 09:00","0.226271","708.8714",
"2018-05-16 09:00","0.299969","707.05023",
"2018-05-17 09:00","0.28958","672.65656",
"2018-05-18 09:00","0.230753","694.3669",
"2018-05-19 09:00","0.242028","696.52954",
"2018-05-20 09:00","0.228062","715.3688",
"2018-05-21 09:00","0.218245","699.222",
"2018-05-22 09:00","0.297601","647.74054",
"2018-05-23 09:00","0.271365","583.5846",
"2018-05-24 09:00","0.21869","601.75464",
"2018-05-25 09:00","0.176747","586.7345",
"2018-05-26 09:00","0.229855","587.2804",
"2018-05-27 09:00","0.410625","572.6679",
"2018-05-28 09:00","0.126748","516.0357",
"2018-05-29 09:00","0.229407","565.38776",
"2018-05-30 09:00","0.207185","559.5901",
"2018-05-31 09:00","0.191434","577.6449",
"2018-06-01 09:00","0.171179","580.04315",
"2018-06-02 09:00","0.163088","591.8085",
"2018-06-03 09:00","0.041725","619.43744",
"2018-06-04 09:00","0.439726","592.9847",
"2018-06-05 09:00","0.235701","609.30286",
"2018-06-06 09:00","0.214695","607.12354",
"2018-06-07 09:00","0.194045","605.1874",
"2018-06-08 09:00","0.147492","601.0773",
"2018-06-09 09:00","0.164787","597.5623",
"2018-06-10 09:00","0.152107","526.4791",
"2018-06-11 09:00","0.199722","533.28424",
"2018-06-12 09:00","0.133759","496.84338",
"2018-06-13 09:00","0.178465","477.49402",
"2018-06-14 09:00","0.147074","519.7419",
"2018-06-15 09:00","0.130042","491.00427",
"2018-06-16 09:00","0.072978","499.64233",
"2018-06-17 09:00","0.181479","500.4485",
"2018-06-18 09:00","0.298548","518.8906",
"2018-06-19 09:00","0.058201","537.9574",
"2018-06-20 09:00","0.125105","536.2678",
"2018-06-21 09:00","0.108802","527.3666",
"2018-06-22 09:00","0.062458","465.8168",
"2018-06-23 09:00","0.114074","474.51978",
"2018-06-24 09:00","0.144148","457.6719",
"2018-06-25 09:00","0.118555","460.30984",
"2018-06-26 09:00","0.131692","432.77173",
"2018-06-27 09:00","0.099535","442.3649",
"2018-06-28 09:00","0.106377","422.365",
"2018-06-29 09:00","0.119372","436.009",
"2018-06-30 09:00","0.064398","455.18",
"2018-07-01 09:00","0.138318","453.918",
"2018-07-02 09:00","0.14833","475.347",
"2018-07-03 09:00","0.160968","464.195",
"2018-07-04 09:00","0.155053","467.318",
"2018-07-05 09:00","0.141646","474.412",
"2018-07-06 09:00","0.107185","474.012",
"2018-07-07 09:00","0.126748","491.66",
"2018-07-08 09:00","0.198847","489.119",
"2018-07-09 09:00","0.132105","476.682",
"2018-07-10 09:00","0.133345","434.424",
"2018-07-11 09:00","0.124284","446.518",
"2018-07-12 09:00","0.116516","430.074",
"2018-07-13 09:00","0.074546","434.027",
"2018-07-14 09:00","0.075723","436.086",
"2018-07-15 09:00","0.136658","449.85",
"2018-07-16 09:00","0.135415","480.658",
"2018-07-17 09:00","0.114074","501.002",
"2018-07-18 09:00","0.108802","480.513",
"2018-07-19 09:00","0.171606","469.619",
"2018-07-20 09:00","0.262124","450.698",
"2018-07-21 09:00","0.084789","462.436",
"2018-07-22 09:00","0.194481","459.657",
"2018-07-23 09:00","0.137073","450.853",
"2018-07-24 09:00","0.15843","479.373",
"2018-07-25 09:00","0.139149","472.493",
"2018-07-26 09:00","0.121416","464.037",
"2018-07-27 09:00","0.097531","469.666",
"2018-07-28 09:00","0.077294","466.898",
"2018-07-29 09:00","0.125926","466.665",
"2018-07-30 09:00","0.166062","457.08087",
"2018-07-31 09:00","0.179756","433.86655",
"2018-08-01 09:00","0.19361","420.74695",
"2018-08-02 09:00","0.235251","412.62122",
"2018-08-03 09:00","0.148749","418.26172",
"2018-08-04 09:00","0.179326","407.25244",
"2018-08-05 09:00","0.243388","410.5161",
"2018-08-06 09:00","0.378587","406.65836",
"2018-08-07 09:00","0.253864","380.21503",
"2018-08-08 09:00","0.178035","356.61304",
"2018-08-09 09:00","0.224483","365.5878",
"2018-08-10 09:00","0.118555","334.17645",
"2018-08-11 09:00","0.276476","322.1115",
"2018-08-12 09:00","0.282543","319.56973",
"2018-08-13 09:00","0.312834","286.49536",
"2018-08-14 09:00","0.152107","278.9316",
"2018-08-15 09:00","0.246567","282.36368",
"2018-08-16 09:00","0.166914","288.04648",
"2018-08-17 09:00","0.130042","315.72894",
"2018-08-18 09:00","0.097531","295.8117",
"2018-08-19 09:00","0.176747","300.83383",
"2018-08-20 09:00","0.136244","274.31512",
"2018-08-21 09:00","0.166488","281.94394",
"2018-08-22 09:00","0.12757","271.34116",
"2018-08-23 09:00","0.123054","277.10388",
"2018-08-24 09:00","0.160545","282.9672",
"2018-08-25 09:00","0.113262","279.646",
"2018-08-26 09:00","0.14833","275.19708",
"2018-08-27 09:00","0.149168","285.6033",
"2018-08-28 09:00","0.166062","296.49948",
"2018-08-29 09:00","0.170325","289.3124",
"2018-08-30 09:00","0.191869","284.10547",
"2018-08-31 09:00","0.21869","283.0041",
"2018-09-01 09:00","0.122644","295.34134",
"2018-09-02 09:00","20","294.37067",
"2018-09-03 09:00","20","289.25946",
"2018-09-04 09:00","6.547665","285.7232",
"2018-09-05 09:00","0","232.33119",
"2018-09-06 09:00","0.71629","230.21486",
"2018-09-07 09:00","0.150007","217.20251",
"2018-09-08 09:00","0.160545","197.95074",
"2018-09-09 09:00","0.141229","196.9244",
"2018-09-10 09:00","0.141229","197.07907",
"2018-09-11 09:00","0.141229","185.06647",
"2018-09-12 09:00","0.141229","183.33127",
"2018-09-13 09:00","0.141229","211.35408",
"2018-09-14 09:00","0","211.74893",
"2018-09-15 09:00","0.124284","223.07439",
"2018-09-16 09:00","0.124284","220.5888",
"2018-09-17 09:00","0.124284","197.87473",
"2018-09-18 09:00","0.124284","209.97458",
"2018-09-19 09:00","0.124284","209.96895",
"2018-09-20 09:00","0.124284","224.591",
"2018-09-21 09:00","0.124284","246.58426",
"2018-09-22 09:00","0.124284","240.48042",
"2018-09-23 09:00","0","244.32953",
"2018-09-24 09:00","0.1845","228.72992",
"2018-09-25 09:00","0.189697","218.50453",
"2018-09-26 09:00","0.152948","215.84741",
"2018-09-27 09:00","0.178895","228.49416",
"2018-09-28 09:00","0.161392","222.40211",
"2018-09-29 09:00","0.119372","231.63474",
"2018-09-30 09:00","0.184068","232.8485",
"2018-10-01 09:00","0.202351","230.76778",
"2018-10-02 09:00","0.498098","227.18088",
"2018-10-03 09:00","0.154632","220.48943",
"2018-10-04 09:00","0.088755","222.2184",
"2018-10-05 09:00","0.112044","227.60065",
"2018-10-06 09:00","0.10074","225.11989",
"2018-10-07 09:00","0.107993","226.11852",
"2018-10-08 09:00","0.201912","229.25517",
"2018-10-09 09:00","0.166062","227.98154",
"2018-10-10 09:00","0.145819","225.76926",
"2018-10-11 09:00","0.168192","189.49924",
"2018-10-12 09:00","0.11978","196.72726",
"2018-10-13 09:00","0.067121","199.84094",
"2018-10-14 09:00","0.160545","195.71468",
"2018-10-15 09:00","0.130867","209.7037",
"2018-10-16 09:00","0.115702","210.11975",
"2018-10-17 09:00","0.15379","207.08342",
"2018-10-18 09:00","0.099535","203.35158",
"2018-10-19 09:00","0.10557","203.72719",
"2018-10-20 09:00","0.080444","205.42958",
"2018-10-21 09:00","0.078474","205.14186",
"2018-10-22 09:00","0.179326","204.04417",
"2018-10-23 09:00","0.137073","204.33588",
"2018-10-24 09:00","0.129629","203.85239",
"2018-10-25 09:00","0.028503","202.71854",
"2018-10-26 09:00","-0.033024","203.32925",
"2018-10-27 09:00","-0.003643","204.21002",
"2018-10-28 09:00","0.072587","205.36632",
"2018-10-29 09:00","0.063622","197.24706",
"2018-10-30 09:00","0.049356","197.55597",
"2018-10-31 09:00","0.061683","197.38092",
"2018-11-01 09:00","0.040965","198.87228",
"2018-11-02 09:00","0.032263","200.63469",
"2018-11-03 09:00","0.033394","200.18605",
"2018-11-04 08:00","0.055116","207.4858",
"2018-11-05 08:00","0.076508","209.0913",
"2018-11-06 08:00","0.136658","218.45233",
"2018-11-07 08:00","0.189263","217.18314",
"2018-11-08 08:00","0.143731","212.23146",
"2018-11-09 08:00","0.177176","210.07443",
"2018-11-10 08:00","0.124284","212.53291",
"2018-11-11 08:00","0.224037","211.34012",
"2018-11-12 08:00","0.233899","210.41788",
"2018-11-13 08:00","0.173745","206.82576",
"2018-11-14 08:00","0.945498","181.39659",
"2018-11-15 08:00","0.852792","180.80637",
"2018-11-16 08:00","0.874522","175.17703",
"2018-11-17 08:00","0.981262","174.00113",
"2018-11-18 08:00","0.897198","177.06741",
"2018-11-19 08:00","1.25887","149.17459",
"2018-11-20 08:00","0.825982","130.33856",
"2018-11-21 08:00","0.902043","136.70149",
"2018-11-22 08:00","0.809423","126.70604",
"2018-11-23 08:00","0.546941","123.29552",
"2018-11-24 08:00","1.345208","113.49375",
"2018-11-25 08:00","1.111681","116.45041",
"2018-11-26 08:00","1.014011","108.3345",
"2018-11-27 08:00","1.142673","110.00997",
"2018-11-28 08:00","1.049537","122.437515",
"2018-11-29 08:00","0.996478","117.54265",
"2018-11-30 08:00","0.902043","113.171425",
"2018-12-01 08:00","1.227824","118.63556",
"2018-12-02 08:00","1.437497","116.3889",
"2018-12-03 08:00","0.317631","108.92502",
"2018-12-04 08:00","0.123054","110.21419",
"2018-12-05 08:00","0.159698","102.475555",
"2018-12-06 08:00","0.178035","91.761055",
"2018-12-07 08:00","0.103555","93.29456",
"2018-12-08 08:00","0.080444","92.15964",
"2018-12-09 08:00","0.149588","95.14206",
"2018-12-10 08:00","0.160545","91.68565",
"2018-12-11 08:00","0.139565","88.945305",
"2018-12-12 08:00","0.156318","90.5933",
"2018-12-13 08:00","0.107993","86.539314",
"2018-12-14 08:00","0.082417","84.3083",
"2018-12-15 08:00","0.12757","84.44081",
"2018-12-16 08:00","0.135415","85.2621",
"2018-12-17 08:00","0.26766","95.13383",
"2018-12-18 08:00","0.181479","101.11246",
"2018-12-19 08:00","0.188396","101.26858",
"2018-12-20 08:00","0.202789","116.21687",
"2018-12-21 08:00","0.087564","109.49623",
"2018-12-22 08:00","0.138734","116.7595",
"2018-12-23 08:00","0.161816","130.76526",
"2018-12-24 08:00","0.162664","140.238",
"2018-12-25 08:00","0.111233","129.84435",
"2018-12-26 08:00","0.180617","131.86563",
"2018-12-27 08:00","0.130867","116.57591",
"2018-12-28 08:00","0.149168","137.64702",
"2018-12-29 08:00","0.093134","138.01834",
"2018-12-30 08:00","0.149168","139.85945",
"2018-12-31 08:00","0.049739","133.36827",
"2019-01-01 08:00","0.182341","140.81941",
"2019-01-02 08:00","0.185365","155.04768",
"2019-01-03 08:00","0.181048","149.13501",
"2019-01-04 08:00","0.246112","154.58194",
"2019-01-05 08:00","0.110017","155.6386",
"2019-01-06 08:00","0.150007","157.7462",
"2019-01-07 08:00","0.164787","151.69922",
"2019-01-08 08:00","0.205425","150.35963",
"2019-01-09 08:00","0.163513","150.80312",
"2019-01-10 08:00","0.149588","128.62518",
"2019-01-11 08:00","0.108802","127.548325",
"2019-01-12 08:00","0.139565","125.96653",
"2019-01-13 08:00","0.152528","116.897804",
"2019-01-14 08:00","0.202789","129.06873",
"2019-01-15 08:00","0.238409","122.032715",
"2019-01-16 08:00","0.138318","123.54706",
"2019-01-17 08:00","0.121825","123.74192",
"2019-01-18 08:00","0.10557","121.01026",
"2019-01-19 08:00","0.073762","124.51902",
"2019-01-20 08:00","0.178035","119.47483",
"2019-01-21 08:00","0.147911","117.15785",
"2019-01-22 08:00","0.184932","118.74755",
"2019-01-23 08:00","0.151687","117.45261",
"2019-01-24 08:00","0.101543","117.362885",
"2019-01-25 08:00","0.050889","116.37834",
"2019-01-26 08:00","0.012857","116.48874",
"2019-01-27 08:00","0.107185","113.40529",
"2019-01-28 08:00","0.09673","106.58997",
"2019-01-29 08:00","0.06907","105.59821",
"2019-01-30 08:00","0.059747","108.90754",
"2019-01-31 08:00","0.058974","107.06101",
"2019-02-01 08:00","0.070631","107.60979",
"2019-02-02 08:00","0.041725","110.43026",
"2019-02-03 08:00","0.089948","107.49267",
"2019-02-04 08:00","0.106781","107.8216",
"2019-02-05 08:00","0.065953","107.44352",
"2019-02-06 08:00","0.122234","104.91929",
"2019-02-07 08:00","0.122234","104.5353",
"2019-02-08 08:00","0.135415","119.267746",
"2019-02-09 08:00","0.078081","119.430885",
"2019-02-10 08:00","0.12757","124.80649",
"2019-02-11 08:00","0.150847","121.29839",
"2019-02-12 08:00","0.180617","122.57229",
"2019-02-13 08:00","0.134172","122.553604",
"2019-02-14 08:00","0.114074","121.390205",
"2019-02-15 08:00","0.099937","122.10039",
"2019-02-16 08:00","0.108398","123.260216",
"2019-02-17 08:00","0.137073","133.59888",
"2019-02-18 08:00","0.174174","146.09837",
"2019-02-19 08:00","0.132105","145.34618",
"2019-02-20 08:00","0.150427","149.55434",
"2019-02-21 08:00","0.118555","146.13084",
"2019-02-22 08:00","0.10074","149.09245",
"2019-02-23 08:00","0.132932","158.79543",
"2019-02-24 08:00","0.150427","135.85266",
"2019-02-25 08:00","0.124284","139.82286",
"2019-02-26 08:00","0.144148","138.08968",
"2019-02-27 08:00","0.158852","136.12596",
"2019-02-28 08:00","0.098733","136.74625",
"2019-03-01 08:00","0.045152","136.44362",
"2019-03-02 08:00","0.051273","134.20695",
"2019-03-03 08:00","0.071022","132.24942",
"2019-03-04 08:00","0.103152","127.774124",
"2019-03-05 08:00","0.116516","137.82239",
"2019-03-06 08:00","0.105167","138.78935",
"2019-03-07 08:00","0.040585","138.0345",
"2019-03-08 08:00","0.089948","135.12708",
"2019-03-09 08:00","0.130454","137.96533",
"2019-03-10 09:00","0.059361","136.75868",
"2019-03-11 09:00","0.196225","133.83403",
"2019-03-12 09:00","0.087961","134.44289",
"2019-03-13 09:00","0.110422","133.26308",
"2019-03-14 09:00","0.153369","133.7116",
"2019-03-15 09:00","0.242028","137.69179",
"2019-03-16 09:00","0.076901","142.39818",
"2019-03-17 09:00","0.058974","140.00055",
"2019-03-18 09:00","0.092736","139.3746",
"2019-03-19 09:00","0.044008","140.5192",
"2019-03-20 09:00","0.083207","140.68636",
"2019-03-21 09:00","0.080444","136.63606",
"2019-03-22 09:00","0.09633","137.18144",
"2019-03-23 09:00","0.079655","138.23987",
"2019-03-24 09:00","0.044008","136.98692",
"2019-03-25 09:00","0.085978","135.03102",
"2019-03-26 09:00","0.058201","135.46036",
"2019-03-27 09:00","0.061683","140.98816",
"2019-03-28 09:00","0.08955","139.41647",
"2019-03-29 09:00","0.054347","142.49742",
"2019-03-30 09:00","0.058974","142.09268",
"2019-03-31 09:00","0.077687","141.5141",
"2019-04-01 09:00","0.055116","141.83032",
"2019-04-02 09:00","0.104361","163.96175",
"2019-04-03 09:00","0.084789","161.4588",
"2019-04-04 09:00","0.053577","158.05254",
"2019-04-05 09:00","0.06401","165.51485",
"2019-04-06 09:00","0.065175","165.9472",
"2019-04-07 09:00","0.078474","174.53165",
"2019-04-08 09:00","0.108802","180.25882",
"2019-04-09 09:00","0.036794","176.11458",
"2019-04-10 09:00","0.06751","163.7963",
"2019-04-11 09:00","0.083207","164.0234",
"2019-04-12 09:00","0.048208","163.8764",
"2019-04-13 09:00","0.088358","163.9254",
"2019-04-14 09:00","0.083998","166.0319",
"2019-04-15 09:00","0.085581","162.55261",
"2019-04-16 09:00","0.040965","166.1521",
"2019-04-17 09:00","0.09673","171.92947",
"2019-04-18 09:00","0.016931","172.98842",
"2019-04-19 09:00","-0.002552","172.4696",
"2019-04-20 09:00","0.002558","167.64801",
"2019-04-21 09:00","0.009167","171.58304",
"2019-04-22 09:00","0.015077","174.03111",
"2019-04-23 09:00","0.006592","164.40639",
"2019-04-24 09:00","0.002558","164.23361",
"2019-04-25 09:00","0.042866","156.19893",
"2019-04-26 09:00","0.016189","158.1248",
"2019-04-27 09:00","-0.011612","158.84024",
"2019-04-28 09:00","-0.002552","154.6521",
"2019-04-29 09:00","0.012487","158.70338",
"2019-04-30 09:00","0.03151","160.97375",
"2019-05-01 09:00","0.024756","161.92496",
"2019-05-02 09:00","0.09673","168.21603",
"2019-05-03 09:00","0.163513","162.94943",
"2019-05-04 09:00","0.166488","163.67303",
"2019-05-05 09:00","0.171179","168.12163",
"2019-05-06 09:00","0.06401","173.05194",
"2019-05-07 09:00","0.034149","170.72719",
"2019-05-08 09:00","0.041725","169.41641",
"2019-05-09 09:00","0.018417","173.28912",
"2019-05-10 09:00","0.028127","192.2171",
"2019-05-11 09:00","0.074546","184.79146",
"2019-05-12 09:00","0.082812","200.31145",
"2019-05-13 09:00","0.131692","207.9439",
"2019-05-14 09:00","0.110827","233.56062",
"2019-05-15 09:00","0.192739","266.00308",
"2019-05-16 09:00","0.06829","234.57869",
"2019-05-17 09:00","0.026253","240.6964",
"2019-05-18 09:00","0.083603","255.5343",
"2019-05-19 09:00","0.059361","248.8776",
"2019-05-20 09:00","0.059361","253.6183",
"2019-05-21 09:00","0.059361","257.33026",
"2019-05-22 09:00","0.030381","245.37369",
"2019-05-23 09:00","0.036416","255.10446",
"2019-05-24 09:00","0.059361","253.7139",
"2019-05-25 09:00","0.015077","251.70291",
"2019-05-26 09:00","0.060908","274.21378",
"2019-05-27 09:00","0.063622","272.73865",
"2019-05-28 09:00","0.039826","277.29538",
"2019-05-29 09:00","0.098733","289.07123",
"2019-05-30 09:00","0.039826","263.64966",
"2019-05-31 09:00","0.015077","270.1793",
"2019-06-01 09:00","0.009904","275.12796",
"2019-06-02 09:00","0.047825","259.21265",
"2019-06-03 09:00","0.057429","250.17566",
"2019-06-04 09:00","0.016931","240.42393",
"2019-06-05 09:00","0.047061","243.33533",
"2019-06-06 09:00","0.058201","248.0725",
"2019-06-07 09:00","0.033771","246.14655",
"2019-06-08 09:00","0.036416","235.61867",
"2019-06-09 09:00","0.028878","241.57564",
"2019-06-10 09:00","0.058974","239.86812",
"2019-06-11 09:00","0.065175","252.82996",
"2019-06-12 09:00","0.100338","259.62326",
"2019-06-13 09:00","0.065175","256.901",
"2019-06-14 09:00","0.049356","263.17972",
"2019-06-15 09:00","0.097531","270.36734",
"2019-06-16 09:00","0.087564","270.3247",
"2019-06-17 09:00","0.127982","265.08936",
"2019-06-18 09:00","0.121416","265.8798",
"2019-06-19 09:00","0.147074","267.15186",
"2019-06-20 09:00","0.085581","284.21146",
"2019-06-21 09:00","0.092736","305.32724",
"2019-06-22 09:00","0.189263","309.9891",
"2019-06-23 09:00","0.125926","306.85596",
"2019-06-24 09:00","0.106377","310.32153",
"2019-06-25 09:00","0.220024","343.5414",
"2019-06-26 09:00","0.160968","309.88467",
"2019-06-27 09:00","0.086374","307.3742",
"2019-06-28 09:00","0.147492","305.68512",
"2019-06-29 09:00","0.107185","297.73196",
"2019-06-30 09:00","0.106377","284.25052",
"2019-07-01 09:00","0.107185","284.91476",
"2019-07-02 09:00","0.060521","293.76532",
"2019-07-03 09:00","0.103555","293.6138",
"2019-07-04 09:00","0.129217","289.1898",
"2019-07-05 09:00","0.048973","293.44006",
"2019-07-06 09:00","0.076508","291.79727",
"2019-07-07 09:00","0.074546","305.46588",
"2019-07-08 09:00","0.116109","308.27023",
"2019-07-09 09:00","0.11245","287.86304",
"2019-07-10 09:00","0.046297","271.37158",
"2019-07-11 09:00","0.078081","269.47278",
"2019-07-12 09:00","0.071022","272.1962",
"2019-07-13 09:00","0.050889","239.80786",
"2019-07-14 09:00","0.100338","229.94911",
"2019-07-15 09:00","0.129629","222.14613",
"2019-07-16 09:00","0.083998","215.1581",
"2019-07-17 09:00","0.047061","223.83719",
"2019-07-18 09:00","0.08955","219.9709",
"2019-07-19 09:00","0.051656","228.52255",
"2019-07-20 09:00","0.081233","224.3345",
"2019-07-21 09:00","0.063622","218.33871",
"2019-07-22 09:00","0.103152","213.17468",
"2019-07-23 09:00","0.06985","217.05058",
"2019-07-24 09:00","0.081233","224.41187",
"2019-07-25 09:00","0.074938","220.41667",
"2019-07-26 09:00","0.058588","210.28497",
"2019-07-27 09:00","0.044389","214.26126",
"2019-07-28 09:00","0.058588","211.27516",
"2019-07-29 09:00","0.058588","213.80856",
"2019-07-30 09:00","0.076901","215.98952",
"2019-07-31 09:00","0.054731","213.98817",
"2019-08-01 09:00","0.036037","220.5636",
"2019-08-02 09:00","0.036037","222.4944",
"2019-08-03 09:00","0.028503","220.44171",
"2019-08-04 09:00","0.065175","230.32008",
"2019-08-05 09:00","0.067121","229.20038",
"2019-08-06 09:00","0.045534","223.88036",
"2019-08-07 09:00","0.060908","223.76884",
"2019-08-08 09:00","0.047061","211.6105",
"2019-08-09 09:00","0.00329","205.2765",
"2019-08-10 09:00","0.019161","211.33601",
"2019-08-11 09:00","0.019161","211.77873",
"2019-08-12 09:00","0.084789","206.35959",
"2019-08-13 09:00","0.061683","206.04268",
"2019-08-14 09:00","0.030757","184.65437",
"2019-08-15 09:00","0.041725","183.9364",
"2019-08-16 09:00","0.004756","185.27783",
"2019-08-17 09:00","0.030757","195.18282",
"2019-08-18 09:00","0.024008","200.74477",
"2019-08-19 09:00","0.034904","197.34035",
"2019-08-20 09:00","0.037551","184.86649",
"2019-08-21 09:00","0.037551","191.44429",
"2019-08-22 09:00","0.026627","191.93147",
"2019-08-23 09:00","0.025878","188.03784",
"2019-08-24 09:00","0.03264","189.1364",
"2019-08-25 09:00","0.030757","190.45819",
"2019-08-26 09:00","0.028127","188.06712",
"2019-08-27 09:00","0.034149","188.2323",
"2019-08-28 09:00","0.040965","168.90916",
"2019-08-29 09:00","0.018045","170.11829",
"2019-08-30 09:00","-0.001459","169.93246",
"2019-08-31 09:00","0.02065","170.50793",
"2019-09-01 09:00","0.026627","173.71394",
"2019-09-02 09:00","0.019161","181.84137",
"2019-09-03 09:00","0.019905","177.35518",
"2019-09-04 09:00","0.040205","171.14764",
"2019-09-05 09:00","0.030005","175.8193",
"2019-09-06 09:00","0.010641","173.6498",
"2019-09-07 09:00","0.00329","180.27454",
"2019-09-08 09:00","-0.004007","181.37328",
"2019-09-09 09:00","0.03151","179.52837",
"2019-09-10 09:00","-0.001459","176.46045",
"2019-09-11 09:00","0.088755","179.71294",
"2019-09-12 09:00","0.036037","178.42291",
"2019-09-13 09:00","0.022514","184.27686",
"2019-09-14 09:00","0.049356","188.0598",
"2019-09-15 09:00","0.057429","189.70105",
"2019-09-16 09:00","0.05204","200.88402",
"2019-09-17 09:00","0.041725","212.64774",
"2019-09-18 09:00","0.037551","208.66943",
"2019-09-19 09:00","0.059747","215.93182",
"2019-09-20 09:00","0.013966","216.86511",
"2019-09-21 09:00","0.023261","210.38171",
"2019-09-22 09:00","0.012487","209.20265",
"2019-09-23 09:00","0.040205","191.88167",
"2019-09-24 09:00","0.045152","168.70691",
"2019-09-25 09:00","0.035659","166.01901",
"2019-09-26 09:00","0.032263","163.7071",
"2019-09-27 09:00","0.039067","170.6613",
"2019-09-28 09:00","0.023261","166.31117",
"2019-09-29 09:00","0.009904","177.57278",
"2019-09-30 09:00","0.012487","177.0142",
"2019-10-01 09:00","0.040205","175.82547",
"2019-10-02 09:00","0.045915","172.86119",
"2019-10-03 09:00","0.019161","174.78499",
"2019-10-04 09:00","-0.007273","173.58023",
"2019-10-05 09:00","-0.002552","173.86693",
"2019-10-06 09:00","-0.005823","176.66559",
"2019-10-07 09:00","0.040965","179.30191",
"2019-10-08 09:00","0.039067","190.21689",
"2019-10-09 09:00","0.02065","191.37895",
"2019-10-10 09:00","0.021395","184.27629",
"2019-10-11 09:00","0.030005","183.28676",
"2019-10-12 09:00","0.009167","183.75021",
"2019-10-13 09:00","0.030757","182.60362",
"2019-10-14 09:00","0.01656","182.33786",
"2019-10-15 09:00","0.030005","174.1277",
"2019-10-16 09:00","0.040965","176.93993",
"2019-10-17 09:00","0.011379","172.73723",
"2019-10-18 09:00","0.008062","173.97125",
"2019-10-19 09:00","0.013226","172.97061",
"2019-10-20 09:00","0.02065","174.26419",
"2019-10-21 09:00","0.030005","172.44365",
"2019-10-22 09:00","0.030757","158.99992",
"2019-10-23 09:00","0.018045","161.71718",
"2019-10-24 09:00","0.085978","167.86438",
"2019-10-25 09:00","0.091142","180.95006",
"2019-10-26 09:00","0.00329","183.0139",
"2019-10-27 09:00","0.00329","182.57613",
"2019-10-28 09:00","0.047443","185.24222",
"2019-10-29 09:00","0.011379","181.38017",
"2019-10-30 09:00","0.030005","182.19586",
"2019-10-31 09:00","0.027377","181.07428",
"2019-11-01 09:00","0.006592","183.8945",
"2019-11-02 09:00","0.001461","182.15356",
"2019-11-03 08:00","0.008062","186.4681",
"2019-11-04 08:00","0.042485","190.05388",
"2019-11-05 08:00","0.028127","190.27908",
"2019-11-06 08:00","0.019905","186.38528",
"2019-11-07 08:00","0.018045","183.26888",
"2019-11-08 08:00","0.01656","184.37622",
"2019-11-09 08:00","0.011379","186.61433",
"2019-11-10 08:00","0","186.68268",
"2019-11-11 08:00","0.025504","183.6402",
"2019-11-12 08:00","0.034904","185.80396",
"2019-11-13 08:00","0.028878","183.93275",
"2019-11-14 08:00","0.018789","180.26459",
"2019-11-15 08:00","0.05204","182.2651",
"2019-11-16 08:00","0.008062","184.53722",
"2019-11-17 08:00","0.034904","181.09013",
"2019-11-18 08:00","0.021395","174.24387",
"2019-11-19 08:00","0.032263","175.49269",
"2019-11-20 08:00","0.018045","162.69162",
"2019-11-21 08:00","0.028127","145.85254",
"2019-11-22 08:00","0.028127","151.93692",
"2019-11-23 08:00","0.027377","145.78207",
"2019-11-24 08:00","0.030757","149.42749",
"2019-11-25 08:00","0.018789","144.89142",
"2019-11-26 08:00","0.037172","148.4941",
"2019-11-27 08:00","0.018045","154.1795",
"2019-11-28 08:00","0.024756","156.14822",
"2019-11-29 08:00","0.042485","152.51714",
"2019-11-30 08:00","0.032263","151.16171",
"2019-12-01 08:00","0.038309","147.92308",
"2019-12-02 08:00","0.046679","147.72997",
"2019-12-03 08:00","0.033017","148.34468",
"2019-12-04 08:00","0.022887","146.75095",
"2019-12-05 08:00","0.017303","147.52176",
"2019-12-06 08:00","0.02065","146.76479",
"2019-12-07 08:00","0.041725","148.76486",
"2019-12-08 08:00","0.022141","148.60507",
"2019-12-09 08:00","-0.004007","145.9",
"2019-12-10 08:00","0.022141","142.63666",
"2019-12-11 08:00","0.039067","142.43071",
"2019-12-12 08:00","0.039826","144.25473",
"2019-12-13 08:00","0.006592","142.62167",
"2019-12-14 08:00","0.018789","142.97513",
"2019-12-15 08:00","0.008062","141.28545",
"2019-12-16 08:00","0.022141","128.22435",
"2019-12-17 08:00","0.040585","125.50293",
"2019-12-18 08:00","0.018045","126.23495",
"2019-12-19 08:00","0.009904","128.24237",
"2019-12-20 08:00","0.00329","125.86824",
"2019-12-21 08:00","0.03151","128.89534",
"2019-12-22 08:00","0.021395","134.2705",
"2019-12-23 08:00","0.009167","126.197",
"2019-12-24 08:00","-0.00328","124.28263",
"2019-12-25 08:00","0.022887","125.526535",
"2019-12-26 08:00","0.022887","125.836",
"2019-12-27 08:00","0.033771","127.563866",
"2019-12-28 08:00","0.025504","130.48647",
"2019-12-29 08:00","0.059361","130.5129",
"2019-12-30 08:00","0.025504","130.35252",
"2019-12-31 08:00","0.004756","131.69977",
"2020-01-01 08:00","0.045915","129.56471",
"2020-01-02 08:00","0.044008","131.82086",
"2020-01-03 08:00","0.026253","133.68146",
"2020-01-04 08:00","0.032263","136.4925",
"2020-01-05 08:00","0.050122","140.72337",
"2020-01-06 08:00","0.02065","140.07182",
"2020-01-07 08:00","0.032263","141.60486",
"2020-01-08 08:00","0.03151","138.53775",
"2020-01-09 08:00","0.028127","141.08704",
"2020-01-10 08:00","0.043247","142.24469",
"2020-01-11 08:00","0.021395","144.22531",
"2020-01-12 08:00","0.03793","142.87016",
"2020-01-13 08:00","0.045534","156.048",
"2020-01-14 08:00","0.06985","164.66563",
"2020-01-15 08:00","0.033017","162.97716",
"2020-01-16 08:00","0.033017","167.03003",
"2020-01-17 08:00","0.082022","175.0949",
"2020-01-18 08:00","0.09154","164.99269",
"2020-01-19 08:00","0.053193","166.19962",
"2020-01-20 08:00","0.053193","168.4096",
"2020-01-21 08:00","0.045534","167.48566",
"2020-01-22 08:00","0.030381","163.55063",
"2020-01-23 08:00","0.047443","161.85654",
"2020-01-24 08:00","0.018789","160.17755",
"2020-01-25 08:00","0.027002","163.62694",
"2020-01-26 08:00","0.033771","169.92047",
"2020-01-27 08:00","0.036416","172.06593",
"2020-01-28 08:00","0.140397","175.89856",
"2020-01-29 08:00","0.064398","176.4542",
"2020-01-30 08:00","0.053193","178.26224",
"2020-01-31 08:00","0.015448","182.18713",
"2020-02-01 08:00","0.050506","191.37236",
"2020-02-02 08:00","0","188.74779",
"2020-02-03 08:00","0.044008","188.13245",
"2020-02-04 08:00","0.042866","197.51906",
"2020-02-05 08:00","0.100338","211.45697",
"2020-02-06 08:00","0.108398","221.59662",
"2020-02-07 08:00","0.078868","225.78526",
"2020-02-08 08:00","0.10557","224.69194",
"2020-02-09 08:00","0.081627","224.4097",
"2020-02-10 08:00","0.11978","226.71442",
"2020-02-11 08:00","0.184068","252.33835",
"2020-02-12 08:00","0.128805","269.1872",
"2020-02-13 08:00","0.136244","272.7337",
"2020-02-14 08:00","0.114074","280.6194",
"2020-02-15 08:00","0.117739","259.07224",
"2020-02-16 08:00","0.102347","250.64798",
"2020-02-17 08:00","0.092736","272.52975",
"2020-02-18 08:00","0.085581","279.90216",
"2020-02-19 08:00","0.094332","256.80914",
"2020-02-20 08:00","0.089948","263.79953",
"2020-02-21 08:00","0.048591","260.7528",
"2020-02-22 08:00","0.097932","270.19473",
"2020-02-23 08:00","0.06829","268.55054",
"2020-02-24 08:00","0.081233","252.12079",
"2020-02-25 08:00","0.074154","226.88884",
"2020-02-26 08:00","0.054731","232.38156",
"2020-02-27 08:00","0.056272","223.86569",
"2020-02-28 08:00","0.043627","223.81444",
"2020-02-29 08:00","0.065564","221.3874",
"2020-03-01 08:00","0.063234","227.71176",
"2020-03-02 08:00","0.063234","223.5911",
"2020-03-03 08:00","0.089948","223.46791",
"2020-03-04 08:00","0.079262","229.59601",
"2020-03-05 08:00","0.057043","236.90704",
"2020-03-06 08:00","0.049356","245.32681",
"2020-03-07 08:00","0.059747","216.79787",
"2020-03-08 09:00","0.06401","194.8924",
"2020-03-09 09:00","0.070631","202.45845",
"2020-03-10 09:00","0.056272","192.21294",
"2020-03-11 09:00","0.090744","139.81627",
"2020-03-12 09:00","0.093134","122.85243",
"2020-03-13 09:00","0.057815","126.68984",
"2020-03-14 09:00","0.074154","125.31824",
"2020-03-15 09:00","0.080838","114.58158",
"2020-03-16 09:00","0.042485","116.57847",
"2020-03-17 09:00","0.06985","115.972244",
"2020-03-18 09:00","0.0679","126.53196",
"2020-03-19 09:00","0.067121","141.78505",
"2020-03-20 09:00","0.074938","132.64667",
"2020-03-21 09:00","0.038309","128.03166",
"2020-03-22 09:00","0.08005","129.0335",
"2020-03-23 09:00","0.060134","135.55417",
"2020-03-24 09:00","0.335533","136.04265",
"2020-03-25 09:00","0.177606","134.27039",
"2020-03-26 09:00","0.055887","135.67152",
"2020-03-27 09:00","0.056658","128.53276",
"2020-03-28 09:00","0.040965","128.82042",
"2020-03-29 09:00","0.039067","133.05511",
"2020-03-30 09:00","0.054347","132.5777",
"2020-03-31 09:00","0.044008","131.21315",
"2020-04-01 09:00","0.047443","139.04243",
"2020-04-02 09:00","0.081627","141.50757",
"2020-04-03 09:00","0.047443","142.0904",
"2020-04-04 09:00","0.045915","143.63435",
"2020-04-05 09:00","0.081627","160.35046",
"2020-04-06 09:00","0.083998","169.27396",
"2020-04-07 09:00","0.052424","168.95375",
"2020-04-08 09:00","0.06946","169.4901",
"2020-04-09 09:00","0.103958","153.50685",
"2020-04-10 09:00","0.081233","157.5445",
"2020-04-11 09:00","0.051656","161.698",
"2020-04-12 09:00","0.115702","154.27722",
"2020-04-13 09:00","0.066731","159.57031",
"2020-04-14 09:00","0.062458","156.01012",
"2020-04-15 09:00","0.109207","172.42447",
"2020-04-16 09:00","0.065175","169.93393",
"2020-04-17 09:00","0.055887","184.1022",
"2020-04-18 09:00","0.11978","179.83525",
"2020-04-19 09:00","0.110827","179.34846",
"2020-04-20 09:00","0.095131","170.35037",
"2020-04-21 09:00","0.051273","182.39342",
"2020-04-22 09:00","0.06829","189.26303",
"2020-04-23 09:00","0.094332","187.62157",
"2020-04-24 09:00","0.083603","193.96556",
"2020-04-25 09:00","0.107185","194.11998",
"2020-04-26 09:00","0.114074","193.04216",
"2020-04-27 09:00","0.086374","195.44199",
"2020-04-28 09:00","0.128394","209.76625",
"2020-04-29 09:00","0.108802","208.9219",
"2020-04-30 09:00","0.117739","209.9807",
"2020-05-01 09:00","0.061295","212.72354",
"2020-05-02 09:00","0.101945","208.44112",
"2020-05-03 09:00","0","205.85574",
"2020-05-04 09:00","0.080838","202.88141",
"2020-05-05 09:00","0.075723","208.2706",
"2020-05-06 09:00","0.08005","205.58582",
"2020-05-07 09:00","0.09633","211.40945",
"2020-05-08 09:00","0.058588","212.87038",
"2020-05-09 09:00","0.145401","188.03702",
"2020-05-10 09:00","0.106781","188.12822",
"2020-05-11 09:00","0.121007","190.90211",
"2020-05-12 09:00","0.054347","197.75198",
"2020-05-13 09:00","0.260283","202.51015",
"2020-05-14 09:00","0.166914","197.93858",
"2020-05-15 09:00","0.126748","200.1926",
"2020-05-16 09:00","0.078081","208.71428",
"2020-05-17 09:00","0.206305","211.23436",
"2020-05-18 09:00","0.100338","212.25848",
"2020-05-19 09:00","0.074546","208.41484",
"2020-05-20 09:00","0.101945","199.39667",
"2020-05-21 09:00","0.160122","204.724",
"2020-05-22 09:00","0.078081","207.70615",
"2020-05-23 09:00","0.129217","205.71404",
"2020-05-24 09:00","0.095131","202.54657",
"2020-05-25 09:00","0.119372","197.91237",
"2020-05-26 09:00","0.108802","205.92586",
"2020-05-27 09:00","0.130042","214.30379",
"2020-05-28 09:00","0.078474","219.26741",
"2020-05-29 09:00","0.155897","235.15813",
"2020-05-30 09:00","0.138734","233.56601",
"2020-05-31 09:00","0.099937","237.81297",
"2020-06-01 09:00","0.164787","233.9299",
"2020-06-02 09:00","0.122644","239.48805",
"2020-06-03 09:00","0.16224","244.70854",
"2020-06-04 09:00","0.123464","241.7279",
"2020-06-05 09:00","0.125105","242.44261",
"2020-06-06 09:00","0.144565","237.28557",
"2020-06-07 09:00","0.098733","242.91872",
"2020-06-08 09:00","0.135829","243.29465",
"2020-06-09 09:00","0.065564","243.95268",
"2020-06-10 09:00","0.183636","239.19804",
"2020-06-11 09:00","0.113668","236.38243",
"2020-06-12 09:00","0.111638","237.20496",
"2020-06-13 09:00","0.106377","235.69754",
"2020-06-14 09:00","0.117739","226.20918",
"2020-06-15 09:00","0.133759","233.02888",
"2020-06-16 09:00","0.120189","231.76106",
"2020-06-17 09:00","0.101945","231.74599",
"2020-06-18 09:00","0.15843","230.76244",
"2020-06-19 09:00","0.117739","226.73073",
"2020-06-20 09:00","0.114074","230.0784",
"2020-06-21 09:00","0.15379","241.21056",
"2020-06-22 09:00","0.161816","243.35553",
"2020-06-23 09:00","0.124284","231.5757",
"2020-06-24 09:00","0.086374","233.02573",
"2020-06-25 09:00","0.101543","229.54005",
"2020-06-26 09:00","0.104361","227.2679",
"2020-06-27 09:00","0.107589","224.96501",
"2020-06-28 09:00","0.093134","223.9209",
"2020-06-29 09:00","0.118147","226.15564",
"2020-06-30 09:00","0.110017","229.11023",
"2020-07-01 09:00","0.099134","225.98068",
"2020-07-02 09:00","0.112856","226.80534",
"2020-07-03 09:00","0.093932","226.33984",
"2020-07-04 09:00","0.124694","225.18398",
"2020-07-05 09:00","0.086771","238.18634",
"2020-07-06 09:00","0.130867","238.41783",
"2020-07-07 09:00","0.11245","245.37198",
"2020-07-08 09:00","0.111638","240.46886",
"2020-07-09 09:00","0.104764","240.31056",
"2020-07-10 09:00","0.085978","239.90833",
"2020-07-11 09:00","0.10275","237.72159",
"2020-07-12 09:00","0.126337","242.3295",
"2020-07-13 09:00","0.27834","240.68861",
"2020-07-14 09:00","0.106377","238.81738",
"2020-07-15 09:00","0.101945","232.99597",
"2020-07-16 09:00","0.095131","232.76656",
"2020-07-17 09:00","0.083207","234.94785",
"2020-07-18 09:00","0.06829","234.10028",
"2020-07-19 09:00","0.06751","237.86124",
"2020-07-20 09:00","0.083207","243.60286",
"2020-07-21 09:00","0.055887","244.51457",
"2020-07-22 09:00","0.163088","268.7489",
"2020-07-23 09:00","0.129217","277.55457",
"2020-07-24 09:00","0.353677","286.02466",
"2020-07-25 09:00","0.317151","311.42374",
"2020-07-26 09:00","0.196662","315.70413",
"2020-07-27 09:00","0.227166","321.13794",
"2020-07-28 09:00","0.194481","321.68628",
"2020-07-29 09:00","0.281141","318.62137",
"2020-07-30 09:00","0.266274","343.44437",
"2020-07-31 09:00","0.296655","357.78452",
"2020-08-01 09:00","0.271829","369.19464",
"2020-08-02 09:00","0.400885","392.39078",
"2020-08-03 09:00","0.187096","390.2266",
"2020-08-04 09:00","0.259364","395.54663",
"2020-08-05 09:00","0.277874","398.0886",
"2020-08-06 09:00","0.166062","385.50513",
"2020-08-07 09:00","0.145401","390.51013",
"2020-08-08 09:00","0.181048","386.31152",
"2020-08-09 09:00","0.243388","396.10666",
"2020-08-10 09:00","0.220469","383.048",
"2020-08-11 09:00","0.139981","385.06076",
"2020-08-12 09:00","0.18623","392.22632",
"2020-08-13 09:00","0.296182","435.04922",
"2020-08-14 09:00","0.208948","436.8627",
"2020-08-15 09:00","0.231202","430.89856",
"2020-08-16 09:00","0.27415","440.04773",
"2020-08-17 09:00","0.172889","421.1959",
"2020-08-18 09:00","0.181048","409.52072",
"2020-08-19 09:00","0.167339","415.10025",
"2020-08-20 09:00","0.151687","405.5194",
"2020-08-21 09:00","0.116924","391.1566",
"2020-08-22 09:00","0.208948","393.05582",
"2020-08-23 09:00","0.150427","403.11365",
"2020-08-24 09:00","0.15674","385.79672",
"2020-08-25 09:00","0.144148","389.77023",
"2020-08-26 09:00","0.143313","383.83133",
"2020-08-27 09:00","0.158852","396.33188",
"2020-08-28 09:00","0.184932","401.28873",
"2020-08-29 09:00","0.178465","415.39185",
"2020-08-30 09:00","0.107993","433.7359",
"2020-08-31 09:00","0.298548","481.6338",
"2020-09-01 09:00","0.271829","432.90244",
"2020-09-02 09:00","0.210714","402.74042",
"2020-09-03 09:00","0.188829","382.54764",
"2020-09-04 09:00","0.188396","356.64496",
"2020-09-05 09:00","0.175889","345.05322",
"2020-09-06 09:00","0.147911","346.23508",
"2020-09-07 09:00","0.168618","340.64578",
"2020-09-08 09:00","0.128805","353.1056",
"2020-09-09 09:00","0.06868","370.5817",
"2020-09-10 09:00","0.126748","369.27347",
"2020-09-11 09:00","0","373.39056",
"2020-09-12 09:00","0.109207","361.02164",
"2020-09-13 09:00","0.109207","382.3823",
"2020-09-14 09:00","0.109207","365.863",
"2020-09-15 09:00","0","370.05945",
"2020-09-16 09:00","0.12757","380.0541",
"2020-09-17 09:00","0.12757","382.50183",
"2020-09-18 09:00","0.12757","384.3489",
"2020-09-19 09:00","0","371.3402",
"2020-09-20 09:00","0.132518","340.37936",
"2020-09-21 09:00","0.132518","341.21997",
"2020-09-22 09:00","0","338.66888",
"2020-09-23 09:00","0.101945","344.16266",
"2020-09-24 09:00","0.101945","346.69626",
"2020-09-25 09:00","0.101945","352.11844",
"2020-09-26 09:00","0","354.53925",
"2020-09-27 09:00","0.134586","364.62088",
"2020-09-28 09:00","0","355.5477",
"2020-09-29 09:00","0.163937","357.6396",
"2020-09-30 09:00","0.099937","362.66043",
"2020-10-01 09:00","0.121825","343.3722",
"2020-10-02 09:00","0.110827","347.42358",
"2020-10-03 09:00","0.103152","347.0856",
"2020-10-04 09:00","0.145401","352.64853",
"2020-10-05 09:00","0.076115","351.17548",
"2020-10-06 09:00","0.071413","340.6867",
"2020-10-07 09:00","0.086771","349.62268",
"2020-10-08 09:00","0.090744","364.69275",
"2020-10-09 09:00","0.09593","373.00473",
"2020-10-10 09:00","0.151267","374.59283",
"2020-10-11 09:00","0.109612","383.72702",
"2020-10-12 09:00","0.112856","379.99564",
"2020-10-13 09:00","0.103152","377.43005",
"2020-10-14 09:00","0.134172","376.75647",
"2020-10-15 09:00","0.09553","367.209",
"2020-10-16 09:00","0.093932","368.35315",
"2020-10-17 09:00","0.098733","374.44003",
"2020-10-18 09:00","0.094731","383.2035",
"2020-10-19 09:00","0.099535","371.67462",
"2020-10-20 09:00","0.190131","389.59488",
"2020-10-21 09:00","0.160968","413.35922",
"2020-10-22 09:00","0.114481","412.78198",
"2020-10-23 09:00","0.119372","414.85342",
"2020-10-24 09:00","0.099535","405.62924",
"2020-10-25 09:00","0.152107","394.8576",
"2020-10-26 09:00","0.130867","404.8585",
"2020-10-27 09:00","0","388.16354",
"2020-10-28 09:00","0.139149","390.37845",
"2020-10-29 09:00","0.139149","381.85892",
"2020-10-30 09:00","0.139149","389.764",
"2020-10-31 09:00","0.139149","387.84842",
"2020-11-01 08:00","0.139149","386.2429",
"2020-11-02 08:00","0.139149","381.87643",
"2020-11-03 08:00","0.139149","383.5419",
"2020-11-04 08:00","0","413.62122",
"2020-11-05 08:00","0.155053","437.73416",
"2020-11-06 08:00","0.190565","448.41833",
"2020-11-07 08:00","0.147074","452.83838",
"2020-11-08 08:00","0.180617","438.83688",
"2020-11-09 08:00","0.138734","442.72858",
"2020-11-10 08:00","0.177176","461.9219",
"2020-11-11 08:00","0.130867","461.2928",
"2020-11-12 08:00","0.186663","469.11133",
"2020-11-13 08:00","0.091142","459.07587",
"2020-11-14 08:00","0.197972","455.9982",
"2020-11-15 08:00","0.165637","458.70547",
"2020-11-16 08:00","0.216469","473.30786",
"2020-11-17 08:00","0.322446","473.39612",
"2020-11-18 08:00","0.227166","477.51196",
"2020-11-19 08:00","0.210714","505.23187",
"2020-11-20 08:00","0.292877","536.99585",
"2020-11-21 08:00","0.335046","533.65405",
"2020-11-22 08:00","0.408569","591.3641",
"2020-11-23 08:00","0.595625","605.94403",
"2020-11-24 08:00","0.386654","593.6799",
"2020-11-25 08:00","0.297601","507.43497",
"2020-11-26 08:00","0.238861","498.90988",
"2020-11-27 08:00","0.229855","532.3291",
"2020-11-28 08:00","0.299969","553.80743",
"2020-11-29 08:00","0.305672","597.86084",
"2020-11-30 08:00","0.369067","605.08704",
"2020-12-01 08:00","0.041725","590.0099",
"2020-12-02 08:00","0.2877","618.0763",
"2020-12-03 08:00","0","588.3195",
"2020-12-04 08:00","0.231202","591.4777",
"2020-12-05 08:00","0.231202","594.85187",
"2020-12-06 08:00","0.231202","595.6635",
"2020-12-07 08:00","0.231202","574.43646",
"2020-12-08 08:00","0.231202","568.11224",
"2020-12-09 08:00","0.231202","557.01263",
"2020-12-10 08:00","0.231202","554.34033",
"2020-12-11 08:00","0.231202","554.86005",
"2020-12-12 08:00","0.231202","584.0934",
"2020-12-13 08:00","0","584.42706",
"2020-12-14 08:00","0.33797","586.04395",
"2020-12-15 08:00","0.33797","621.3814",
"2020-12-16 08:00","0.33797","665.2239",
"2020-12-17 08:00","0.33797","637.6776",
"2020-12-18 08:00","0.33797","654.3913",
"2020-12-19 08:00","0.33797","654.41144",
"2020-12-20 08:00","0","612.9115",
"2020-12-21 08:00","0.295709","628.93787",
"2020-12-22 08:00","0.353183","606.70654",
"2020-12-23 08:00","0.295237","613.0101",
"2020-12-24 08:00","0.324377","615.0912",
"2020-12-25 08:00","0.309965","628.6519",
"2020-12-26 08:00","0.632693","696.5417",
"2020-12-27 08:00","0.665147","729.52527",
"2020-12-28 08:00","0.54525","719.95233",
"2020-12-29 08:00","0.591559","734.99286",
"2020-12-30 08:00","0.575971","736.4319",
"2020-12-31 08:00","0.529556","736.6619",
"2021-01-01 08:00","0.932077","766.42706",
"2021-01-02 08:00","3.003946","917.20874",
"2021-01-03 08:00","3.170362","1040.0829",
"2021-01-04 08:00","1.913462","1053.6694",
"2021-01-05 08:00","1.927278","1145.3561",
"2021-01-06 08:00","2.300749","1246.3777",
"2021-01-07 08:00","2.94613","1214.1956",
"2021-01-08 08:00","1.890228","1223.4349",
"2021-01-09 08:00","3.956303","1307.9138",
"2021-01-10 08:00","2.92752","982.43933",
"2021-01-11 08:00","1.49224","1056.7161",
"2021-01-12 08:00","1.134882","1070.9426",
"2021-01-13 08:00","1.259693","1209.3977",
"2021-01-14 08:00","0.911073","1141.3242",
"2021-01-15 08:00","1.192407","1273.4438",
"2021-01-16 08:00","1.192407","1241.8983",
"2021-01-17 08:00","1.192407","1244.0524",
"2021-01-18 08:00","1.192407","1414.9086",
"2021-01-19 08:00","1.192407","1274.6906",
"2021-01-20 08:00","1.192407","1192.6915",
"2021-01-21 08:00","1.192407","1227.8728",
"2021-01-22 08:00","1.192407","1232.5244",
"2021-01-23 08:00","0","1320.9298",
"2021-01-24 08:00","20","1437.1902",
"2021-01-25 08:00","20","1287.0565",
"2021-01-26 08:00","20","1284.9299",
"2021-01-27 08:00","20","1347.6154",
"2021-01-28 08:00","20","1392.8982",
"2021-01-29 08:00","20","1372.9584",
"2021-01-30 08:00","20","1309.2167",
"2021-01-31 08:00","20","1310.7393",
"2021-02-01 08:00","20","1425.2969",
"2021-02-02 08:00","0","1594.109",
"2021-02-03 08:00","20","1580.8348",
"2021-02-04 08:00","20","1736.8293",
"2021-02-05 08:00","14.313496","1675.6309",
"2021-02-06 08:00","19.231134","1544.0143",
"2021-02-07 08:00","15.54183","1732.3628",
"2021-02-08 08:00","20","1745.0397",
"2021-02-09 08:00","12.982277","1703.5137",
"2021-02-10 08:00","8.161596","1797.0809",
"2021-02-11 08:00","5.877824","1787.8253",
"2021-02-12 08:00","6.542187","1818.2147",
"2021-02-13 08:00","6.401158","1796.2754",
"2021-02-14 08:00","5.194869","1806.3015",
"2021-02-15 08:00","3.854692","1779.3004",
"2021-02-16 08:00","3.78289","1811.1655",
"2021-02-17 08:00","4.316367","1908.7665",
"2021-02-18 08:00","4.268295","1931.6235",
"2021-02-19 08:00","7.351965","1983.8821",
"2021-02-20 08:00","6.252221","1953.6844",
"2021-02-21 08:00","5.756542","1734.2344",
"2021-02-22 08:00","5.165689","1569.1908",
"2021-02-23 08:00","3.117629","1654.217",
"2021-02-24 08:00","2.617624","1625.8373",
"2021-02-25 08:00","2.36991","1532.1691",
"2021-02-26 08:00","2.029146","1456.2019",
"2021-02-27 08:00","2.335757","1315.4905",
"2021-02-28 08:00","1.104769","1547.486",
"2021-03-01 08:00","1.703006","1551.892",
"2021-03-02 08:00","1.763694","1595.5592",
"2021-03-03 08:00","1.531564","1578.3851",
"2021-03-04 08:00","1.183641","1484.7942",
"2021-03-05 08:00","1.345208","1543.5024",
"2021-03-06 08:00","1.548208","1648.6477",
"2021-03-07 08:00","1.697108","1742.1255",
"2021-03-08 08:00","1.888125","1829.0426",
"2021-03-09 08:00","1.689266","1832.7914",
"2021-03-10 08:00","1.682422","1796.447",
"2021-03-11 08:00","1.282853","1776.0897",
"2021-03-12 08:00","1.710888","1876.4513",
"2021-03-13 08:00","2.16089","1858.1652",
"2021-03-14 09:00","2.06574","1767.9222",
"2021-03-15 09:00","1.794037","1801.4211",
"2021-03-16 09:00","1.950809","1771.9701",
"2021-03-17 09:00","1.65522","1818.2021",
"2021-03-18 09:00","1.100174","1821.7024",
"2021-03-19 09:00","1.427754","1854.9281",
"2021-03-20 09:00","1.682422","1789.2418",
"2021-03-21 09:00","1.218917","1780.5604",
"2021-03-22 09:00","1.213267","1701.8639",
"2021-03-23 09:00","1.289514","1719.4075",
"2021-03-24 09:00","1.033918","1594.8345",
"2021-03-25 09:00","0.819341","1641.014",
"2021-03-26 09:00","0.899273","1683.6616",
"2021-03-27 09:00","0.860911","1706.3507",
"2021-03-28 09:00","1.066781","1778.6042",
"2021-03-29 09:00","1.017683","1832.0326",
"2021-03-30 09:00","1.021361","1850.3649",
"2021-03-31 09:00","0.982707","1942.4641",
"2021-04-01 09:00","1.649427","2071.4275",
"2021-04-02 09:00","1.511368","2079.4185",
"2021-04-03 09:00","1.054022","2077.8682",
"2021-04-04 09:00","1.26959","2107.7712",
"2021-04-05 09:00","1.302054","2089.6738",
"2021-04-06 09:00","1.314664","1981.8708",
"2021-04-07 09:00","0.854819","2055.9802",
"2021-04-08 09:00","0.920147","2064.0244",
"2021-04-09 09:00","1.066781","2157.887",
"2021-04-10 09:00","1.536176","2151.995",
"2021-04-11 09:00","1.504975","2130.3923",
"2021-04-12 09:00","1.695146","2261.42",
"2021-04-13 09:00","2.313985","2340.252",
"2021-04-14 09:00","2.591404","2462.6697",
"2021-04-15 09:00","4.145326","2429.0703",
"2021-04-16 09:00","3.307508","2349.2366",
"2021-04-17 09:00","5.217408","2145.1252",
"2021-04-18 09:00","4.547224","2098.184",
"2021-04-19 09:00","4.599868","2172.883",
"2021-04-20 09:00","4.327969","2438.6516",
"2021-04-21 09:00","5.666376","2607.6135",
"2021-04-22 09:00","3.362666","2327.6904",
"2021-04-23 09:00","2.406888","2248.548",
"2021-04-24 09:00","2.338185","2338.4983",
"2021-04-25 09:00","2.293552","2503.5925",
"2021-04-26 09:00","2.73664","2666.0583",
"2021-04-27 09:00","3.123622","2679.9968",
"2021-04-28 09:00","3.077404","2782.9316",
"2021-04-29 09:00","2.35279","2733.0298",
"2021-04-30 09:00","3.343676","2862.3223",
"2021-05-01 09:00","4.45529","2931.1218",
"2021-05-02 09:00","20","3170.9702",
"2021-05-03 09:00","10.977442","3259.8704",
"2021-05-04 09:00","17.32712","3307.9534",
"2021-05-05 09:00","16.077555","3555.7964",
"2021-05-06 09:00","10.32703","3565.176",
"2021-05-07 09:00","12.204152","3637.5884",
"2021-05-08 09:00","20","3878.6748",
"2021-05-09 09:00","20","4143.0938",
"2021-05-10 09:00","12.309854","4010.7126",
"2021-05-11 09:00","15.86244","4198.191",
"2021-05-12 09:00","18.55425","3749.3843",
"2021-05-13 09:00","8.730243","4136.437",
"2021-05-14 09:00","7.511058","3877.2795",
"2021-05-15 09:00","7.71102","3639.7107",
"2021-05-16 09:00","7.71102","3279.866",
"2021-05-17 09:00","4.756625","3349.9875",
"2021-05-18 09:00","10.119494","2789.8447",
"2021-05-19 09:00","4.205502","2908.514",
"2021-05-20 09:00","3.259235","2429.4495",
"2021-05-21 09:00","3.019993","2376.4805",
"2021-05-22 09:00","3.83708","1923.2002",
"2021-05-23 09:00","4.019744","2499.5137",
"2021-05-24 09:00","3.75343","2598.4253",
"2021-05-25 09:00","2.924665","2743.8215",
"2021-05-26 09:00","2.171258","2808.9407",
"2021-05-27 09:00","1.475058","2560.338",
"2021-05-28 09:00","1.545426","2321.854",
"2021-05-29 09:00","1.513197","2383.4292",
"2021-05-30 09:00","1.324801","2625.3423",
"2021-05-31 09:00","1.255582","2572.5413",
"2021-06-01 09:00","1.08797","2783.8918",
"2021-06-02 09:00","1.217301","2791.3752",
"2021-06-03 09:00","1.013277","2656.5288",
"2021-06-04 09:00","1.090252","2648.6953",
"2021-06-05 09:00","0.91177","2717.31",
"2021-06-06 09:00","0.912466","2788.008",
"2021-06-07 09:00","0.96473","2381.005",
"2021-06-08 09:00","0.963299","2573.5488",
"2021-06-09 09:00","0.887545","2504.8328",
"2021-06-10 09:00","0.68039","2421.8352",
"2021-06-11 09:00","0.717542","2390.8306",
"2021-06-12 09:00","0.561104","2351.6968",
"2021-06-13 09:00","0.570236","2573.78",
"2021-06-14 09:00","0.600869","2550.6338",
"2021-06-15 09:00","0.567377","2414.625",
"2021-06-16 09:00","0.51789","2417.8743",
"2021-06-17 09:00","0.569092","2217.8364",
"2021-06-18 09:00","0.456624","2245.5032",
"2021-06-19 09:00","0.488298","2115.3696",
"2021-06-20 09:00","0.665147","1987.0092",
"2021-06-21 09:00","0.616703","1855.167",
"2021-06-22 09:00","0.590979","1978.836",
"2021-06-23 09:00","0.425102","1991.457",
"2021-06-24 09:00","0.449207","1829.6572",
"2021-06-25 09:00","0.430829","1776.3433",
"2021-06-26 09:00","0.609646","1841.6287",
"2021-06-27 09:00","0.562242","2114.3782",
"2021-06-28 09:00","0.52399","2216.5078",
"2021-06-29 09:00","0.420432","2103.3943",
"2021-06-30 09:00","0.379592","2120.4985",
"2021-07-01 09:00","0.366573","2117.317",
"2021-07-02 09:00","0.309487","2226.608",
"2021-07-03 09:00","0.371566","2330.247",
"2021-07-04 09:00","0.411654","2211.5146",
"2021-07-05 09:00","0.342859","2305.6492",
"2021-07-06 09:00","0.413715","2340.0486",
"2021-07-07 09:00","0.366075","2175.1577",
"2021-07-08 09:00","0.320518","2176.6536",
"2021-07-09 09:00","0.315231","2120.2913",
"2021-07-10 09:00","0.284416","2144.1145",
"2021-07-11 09:00","0.315231","2090.5159",
"2021-07-12 09:00","0.399864","1998.5665",
"2021-07-13 09:00","0.352196","1997.633",
"2021-07-14 09:00","0.254779","1917.2828",
"2021-07-15 09:00","0.309487","1930.6339",
"2021-07-16 09:00","0.222252","1885.2677",
"2021-07-17 09:00","0.193174","1891.6997",
"2021-07-18 09:00","0.211155","1821.6705",
"2021-07-19 09:00","0.262584","1809.6747",
"2021-07-20 09:00","0.233449","1953.4698",
"2021-07-21 09:00","0.288169","2033.2399",
"2021-07-22 09:00","0.201912","2050.9849",
"2021-07-23 09:00","0.218245","2155.3186",
"2021-07-24 09:00","0.216913","2136.717",
"2021-07-25 09:00","0.300444","2346.3284",
"2021-07-26 09:00","0.256611","2279.8816",
"2021-07-27 09:00","0.254321","2291.3442",
"2021-07-28 09:00","0.201912","2323.1787",
"2021-07-29 09:00","0.216469","2347.0535",
"2021-07-30 09:00","0.205865","2458.4849",
"2021-07-31 09:00","0.353183","2584.838",
"2021-08-01 09:00","0.355653","2638.591",
"2021-08-02 09:00","0.413199","2497.925",
"2021-08-03 09:00","0.463544","2674.2422",
"2021-08-04 09:00","0.735158","2764.303",
"2021-08-05 09:00","0.418362","2821.3135",
"2021-08-06 09:00","0.452381","3083.5703",
"2021-08-07 09:00","0.468355","3030.8164",
"2021-08-08 09:00","0.420432","3169.642",
"2021-08-09 09:00","0.408055","3120.7205",
"2021-08-10 09:00","0.473181","3246.1702",
"2021-08-11 09:00","0.430829","3035.091",
"2021-08-12 09:00","0.390198","3214.378",
"2021-08-13 09:00","0.395277","3270.1782",
"2021-08-14 09:00","0.397314","3156.6365",
"2021-08-15 09:00","0.429786","3222.094",
"2021-08-16 09:00","0.384128","3167.6628",
"2021-08-17 09:00","0.390198","3107.9326",
"2021-08-18 09:00","0.387666","3067.9392",
"2021-08-19 09:00","0.869066","3283.7058",
"2021-08-20 09:00","0.389691","3274.8926",
"2021-08-21 09:00","0.391212","3180.3284",
"2021-08-22 09:00","0.440251","3329.1628",
"2021-08-23 09:00","0.52677","3208.528",
"2021-08-24 09:00","0.425102","3216.7483",
"2021-08-25 09:00","0.362095","3103.1711",
"2021-08-26 09:00","0.406516","3240.6006",
"2021-08-27 09:00","0.382614","3245.3616",
"2021-08-28 09:00","0.360606","3186.766",
"2021-08-29 09:00","0.382614","3218.653",
"2021-08-30 09:00","0.458218","3391.1626",
"2021-08-31 09:00","0.559966","3582.914",
"2021-09-01 09:00","0.684683","3760.7202",
"2021-09-02 09:00","0.421469","3969.773",
"2021-09-03 09:00","0.409083","3914.2212",
"2021-09-04 09:00","0.400885","3908.1448",
"2021-09-05 09:00","0.435533","3927.9424",
"2021-09-06 09:00","0.629607","3460.1545",
"2021-09-07 09:00","0.514158","3415.9712",
"2021-09-08 09:00","0.449185","3522.0356",
"2021-09-09 09:00","1.324372","3300.3496",
"2021-09-10 09:00","0.653358","3310.3088",
"2021-09-11 09:00","0.393363","3418.2324",
"2021-09-12 09:00","0.311278","3205.804",
"2021-09-13 09:00","0.237065","3390.5151",
"2021-09-14 09:00","0.290112","3495.3772",
"2021-09-15 09:00","0.308391","3618.7449",
"2021-09-16 09:00","0.29135","3453.5464",
"2021-09-17 09:00","0.226166","3472.6787",
"2021-09-18 09:00","0.379644","3365.5525",
"2021-09-19 09:00","0.311708","3075.5566",
"2021-09-20 09:00","0.262587","3034.0173",
"2021-09-21 09:00","0.258241","3009.1277",
"2021-09-22 09:00","0.220064","3099.4539",
"2021-09-23 09:00","0.254589","2874.7922",
"2021-09-24 09:00","0.214969","2932.3943",
"2021-09-25 09:00","0.21925","3066.0242",
"2021-09-26 09:00","0.261971","3070.8464",
"2021-09-27 09:00","0.241618","2858.8596",
"2021-09-28 09:00","0.224845","2862.829",
"2021-09-29 09:00","0.175057","2988.016",
"2021-09-30 09:00","0.247318","3237.653",
"2021-10-01 09:00","0.200578","3392.1455",
"2021-10-02 09:00","0.22915","3409.6162",
"2021-10-03 09:00","0.213398","3315.9553",
"2021-10-04 09:00","0.279812","3424.9177",
"2021-10-05 09:00","0.232731","3622.0298",
"2021-10-06 09:00","0.280256","3591.1948",
"2021-10-07 09:00","0.229993","3622.5874",
"2021-10-08 09:00","0.250923","3607.3616",
"2021-10-09 09:00","0.55095","3564.261",
"2021-10-10 09:00","0.496023","3603.7546",
"2021-10-11 09:00","0.22511","3508.7305",
"2021-10-12 09:00","0.226169","3498.0771",
"2021-10-13 09:00","0.317446","3810.9133",
"2021-10-14 09:00","0.294669","3805.3438",
"2021-10-15 09:00","0.270267","3917.59",
"2021-10-16 09:00","0.233486","3802.3818",
"2021-10-17 09:00","0.282733","3775.688",
"2021-10-18 09:00","0.237568","3796.1836",
"2021-10-19 09:00","0.274044","4083.2932",
"2021-10-20 09:00","0.462746","4100.409",
"2021-10-21 09:00","0.242582","3987.7676",
"2021-10-22 09:00","0.220518","4088.4414",
"2021-10-23 09:00","0.264147","4020.5935",
"2021-10-24 09:00","0.28329","4220.3843",
"2021-10-25 09:00","0.351504","4196.243",
"2021-10-26 09:00","0.361226","3996.7761",
"2021-10-27 09:00","0.37011","4162.0244",
"2021-10-28 09:00","0.45518","4452.8096",
"2021-10-29 09:00","0.391936","4290.951",
"2021-10-30 09:00","0.220158","4324.833",
