时间,前100持仓量,前50持仓量,前30持仓量,前10持仓量
"2019-04-12 00:00","35588863.53164244","27784658.73939206","23127481.048752796","14077138.008213462",
"2019-04-13 00:00","35587480.92691077","27781262.937897105","23101757.43162774","14027953.300960967",
"2019-04-14 00:00","35592086.9069467","27784858.582745567","23104747.42222987","14029768.896534642",
"2019-04-15 00:00","35539262.518446155","27742599.100309037","23125875.639975812","14029768.318815842",
"2019-04-16 00:00","35548470.31229279","27749786.872794546","23068463.34474886","13980566.653734649",
"2019-04-17 00:00","35468496.97578727","27668809.619371593","22997452.151166003","13971797.676397728",
"2019-04-18 00:00","35356801.94669058","27598388.604726195","22915858.481442507","13963030.006450899",
"2019-04-19 00:00","35335661.95029131","27598388.678495552","22926428.58814893","14015880.271039871",
"2019-04-20 00:00","35323637.75582791","27573794.452918045","22932346.690329466","14019498.253285786",
"2019-04-21 00:00","35285867.63486028","27524457.133215856","22903562.86997524","14000146.4634567",
"2019-04-22 00:00","35216449.35910771","27454024.785658747","22864253.307624888","13991400.150780633",
"2019-04-23 00:00","35157518.422165334","27404672.151573516","22835463.9811838","14003776.892583301",
"2019-04-24 00:00","35140921.86920086","27387070.05399188","22849003.984790448","13995014.940684147",
"2019-04-25 00:00","35081896.87938045","27358801.366127223","22830739.887123954","13986208.587014768",
"2019-04-26 00:00","34430455.78289321","26621704.59427146","22124795.03442831","13268528.442454852",
"2019-04-27 00:00","34371399.12816084","26529894.58568326","22021823.148307487","13217326.819911605",
"2019-04-28 00:00","34354703.83622805","26512179.0233368","21961186.216935676","13187295.434362339",
"2019-04-29 00:00","34316775.79545464","26462658.6948293","21889911.2723628","13167818.966547059",
"2019-04-30 00:00","34141239.37578624","26286107.711651854","21649251.015033443","13053069.193905251",
"2019-05-01 00:00","33971856.33370783","26127311.13480552","21469281.596995786","12883686.24435102",
"2019-05-02 00:00","34044167.17760395","26197595.52018419","21496006.025050085","12887014.44950047",
"2019-05-03 00:00","33980632.229561634","26155238.892806865","21453649.39142782","12855246.969986858",
"2019-05-04 00:00","34042286.21422576","26193706.847473647","21512098.102393437","12869128.111476135",
"2019-05-05 00:00","34067907.8456641","26228899.199584678","21525494.011937022","12870804.736468248",
"2019-05-06 00:00","34040513.83550613","26200495.087210283","21549456.93788343","12883057.835037487",
"2019-05-07 00:00","34267386.647323035","26415768.370988343","21668771.086510696","12874110.938929338",
"2019-05-08 00:00","34345965.06344085","26482741.960363686","21660954.208476745","12854568.226459045",
"2019-05-09 00:00","34360956.06876569","26475529.999931116","21653125.61643686","12845613.434714377",
"2019-05-10 00:00","34397174.27849105","26500134.266942255","21624109.561824877","12826064.985200051",
"2019-05-11 00:00","34577375.183677204","26680335.17391647","21836110.63101626","12879065.25081784",
"2019-05-12 00:00","34724153.2203788","26825071.0374224","22000799.368636947","12988423.723653138",
"2019-05-13 00:00","34633182.799499646","26743688.616147615","22014233.769675836","12979490.430675926",
"2019-05-14 00:00","34452912.23129687","26658855.44767015","22014233.85416198","13021907.11604572",
"2019-05-15 00:00","34493599.86757528","26729357.830962393","22210823.530966368","13194968.707030639",
"2019-05-16 00:00","34381354.58944223","26573678.878911696","22203077.801821228","13101194.97622992",
"2019-05-17 00:00","34269077.13383316","26417957.295122165","22057402.898216456","12773984.170010878",
"2019-05-18 00:00","34613070.23625485","26697266.926553402","22187593.459230196","12743806.668835707",
"2019-05-19 00:00","34666125.28130381","26739710.960785307","22219426.488843028","12743806.692025062",
"2019-05-20 00:00","34675012.31798537","26767793.408619255","22246350.1127938","12757687.42155446",
"2019-05-21 00:00","34679418.61482832","26792425.03331088","22249177.048264507","12780538.724289345",
"2019-05-22 00:00","34768749.993913464","26880755.720485155","22326314.881587792","12845858.776377186",
"2019-05-23 00:00","34667028.01627126","26767405.09311481","22169909.49401972","12847505.022875415",
"2019-05-24 00:00","34830790.439480506","26855813.726050675","22130294.90118213","12838544.402845101",
"2019-05-25 00:00","34792742.34075153","26816750.430524305","22080009.56240001","12808317.235331608",
"2019-05-26 00:00","34782121.84560254","26806129.935359027","22069389.06722507","12840178.721017856",
"2019-05-27 00:00","34854822.63152387","26876775.75670692","22128191.265304547","12875356.607560782",
"2019-05-28 00:00","34816799.92876331","26827104.003700748","22067285.154727306","12813262.347906178",
"2019-05-29 00:00","34746848.452421196","26756135.903118216","21995711.405661117","12304847.25012347",
"2019-05-30 00:00","34836368.935402624","26833993.76506761","22083579.81933089","12359578.118326193",
"2019-05-31 00:00","34702642.29299699","26656731.04772938","21926968.162466396","12393041.627453135",
"2019-06-01 00:00","34632690.93269557","26575115.81698555","21834115.15523533","12330853.739081295",
"2019-06-02 00:00","34583948.97847737","26525346.66501723","21836898.61721258","12332425.703975946",
"2019-06-03 00:00","34375718.60973649","26358616.280091796","21797161.50632843","12344636.345779175",
"2019-06-04 00:00","34231185.649922766","26191801.881254975","21672307.037757874","12239855.446741566",
"2019-06-05 00:00","34298638.275136046","26160457.37300651","21444743.08083463","12270249.235669276",
"2019-06-06 00:00","34378588.18014277","26247019.182697825","21460866.118546568","12274545.320229897",
"2019-06-07 00:00","34379084.65603354","26230555.01590329","21447218.293833897","12263484.030753646",
"2019-06-08 00:00","34392636.23783362","26226621.986420695","21446940.644091018","12269042.395003354",
"2019-06-09 00:00","34369267.2028164","26191806.21792999","21444191.249172393","12268897.792488294",
"2019-06-10 00:00","34362926.64604627","26180512.69268792","21450696.28453939","12258955.426978718",
"2019-06-11 00:00","34310770.87695934","26131192.814344987","21381307.432416447","12209646.083671395",
"2019-06-12 00:00","34305687.90436211","26174862.576469496","21409190.51563819","12229612.211024972",
"2019-06-13 00:00","34385630.377831995","26250738.384226687","21475582.238668963","12288847.736537946",
"2019-06-14 00:00","34599498.81959742","26496129.174086113","21711262.54558413","12451078.738781983",
"2019-06-15 00:00","34608758.112962484","26503673.361008197","21710660.322249822","12397218.00751317",
"2019-06-16 00:00","34687548.04050249","26572699.798102055","21728401.520007685","12486930.889376849",
"2019-06-17 00:00","34722570.95256351","26602649.905225158","21772602.072144084","12506671.387979496",
"2019-06-18 00:00","34736696.15004518","26588933.87102467","21753325.045203697","12505242.298556106",
"2019-06-19 00:00","34709281.29315595","26554938.6998763","21712394.17216272","12500054.15859213",
"2019-06-20 00:00","34770593.37447356","26602471.72549815","21759927.197784573","12494621.117271729",
"2019-06-21 00:00","34805811.622787826","26620062.59985606","21709132.512075063","12505496.926329589",
"2019-06-22 00:00","34740931.211239144","26552924.3805495","21715404.353434604","12531571.662249466",
"2019-06-23 00:00","34757657.08947009","26573835.168777812","21715259.17790582","12514098.540340345",
"2019-06-24 00:00","34825534.22032213","26642516.48730436","21759024.29734533","12610435.78043311",
"2019-06-25 00:00","34810682.00103361","26655492.785982482","21753146.09506719","12565852.214571064",
"2019-06-26 00:00","34773579.837481596","26622390.62385558","21693449.73245988","12491395.704218104",
"2019-06-27 00:00","34789445.39419771","26612937.915231958","21630791.63716514","12466080.71063264",
"2019-06-28 00:00","34635780.82578111","26419040.585067138","21589946.829908323","12402610.358557208",
"2019-06-29 00:00","34613227.86757285","26364342.90193267","21555529.891333047","12388065.71906047",
"2019-06-30 00:00","34615519.93511231","26341089.118322518","21547100.140046228","12391114.629439509",
"2019-07-01 00:00","34572114.52199448","26279923.42022925","21497773.327715814","12393854.917160524",
"2019-07-02 00:00","34569585.11625738","26272138.013887648","21484897.026529547","12421722.036548609",
"2019-07-03 00:00","34616568.456975825","26326736.113185104","21497808.581573687","12451950.529805254",
"2019-07-04 00:00","34623592.94773067","26333401.15816768","21505811.022503406","12479740.713273946",
"2019-07-05 00:00","34602536.29363341","26310577.09938511","21482826.202432297","12478184.056055974",
"2019-07-06 00:00","34593363.99156923","26298006.286214907","21473693.990967605","12476264.572123136",
"2019-07-07 00:00","34609741.39461701","26313531.021377407","21472358.30707454","12471696.115153456",
"2019-07-08 00:00","34642235.30372729","26332130.677408","21466080.88757101","12463323.713824484",
"2019-07-09 00:00","34594749.88713498","26271831.049015433","21456666.738456663","12451389.141263595",
"2019-07-10 00:00","34511968.71308277","26212734.03373786","21450233.68442605","12468095.073800895",
"2019-07-11 00:00","34535491.660444245","26217766.609277945","21506205.245303016","12473013.750800172",
"2019-07-12 00:00","34385050.002654426","26068285.289562874","21509119.139640644","12562779.534002105",
"2019-07-13 00:00","34362772.18314244","26054463.38272984","21501265.738999497","12552998.133360958",
"2019-07-14 00:00","34402728.88058384","26044922.471264195","21478328.882057745","12530061.276419207",
"2019-07-15 00:00","34543273.66917416","26166819.18395356","21559966.0052131","12608560.879080247",
"2019-07-16 00:00","34456160.67953334","26104893.745398283","21534512.404044226","12557524.1341214",
"2019-07-17 00:00","34525137.06888314","26189099.952663653","21615863.774074882","12639400.288328638",
"2019-07-18 00:00","34537653.20790474","26185930.70284316","21612563.92864189","12620515.758248022",
"2019-07-19 00:00","34556208.62852405","26215003.893603247","21631111.496411823","12613384.123576762",
"2019-07-20 00:00","34576925.853711486","26232691.925806865","21615041.397104573","12587320.731663492",
"2019-07-21 00:00","34599218.359178655","26254126.033128757","21631068.622740455","12587569.017596863",
"2019-07-22 00:00","34623877.635282524","26278577.152552437","21638054.56617458","12583259.92684388",
"2019-07-23 00:00","34586892.60597273","26241443.20983826","21573409.88718351","12499937.046539214",
"2019-07-24 00:00","34580389.38127526","26237329.61910602","21558569.74287141","12442238.581446161",
"2019-07-25 00:00","34599559.28862141","26252978.60341647","21570999.363510966","12430861.013607796",
"2019-07-26 00:00","34524965.75284424","26132672.44355992","21350218.416898288","12016984.030015022",
"2019-07-27 00:00","34515770.17994084","26111597.241395753","21340229.13205594","12017078.11787724",
"2019-07-28 00:00","34535781.07801335","26123632.06033761","21344245.69042698","12020723.220944313",
"2019-07-29 00:00","34581055.653254084","26122608.273593318","21338816.153530937","12020087.201400455",
"2019-07-30 00:00","34587193.27365313","26130678.323993113","21340134.75868589","12030136.138680112",
"2019-07-31 00:00","34568605.21444544","26114099.42285135","21332803.370252885","12026884.456318855",
"2019-08-01 00:00","34626736.77292819","26170108.988406707","21406412.12914279","12003085.76557359",
"2019-08-02 00:00","34600147.18997705","26140401.73007344","21413408.429864425","12005566.307135414",
"2019-08-03 00:00","34468791.564285226","26031356.39548957","21346268.23495555","12013060.809723694",
"2019-08-04 00:00","34426164.190857686","26029523.335190453","21346551.279331304","12015463.00906982",
"2019-08-05 00:00","34612221.974538274","26130903.047346905","21388232.280182403","12029889.827160733",
"2019-08-06 00:00","34666503.50758103","26205097.079260137","21437589.654183302","12071938.262364296",
"2019-08-07 00:00","34713232.327661395","26237130.78688845","21421060.746036425","12042900.97485072",
"2019-08-08 00:00","34824103.69422678","26338426.413440265","21507748.314839154","12174617.552353425",
"2019-08-09 00:00","34790109.83400063","26339045.070939656","21502766.43476467","12178096.534402328",
"2019-08-10 00:00","34804920.242964454","26367430.5988066","21509544.14821066","12182168.472489933",
"2019-08-11 00:00","34801487.3511733","26365459.70810179","21492757.725409728","12164519.671176318",
"2019-08-12 00:00","34811695.69666197","26374267.29893773","21513846.520757996","12164503.825722937",
"2019-08-13 00:00","34849309.243632905","26413547.485294357","21517139.494526047","12168943.529422855",
"2019-08-14 00:00","34877649.67821785","26445321.307755385","21528812.483201586","12167153.559467593",
"2019-08-15 00:00","34818459.90934836","26433908.200568117","21528340.479527462","12221371.780786728",
"2019-08-16 00:00","34769051.99025516","26384710.736478627","21501701.46973329","12198420.996694578",
"2019-08-17 00:00","34779255.29500997","26392499.620483056","21505988.93043072","12197617.503109165",
"2019-08-19 00:00","34827815.53958079","26420542.474526864","21532207.706341088","12208568.34882782",
"2019-08-20 00:00","34784225.741989695","26386561.877949715","21514375.2083004","12185301.469423698",
"2019-08-21 00:00","34735180.71979011","26367170.09716623","21516183.755557463","12187953.777237639",
"2019-08-22 00:00","34729147.10984813","26360277.79139793","21517951.921723522","12188473.968359713",
"2019-08-23 00:00","34731265.21992761","26367369.784085453","21517431.367880393","12181547.975416226",
"2019-08-24 00:00","34742802.762757525","26373463.64114979","21518976.58072534","12175127.677367916",
"2019-08-25 00:00","34753456.21623202","26388419.660571393","21519221.356658425","12175155.971811604",
"2019-08-26 00:00","34769746.14810913","26404193.614347488","21533193.525880788","12179079.97463315",
"2019-08-27 00:00","34798001.45079449","26429982.9934171","21545168.371689096","12198518.74888309",
"2019-08-28 00:00","34814352.84952594","26467000.7176601","21544409.24439551","12199182.740604108",
"2019-08-29 00:00","34783089.63690508","26454132.205219585","21582114.539448738","12231303.437389366",
"2019-08-30 00:00","34841475.90015196","26518944.450632356","21615166.621559452","12232852.8626205",
"2019-08-31 00:00","34978249.23903914","26709542.14125822","21939326.45139523","12655195.529774027",
"2019-09-01 00:00","34988852.7650821","26717739.96352992","21928734.384379677","12647134.691451192",
"2019-09-02 00:00","35003483.0607831","26727479.22410472","21932406.665311716","12650219.187717665",
"2019-09-03 00:00","35183894.40961005","26941743.35970229","22121371.518951282","12840951.431115583",
"2019-09-04 00:00","35179234.213324256","26975239.718840476","22153067.733487062","12860807.662210464",
"2019-09-05 00:00","35179890.14260611","26972384.614258982","22156208.91247996","12864906.100336153",
"2019-09-06 00:00","35216302.50299864","27010566.34388446","22171985.548159227","12866632.233959876",
"2019-09-07 00:00","35015067.92742352","26805324.85889446","21985030.383843664","12666686.343700573",
"2019-09-08 00:00","35070043.976164855","26827563.824541498","22006469.19192533","12689467.48903237",
"2019-09-09 00:00","35136490.72327619","26891546.387158845","22055316.812841848","12729692.837896679",
"2019-09-10 00:00","35159368.69399374","26915158.55103144","22066138.03749847","12732980.911797222",
"2019-09-11 00:00","35121016.543154344","26880286.695708726","22053924.361260563","12716929.352012904",
"2019-09-12 00:00","35114551.72828141","26881026.653701898","22060878.141251467","12718793.950441232",
"2019-09-13 00:00","35485140.11545508","27273436.460538536","22437664.40543156","12719382.20992052",
"2019-09-14 00:00","35454558.17747771","27258750.41684402","22433288.04216156","12721640.264377933",
"2019-09-15 00:00","35466132.85176326","27284799.58781168","22441491.322934683","12727516.50474363",
"2019-09-16 00:00","35413881.98515384","27132028.530141503","22112157.72820746","12384736.217879398",
"2019-09-17 00:00","35428445.73429774","27146377.44900746","22144228.10658812","12452620.392130319",
"2019-09-18 00:00","35237824.55144034","27015833.06356456","22194593.275899712","12590734.682567863",
"2019-09-19 00:00","35265411.46997829","27044177.233141594","22215881.58497919","12590812.94929327",
"2019-09-20 00:00","35299161.21987598","27068650.809892263","22221963.30310541","12587267.60191263",
"2019-09-21 00:00","35250043.49154064","27034650.533381797","22220729.44995848","12583651.941688372",
"2019-09-22 00:00","35269741.221358106","27052236.709785406","22220787.41063925","12585153.169814127",
"2019-09-23 00:00","35259477.010531254","27043734.28771984","22220383.331951454","12586427.337800166",
"2019-09-24 00:00","35287353.22614787","27098096.321669277","22322334.970986724","12683459.030042142",
"2019-09-25 00:00","35365710.77933294","27139478.000226088","22375228.58373391","12746999.833302345",
"2019-09-26 00:00","35395649.67448327","27167960.958786584","22395548.91105093","12761435.382421903",
"2019-09-27 00:00","35410341.075120956","27157012.44423043","22300415.05443018","12716779.987967288",
"2019-09-28 00:00","35304673.37422747","27019069.20783539","22095478.171632253","12709295.475679614",
"2019-09-29 00:00","35310279.55032402","27023002.809262328","22091177.791972","12710697.630370684",
"2019-09-30 00:00","35353684.7897059","27050729.753228","22088572.156518225","12708638.68574111",
"2019-10-01 00:00","35308044.32552797","27013528.38835391","22088549.500816535","12702397.909575555",
"2019-10-02 00:00","35285949.61149773","26989739.636158872","22091004.737967044","12706579.883620603",
"2019-10-03 00:00","35303798.83080663","27006226.54272282","22094197.403200205","12709543.052095387",
"2019-10-04 00:00","35327108.66320254","27020494.165849123","22091131.897613242","12706222.712070217",
"2019-10-05 00:00","35322861.922180355","27021448.41163301","22091237.030819897","12705345.754803348",
"2019-10-06 00:00","35337531.98521537","27019991.190222014","22090690.923474003","12703472.884087954",
"2019-10-07 00:00","35380473.03669033","27062494.246466286","22080179.79532962","12692194.829104144",
"2019-10-08 00:00","35402291.44070602","27049821.59419057","22076915.74616002","12696859.688272262",
"2019-10-09 00:00","35368318.75134875","27015829.847180765","22027252.25081844","12694837.305228291",
"2019-10-10 00:00","35384085.84504311","27023871.815737225","22033371.97563814","12704105.788090948",
"2019-10-11 00:00","35397363.86218977","27036587.44351682","22041964.63699985","12705125.997364406",
"2019-10-12 00:00","35351996.217158146","27017525.728944443","22031218.291615777","12693755.153561126",
"2019-10-13 00:00","35365163.386726096","27033935.290459212","22028177.265195303","12692268.730140114",
"2019-10-14 00:00","35074133.048406735","26658609.133533504","21555867.689161655","12688408.57461106",
"2019-10-15 00:00","35089570.324720755","26680327.59640057","21558399.037928574","12691823.82928963",
"2019-10-16 00:00","35104099.04454262","26689998.655079395","21553608.98949384","12687988.534172745",
"2019-10-17 00:00","35137668.78088703","26722958.60240592","21555118.864716463","12684948.358148694",
"2019-10-18 00:00","35224064.97604254","26809353.407607738","21554271.077430144","12654388.54874428",
"2019-10-19 00:00","35175897.61159839","26759376.84270554","21488669.057075173","12612522.817814434",
"2019-10-20 00:00","35199152.89734958","26781743.88021376","21487914.888273403","12611381.105044365",
"2019-10-21 00:00","35227095.13614271","26790756.30216041","21489150.97155835","12613786.86044049",
"2019-10-22 00:00","35156374.50718451","26737297.39366927","21441563.533788186","12613938.001403257",
"2019-10-23 00:00","35179407.879114896","26758661.255027365","21446959.28049291","12612734.05569398",
"2019-10-24 00:00","34965129.17664036","26476880.65864382","21171062.905632462","12628926.4490563",
"2019-10-25 00:00","34944085.234496914","26470435.526644174","21177422.72278853","12628621.091223808",
"2019-10-26 00:00","35116416.99154479","26601515.024442967","21249973.49796453","12714620.178933736",
"2019-10-27 00:00","35139528.97289023","26628491.1554673","21253193.84739823","12717406.929648997",
"2019-10-28 00:00","35188538.53549261","26698788.897681795","21297048.589216623","12724078.318397138",
"2019-10-29 00:00","35042909.82177253","26513575.97964476","20989761.828057025","12312328.423166323",
"2019-10-30 00:00","35066602.73913153","26533910.826164797","21012231.549925987","12315099.452462997",
"2019-10-31 00:00","35041816.455944456","26523805.566555034","20992780.75301837","12315270.054420514",
"2019-11-01 00:00","35024114.62814714","26511946.007460263","20994733.565854743","12327279.719341945",
"2019-11-02 00:00","35040628.97654266","26528257.502106883","20998498.10623161","12338056.475611152",
"2019-11-03 00:00","35106964.50615347","26596405.176449176","21081111.239174195","12436577.978614222",
"2019-11-04 00:00","35142047.1059033","26635415.493912607","21111612.190225855","12442800.820290126",
"2019-11-05 00:00","35186182.87065339","26678710.178274978","21186983.860253908","12515877.957345825",
"2019-11-06 00:00","35184228.74222292","26678195.199599784","21242141.755927783","12541544.552363394",
"2019-11-07 00:00","35213987.55725625","26707598.986233316","21259940.476336762","12548600.240728226",
"2019-11-08 00:00","35124786.98743399","26632644.881964017","21212773.58970206","12553297.697517302",
"2019-11-09 00:00","35095293.8224523","26608538.983329352","21196914.3583015","12570458.026699094",
"2019-11-10 00:00","35105920.26004592","26620485.150993396","21193097.634212926","12572931.979807157",
"2019-11-11 00:00","35098688.70206735","26615489.448881656","21223290.993804842","12585646.16538252",
"2019-11-12 00:00","35042572.06421017","26563724.78610983","21231355.544943467","12602415.53593896",
"2019-11-13 00:00","35154586.06151945","26691682.21220426","21363489.54160575","12725128.526073122",
"2019-11-14 00:00","35231507.5724959","26799504.689754117","21463159.225429647","12814574.140699347",
"2019-11-15 00:00","35222565.739783175","26786533.376153022","21458297.59737245","12823415.814679693",
"2019-11-16 00:00","35211576.080574945","26775941.479898944","21441056.65954194","12796629.833556805",
"2019-11-17 00:00","35212847.68256763","26780804.451745715","21443825.181256652","12795025.763956092",
"2019-11-18 00:00","35215043.23093754","26780385.621170077","21455013.062513106","12789578.508363687",
"2019-11-19 00:00","35212189.64948471","26767336.148586042","21428757.315530337","12783021.284669686",
"2019-11-20 00:00","35223881.44959578","26774125.035008684","21451690.28688096","12806319.138645913",
"2019-11-21 00:00","35234226.043577485","26776877.78758393","21445455.27185724","12832960.013988962",
"2019-11-22 00:00","35156994.42063137","26677094.78057054","21373738.105993025","12879684.457456023",
"2019-11-23 00:00","35098790.34659154","26675817.899888154","21420330.32293798","12938991.632953027",
"2019-11-24 00:00","35170501.5817371","26690930.863830592","21428948.75119931","12942858.46294053",
"2019-11-25 00:00","35065797.74482408","26643267.14029274","21470081.41244763","12991875.542193307",
"2019-11-26 00:00","35117361.62256197","26685889.988698486","21487215.248274792","13024377.64448566",
"2019-11-27 00:00","35329365.804731674","26939054.984136224","21632108.38747703","13024161.610101808",
"2019-11-28 00:00","35348180.01716979","27007041.08812893","21807945.743170902","13067530.66890454",
"2019-11-29 00:00","35303657.93988002","26981106.509970713","21807881.660687156","13062101.262322385",
"2019-11-30 00:00","35307179.49466707","26981025.67800219","21791294.58840402","13048777.952099213",
"2019-12-01 00:00","35310492.12741383","26991255.838807225","21789401.058185633","13047942.412055517",
"2019-12-02 00:00","35321136.97350575","27005396.899393126","21815725.882754225","13073967.59712369",
"2019-12-03 00:00","35303935.7942477","27002181.376874063","21797671.995078932","13058107.651455587",
"2019-12-04 00:00","35331910.26592902","27003890.0902499","21797429.297685176","13057766.507438373",
"2019-12-05 00:00","35414251.5797638","27098343.444916595","21791248.0337128","13050640.170094192",
"2019-12-06 00:00","35440611.20534154","27087475.263228055","21782843.87546161","13041486.86348211",
"2019-12-07 00:00","35501989.93519339","27148853.174167413","21777846.71091348","13034359.724433724",
"2019-12-08 00:00","35510791.876002215","27157653.79543376","21781211.927693456","13067780.911803542",
"2019-12-09 00:00","35488974.52854814","27142182.300051466","21750860.66127775","13076348.772846412",
"2019-12-10 00:00","35573957.2635846","27276282.851066478","21959741.634532634","13136644.042212343",
"2019-12-11 00:00","35572305.41051218","27273319.66808627","21968159.99529794","13149987.417973785",
"2019-12-12 00:00","35623969.1808111","27332403.545863472","22002763.1515435","13153864.923319232",
"2019-12-13 00:00","35572005.23728597","27289850.818937812","22020926.535753943","13153433.287658665",
"2019-12-14 00:00","35610245.52721131","27306282.00041716","22028394.919329662","13155845.11175042",
"2019-12-15 00:00","35630003.44017722","27320723.091745134","22034531.44699975","13161686.07649498",
"2019-12-16 00:00","35624409.40116182","27314833.16533675","22036862.10788172","13163324.435879046",
"2019-12-17 00:00","35720503.52962873","27429824.927040655","22128585.117356878","13258848.792376064",
"2019-12-18 00:00","35592708.69644433","27193393.889578804","21930947.685436666","13207135.520206733",
"2019-12-19 00:00","35650489.32059797","27239228.383473273","22051046.145718113","13363730.400956573",
"2019-12-20 00:00","35653033.17697075","27244394.58231483","22150257.844670303","13465969.92964707",
"2019-12-21 00:00","35658887.543744504","27240225.45054709","22129968.78875708","13445428.244763538",
"2019-12-22 00:00","35696159.36503632","27276471.26656661","22133378.647783566","13443916.834787467",
"2019-12-23 00:00","35650709.744673334","27291830.04629963","22237489.471384116","13547612.606196286",
"2019-12-24 00:00","35643313.91744863","27240522.68356489","22218639.870841894","13629455.886937406",
"2019-12-25 00:00","35645030.14812505","27184144.598267473","22236580.044135515","13722746.8150213",
"2019-12-26 00:00","35598993.18338098","27140561.651880097","22229829.790514328","13818452.457502872",
"2019-12-27 00:00","35667709.48978862","27216401.885280024","22352421.362876557","13917416.189106695",
"2019-12-28 00:00","35718427.7105266","27278554.71043501","22402751.4107442","13950023.832179818",
"2019-12-29 00:00","35719223.16782426","27323221.493881993","22427711.765631568","13960548.717838505",
"2019-12-30 00:00","35759189.82844061","27343087.130645297","22431180.532426003","13985656.412258685",
"2019-12-31 00:00","35792155.02265671","27430089.04944183","22687888.531501308","14240362.146002535",
"2020-01-01 00:00","35825067.068311624","27469279.587858137","22712922.207013335","14250900.543651935",
"2020-01-02 00:00","35866303.15189367","27514721.98941757","22753051.32598639","14262468.09330302",
"2020-01-03 00:00","35882109.62874067","27520408.949553568","22784865.54741896","14284433.013467483",
"2020-01-04 00:00","35946928.87012431","27596578.621503126","22819538.60818984","14294805.311655153",
"2020-01-05 00:00","35964796.9784356","27630415.033865865","22857938.914170973","14303037.964721294",
"2020-01-06 00:00","36023816.21032501","27648823.58911939","22892924.280417617","14307823.155691039",
"2020-01-07 00:00","36095133.96146717","27749522.745523892","22944193.62238713","14325037.602925692",
"2020-01-08 00:00","36053542.26950488","27726122.10916006","22941828.671383172","14356977.092289336",
"2020-01-09 00:00","36129371.82884934","27835344.148436114","23054677.857801016","14486930.521370163",
"2020-01-10 00:00","36139725.49795735","27863894.81794141","23087488.5530275","14491658.993379802",
"2020-01-11 00:00","36226508.72808985","27944857.069834195","23156156.929991256","14492480.895067444",
"2020-01-12 00:00","36268569.93533968","27994157.627058886","23203849.878657617","14496551.09465385",
"2020-01-13 00:00","36209057.41509152","27939052.39245232","23170400.23419419","14496865.851973355",
"2020-01-14 00:00","36241018.65768316","27995251.597648565","23196071.370611783","14508536.321334444",
"2020-01-15 00:00","36314297.89387692","28065147.49901733","23280908.091028742","14534274.629349388",
"2020-01-16 00:00","36378828.27106078","28115112.51359987","23329538.359819856","14557825.45191856",
"2020-01-17 00:00","36359149.72530119","28093245.717897005","23332526.403151173","14567978.329869399",
"2020-01-18 00:00","36115079.91017558","27832573.942086045","23072523.78859282","14574746.293718876",
"2020-01-19 00:00","36117468.4335705","27812599.319600288","23073867.55597574","14580125.204140043",
"2020-01-20 00:00","36073288.70018166","27781594.7460079","23080950.26376287","14593480.971470635",
"2020-01-21 00:00","36114265.71549782","27795241.19105528","23093040.83076344","14605841.719947318",
"2020-01-22 00:00","36097556.421195745","27776078.777343724","23106148.801823176","14617964.237480856",
"2020-01-23 00:00","36114575.22420269","27757092.42651403","23091210.109240554","14613199.975414528",
"2020-01-24 00:00","36095723.405626826","27748575.539509565","23037654.458798036","14560603.485639388",
"2020-01-25 00:00","36116366.868912525","27757086.0728727","23045262.54729962","14564524.909193436",
"2020-01-26 00:00","36115772.762812525","27777437.070107285","23053032.438994784","14571682.348566882",
"2020-01-27 00:00","36126358.71388262","27797228.90732542","23061539.488522105","14581432.957128521",
"2020-01-28 00:00","36162027.86141936","27825737.62343854","23081876.861626834","14600559.09120821",
"2020-01-29 00:00","36164270.52522096","27829825.231875185","23119375.426175255","14637338.256471995",
"2020-01-30 00:00","36201000.08406822","27859781.416313015","23131208.06114596","14646235.052860122",
"2020-01-31 00:00","36238485.435581364","27873376.68006446","23162377.139306255","14674361.159347529",
"2020-02-01 00:00","36391442.16064645","27948925.237566605","23204109.07021425","14736965.988643134",
"2020-02-02 00:00","36445276.96735796","28020685.94250524","23211675.75340943","14751314.227203622",
"2020-02-03 00:00","36399461.752954714","27958193.23956183","23160169.19059785","14704818.318769105",
"2020-02-04 00:00","36377113.104295574","27961239.108903375","23168170.175411377","14708850.657639705",
"2020-02-05 00:00","36376953.975006364","27992865.724046707","23176889.139897753","14714978.670319917",
"2020-02-06 00:00","36368322.801107265","27962561.533213947","23120744.09159894","14636577.16875639",
"2020-02-07 00:00","36370345.565498285","27984589.615353372","23084515.0592963","14571907.755280353",
"2020-02-08 00:00","36261786.24623636","27830814.878094275","23017388.264719337","14565548.312513327",
"2020-02-09 00:00","36235067.48708174","27752656.61848308","22960271.734338276","14497051.588719832",
"2020-02-10 00:00","36225911.35920866","27745055.722269833","22951630.85057857","14484699.173285484",
"2020-02-11 00:00","36280286.42603192","27773463.007161614","22960804.966939334","14483741.791210856",
"2020-02-12 00:00","36300373.400752954","27782777.3643482","22973367.869858168","14502759.765838992",
"2020-02-13 00:00","36322465.70551464","27767482.377865072","22904515.56412317","14436327.890726961",
"2020-02-14 00:00","36371697.883293","27812607.111094654","22908149.887326397","14437850.028524267",
"2020-02-15 00:00","36351881.575878724","27766206.567491412","22823836.232886966","14366188.316409161",
"2020-02-16 00:00","36407367.029641636","27848820.381011285","22952696.558514718","14472374.562180875",
"2020-02-17 00:00","36524043.5191253","27991350.67078222","23126092.10643446","14629480.609444816",
"2020-02-18 00:00","36520392.82012172","27949765.667912178","23068393.47161679","14596160.196637865",
"2020-02-19 00:00","36382197.57683159","27774232.80293958","22849981.691556733","14359468.057814283",
"2020-02-20 00:00","36367525.18708756","27764534.951907806","22907227.401019283","14306135.160912571",
"2020-02-21 00:00","36361407.16867723","27759687.85671641","22902168.507201165","14235678.15713022",
"2020-02-22 00:00","36338596.608518876","27756488.756310046","22902379.199991353","14221368.245120678",
"2020-02-23 00:00","36336616.817813866","27750905.60393136","22901424.68767264","14257003.22282821",
"2020-02-24 00:00","36342173.43349406","27760982.911841173","22896356.993296284","14260046.763766706",
"2020-02-25 00:00","36424889.13017828","27828498.38920455","22921180.647172313","14271880.659989849",
"2020-02-26 00:00","36473119.51379365","27867127.061768133","22952182.691643536","14299605.564091524",
"2020-02-27 00:00","36564130.137614235","27997871.951974936","23105045.984063935","14459226.522388795",
"2020-02-28 00:00","36702179.49365961","28084752.261466213","23129050.473664183","14464691.191144008",
"2020-02-29 00:00","36668427.61538255","28061272.07596441","23126042.086752057","14466458.15926814",
"2020-03-01 00:00","36728517.290835194","28134632.25671684","23146299.69849143","14453896.078331273",
"2020-03-02 00:00","36787585.60852704","28206529.221048273","23150687.195475355","14440253.4332721",
"2020-03-03 00:00","36783891.68407404","28210008.628318567","23162939.179766227","14480731.265258756",
"2020-03-04 00:00","36814650.150329456","28231970.134141713","23202739.748009317","14486817.519687256",
"2020-03-05 00:00","36784487.896218486","28242074.51132722","23185922.278184388","14497718.480153102",
"2020-03-06 00:00","36718308.72085017","28184474.03824201","23123364.82341526","14522439.250271179",
"2020-03-07 00:00","36695641.28719476","28149876.436201457","23116966.27900515","14541713.667003307",
"2020-03-08 00:00","36731425.23167742","28200186.955965992","23135987.209720116","14551094.656200718",
"2020-03-09 00:00","36940330.7319676","28367851.107759424","23293577.128358807","14677909.34026406",
"2020-03-10 00:00","36879581.47644293","28306824.432433397","23176227.117076673","14596380.235963432",
"2020-03-11 00:00","36975258.31907328","28461089.581880454","23275847.310690522","14661381.377362749",
"2020-03-12 00:00","37459763.39035479","28894209.212103862","23723163.003158286","15029516.304044843",
"2020-03-13 00:00","37233093.7479564","28651654.96699275","23636391.118041996","15210746.762983367",
"2020-03-14 00:00","37397705.58303546","28737041.862487294","23728433.948166717","15201979.933007577",
"2020-03-15 00:00","37209968.93078361","28648617.674887888","23654407.01362651","15130353.464768773",
"2020-03-16 00:00","37342222.47798638","28758604.089121886","23772206.157412138","15257853.156382013",
"2020-03-17 00:00","37209760.8215652","28648814.833813764","23631641.485853955","15115537.61414774",
"2020-03-18 00:00","37610138.43932149","28971218.246303737","23819432.10982718","15108199.26261445",
"2020-03-19 00:00","37575621.615529366","28974823.121097513","23795415.142716482","15124518.118489413",
"2020-03-20 00:00","37631856.21509466","29056292.411251817","23881753.880740512","15247284.574811684",
"2020-03-21 00:00","37755052.889759175","29173073.1015945","23924982.183021862","15247353.812873853",
"2020-03-22 00:00","37802051.923533596","29215047.432008103","23944323.84469608","15258437.142518004",
"2020-03-23 00:00","37824134.30193627","29259044.222415205","24012858.618466295","15275009.445344897",
"2020-03-24 00:00","37834911.638255306","29246691.92921041","23948267.205177028","15183485.706893977",
"2020-03-25 00:00","37761934.0946","29221164.020069264","24112371.257857192","15391263.570175692",
"2020-03-26 00:00","37749233.212262586","29282238.88357088","24186196.06159802","15464737.462666212",
"2020-03-27 00:00","37828096.17594977","29325009.214886557","24290494.85692028","15571084.911302155",
"2020-03-28 00:00","37793372.77932197","29292832.67275304","24268404.403844334","15533435.05101497",
"2020-03-29 00:00","37772181.91457746","29269186.0563338","24298575.576597974","15561690.477730338",
"2020-03-30 00:00","37825988.45434218","29323008.263060357","24397227.750813216","15648430.967016673",
"2020-03-31 00:00","37823443.63766732","29363204.02386939","24478105.547323156","15720320.161222262",
"2020-04-01 00:00","37817439.3960395","29393967.793257166","24561944.414862894","15804917.339857917",
"2020-04-02 00:00","37902686.01547103","29473800.30849138","24646820.194725897","15880154.29384031",
"2020-04-03 00:00","37639471.76497562","29231589.246490836","24441982.988797802","15977061.868519632",
"2020-04-04 00:00","37517285.88984553","29056497.244876083","24357906.794400442","15977835.736009238",
"2020-04-05 00:00","37506610.24112254","29078752.891097516","24362820.21714583","15974512.11981601",
"2020-04-06 00:00","37485244.37806667","29067666.55876974","24372406.97785109","15987845.965445997",
"2020-04-07 00:00","37504537.87817128","29023243.271648087","24325662.23630464","15973890.527479474",
"2020-04-08 00:00","37560803.21598635","29043998.539401848","24307646.98536046","15939157.962374158",
"2020-04-09 00:00","37546588.451587886","29068807.547410425","24391787.22195835","16004517.794145651",
"2020-04-10 00:00","37791056.27064922","29388632.56663436","24791140.686409503","16413069.137124356",
"2020-04-11 00:00","37859989.50399427","29478253.44524298","24866959.952401698","16472035.534553226",
"2020-04-12 00:00","37834826.265514195","29493946.315791413","24876837.49112362","16479867.191125255",
"2020-04-13 00:00","37897891.47957347","29540795.215461202","24915571.70729039","16548228.128730271",
"2020-04-14 00:00","37913804.08903389","29603747.647626765","25006301.421240024","16633271.643099904",
"2020-04-15 00:00","37850180.78046545","29573828.009832013","25024221.249882523","16638595.835845307",
"2020-04-16 00:00","37859401.87027412","29562424.25100825","25010878.99990907","16640547.8715496",
"2020-04-17 00:00","37890154.37815228","29599871.708380114","25032074.15729978","16653159.70925901",
"2020-04-18 00:00","37996817.913759425","29682570.816418156","25098161.0438466","16679564.85308111",
"2020-04-19 00:00","37954967.3981998","29656000.968562603","25102295.33138582","16669303.150290161",
"2020-04-20 00:00","37920325.52501731","29665978.92630723","25121211.249959596","16685966.334097851",
"2020-04-21 00:00","38168595.79747029","29884509.67272159","25240459.83179409","16723281.543027008",
"2020-04-22 00:00","38276218.01808887","30004374.63933772","25480560.847110607","16913377.616991982",
"2020-04-23 00:00","38340027.649718046","30058711.63395284","25482684.50402139","16895916.28393614",
"2020-04-24 00:00","38322249.34038378","30085043.14699083","25512112.115876246","16939961.281470492",
"2020-04-25 00:00","38049649.762706056","29740511.547208015","25158325.780645795","17001951.80819307",
"2020-04-26 00:00","38018978.18711001","29700255.184872877","25114137.672012426","17007354.794358727",
"2020-04-27 00:00","37973979.28163024","29710266.020310212","25098214.309833143","16991071.104669657",
"2020-04-28 00:00","37989976.45657486","29713291.803914852","25092735.42172427","17000107.49013288",
"2020-04-29 00:00","37941059.98959778","29688986.919175263","25091263.57383794","16995972.188483037",
"2020-04-30 00:00","37985906.33808755","29718765.006028283","25084700.94574149","16983802.89338078",
"2020-05-01 00:00","37929486.32835612","29698034.526980747","25069660.749796547","16950243.328129265",
"2020-05-02 00:00","37873452.441465065","29649999.784683615","25062445.230512153","16939827.4351538",
"2020-05-03 00:00","37863591.57103792","29654994.117298104","25067439.56312664","16939817.718289264",
"2020-05-04 00:00","37893028.86507818","29697087.997827787","25105371.19247012","16971682.60860948",
"2020-05-05 00:00","37913879.74555929","29735661.144492038","25128015.250759017","16990084.185840216",
"2020-05-06 00:00","37877281.839366","29699063.238298737","25090223.596259806","16946280.753895193",
"2020-05-07 00:00","37935621.121311985","29766896.808823485","25189618.341005754","16965367.880324095",
"2020-05-08 00:00","38057830.06074797","29885725.590992324","25309047.12336359","17023204.935032777",
"2020-05-09 00:00","38142785.741870664","29951215.734224934","25344499.85410108","17050227.47796219",
"2020-05-10 00:00","38154768.35270929","29983212.957876854","25406534.49523465","17115172.10239154",
"2020-05-11 00:00","38100348.96280824","29949195.90882493","25395867.607395288","17095620.65243881",
"2020-05-12 00:00","38088963.23358516","29876300.885896664","25319172.56501449","17082477.89285116",
"2020-05-13 00:00","38094923.168982364","29877927.099181805","25310501.307084076","17044550.208397146",
"2020-05-14 00:00","38116188.18803342","29887647.7043513","25304635.920269307","17043805.440627437",
"2020-05-15 00:00","38115602.411852576","29909645.577097297","25326565.301913694","17051574.056332882",
"2020-05-16 00:00","38133021.25513901","29917468.32293035","25324542.492711343","17045414.618645385",
"2020-05-17 00:00","38121824.00882688","29906926.505484164","25308348.134519637","17034974.49915703",
"2020-05-18 00:00","38150644.19770856","29947362.75897147","25339432.008845992","17068153.98679071",
"2020-05-19 00:00","38176579.62078379","29975214.173562434","25363775.241326023","17080634.025154185",
"2020-05-20 00:00","38212140.582942694","30008733.846997984","25396735.547398165","17101502.21552921",
"2020-05-21 00:00","38226035.28784303","30029053.669982735","25406796.53285207","17110893.328318767",
"2020-05-22 00:00","38223852.979227975","30019931.09012562","25390741.701662675","17101698.302036114",
"2020-05-23 00:00","38158315.27156348","29966471.305868223","25339768.460677568","17122815.827720243",
"2020-05-24 00:00","38158940.28482033","29972862.076080512","25358388.4607933","17137522.210431088",
"2020-05-25 00:00","38228986.33604714","30040471.4178044","25431557.491977006","17167017.588911477",
"2020-05-26 00:00","38213166.870804206","30041368.824164864","25436481.75099509","17172205.032992378",
"2020-05-27 00:00","38205745.1614556","30034226.81189889","25431181.647853337","17184158.431767274",
"2020-05-28 00:00","38206080.98330142","30037668.74038549","25444867.11982181","17198760.44133272",
"2020-05-29 00:00","38177052.06143965","30038183.457530532","25465483.02698827","17242211.832018558",
"2020-05-30 00:00","38245727.267627254","30062631.501400314","25484610.164106052","17260191.531968098",
"2020-05-31 00:00","38369034.98667301","30172261.773910645","25568989.0048365","17282129.202163536",
"2020-06-01 00:00","38348186.980046","30164759.671062037","25590282.00694515","17347482.831358813",
"2020-06-02 00:00","38332656.718724534","30146282.592105325","25497694.484702837","17358778.762400642",
"2020-06-03 00:00","38322545.15599954","30132071.213641893","25520303.484706804","17382867.501625776",
"2020-06-04 00:00","38321303.96855702","30123283.71083939","25522825.37751169","17386947.817885444",
"2020-06-05 00:00","38541495.573368326","30327418.48115726","25731068.51677011","17602276.676542982",
"2020-06-06 00:00","38570678.65348757","30346238.531790376","25736834.421380136","17610929.45941007",
"2020-06-07 00:00","38567663.84010409","30325581.575759076","25730751.958855502","17605059.440024592",
"2020-06-08 00:00","38565602.243802026","30352994.404945765","25735046.08310412","17615253.736132763",
"2020-06-09 00:00","38603625.31402299","30373394.28590275","25744423.03572735","17616292.3660286",
"2020-06-10 00:00","38485620.47458072","30263603.65317678","25644139.698225476","17501576.191213246",
"2020-06-11 00:00","38376201.823197275","30188817.983676236","25615107.82202385","17521202.151523333",
"2020-06-12 00:00","38420128.59014278","30264841.366356373","25748226.100906223","17652976.90294747",
"2020-06-13 00:00","38409111.38618812","30242759.302817244","25725292.660227407","17628270.990620513",
"2020-06-14 00:00","38441213.294177525","30262387.278088","25738300.733453535","17641279.06384664",
"2020-06-15 00:00","38349752.04983525","30151420.09667032","25610638.10992051","17516236.3750524",
"2020-06-16 00:00","38432233.67186271","30235237.71989317","25687900.08381101","17511547.11491648",
"2020-06-17 00:00","38495257.097151","30296570.913282044","25748365.081178777","17526610.448445406",
"2020-06-18 00:00","38513055.67662204","30323032.100399632","25768207.214003954","17477768.401257098",
"2020-06-19 00:00","38650451.14825748","30484400.872242294","25933540.878123444","17509259.383372746",
"2020-06-20 00:00","38682763.5075089","30510822.07267231","25960432.87550982","17500832.30438241",
"2020-06-21 00:00","38655983.28897237","30479431.484243322","25923937.906260278","17351567.452710863",
"2020-06-22 00:00","38687066.04852592","30476720.954494484","25901713.201489728","17329342.747940313",
"2020-06-23 00:00","38747213.85455253","30490877.872058358","25916270.146891527","17383899.69416111",
"2020-06-24 00:00","38738887.8919893","30507512.98766878","25920776.151424386","17389405.698693972",
"2020-06-25 00:00","38167433.97151053","29983028.012996547","25493286.53024818","17445174.365879405",
"2020-06-26 00:00","37475089.75064556","29358071.318236414","24943166.302510187","17392985.1570247",
"2020-06-27 00:00","37467977.04189745","29358705.594583884","24939608.8845677","17389427.739082213",
"2020-06-28 00:00","37518665.8832797","29386394.21009322","24940628.464172635","17390447.31868715",
"2020-06-29 00:00","37514765.8683614","29396981.709067557","24945356.59587216","17395175.450386673",
"2020-06-30 00:00","37517568.60151562","29379185.517431863","24935973.912608393","17388860.859800715",
"2020-07-01 00:00","37455905.1760996","29333296.543049198","24880197.69328722","17333084.640479546",
"2020-07-02 00:00","37510747.744111665","29371871.24790401","24920203.566737615","17373090.513929937",
"2020-07-03 00:00","37478043.25694243","29362650.790349208","24911793.11774637","17364880.055799697",
"2020-07-04 00:00","37548824.167284265","29426325.8306075","24982076.526984304","17435163.465037625",
"2020-07-05 00:00","37564965.86552756","29438260.214439962","24997587.086859353","17450674.024912678",
"2020-07-06 00:00","37576881.39857819","29473319.24674637","25037600.30512509","17490687.24071213",
"2020-07-07 00:00","37688774.049445584","29526969.086221494","25083500.65600439","17537637.59243143",
"2020-07-08 00:00","37750787.46345063","29600692.11256263","25135247.85825869","17590384.794685725",
"2020-07-09 00:00","37783382.87288731","29608264.672548067","25120166.388385892","17568713.1879414",
"2020-07-10 00:00","37775519.714522175","29627636.325136002","25131306.211486183","17581104.341831084",
"2020-07-11 00:00","37848068.41608542","29704801.13841754","25210436.04608798","17653946.084361624",
"2020-07-12 00:00","37869881.187002875","29724966.03696852","25235377.074000195","17678368.401269495",
"2020-07-13 00:00","37872446.69707221","29718923.550909325","25230825.353646737","17669448.344413906",
"2020-07-14 00:00","37810099.73795879","29745485.364506885","25283236.907236762","17718112.08227122",
"2020-07-15 00:00","37832786.235241175","29762164.776588216","25298007.67881873","17720694.06062241",
"2020-07-16 00:00","37823566.502758704","29755721.55877727","25295368.83616404","17744571.39172323",
"2020-07-17 00:00","37811539.77996506","29736590.588472858","25279923.331682403","17742441.112099178",
"2020-07-18 00:00","37787563.990010284","29720724.382282536","25270471.38690814","17738744.232731186",
"2020-07-19 00:00","37854573.642458744","29785709.498394","25329859.919679645","17799132.76550269",
"2020-07-20 00:00","37892391.300107144","29841037.155832976","25416408.02281001","17877784.930126984",
"2020-07-21 00:00","37941810.462805234","29896848.664531916","25469564.822493367","17921304.949563086",
"2020-07-22 00:00","38014894.40606124","29923160.509269167","25512211.96262117","17948569.179261487",
"2020-07-23 00:00","38215136.455921076","30215365.539891932","25815153.672791734","18195773.576410174",
"2020-07-24 00:00","37790162.781220704","29973681.28378114","25870340.57387739","18276831.89925175",
"2020-07-25 00:00","37798529.52466068","30021496.902749203","25932835.558896493","18370253.44347225",
"2020-07-26 00:00","37906104.64212527","30053989.86617432","25905699.691987436","18334021.043701515",
"2020-07-27 00:00","37845319.151252106","30039226.36143094","25928890.81113323","18510196.322637558",
"2020-07-28 00:00","37868162.5108298","30061069.920831773","25956031.593952794","18523900.31988876",
"2020-07-29 00:00","38013615.90835647","30226673.97779542","26120416.53400013","18653206.107778322",
"2020-07-30 00:00","38116221.029849716","30351086.4839345","26237895.58478822","18772286.802463766",
"2020-07-31 00:00","38223262.18689622","30458127.640981","26332719.018611725","18840365.02551952",
"2020-08-01 00:00","38241925.96367089","30440640.997487552","26311524.61186705","18793211.39515518",
"2020-08-02 00:00","38277243.40823566","30458985.7196226","26316905.147788167","18790652.50498953",
"2020-08-03 00:00","38272729.184802026","30461572.66702833","26304118.68810964","18764628.70862344",
"2020-08-04 00:00","38354585.617354155","30537419.640070673","26378689.46951047","18806013.54821263",
"2020-08-05 00:00","38363927.74705614","30547645.136452407","26396378.635370992","18834641.38642843",
"2020-08-06 00:00","38409128.18529649","30584875.658097927","26415677.834094886","18865505.5099259",
"2020-08-07 00:00","38464125.66248766","30618088.747556787","26409959.90184302","18814434.893889952",
"2020-08-08 00:00","38459139.52719018","30589022.6820134","26375930.48024859","18787371.699519336",
"2020-08-09 00:00","38500386.85868711","30637979.068874512","26424886.8671097","18813121.853184305",
"2020-08-10 00:00","38538569.52595775","30676244.12632661","26465650.75857417","18914921.479542576",
"2020-08-11 00:00","38671463.55698522","30801963.335770667","26592371.239801854","18910820.010754336",
"2020-08-12 00:00","38725283.137042895","30823027.740716968","26555476.403865766","18828139.31901159",
"2020-08-13 00:00","38710063.02368891","30807164.572139233","26539613.23528803","18747026.529567573",
"2020-08-14 00:00","38801633.81491598","30911906.144635733","26591991.696688306","18677756.454550143",
"2020-08-15 00:00","38806881.19940358","30912140.16307713","26594626.190797485","18683126.05901022",
"2020-08-16 00:00","38859717.664613076","30954229.630519964","26661506.91782941","18747456.32312519",
"2020-08-17 00:00","38818645.325236715","30904109.75637786","26593439.830565207","18717772.285713237",
"2020-08-18 00:00","38748915.94498289","30832054.958931945","26531597.794168692","18687250.947468437",
"2020-08-19 00:00","38744981.36281099","30818722.875443425","26561355.831975732","18718219.182608947",
"2020-08-20 00:00","38723170.990754165","30826520.088154443","26571956.663540218","18737435.728512242",
"2020-08-21 00:00","38731745.81753266","30786915.86258421","26538973.28060316","18742331.105754673",
"2020-08-22 00:00","38700730.52238825","30782314.300500248","26531333.90125845","18761073.12572655",
"2020-08-23 00:00","38773305.13165215","30852846.033643045","26608151.62085156","18813984.73023864",
"2020-08-24 00:00","38759165.811590895","30804038.682440154","26564251.020567246","18810107.45393013",
"2020-08-25 00:00","38804657.19982591","30844166.467158042","26611858.92742193","18861022.216479834",
"2020-08-26 00:00","38753614.7458841","30769508.06733738","26543797.088779297","18846505.437152788",
"2020-08-27 00:00","38801199.92837315","30808902.165163685","26569888.81709214","18866455.921870947",
"2020-08-28 00:00","38894147.81950472","30907805.73128111","26665562.925394654","18969787.78432854",
"2020-08-29 00:00","39054669.42560314","31121427.167663604","26883924.679787986","19157649.050060555",
"2020-08-30 00:00","39133112.75956606","31213277.17696993","26986642.122317556","19293395.68902749",
"2020-08-31 00:00","39514616.162710965","31606559.86121","27381699.704168078","19688881.71135494",
"2020-09-01 00:00","39916265.35555795","32019170.79916359","27818264.06367761","20175684.869613245",
"2020-09-02 00:00","39852532.02835817","31906069.347410593","27690405.60955059","19987453.1105184",
"2020-09-03 00:00","39887884.748254344","31981877.18498609","27872328.80718109","20345471.143284425",
"2020-09-04 00:00","39872398.740730464","32005803.804441195","27880717.078619298","20393521.455502328",
"2020-09-05 00:00","39612207.004170805","31715125.170019105","27571052.364653982","20097198.298420276",
"2020-09-06 00:00","39499903.49139215","31578555.983476046","27413818.61740417","19859459.584600292",
"2020-09-07 00:00","39757499.059410594","31895419.30596959","27752148.13014378","20196549.406376228",
"2020-09-08 00:00","39734748.86413121","31857512.124169424","27731539.396684416","20175910.672916867",
"2020-09-09 00:00","39649247.323799245","31797821.424110442","27672196.35951369","20098274.63574614",
"2020-09-10 00:00","40147377.73734231","32292779.273593318","28164950.29437917","20590798.002690475",
"2020-09-11 00:00","40309936.853555955","32449185.744679462","28321564.459031515","20815016.290116508",
"2020-09-12 00:00","40213337.37317443","32295829.942473073","28120862.933771126","20555120.244571418",
"2020-09-13 00:00","39697823.532403216","31748806.87980127","27640949.884117674","20176928.83357286",
"2020-09-14 00:00","39745928.03701436","31786481.48682555","27655898.102432393","20191877.03668758",
"2020-09-15 00:00","39821292.451040864","31857283.25766654","27712757.19975458","20244067.134009767",
"2020-09-16 00:00","39583991.661985494","31648807.540385693","27594315.521855734","20152829.741323326",
"2020-09-17 00:00","39596053.93910271","31672218.792869218","27572164.520319592","20127978.341807213",
"2020-09-18 00:00","40046021.56709661","32165033.93970255","28100145.132187903","20649560.28790022",
"2020-09-19 00:00","40171799.8015306","32372864.91167618","28335801.249003846","20891508.614521947",
"2020-09-20 00:00","40253230.31743728","32457183.12250168","28469827.4517149","21029586.014320906",
"2020-09-21 00:00","40057096.6098875","32274992.169705562","28297391.530932724","20938929.58436644",
"2020-09-22 00:00","40082552.69561186","32288994.41191066","28305998.74212481","20946951.85743705",
"2020-09-23 00:00","39974213.3629805","32141726.5854164","28109052.580940176","20584432.29241732",
"2020-09-24 00:00","39916878.05968352","32092915.68878506","28079625.76247754","20560393.428768836",
"2020-09-25 00:00","39968494.811257444","32139108.06427077","28107229.090167563","20602839.51543356",
"2020-09-26 00:00","40014198.97107312","32178990.695044633","28115124.186009806","20548396.968489006",
"2020-09-27 00:00","40133243.462092735","32289726.395977836","28226453.356532857","20593046.89523325",
"2020-09-28 00:00","40348940.1360979","32459270.004153773","28339345.349131685","20583143.626169223",
"2020-09-29 00:00","40356628.54074274","32452802.354459465","28274651.217378918","20240590.136500515",
"2020-09-30 00:00","40339471.12751626","32432915.554637145","28254764.4175566","20248063.653919876",
"2020-10-01 00:00","40302879.6177643","32419140.67391294","28244968.56497391","20316866.245449677",
"2020-10-02 00:00","40337307.71799756","32438268.98025669","28264096.871317662","20345731.71668015",
"2020-10-03 00:00","40400751.00824654","32494066.739401717","28319894.630462687","20430236.98742675",
"2020-10-04 00:00","40369485.607237704","32462754.267161466","28288582.158222437","20418507.75803577",
"2020-10-05 00:00","40315007.07505895","32380355.222268213","28206183.113329183","20434163.466324795",
"2020-10-06 00:00","40201281.38429408","32269820.55125187","28091567.67557463","20365957.173982456",
"2020-10-07 00:00","40211695.68440381","32273029.177006677","28089231.717097297","20359721.27475858",
"2020-10-08 00:00","40124401.901258424","32207501.76632061","28009377.935208138","20387189.194112096",
"2020-10-09 00:00","40108261.2999031","32223864.056080274","28024001.815171614","20522874.855445974",
"2020-10-10 00:00","40138434.322325654","32285780.97936892","28135768.347197793","20642701.866778817",
"2020-10-11 00:00","40296309.099416226","32411710.592138093","28260203.442465276","20762450.55804375",
"2020-10-12 00:00","40332476.447332196","32417594.51358222","28254004.70372321","20764472.71107039",
"2020-10-13 00:00","40354149.55816337","32450147.83407948","28304850.106625058","20808245.797387753",
"2020-10-14 00:00","40288317.07587499","32434649.45645432","28290593.900904093","20824474.87611555",
"2020-10-15 00:00","40317623.10342478","32465119.98936836","28309150.087238107","20876577.26232816",
"2020-10-16 00:00","40239767.53489732","32392631.51021388","28286551.319382206","20837728.973421764",
"2020-10-17 00:00","40235570.70125195","32398313.587650817","28338162.768761154","20892866.779756006",
"2020-10-18 00:00","40242214.97998843","32391700.430192005","28324264.5442201","20882939.83861631",
"2020-10-19 00:00","40269725.466574974","32438676.050923176","28373741.33888796","20930792.116087012",
"2020-10-20 00:00","40203565.46948604","32426845.28886539","28370589.57537501","20951189.47209934",
"2020-10-21 00:00","40228272.63039261","32429322.163932808","28381334.599796314","20962263.046651848",
"2020-10-22 00:00","40033021.59178122","32253200.746466085","28159549.044787295","20666442.524101764",
"2020-10-23 00:00","39916982.30658531","32155937.474508144","28129532.007898983","20597581.853503007",
"2020-10-24 00:00","39956149.79489151","32215103.051235076","28183990.517279603","20647345.109667026",
"2020-10-25 00:00","40064882.820566714","32337740.338321514","28301088.203177653","20759948.233633243",
"2020-10-26 00:00","40144916.51924466","32391505.00137641","28320680.998701345","20810400.194934346",
"2020-10-27 00:00","40282501.77965442","32502734.480264746","28393014.39694001","20857387.645060007",
"2020-10-28 00:00","40360324.5433081","32585528.19788405","28501118.833813738","20989485.47837911",
"2020-10-29 00:00","40267196.788186185","32474448.864119716","28365153.322652753","20871889.15325983",
"2020-10-30 00:00","40227828.25128687","32474800.30200319","28361230.163729742","20890609.325070776",
"2020-10-31 00:00","40258385.70734696","32503789.32570355","28421257.694287434","20961064.75818329",
"2020-11-01 00:00","40237020.49278202","32479496.559774596","28389322.580599967","20923665.48408794",
"2020-11-02 00:00","40095123.151719004","32380896.341970295","28333770.652706288","20848001.02714421",
"2020-11-03 00:00","39974851.88750456","32252370.82285601","28192784.1038751","20713780.59236926",
"2020-11-04 00:00","39819328.91638111","32079470.22837544","28052523.29498503","20759065.04720882",
"2020-11-05 00:00","39814064.166724525","32076122.483760517","28010763.54108542","20697536.446126115",
"2020-11-06 00:00","39830194.22343014","32104492.19001725","28085212.90831237","20763607.73212432",
"2020-11-07 00:00","39813459.94037159","31990670.59046314","27915850.837635677","20526144.138457175",
"2020-11-08 00:00","39860678.21488299","32084365.204920623","28047900.745065376","20752152.326372907",
"2020-11-09 00:00","39960843.92000793","32198122.636182647","28161658.19029449","20874951.69546876",
"2020-11-10 00:00","40035771.07796575","32270954.71377577","28206025.12460518","20913530.991979387",
"2020-11-11 00:00","40183256.12334351","32417430.926549073","28352501.352210395","21057265.220861524",
"2020-11-12 00:00","39859954.659315646","32047751.121108554","27953092.225965533","20628925.51465332",
"2020-11-13 00:00","39894881.20883436","32083047.288911846","27994938.94192082","20704590.04280005",
"2020-11-14 00:00","39978150.90498039","32166511.904734667","28098393.571727365","20817201.408027664",
"2020-11-15 00:00","39964440.23593816","32155956.891684912","28090955.674606908","20815443.76758915",
"2020-11-16 00:00","39936385.34374488","32148076.827041116","28083075.666460343","20819300.998219684",
"2020-11-17 00:00","39275346.894291595","31417891.41900319","27323232.812849164","20002544.940073263",
"2020-11-18 00:00","39353407.25394355","31489182.830102","27394524.29785021","20042065.002519242",
"2020-11-19 00:00","39192806.03048353","31342367.753046855","27248677.226452984","20014472.098611064",
"2020-11-20 00:00","39245217.512074634","31355445.333288655","27253914.42521522","19931930.1394068",
"2020-11-21 00:00","39255133.910164215","31347760.00644683","27234060.270695865","19856847.358729217",
"2020-11-22 00:00","39256160.00720697","31350587.102878805","27164860.228822153","19717159.52383124",
"2020-11-23 00:00","39182135.363310054","31226263.915152885","26987159.37684554","19280940.920725167",
"2020-11-24 00:00","39218108.02317113","31252856.06140808","27092418.044921115","19005853.87009647",
"2020-11-25 00:00","39354895.72274033","31402264.388196126","27249044.60408252","19096513.213646166",
"2020-11-26 00:00","39357222.81181346","31395624.42053008","27231844.356340133","19085487.672842916",
"2020-11-27 00:00","39250552.90220177","31320647.79516518","27179306.304689303","19036220.275511272",
"2020-11-28 00:00","39415857.41145067","31469309.876240507","27312048.67065024","19172313.090366244",
"2020-11-29 00:00","39381510.48024878","31431941.065234315","27264730.656140465","19121994.148257457",
"2020-11-30 00:00","39373009.30257254","31436274.82544054","27241097.09197067","19059329.78050429",
"2020-12-01 00:00","39331521.941760644","31365398.908698518","27152646.46415353","18999726.66117486",
"2020-12-02 00:00","39509704.90710491","31572109.636047304","27369952.0539596","19269644.23766512",
"2020-12-03 00:00","39492122.52270878","31552310.55023038","27331265.381969813","19239954.499608267",
"2020-12-04 00:00","39583956.77928418","31618999.663056716","27392911.977456026","19297966.226367217",
"2020-12-05 00:00","39606992.45135352","31671498.169283662","27464581.046494443","19387886.775463175",
"2020-12-06 00:00","39710374.80264268","31770766.57700891","27547696.986334518","19490793.185837112",
"2020-12-07 00:00","39770469.855583616","31845221.60732424","27647247.462755002","19572519.886865284",
"2020-12-08 00:00","39816311.6666362","31867205.064448643","27701587.649271704","19679949.238211732",
"2020-12-09 00:00","39874973.071691185","31918349.87874356","27696092.253056146","19636258.966990538",
"2020-12-10 00:00","39883415.84766446","31941381.926860567","27738193.465495043","19699223.120700933",
"2020-12-11 00:00","39834915.11143151","31903331.81857655","27731488.213517558","19705155.912602756",
"2020-12-12 00:00","39842753.716391064","31904229.19328825","27741118.314830992","19708692.7578771",
"2020-12-13 00:00","39813410.53613928","31900912.510404196","27737662.443275534","19714547.972157672",
"2020-12-14 00:00","39828111.03130538","31914904.882220183","27751543.324796677","19731495.86266772",
"2020-12-15 00:00","39864467.96044774","31933611.52939488","27775003.732313268","19795596.26017503",
"2020-12-16 00:00","39873240.72454008","31930822.667576633","27760437.8948813","19791039.397001915",
"2020-12-17 00:00","40014244.46586614","31977844.40044694","27757294.204439715","19771563.424535997",
"2020-12-18 00:00","39945359.67654192","31925688.22889276","27682963.75313689","19684949.87039059",
"2020-12-19 00:00","39973652.16544935","31897558.036398787","27536715.997757487","19458880.65537928",
"2020-12-20 00:00","40066302.096173175","32039139.899372734","27769857.041766327","20127197.270478178",
"2020-12-21 00:00","40166787.30354365","32175348.15218685","27916144.394385807","20288068.817616817",
"2020-12-22 00:00","40313060.782079145","32339440.77308353","28084638.573005322","20443383.486131273",
"2020-12-23 00:00","40355319.28769171","32382703.870122436","28134464.202436425","20534996.06638755",
"2020-12-24 00:00","40452349.910140954","32471842.154371154","28226201.70368987","20576603.492199037",
"2020-12-25 00:00","40388600.837148756","32409976.61578222","28163379.930313744","20595580.15587835",
"2020-12-26 00:00","40424623.93084149","32442825.462778915","28202150.777665623","20628169.781790677",
"2020-12-27 00:00","40426192.6732416","32442516.645419296","28228190.500521615","20625796.600110877",
"2020-12-28 00:00","40458513.06432411","32448712.972723883","28239813.83021769","20528702.268696763",
"2020-12-29 00:00","40358250.3331338","32375087.446746383","28158081.012246788","20457081.627501518",
"2020-12-30 00:00","40429150.68977766","32441016.70149508","28225276.19893194","20365083.266111474",
"2020-12-31 00:00","40522630.282089986","32513992.887172215","28287630.0874735","20542274.00169647",
"2021-01-01 00:00","40518665.65793776","32497850.06011583","28298843.383105017","20557059.076719403",
"2021-01-02 00:00","40618845.594775915","32592210.468111835","28382573.930504434","20569269.74349867",
"2021-01-03 00:00","40455394.43429084","32425431.958812773","28209102.735746585","20403959.256388027",
"2021-01-04 00:00","40457619.105172805","32355644.298691135","28092159.095168374","20093436.490785442",
"2021-01-05 00:00","40453331.920822725","32298516.844444744","28012120.999079812","20074063.39458252",
"2021-01-06 00:00","40424432.26989975","32286734.418438792","28008142.97458609","20146061.08241896",
"2021-01-07 00:00","40380426.570018366","32261012.18970193","27979338.11463508","20071987.19815436",
"2021-01-08 00:00","40542721.75037978","32408340.470531266","28080921.250937697","20107517.209812056",
"2021-01-09 00:00","40439425.563861184","32341060.20839362","28071797.639970906","20500066.645134915",
"2021-01-10 00:00","40475299.009501845","32339051.085985593","28056640.72522873","20490389.988057077",
"2021-01-11 00:00","40529907.1166085","32404237.80797549","28079077.189203903","20379417.768829368",
"2021-01-12 00:00","40652864.11457312","32538823.463083208","28187805.123081617","20514781.438775305",
"2021-01-13 00:00","40638798.10057172","32580909.584037464","28235922.9695593","20172260.43060868",
"2021-01-14 00:00","40141957.49396117","32006236.98699456","27632157.70309329","19609348.75885413",
"2021-01-15 00:00","40176808.45407491","32037664.612752974","27685713.664402314","19657006.519772522",
"2021-01-16 00:00","40294743.911264084","32127840.056597743","27775889.195241336","19799087.76774533",
"2021-01-17 00:00","40352504.255703956","32205977.185541056","27849069.902234156","19847629.423271652",
"2021-01-18 00:00","40417749.89530646","32266934.231082","27901120.592535537","19933224.58381234",
"2021-01-19 00:00","40694748.17699146","32484867.51264516","28047169.89571837","20035462.838231117",
"2021-01-20 00:00","40227845.0954661","31982018.580870718","27587367.876142938","20053952.39020808",
"2021-01-21 00:00","39973232.63959505","31721795.80283548","27321774.683666993","19715436.25920515",
"2021-01-22 00:00","39917973.70563832","31690134.04298715","27342937.834511325","19827375.63647545",
"2021-01-23 00:00","39606791.52449709","31505199.957510788","27246022.236898102","19865927.08624628",
"2021-01-24 00:00","39669863.97600244","31592765.44501918","27330512.123819876","19851043.37014941",
"2021-01-25 00:00","39712089.26823596","31635907.514121324","27396884.657820135","19850711.343095187",
"2021-01-26 00:00","39724664.57145869","31617502.558750037","27326519.288896307","19880626.947403878",
"2021-01-27 00:00","39795052.67760801","31640770.295257457","27325393.571736444","19892151.49426551",
"2021-01-28 00:00","39861053.34170916","31731512.198209602","27391946.053411342","19913494.918380387",
"2021-01-29 00:00","39830525.67610574","31744377.128393408","27439368.004759364","19933313.34392145",
"2021-01-30 00:00","40061194.05218091","32021457.472230032","27763637.263836835","20287595.005401928",
"2021-01-31 00:00","40153459.15413344","32124103.741673015","27869597.20081931","20364565.99774011",
"2021-02-01 00:00","40119029.66531912","32058559.378085587","27804016.86127709","20276034.891281404",
"2021-02-02 00:00","40181797.153146386","32141573.79523972","27887624.632224865","20318336.34970665",
"2021-02-03 00:00","40374467.50171714","32339852.500818577","28081929.5940639","20348669.305872526",
"2021-02-04 00:00","40256282.74639808","32213356.10093611","27956333.200061437","20337351.61895044",
"2021-02-05 00:00","40224996.75140188","32135669.445120387","27893635.200282235","20289661.24074713",
"2021-02-06 00:00","40268447.37036194","32185221.461843215","27965791.91508365","20375436.827105183",
"2021-02-07 00:00","40179503.5524366","32072314.622798182","27852666.5124701","20381482.02148956",
"2021-02-08 00:00","40088662.690063514","32019373.269338597","27809528.689682897","20371551.071645476",
"2021-02-09 00:00","40150609.5435929","32077821.009993467","27870246.013701677","20408509.07846513",
"2021-02-10 00:00","40048897.11159569","31989918.51248074","27793854.09449442","20484735.212753244",
"2021-02-11 00:00","40224011.84708923","32129205.440774173","27920249.464861587","20559110.652460124",
"2021-02-12 00:00","40204008.728359","32122660.713448834","27924398.876756307","20619185.724518772",
"2021-02-13 00:00","40117779.32439994","32037126.758192997","27861826.813713133","20590631.4840787",
"2021-02-14 00:00","40162327.37113742","32081524.48908924","27882303.580031008","20581024.309113488",
"2021-02-15 00:00","40162581.306264736","32048727.28567945","27844712.413787384","20590247.604837153",
"2021-02-16 00:00","40112903.87522703","32007791.768198416","27797313.047194242","20531472.3554034",
"2021-02-17 00:00","40134777.59495775","32045072.7461593","27852779.66146784","20673874.43959606",
"2021-02-18 00:00","40278632.05653787","32182195.631621227","27984397.9354431","20742469.080558117",
"2021-02-19 00:00","40378648.96434191","32319084.560213152","28128688.849107467","20833931.43493051",
"2021-02-20 00:00","40470095.44261025","32367784.878696147","28147532.048104815","20909050.4491322",
"2021-02-21 00:00","40466739.000374705","32336381.55523765","28121825.35584672","20980622.105682995",
"2021-02-22 00:00","40464085.39580455","32336166.004433505","28118025.720642686","20999663.46697396",
"2021-02-23 00:00","40769313.83299232","32695796.285886876","28406652.173458","20571048.5231781",
"2021-02-24 00:00","40836521.24162692","32752563.8330917","28444813.20074803","20650691.65526994",
"2021-02-25 00:00","40859125.62289613","32784669.136300407","28525808.806371387","20760044.86140539",
"2021-02-26 00:00","40796029.49702182","32729826.675117254","28513434.07094046","20765706.404985514",
"2021-02-27 00:00","40792556.36685434","32703462.562238112","28484910.27398552","20707917.29238276",
"2021-02-28 00:00","40783893.80650929","32680639.051839564","28485639.226684757","20762268.765559886",
"2021-03-01 00:00","40760300.72988062","32641499.371678215","28466919.994200032","20745594.10785234",
"2021-03-02 00:00","40986742.54272607","32876639.372045018","28651326.721199647","20793369.450816818",
"2021-03-03 00:00","41089950.300228685","32953820.16891232","28731993.31601094","20947530.201440353",
"2021-03-04 00:00","41143437.46534863","33013038.601325717","28795143.09012318","21015943.937653124",
"2021-03-05 00:00","41232999.53540711","33090358.283763207","28873058.58509772","21080471.40518892",
"2021-03-06 00:00","41379704.994074985","33255547.685249515","29039388.895365562","21166667.686912987",
"2021-03-07 00:00","41978197.13057582","33955075.45123387","29840718.92684455","22122413.36315192",
"2021-03-08 00:00","41950032.54539595","33931117.86291211","29812424.78514339","22078562.104551177",
"2021-03-09 00:00","42082241.464757495","34066609.27355959","29935093.356257524","22211720.215330154",
"2021-03-10 00:00","41978282.79566098","34008539.743807465","29922437.891521525","22277868.332497887",
"2021-03-11 00:00","42125635.22220816","34158200.85607559","30068287.829904437","22435230.226153243",
"2021-03-12 00:00","41997154.08290477","33986493.173065215","29857198.476043437","21872142.738998223",
"2021-03-13 00:00","41965662.52549893","33966148.54324024","29832981.273384012","21854895.0188237",
"2021-03-14 00:00","42005047.834204875","33998810.123925515","29863210.46212637","21897123.0340157",
"2021-03-15 00:00","42275052.86952174","34306138.22420156","30162824.591438457","21926476.02028346",
"2021-03-16 00:00","42269189.18451593","34327942.14548818","30235274.20771808","21961325.658713248",
"2021-03-17 00:00","42249089.247897305","34319651.111538626","30253570.322668273","21954298.215117026",
"2021-03-18 00:00","42237123.15981231","34280745.76020062","30251039.14285284","22000776.551767714",
"2021-03-19 00:00","42312907.041668944","34327333.697559156","30290173.23195043","22034026.319513556",
"2021-03-20 00:00","42316404.655888654","34343961.01026378","30304046.870244455","22080565.746004857",
"2021-03-21 00:00","42534597.70758406","34554715.3963334","30510052.31521561","22234659.55403756",
"2021-03-22 00:00","42497816.68731658","34523923.58546333","30448966.65085404","22212317.532803014",
"2021-03-23 00:00","42428030.68742093","34487419.7142403","30457432.92137218","22239794.814068984",
"2021-03-24 00:00","42529823.30553416","34606833.42128811","30577407.005559124","22354579.56191114",
"2021-03-25 00:00","42498378.91323297","34578027.92923437","30553342.74375563","22373558.236250006",
"2021-03-26 00:00","42705411.06941411","34742716.586068384","30618399.23615664","22424491.363258023",
"2021-03-27 00:00","42871861.07271837","34951720.09928061","30838512.168475628","22607321.921182174",
"2021-03-28 00:00","42915330.25964844","34994141.20745545","30900147.427454293","22612284.334036525",
"2021-03-29 00:00","42998752.03013447","35069744.62110936","30958838.184017643","22615118.19620472",
"2021-03-30 00:00","43115400.37553103","35179860.12886688","31051462.452590324","22708684.999295555",
"2021-03-31 00:00","43157668.358642","35238819.1131088","31116116.50651578","22719093.354905427",
"2021-04-01 00:00","43093777.93262725","35174802.74655512","31043311.453370765","22664078.815994173",
"2021-04-02 00:00","43368065.551125035","35444374.31783855","31324062.74075674","22658388.632151004",
"2021-04-03 00:00","43466163.01060554","35550469.263462275","31428736.545854226","23167833.01438153",
"2021-04-04 00:00","43611671.26400854","35703557.25834756","31641594.690303132","23400490.093597475",
"2021-04-05 00:00","43503155.71173557","35670948.92120237","31648599.798564076","23409218.504196562",
"2021-04-06 00:00","43245091.12459431","35445207.242463134","31471256.04126671","23264316.70461376",
"2021-04-07 00:00","43259018.915556245","35439448.67498313","31465052.148992945","23313872.461663064",
"2021-04-08 00:00","43173821.55561329","35347111.09748741","31332256.100199774","23192774.03428591",
"2021-04-09 00:00","43155664.36547603","35381231.91089375","31350201.181543536","23179832.62278116",
"2021-04-10 00:00","43199057.19025052","35417647.268925086","31385393.81915898","23128212.41819275",
"2021-04-11 00:00","43236876.846994415","35443888.11214631","31380970.991443224","23122340.505307388",
"2021-04-12 00:00","43308275.87923888","35525142.74887214","31454058.88205189","23153597.498720124",
"2021-04-13 00:00","43318607.07355978","35500740.751929715","31433132.27663623","23104131.840068232",
"2021-04-14 00:00","43393311.54934138","35514650.60246817","31451729.368537363","23033685.73641474",
"2021-04-15 00:00","43341821.32639081","35469721.07092367","31404107.777429145","22967346.546531722",
"2021-04-16 00:00","43394263.57565309","35568886.349004515","31523478.246897273","23165495.084526148",
"2021-04-17 00:00","43475954.464006804","35643167.68376503","31579547.458226256","23197277.777403664",
"2021-04-18 00:00","43423305.933637135","35571324.763866045","31477027.940233946","22536590.93490261",
"2021-04-19 00:00","43600989.011581115","35809755.11472125","31759951.554191373","22682092.390624333",
"2021-04-20 00:00","43670766.10983006","35882587.50691104","31838756.84968964","22717779.492733914",
"2021-04-21 00:00","43637705.3715658","35855636.16927136","31793091.674477126","22614499.52599659",
"2021-04-22 00:00","43555454.62119678","35756764.24314134","31684711.94188617","22576567.807848852",
"2021-04-23 00:00","43596482.13197244","35772102.94744798","31675559.780152857","22464623.863684118",
"2021-04-24 00:00","43485117.65511814","35652827.30294934","31537385.619703256","22350020.686534874",
"2021-04-25 00:00","43579422.089941844","35754469.904177114","31614592.64721755","22342382.152782697",
"2021-04-26 00:00","43634978.28302847","35823614.03731644","31674690.227259267","22349655.489445396",
"2021-04-27 00:00","43765095.41785429","35951693.369451515","31780558.19709734","22506653.000912093",
"2021-04-28 00:00","43841105.42985934","36015279.4805164","31896151.73952612","22628328.754824128",
"2021-04-29 00:00","43801952.78339033","35970869.27156809","31856625.71671264","22617313.848305978",
"2021-04-30 00:00","43543517.62209105","35623344.15189162","31432316.50352891","22075312.94334356",
"2021-05-01 00:00","43549704.19943905","35640731.50393497","31501132.08975941","22147238.37635147",
"2021-05-02 00:00","43554964.33103542","35651997.87428287","31502287.13336436","22120484.79392311",
"2021-05-03 00:00","43559167.51334725","35657935.5880124","31520887.02475365","22124051.45969298",
"2021-05-04 00:00","43466122.04306357","35559319.32955814","31438803.18434242","22064147.39073463",
"2021-05-05 00:00","43536845.10970647","35616113.413226746","31507789.27714945","22271351.56048416",
"2021-05-06 00:00","43549301.84465115","35653513.04069576","31546639.962959807","22273651.94926922",
"2021-05-07 00:00","43653941.26994409","35745206.84845253","31594208.77721013","22327098.07108667",
"2021-05-08 00:00","43629528.96540334","35785379.255826786","31637680.80460457","22337013.81786919",
"2021-05-09 00:00","43532235.82607553","35693719.22400826","31574894.47732939","22208949.17631562",
"2021-05-10 00:00","43599684.10578321","35761838.8037911","31633594.73392839","22129401.43607722",
"2021-05-11 00:00","43265470.90279556","35357187.96624299","31139912.96698033","21940125.76333964",
"2021-05-12 00:00","43269392.49044005","35413273.83680676","31273178.65569989","22136628.82574397",
"2021-05-13 00:00","43271793.38245163","35414398.38672716","31291090.42020577","22244428.426039778",
"2021-05-14 00:00","43305346.10745222","35458879.08801418","31375190.17230126","22272352.17798626",
"2021-05-15 00:00","43247683.80981564","35479837.49242454","31434292.78521173","22295917.44829405",
"2021-05-16 00:00","43300569.79074408","35538134.23586303","31480790.17032633","22292393.20112466",
"2021-05-17 00:00","43311306.84127965","35466934.80606668","31388282.89785163","22185886.89442479",
"2021-05-18 00:00","43430729.90464255","35645541.33387087","31578175.70749215","22306113.65601172",
"2021-05-19 00:00","43199004.99207328","35332513.17973994","31089579.26046785","22058580.0620506",
"2021-05-20 00:00","43138556.29237105","35276948.37805458","31034912.28100289","21954082.43995395",
"2021-05-21 00:00","42944662.410088986","35049098.91524236","30792478.06036767","21772054.58360081",
"2021-05-22 00:00","43132464.59053975","35222744.34282162","30968630.5176043","21800452.3647017",
"2021-05-23 00:00","43340642.06745483","35411134.70442324","31137116.35087786","21734537.13219482",
"2021-05-24 00:00","43246106.42598079","35361231.92346641","31045623.22475509","21490541.94741127",
"2021-05-25 00:00","43320805.64277962","35390330.91266803","31027449.76039547","21587546.41577233",
"2021-05-26 00:00","43275282.51781846","35322984.98478935","30992889.92365472","21628806.45165477",
"2021-05-27 00:00","43578994.71481417","35740288.0790178","31450609.68827271","21902317.11419052",
"2021-05-28 00:00","43488174.39374933","35659200.02127059","31406181.92520398","21985680.497835808",
"2021-05-29 00:00","43485276.95319956","35668264.08663063","31446463.024650708","22075258.47872974",
"2021-05-30 00:00","43318734.18863156","35507740.05865098","31357959.16209333","22018409.02691775",
"2021-05-31 00:00","43341131.81853713","35560169.5800427","31412624.5022174","22058125.09995734",
"2021-06-01 00:00","43560932.52830281","35783642.73425234","31648252.45031177","22118906.235656068",
"2021-06-02 00:00","43628593.76438694","35857482.53249871","31715049.92363891","22218032.20019092",
"2021-06-03 00:00","43721069.90158868","35913515.37783546","31772660.69870886","22335914.50844711",
"2021-06-04 00:00","44123526.24308425","36362024.14012555","32282605.11916248","22397903.58764421",
"2021-06-05 00:00","44210888.86638693","36451624.78525675","32357431.18864218","22416098.17538024",
"2021-06-06 00:00","44213410.40037036","36448776.76163917","32356488.47184429","22467229.89056755",
"2021-06-07 00:00","44094004.78270773","36327665.23179902","32222935.23457807","22461069.850013122",
"2021-06-08 00:00","44076235.01091736","36302794.18952932","32190853.02521628","22566664.17061508",
"2021-06-09 00:00","43982408.0848057","36291061.90296181","32235742.77351249","22641706.819789708",
"2021-06-10 00:00","44184703.11877534","36494653.15497194","32399093.74895234","22783421.59380466",
"2021-06-11 00:00","44107621.14189722","36413255.24036409","32324872.47436794","22676816.76357283",
"2021-06-12 00:00","44091902.599364236","36379063.05997615","32288995.17743718","22629496.05845466",
"2021-06-13 00:00","44110309.14327671","36394888.106481716","32305174.890773818","22681568.021963928",
"2021-06-14 00:00","44257391.19880499","36518036.63561653","32389220.13846825","22679649.68512834",
"2021-06-15 00:00","44230809.6028034","36481752.663421236","32346812.525241908","22674164.687734768",
"2021-06-16 00:00","44285868.96299622","36538054.38237568","32409209.03933704","22778316.94519182",
"2021-06-17 00:00","44105767.12939251","36336118.95392617","32225461.06544938","22906426.53909783",
"2021-06-18 00:00","44102933.45661169","36333885.28114535","32242986.02861218","22998559.71883996",
"2021-06-19 00:00","44191077.795998156","36437781.77435861","32313885.55917902","23005306.74240239",
"2021-06-20 00:00","44175513.34868445","36435337.62382275","32310884.36305969","23047750.39463604",
"2021-06-21 00:00","44169414.74049863","36435110.43382384","32297241.48709253","23059611.98472627",
"2021-06-22 00:00","44020328.09442908","36251853.0479855","32029973.1053086","22878780.933791548",
"2021-06-23 00:00","44278501.81117809","36499837.38607923","32273589.14718918","22986956.10662226",
"2021-06-24 00:00","44633037.39778543","36851589.22231909","32650360.39283054","23360481.239962738",
"2021-06-25 00:00","44686388.38494743","36885038.92095528","32689575.92429901","23461406.8098177",
"2021-06-26 00:00","44757035.00718738","36950758.10951968","32739859.11278929","23564653.30176326",
"2021-06-27 00:00","44757829.15306296","36991717.93835125","32831555.428531222","23571525.76547283",
"2021-06-28 00:00","44719105.10086599","36948809.85852901","32806894.02964401","23570056.65191577",
"2021-06-29 00:00","44754833.98885672","36973075.437491","32847348.390098132","23580791.31311338",
"2021-06-30 00:00","44851800.69255844","37090714.97486736","32964848.92976285","23665591.40273675",
"2021-07-01 00:00","44697431.05013144","36898074.93743018","32714904.10895751","23697635.430724",
"2021-07-02 00:00","44563181.38376871","36721803.47590842","32464430.43996374","23253388.45056989",
"2021-07-03 00:00","44529469.624931596","36705397.30378496","32448024.26784028","23243454.55144935",
"2021-07-04 00:00","44519560.09248541","36690175.42320446","32440172.47257158","23235233.62300778",
"2021-07-05 00:00","44555289.78677048","36724785.85570497","32476576.5306963","23289385.60377741",
"2021-07-06 00:00","44598146.02415041","36770578.62554921","32546357.30793254","23355407.896185968",
"2021-07-07 00:00","44737368.34777196","36919132.6131134","32750261.41355313","23628960.139634218",
"2021-07-08 00:00","44550432.9041007","36706447.55517145","32484710.47340758","23791557.47419611",
"2021-07-09 00:00","44439741.64709687","36632829.36029069","32471135.69845987","23867962.67480148",
"2021-07-10 00:00","44522337.16856794","36740785.44615297","32625880.96946834","23970364.50921439",
"2021-07-11 00:00","44498053.53032299","36707477.2952212","32585364.22080972","23948691.575595528",
"2021-07-12 00:00","44507479.21503229","36717390.15437575","32571269.74729345","24004259.724477522",
"2021-07-13 00:00","44496403.32993526","36739647.27187515","32646799.794585038","24174053.49589209",
"2021-07-14 00:00","44460277.04707707","36709638.92540637","32612471.34484738","24205399.04524145",
"2021-07-15 00:00","44500842.57115545","36746106.25079827","32686592.2531727","24316935.83789134",
"2021-07-16 00:00","44618577.63607822","36866613.07676159","32776201.37191356","24326476.99612743",
"2021-07-17 00:00","44611805.90592592","36848430.13828598","32747381.342322562","24479058.80375764",
"2021-07-18 00:00","44677486.50864326","36912356.60330352","32808620.64419861","24465229.99240096",
"2021-07-19 00:00","44625550.13088497","36873250.13434643","32750221.85081697","24384855.15424235",
"2021-07-20 00:00","44453291.01974816","36684220.00433234","32555362.22545988","24190980.83257999",
"2021-07-21 00:00","44518748.32277927","36694821.9862481","32538051.14196283","24131543.61863458",
"2021-07-22 00:00","44504821.57337973","36690131.87996262","32481911.80913159","23971526.91741966",
"2021-07-23 00:00","44606708.22055306","36784101.35338869","32583855.22628839","23982779.82254594",
"2021-07-24 00:00","44598651.51176094","36780672.6223048","32589036.80867501","23993110.157458838",
"2021-07-25 00:00","44641168.37374018","36824902.73116029","32619093.74551632","24033901.245169308",
"2021-07-26 00:00","44657965.9714106","36840553.76842426","32661078.362053","24026241.51818303",
"2021-07-27 00:00","44729490.78283831","36943867.6540661","32779047.09924737","24083176.18236308",
"2021-07-28 00:00","44753045.22406838","36969463.60327414","32815935.47656358","24128182.37632513",
"2021-07-29 00:00","44810729.1582808","37031863.27526791","32882235.74364091","24121541.50635",
"2021-07-31 00:00","44630180.004841916","36809144.28040036","32575664.95054121","23955803.42167189",
"2021-08-01 00:00","44649250.28423957","36827288.87807482","32585357.65696389","23906513.20483423",
"2021-08-02 00:00","44663003.25182745","36832608.88944698","32587828.03075837","23888388.08017974",
"2021-08-03 00:00","44726293.61290177","36877624.74906654","32632009.63705996","23901847.63888104",
"2021-08-04 00:00","44666493.52611209","36839992.036579","32616554.75045668","23899297.08956341",
"2021-08-05 00:00","44589037.2642574","36791429.316508226","32573546.20077611","23867286.61251304",
"2021-08-06 00:00","44529889.63564973","36725508.86814405","32492732.85393385","23810486.12839216",
"2021-08-07 00:00","44453194.88217815","36675687.17288093","32442211.25625731","23734160.44779059",
"2021-08-09 00:00","44408880.97916127","36629929.6869751","32413590.04853663","23752635.8585649",
"2021-08-10 00:00","44463681.57496192","36711773.15722872","32538130.62774392","23765181.188028928",
"2021-08-11 00:00","44457640.2532898","36707473.34920635","32534200.82487796","23758120.37192158",
"2021-08-12 00:00","44466784.72397416","36714680.2516597","32541180.60442257","23796164.70006237",
"2021-08-13 00:00","44477202.401234746","36732579.64538098","32537621.07144207","23807368.09116764",
"2021-08-14 00:00","44525622.65850105","36782264.14295422","32621975.57212647","23842719.72416126",
"2021-08-15 00:00","44473139.570994","36691483.37117148","32463992.59578172","23963748.2989221",
"2021-08-16 00:00","44425064.84476507","36648539.34942257","32444259.55719389","23984948.55662692",
"2021-08-17 00:00","44448571.63118366","36686527.75135618","32519373.96333402","24091569.283423528",
"2021-08-18 00:00","44497370.86581799","36706576.18654535","32548404.44814301","24159185.91569522",
"2021-08-19 00:00","44561837.40634782","36796078.38441364","32641458.502492808","24276931.58230641",
"2021-08-20 00:00","44564160.34797876","36810523.63597978","32643997.72403953","24298595.70127336",
"2021-08-21 00:00","44721992.50910819","36968500.51449435","32798058.5838239","24432543.01065396",
"2021-08-22 00:00","44836026.299200326","37082534.30458649","32911805.45595949","24512998.93988444",
"2021-08-23 00:00","44874043.09562343","37120551.10546961","32952322.26748366","24563157.63522923",
"2021-08-24 00:00","44925347.08639898","37205655.81129781","33082865.27721491","24664782.07588663",
"2021-08-25 00:00","44992268.0326485","37256179.324035786","33171947.40843996","24744441.13256378",
"2021-08-28 00:00","45176552.05533284","37435359.61423479","33354003.74798248","24916797.06280445",
"2021-08-29 00:00","45072903.21529448","37288061.13976981","33185025.513445638","24921961.02329907",
"2021-08-30 00:00","45261473.56275758","37497603.09135884","33413847.21510653","25147815.23956503",
"2021-08-31 00:00","45266232.8120884","37485861.17189463","33392121.46165556","25065125.3483984",
"2021-09-01 00:00","45271400.26216284","37492927.03668727","33388279.35870492","25038628.073358208",
"2021-09-02 00:00","45328528.03200703","37547262.28737902","33457152.21204523","25105612.46052657",
"2021-09-03 00:00","45303273.82793167","37551735.21935284","33455140.45327655","25056370.32661508",
"2021-09-04 00:00","45359307.05949699","37568947.88788401","33466609.41833353","25115132.26468195",
"2021-09-05 00:00","45441583.12091492","37641775.80378421","33532834.16444228","25176068.99656932",
"2021-09-06 00:00","45458034.43136929","37653149.64251642","33536131.12248009","25189008.31929847",
"2021-09-07 00:00","45466837.07773043","37714008.63539073","33612658.75672135","25238233.50275352",
"2021-09-08 00:00","45239575.12788781","37454458.28537913","33352203.56259255","25065981.64441705",
"2021-09-09 00:00","45164791.62568547","37376599.60556554","33215188.04754198","25061855.43354245",
"2021-09-10 00:00","45190234.77176371","37400259.76273422","33268288.799972348","25110836.17501686",
"2021-09-11 00:00","45191040.40056598","37435149.74616471","33362823.560050018","25253824.2219283",
"2021-09-12 00:00","45409310.00807201","37615962.07133624","33486304.06650589","25146317.30570503",
"2021-09-13 00:00","45450016.92000077","37656542.32362509","33529284.31879474","25138927.31774848",
"2021-09-14 00:00","45425921.37823031","37632235.07853771","33507519.7133096","25153066.63833473",
"2021-09-15 00:00","45545595.51324841","37814726.91964929","33814812.76678774","25630470.82297394",
"2021-09-16 00:00","45576434.0926612","37848755.12339513","33847741.07355284","25631911.05180616",
"2021-09-17 00:00","45586395.77917328","37881292.63377326","33885142.35330948","25668585.31365915",
"2021-09-18 00:00","45734818.77851233","38015793.29988381","34014252.1149918","25698671.79725629",
"2021-09-19 00:00","45706603.82208837","38013696.42123727","34027996.14077349","25798022.67335359",
"2021-09-20 00:00","45790435.74612444","38065408.54549726","34019460.98791573","25860306.185742408",
"2021-09-21 00:00","45878204.07436602","38149351.32891358","34106670.02519461","25891701.92359848",
"2021-09-22 00:00","45974770.18523609","38223229.55339999","34168124.31611734","25963435.2417234",
"2021-09-23 00:00","45821410.52678301","38063402.62445955","33992447.997215","25975844.12934739",
"2021-09-24 00:00","45703867.0115241","37901882.92289409","33823808.25870316","26095499.99326032",
"2021-09-25 00:00","45729060.78681302","37992570.7351923","33941497.4459278","26240756.17326293",
"2021-09-26 00:00","45063307.68285569","37369414.6663997","33386064.44539464","26121476.517528452",
"2021-09-27 00:00","45041473.44497578","37343085.70576813","33357927.93037266","26113682.5295837",
"2021-09-28 00:00","45122656.05244591","37406304.92182225","33404600.49792374","26142459.3940263",
"2021-09-29 00:00","45143035.81514489","37432351.90524297","33400398.41939463","26187563.22428877",
"2021-09-30 00:00","45093423.39133922","37391814.99860405","33358938.80165033","26142237.32927886",
"2021-10-01 00:00","45104102.24198648","37365057.78356401","33319182.20494297","26093812.08814635",
"2021-10-02 00:00","45139374.57620534","37399882.09285949","33360810.95413195","26115378.15340465",
"2021-10-03 00:00","45012343.09135296","37309823.18257827","33303694.8825621","26012159.41405885",
"2021-10-04 00:00","45037281.93219509","37343954.17654929","33336898.88076114","26023155.36261698",
"2021-10-05 00:00","45176686.184390426","37439604.323512","33416561.65515208","26105537.387602158",
"2021-10-06 00:00","45166330.77196337","37425774.85619843","33416563.17725973","26107492.55219442",
"2021-10-09 00:00","45254833.77355964","37518617.99699974","33503110.01581885","26123822.76134506",
"2021-10-10 00:00","45320506.3798111","37571053.01981863","33557224.03791673","26170946.821207188",
"2021-10-11 00:00","45426886.69518661","37672643.19905071","33656610.11559182","26262468.64573115",
"2021-10-12 00:00","45480493.4315176","37729102.26161358","33704575.83731219","26322447.48627761",
"2021-10-13 00:00","45484162.16297292","37736857.53444172","33714251.92677053","26380353.57238961",
"2021-10-14 00:00","45516094.4458504","37777525.37501739","33746906.94892704","26338787.30061959",
"2021-10-15 00:00","45548516.1819276","37930190.03441537","33921509.723774366","26487259.43119515",
"2021-10-16 00:00","45623785.20310095","38003959.05558872","33987444.86590253","26570773.56137692",
"2021-10-17 00:00","45688236.48696696","38036082.13019002","33984544.29213104","26602755.34765595",
"2021-10-18 00:00","45693564.46804852","38039506.74419917","33993743.36214761","26621289.79826701",
"2021-10-19 00:00","45766756.23877157","38105411.451815486","34059559.82245763","26660407.91332848",
"2021-10-20 00:00","45798618.73871066","38137273.95175458","34099790.60186229","26661206.48469285",
"2021-10-21 00:00","45831887.89505091","38166679.52115262","34113227.85195689","26628814.12361916",
"2021-10-22 00:00","46000197.79931359","38365556.884851396","34361481.0182116","27159914.04473319",
"2021-10-23 00:00","46089571.08685296","38453775.65012931","34471275.75219966","27273040.907168508",
"2021-10-24 00:00","46094513.40831435","38481650.6761269","34514345.93806056","27295344.42497247",
"2021-10-25 00:00","46164466.618477106","38545437.23300748","34581671.03310709","27365073.30625676",
"2021-10-26 00:00","46197342.41963743","38594691.12306354","34621509.53164979","27383729.89020984",
"2021-10-27 00:00","46252850.4510094","38664913.05281397","34691684.55733015","27460424.18953815",
"2021-10-28 00:00","46299484.28199408","38711642.88925764","34732858.93024966","27488071.89433198",
"2021-10-29 00:00","46126064.98511118","38486133.93309036","34469576.980315655","26953819.66446865",
"2021-10-30 00:00","46041936.32710717","38420958.73379484","34400991.83280038","26880430.884396948",
"2021-10-31 00:00","45994338.74346355","38338062.33810349","34258538.32938824","26613760.25772756",
