时间,小额成交,中额成交,大额成交,超大额成交,卖出开空,买入开多
"1588-01-01 00:00","199999996000","114816967000","32588793900","9247803910","176003913110","180649647700",
"1588-11-04 00:00","199999996000","70604230000","15894668800","6068258269","139356275969","153210877100",
"1589-06-29 00:00","7524901640","2488766470","521687680","117287056","5362480094","5290162752",
"1590-02-24 00:00","3819780860","923680512","170470584","25251156","2548637893","2390545219",
"1590-12-27 00:00","2191269760","462059936","79348720","16656067","1398554971","1350779512",
"1591-08-21 00:00","3359014010","860369856","155235304","62140150","2303257326","2133501994",
"1592-04-16 00:00","2919978500","719513120","155457104","33001417","1938487219","1889462922",
"1593-02-18 00:00","3096067580","794940768","184178352","33497976","2102065604","2006619072",
"1593-10-14 00:00","199999996000","109078188000","18772719600","5469904900","167806478440","165514330060",
"1594-06-08 00:00","199999996000","60273743900","11081577000","1783239870","141252490020","131886066750",
"1595-04-13 00:00","15471573000","4227554040","808497344","101512540","10272720968","10336415956",
"1595-12-06 00:00","199999996000","199999996000","43673540600","8979659290","235742159000","216911032890",
"1589-03-31 00:00","199999996000","130192085000","24007791600","10233718800","190578209100","173855382300",
"1591-07-31 00:00","2579342720","617068768","90562000","6324969","1594507709","1698790748",
"1592-03-27 00:00","4329987840","1238798590","202031024","31088399","2826758609","2975147244",
"1592-11-20 00:00","3737440770","1076319652","164283832","15574561","2536624341","2456994474",
"1593-09-22 00:00","2690908420","740265984","166453088","14916754","1760009708","1852534538",
"1594-05-18 00:00","2188225790","527649712","116861764","13761183.2","1340315130.2","1506183319",
"1595-01-12 00:00","2697800320","764436864","166358632","35200265","1841524935","1822271146",
"1595-11-15 00:00","2794990980","858219648","146961336","25125613","1889937659","1935359918",
"1596-07-10 00:00","2203181310","620899232","137393224","25438023.5","1500117571.5","1486794218",
"1597-03-04 00:00","2994743160","782308640","141161920","30627486","2004662404","1944178802",
"1590-09-06 00:00","2550433020","634440992","122677736","31348546","1595370580","1743529714",
"1591-05-02 00:00","1587107710","386326144","66960406","12096601.5","994918899.5","1057571962",
"1592-03-05 00:00","1593151740","404048144","75407412","15096246","1030909992","1056793550",
"1592-10-30 00:00","2651953150","694349024","124390284","31637500","1733907908","1768422050",
"1593-06-24 00:00","2108079490","502852960","92000956","11877809","1340462432","1374348783",
"1594-04-29 00:00","1832071930","469953440","82262280","13848946","1118796846","1279339750",
"1594-12-22 00:00","1191719040","298857520","51164718","13916031","751768770","803888539",
"1595-08-16 00:00","1004538464","279474896","61621526","10829702","693298017","663166571",
"1596-06-19 00:00","1542693960","352526944","82513772","2288924.5","962572235.5","1017451365",
"1597-02-13 00:00","1906213440","457778336","88952048","6068471","1236130264","1222882031",
"1597-10-08 00:00","1917899780","350547200","49695884","9591308","1141413656","1186320516",
"1591-04-13 00:00","5752785660","979103680","0","0","3331614364","3400274976",
"1591-12-06 00:00","2001018690","275408528","0","0","1139547780","1136879438",
"1592-07-31 00:00","2024896320","266380952","0","0","1096578296","1194698976",
"1593-06-03 00:00","2454055800","284238552","0","0","1398633276","1339661076",
"1594-01-28 00:00","1339626050","180647896","0","0","751734746","768539200",
"1594-12-01 00:00","1639821060","238152816","0","0","963605392","914368484",
"1595-07-26 00:00","1895202950","303759440","0","0","1058681428","1140280962",
"1596-03-20 00:00","1817273160","298850112","0","0","1041530996","1074592276",
"1597-01-23 00:00","1230852680","168167272","0","0","702487196","696532756",
"1597-09-17 00:00","2830734080","521561056","0","0","1791602018","1560693118",
"1598-05-12 00:00","2705352450","452667808","0","0","1600076884","1557943374",
"1599-03-17 00:00","1175081730","180854616","0","0","660469584","695466762",
"1592-07-10 00:00","1020478368","161760208","0","0","586355128","595883448",
"1593-03-04 00:00","2960167170","446899520","0","0","1690072910","1716993780",
"1594-01-07 00:00","2483037690","392801760","0","0","1362070524","1513768926",
"1594-09-01 00:00","1526963460","191345688","0","0","854404490","863904658",
"1595-07-05 00:00","1554671870","246329256","0","0","878920476","922080650",
"1596-02-29 00:00","1811701190","263612152","0","0","1020767108","1054546234",
"1596-10-24 00:00","1461581180","213870768","0","0","831902926","843549022",
"1597-08-27 00:00","963513984","148228512","0","0","505122872","606619624",
"1598-04-21 00:00","1344680960","234944208","0","0","723856990","855768178",
"1598-12-16 00:00","2150573950","346123312","0","0","1255695244","1241002018",
"1599-10-19 00:00","2170601670","377342776","0","0","1405041426","1142903020",
"1593-02-13 00:00","2286624380","337191600","0","0","1319547966","1304268014",
"1593-10-08 00:00","2128471040","273329080","0","0","1182825598","1218974522",
"1594-08-11 00:00","1052526306","128927332","0","0","569412568","612041070",
"1595-04-05 00:00","2060731970","303744592","0","0","1156956452","1207520110",
"1595-11-30 00:00","1259595330","200187056","0","0","726126668","733655718",
"1596-10-03 00:00","1308313280","194597600","0","0","735467418","767443462",
"1597-05-28 00:00","1196676990","174923472","0","0","693622976","677977486",
"1598-04-02 00:00","1482117760","231872984","0","0","912648150","801342594",
"1598-11-25 00:00","968336832","139752464","0","0","584853128","523236168",
"1599-07-20 00:00","580649440","62660454","0","0","337606700","305703194",
"1600-05-23 00:00","1122606080","184015632","0","0","692239080","614382632",
"1601-01-17 00:00","1440604740","258967168","0","0","782572098","916999810",
"1594-05-12 00:00","1281783170","189717696","0","0","677978866","793522000",
"1595-03-17 00:00","1348145280","186228424","0","0","689102026","845271678",
"1595-11-09 00:00","1462149950","249924952","0","0","914759484","797315418",
"1596-07-04 00:00","1143839998","214900200","0","0","731688366","627051832",
"1597-05-07 00:00","731327008","130300456","0","0","450648336","410979128",
"1598-01-01 00:00","778668160","154372824","0","0","477410800","455630184",
"1598-11-04 00:00","993715744","182737136","0","0","605083496","571369384",
"1599-06-29 00:00","1167884670","219680768","0","0","755017024","632548414",
"1600-02-24 00:00","727269408","142526008","0","0","447216808","422578608",
"1600-12-27 00:00","1244034050","225498352","0","0","806053968","663478434",
"1601-08-21 00:00","710137952","137749680","0","0","440382800","407504832",
"1594-12-16 00:00","473896752","94189636","0","0","279236300","288850088",
"1595-10-19 00:00","448930736","83682868","0","0","277907084","254706520",
"1596-06-13 00:00","631291872","142279668","0","0","389595404","383976136",
"1597-02-08 00:00","1347708360","288620256","0","0","787594372","848734244",
"1597-12-11 00:00","713593152","108874860","0","0","441774168","380693844",
"1598-08-05 00:00","1246158460","276234640","0","0","741670764","780722336",
"1599-03-31 00:00","1225618370","240587968","0","0","752503070","713703268",
"1600-02-02 00:00","922901088","145474940","0","0","551701844","516674184",
"1600-09-28 00:00","2335584260","504447296","0","0","1371729600","1468301956",
"1601-07-31 00:00","3395074050","601996928","0","0","1987093794","2009977184",
"1602-03-28 00:00","7061168640","1427976250","0","0","4227186300","4261958590",
"1602-11-20 00:00","3145070980","608181376","0","0","1907846882","1845405474",
"1596-05-23 00:00","2735059580","514000144","0","0","1670481888","1578577836",
"1597-01-17 00:00","2347559810","507925680","0","0","1425176656","1430308834",
"1597-09-12 00:00","3570169600","701099328","0","0","2159499140","2111769788",
"1598-07-15 00:00","4787597570","1096042912","0","0","3104257600","2779382882",
"1599-03-12 00:00","2117095550","323475536","0","0","1278880208","1161690878",
"1599-11-04 00:00","2385702780","496854976","0","0","1560805504","1321752252",
"1600-09-06 00:00","1587252480","970122336","0","0","1302434050","1254940766",
"1601-05-02 00:00","1264398850","1533833030","0","0","1489495810","1308736070",
"1602-03-06 00:00","1267211200","1553257850","7061639","0","1534130949","1293399740",
"1602-10-30 00:00","1196563840","1267635200","6473653.8","3050001.2","1295775810","1177946885",
"1603-06-24 00:00","785691488","889661440","0","0","904274752","771078176",
"1604-04-28 00:00","1409963200","1813748600","10639264.5","0","1672320330","1562030734.5",
"1597-08-21 00:00","1301179400","1407898690","4331116.7","0","1479503813.2","1233905393.5",
"1598-04-16 00:00","1892131650","1817729090","2238641.2","0","1924522871.2","1787576510",
"1599-02-18 00:00","1303068280","1167038210","3834573.6","0","1308827967.6","1165113096",
"1599-10-14 00:00","1088036158","1018667424","0","0","1092708862","1013994720",
"1600-06-08 00:00","1133214684","1261240710","0","0","1256623870","1137831524",
"1601-04-13 00:00","1141424384","1282302530","3999852.8","0","1285948912.8","1141777854",
"1601-12-06 00:00","1449452040","1767237760","4651684.6","0","1648643059.8","1572698424.8",
"1602-07-31 00:00","1864704510","2142900550","8913482","0","2170712592","1845805950",
"1603-06-03 00:00","1520246980","1752124160","4538418","0","1727231478","1549678080",
"1604-01-28 00:00","1123733888","1252984700","2076330.4","0","1243616550.4","1135178368",
"1604-12-01 00:00","739879680","781197472","0","0","826608928","694468224",
"1598-03-28 00:00","1098619588","1157979968","5975819.5","0","1238155279.5","1024420096",
"1598-11-20 00:00","515138432","571009984","0","0","581005504","505142912",
"1599-09-22 00:00","589765376","689008064","1762175.5","0","667650815.5","612884800",
"1600-05-18 00:00","900378880","1225520130","1803947.4","0","1180800843.4","946902114",
"1601-01-12 00:00","1201454660","1536628480","4892776.5","0","1429258320.5","1313717596",
"1601-11-15 00:00","1004212544","1336295360","2101820.5","0","1204162012","1138447712.5",
"1602-07-10 00:00","944687648","1155494340","8989292","0","1073282653","1035888627",
"1603-03-04 00:00","478800320","586784864","0","0","560566192","505018992",
"1604-01-07 00:00","492375600","641595488","0","0","571763888","562207200",
"1604-09-01 00:00","638397600","892806176","0","0","788627616","742576160",
"1605-07-05 00:00","880037344","1355593790","0","0","1127049602","1108581532",
"1606-03-01 00:00","1262770750","1864762050","8694254","0","1711351534","1424875520",
"1599-06-24 00:00","1387663040","2272697800","10335325","14039098","2000301812","1684433451",
"1600-04-28 00:00","2037683000","2890399360","6845102","3772914","2559381444","2379318932",
"1600-12-22 00:00","1520654340","1822459900","3734410.5","0","1742394180","1604454470.5",
"1601-08-16 00:00","1497077000","1647228100","2040960","0","1745353220","1400992840",
"1602-06-19 00:00","1082213120","1357051010","0","0","1311301570","1127962560",
"1603-02-13 00:00","1159064800","1616288700","2198310","0","1460522300","1317029510",
"1603-10-08 00:00","877079456","1325064380","2420735.8","0","1146957184","1057607387.8",
"1604-08-11 00:00","664708192","1162169150","1844425","0","956177442","872544325",
"1605-04-05 00:00","561422320","1053715516","0","2952873","876186300","741904409",
"1605-11-30 00:00","325998960","602042240","0","0","496286944","431754256",
"1606-10-03 00:00","513157856","1050178336","0","0","764048016","799288176",
"1600-01-28 00:00","682035712","1361212290","7550627","3189300","930622462","1123365467",
"1600-12-01 00:00","860791840","1703552450","6606064","0","1199519394","1371430960",
"1601-07-26 00:00","820828864","1734860090","8334907.5","0","1176332233.5","1387691628",
"1602-03-20 00:00","856617696","1610030330","0","0","1202037244","1264610782",
"1603-01-23 00:00","519215664","954402528","2084802.9","0","702373040","773329954.9",
"1603-09-17 00:00","519907744","988031808","0","0","705111328","802828224",
"1604-05-12 00:00","501200144","906226496","2671901.8","0","715922717.8","694175824",
"1605-03-17 00:00","1086116964","2252957820","2670843","3388247.5","1703172974.5","1641960900",
"1605-11-09 00:00","715671744","1426539840","0","0","1019575100","1122636484",
"1606-07-04 00:00","513087568","1010943136","2480814","0","729051120","797460398",
"1607-05-07 00:00","862254336","1607492290","6274176.5","0","1166041604.5","1309979198",
"1608-01-01 00:00","846050624","1592516670","5902103.5","6795490","1131352032","1319912855.5",
"1601-07-05 00:00","474900464","878953984","4653472.8","0","627778041","730729879.8",
"1602-03-01 00:00","440193184","848146720","0","0","617167984","671171920",
"1602-10-24 00:00","592912832","1149377660","8433707.8","3571025","809370073.8","944925151",
"1603-08-27 00:00","536387008","983716096","4035060.9","3148466","746949941.1","780336689.8",
"1604-04-21 00:00","557541408","1049608708","0","0","771177824","835972292",
"1604-12-16 00:00","623207744","1114232318","0","0","820263456","917176606",
"1605-10-19 00:00","1150265600","2188866050","2025927.8","0","1667397257.8","1673760320",
"1606-06-13 00:00","356885360","649442784","0","0","470964960","535363184",
"1607-02-08 00:00","294550512","533735072","0","0","376613808","451671776",
"1607-12-11 00:00","497072416","880119136","2702007.2","0","637996656","741896903.2",
"1608-08-05 00:00","519055456","1004675136","0","0","745684544","778046048",
"1601-11-30 00:00","559858560","1130792320","2060200.4","0","847368198.4","845342882",
"1602-10-03 00:00","607295008","1398421380","1816375.1","2976719","946510564","1063998918.1",
"1603-05-28 00:00","571347136","1251126780","4086255.5","0","874565536","951994635.5",
"1604-04-01 00:00","737634304","1479953660","2275026.8","4442707","1109870190.8","1114435507",
"1604-11-25 00:00","477511968","971051168","0","0","752626256","695936880",
"1605-07-20 00:00","751714720","1764273280","22821215","0","1310308509","1228500706",
"1606-05-23 00:00","909879232","1866149440","6565891.9","0","1454317436.9","1328277127",
"1607-01-17 00:00","695228064","1438216130","2029028","0","1140313762","995159460",
"1607-09-12 00:00","679273152","1311011200","1804243.8","0","942969252","1049119343.8",
"1608-07-15 00:00","1026520640","2043646140","8503754.5","0","1552863609.5","1525806925",
"1609-03-12 00:00","395402848","814390944","2253900","0","630828380","581219312",
"1609-11-04 00:00","337366656","630213792","1954438.8","0","439890160","529644726.8",
"1603-05-07 00:00","743483168","1422113020","5638954.5","0","978797920","1192437222.5",
"1604-01-01 00:00","1169209470","2209300350","6753825.8","3025837","1657104047.8","1731185435",
"1604-11-04 00:00","1951472190","3474966020","29378146","13159432","2598003836","2870971952",
"1605-06-29 00:00","1970316090","3543950470","7313732.3","0","2842673454.8","2678906837.5",
"1606-02-24 00:00","1247455240","2524413310","2502580.2","0","1989146240","1785224890.2",
"1606-12-27 00:00","866247136","1861322370","0","9887309","1410318417","1327138398",
"1607-08-21 00:00","919324064","1893743420","6104726","0","1457419310.5","1361752899.5",
"1608-04-16 00:00","966032384","2053102530","0","0","1499034048","1520100866",
"1609-02-18 00:00","1498870210","3280420730","23746996","7040749.5","2341482443.5","2468596242",
"1609-10-14 00:00","2274523910","5082028030","15693328.5","3566644","3772635625","3603176287.5",
"1610-06-08 00:00","1372000770","2932142590","2190525.8","3142542","2077913742","2231562685.8",
"1611-04-13 00:00","1612656960","3654342790","8893849","3588208","2579908081","2699573726",
"1604-08-05 00:00","1635963130","3410171520","26245724","0","2489042110","2583338264",
"1605-03-31 00:00","920001792","1906808130","2541318.2","0","1419902814","1409448426.2",
"1606-02-02 00:00","1320960830","2902137720","20674894","0","2197007370","2046766074",
"1606-09-28 00:00","1334353410","2927003780","7145163.2","0","2084722104","2183780249.2",
"1607-07-31 00:00","1825923970","3590243970","15233136.5","8554888","2659330205.5","2780625759",
"1608-03-27 00:00","2684837370","5717438210","27692384","15904370","4165393316","4280479018",
"1608-11-20 00:00","3498389500","7816897800","24137935","13359872","5983497830","5369287277",
"1609-09-22 00:00","1307981950","3270338690","8752904","6330313.5","2482968267.5","2110435590",
"1610-05-18 00:00","2041081730","4682960120","18602775","15002159","3468565127","3289081657",
"1611-01-12 00:00","1967221760","5051205880","9550966.5","11146691.5","3719976768.5","3319148529.5",
"1611-11-15 00:00","1509319420","3369313790","9457127","0","2548248888","2339841449",
"1605-03-12 00:00","1081490530","2409148930","4478045","0","1810234690","1684882815",
"1605-11-04 00:00","2306953730","5310111240","21254991","0","3895798750","3742521211",
"1606-09-06 00:00","1903910020","4207307910","9633830","0","3158502072.5","2962349687.5",
"1607-05-02 00:00","1351326020","2872043010","4154404.4000000004","3090848","2126073710.2","2104540572.2",
"1608-03-05 00:00","1034560320","2335109500","0","0","1635108510","1734561310",
"1608-10-30 00:00","1322708930","2988168190","6613799","0","2048989310","2268501609",
"1609-06-24 00:00","2120790780","4833695230","21662912.5","7324349.5","3313276268","3670197004",
"1610-04-29 00:00","4272052220","10048459200","31343290","7250547","7491573096","6867532161",
"1610-12-22 00:00","2405728510","5794806530","18453323.5","0","4216858603","4002129760.5",
"1611-08-16 00:00","2166231550","4943161600","19858699","0","3676245932","3453005917",
"1612-06-19 00:00","1992138950","4769343750","11680902","3307726","3610827301","3165644027",
"1613-02-13 00:00","2063762950","4663599360","21080658","0","3594619140","3153823828",
"1606-06-08 00:00","2035635780","4831681790","8301625.7","0","3596495137.5","3279124058.2",
"1607-04-13 00:00","2481465990","5761663740","10127885.5","0","4251727471.5","4001530144",
"1607-12-06 00:00","2161112700","5192318210","16794826","17695037.5","3891774821.5","3496145952",
"1608-07-31 00:00","4306637180","8409873200","36427421","41608870","6803733640","5990813031",
"1609-06-03 00:00","2932058370","5973528570","15966191","8553964","4703658950","4226448145",
"1610-01-28 00:00","1354403520","3056232960","6071839.2","0","2261005305.2","2155703014",
"1610-12-01 00:00","1506770820","3502849540","8479275","6389165","2564270150","2460218650",
"1611-07-26 00:00","2436912640","5349563390","39253710","13992898","3683813708","4155908930",
"1612-03-20 00:00","3783742850","6760305410","32311058","18819498","5410838911","5184339905",
"1613-01-23 00:00","2768380290","4964631040","11922441.5","0","3991055747.5","3753878024",
"1613-09-17 00:00","1700955400","2936729340","7254909","11391282","2310610958","2345719973",
"1607-01-12 00:00","1862172100","3210612480","21591179","34619170","2693354815","2435640114",
"1607-11-15 00:00","1375674110","2493828610","14725214","12120381.5","1990466467.5","1905881848",
"1608-07-10 00:00","1033388128","1890562370","7186955","3871444.8","1499833558.3","1435175339.5",
"1609-03-04 00:00","1167540860","1998132860","4019513.6","0","1589939687.4","1579753546.2",
"1610-01-07 00:00","1644672380","2832503300","18671879","19213527","2359132740","2155928346",
"1610-09-01 00:00","2775190660","4201964670","27695003","25475127","3562575910","3467749550",
"1611-07-05 00:00","1776193730","2612369020","10094195.5","7104957","2226469366","2179292536.5",
"1612-02-29 00:00","2272471560","3500463100","16105248.5","11008986","2858587950.5","2941460944",
"1612-10-24 00:00","1318528700","1904141310","13637131","6867148","1552201191","1690973098",
"1613-08-27 00:00","1853506880","2896870650","26204625","24446982","2246219345","2554809792",
"1614-04-21 00:00","1559370170","2271128580","5884891","0","1956547260","1879836381",
"1614-12-16 00:00","1776310660","2796986750","23974490","30749411","2347273262","2280748049",
"1608-06-19 00:00","2568667780","4213357830","22154802","16573747.5","3217892585.5","3602861574",
"1609-02-13 00:00","6148514810","9742658500","33757178","15873405","7845940671","8094863222",
"1609-10-08 00:00","4347286780","6515560710","31856345","12094337.2","5594234133.2","5312564039",
"1610-08-11 00:00","2252610940","3655614720","28104510","10464313","2957165175","2989629308",
"1611-04-05 00:00","2930628740","4979293950","43610918","9783696","4048897874","3914419430",
"1611-11-30 00:00","4345254010","7304648440","52525883","32470319","6042446746","5692451906",
"1612-10-03 00:00","3269939710","4882286850","41905455","6828805.5","4140917999.5","4060042821",
"1613-05-28 00:00","3383845890","5305862920","24634805","25689752","4407904126","4332129241",
"1614-04-02 00:00","2570582530","3821716860","15492965.8","0","3259928139","3147864216.8",
"1614-11-25 00:00","2434475770","3915119870","13752707","0","3118567425","3244780922",
"1615-07-20 00:00","2722891130","3942837630","36512128","10780113","3294625802","3418395199",
"1616-05-23 00:00","5849927940","9187042300","109578744","10663034","7649042710","7508169308",
"1609-09-17 00:00","3558700550","5471606270","30076319","3953683","4676322156","4388014666",
"1610-05-12 00:00","2528125180","4368814210","29298293","0","3589223548","3337014135",
"1611-03-17 00:00","3353746820","6256604930","44002521","15076774.5","4898688636.5","4770742409",
"1611-11-09 00:00","3738487550","6502784520","15397421.5","31213965","5324368589.5","4963514867",
"1612-07-04 00:00","2251400450","3885008130","36909120","7792344.5","3189976660.5","2991133384",
"1613-05-07 00:00","3517609220","5907430400","51955164","29505594","4710910228","4795590150",
"1614-01-01 00:00","7150611200","13535499300","105636320","145225216","10632208008","10304764028",
"1614-11-04 00:00","5800385540","10499741200","76860014","63803616","8602196352","7838594018",
"1615-06-29 00:00","4171616130","8269384190","42252599","13545841","6349600961","6147197799",
"1616-02-24 00:00","5218969090","9183411700","53518276","11151809","7245818680","7221232195",
"1616-12-27 00:00","5294412290","8953431500","82417886","68736056","7199022028","7199975704",
"1610-04-21 00:00","7823208450","14630729300","103221344","92954228","11479066254","11171047068",
"1610-12-16 00:00","5076710910","9261811200","70744308","18037423","7386290697","7041013144",
"1611-10-19 00:00","4092454400","6583993350","44373436","10389968","5497216254","5233994900",
"1612-06-13 00:00","10372686800","15457872300","84896744","35119391","13434889615","12515685620",
"1613-02-08 00:00","7607966460","10471567400","41564443","10436480","9125051998","9006482785",
"1613-12-11 00:00","5767391740","8407667200","17713500","12943532","7123004237","7082711735",
"1614-08-05 00:00","5251251710","8069216000","54444911","49084600","6576896821","6847100400",
"1615-03-31 00:00","5010295550","8162538750","64980734","52522357","6904625762","6385711629",
"1616-02-02 00:00","5031673340","8399208190","49047510","9625070","6717778234","6771775876",
"1616-09-28 00:00","4138840580","6814224640","31493457","5658715","5643346693","5346870699",
"1617-07-31 00:00","3430977160","5842630650","31350812","13315979","4645483536","4672791065",
"1618-03-28 00:00","3091451260","5317202690","39311234","11343373","4238897858","4220410699",
"1611-07-20 00:00","4473028610","7070477830","59587284","34967384","5981560264","5656500844",
"1612-05-23 00:00","5960752640","8827603240","82464520","10465486","7635142950","7246142936",
"1613-01-17 00:00","6574539010","9036254300","62897570","31331937.5","7878628693.5","7826394124",
"1613-09-12 00:00","3939781380","5744104710","18224332","17706039","4916852963","4802963498",
"1614-07-15 00:00","2542389630","3754467580","27330656","9925571.8","3174489769.8","3159623668",
"1615-03-12 00:00","3457789180","5371334910","33412633","12837935","4384785585","4490589073",
"1615-11-04 00:00","4958462970","6971194880","81266456","13905256","6134904114","5889925448",
"1616-09-06 00:00","4989748480","6467207930","38656023","11499852","5798096178","5709016107",
"1617-05-02 00:00","4931088380","6573318140","33394782","11810553","5741957127","5807654728",
"1618-03-06 00:00","6709722110","10503838800","122394836","60407124","8594320870","8802042000",
"1618-10-30 00:00","5807613440","8111475970","57412352","27276623","7142408574","6861369811",
"1612-02-24 00:00","2881544830","4008906620","39933568","26434937","3550349276","3406470679",
"1612-12-27 00:00","3532160640","5042239490","102592184","13598205.8","4331639496.8","4358951023",
"1613-08-21 00:00","2783669370","4619528710","33938781","35459472","3609429988","3863166345",
"1614-04-16 00:00","3115469440","5077192450","44515299","24309636","4016675343","4244811482",
"1615-02-18 00:00","4122686210","7258767870","81034696","32680543","5911818480","5583350839",
"1615-10-14 00:00","2938483080","4063504390","127180504","87245876","3625205576","3591208274",
"1616-06-08 00:00","4462509310","5769639170","419644048","312035672","5452025976","5511802224",
"1617-04-13 00:00","4765008380","6654574080","339717264","262395456","6260788130","5760907050",
"1617-12-06 00:00","4548983300","7198352640","73014218","28660156","5892453518","5956556796",
"1618-07-31 00:00","7898217220","12473744400","125999484","73432484","10402670676","10168722912",
"1619-06-03 00:00","5503472120","9508917800","90307672","96647412","7820769076","7378575928",
"1620-01-28 00:00","4818722050","8487798740","118985852","55103565","6621202389","6859407818",
"1613-07-31 00:00","4996880640","9224688600","127903764","74237660","7402674592","7021036072",
"1614-03-28 00:00","3653395070","6722359560","69460288","47939462","5341095914","5152058466",
"1614-11-20 00:00","3805706110","7344990720","90752768","46760076","5684308792","5603900882",
"1615-09-22 00:00","3876516360","6771976190","56810132","21423073","5551858472","5174867283",
"1616-05-18 00:00","5163434490","9292934700","111603580","96181036","7339458308","7324695498",
"1617-01-12 00:00","5731527420","10175669300","125761692","121924392","8099496180","8055386624",
"1617-11-15 00:00","3697686910","7158925560","96441648","99344988","5648751776","5403647330",
"1618-07-10 00:00","3570199680","6752052230","84363712","13079780","5239892252","5179803150",
"1619-03-04 00:00","4798895870","9337525200","70843496","47867312","7187704730","7067427148",
"1620-01-07 00:00","3730817660","7926246140","91856756","46286987","6034976952","5760230591",
"1620-09-01 00:00","6562568710","12944049700","226004768","228193824","10403658536","9557158466",
"1614-03-06 00:00","8347286780","14586169400","163524320","104169364","11869816278","11331333586",
"1614-10-30 00:00","6945453050","12207199800","155993672","100939200","9747943950","9661641772",
"1615-06-24 00:00","4765975550","9061693400","106719172","23893359","6958935355","6999346126",
"1616-04-28 00:00","7632138750","13134915000","115189616","50465787","10668449738","10264259415",
"1616-12-22 00:00","4874398460","8648400900","74115792","19152840.2","6912358360.2","6703709632",
"1617-08-16 00:00","5682718460","9508751900","69899428","14395496","7729444360","7546320924",
"1618-06-19 00:00","5459340800","9105905100","96611004","38425347","7270456799","7429825452",
"1619-02-13 00:00","4808058880","7829312000","108582272","63123712","6529182906","6279893958",
"1619-10-08 00:00","6074088710","11367223800","168150664","62031492","8760815520","8910679146",
"1620-08-11 00:00","5994526200","10982960700","113445480","54099666","8696641972","8448390074",
"1621-04-05 00:00","6119600900","10393979400","95374170","15389560","8476260518","8148083512",
"1621-11-30 00:00","4397377020","7636603900","109514004","29230678","6204044746","5968680856",
"1615-06-03 00:00","4270189950","7736611580","94732852","49671004","5986892702","6164312684",
"1616-01-28 00:00","5114389240","9934605800","179489488","103519520","7663693624","7668310424",
"1616-12-01 00:00","4980599810","10706878000","238617776","132207368","8026097108","8032205846",
"1617-07-26 00:00","5231155450","11342881300","210126744","116325880","8556430534","8344058840",
"1618-03-20 00:00","6897574660","13911283200","190708600","175088960","10915456968","10259198452",
"1619-01-23 00:00","6665960190","13305504300","205995872","213406328","10441979496","9948887194",
"1619-09-17 00:00","5439813630","11682120200","132339060","134176416","8674006726","8714442580",
"1620-05-12 00:00","4427201800","10364174300","185037112","117013816","7728488396","7364938632",
"1621-03-17 00:00","6971156480","15425175600","277152976","252803312","11843391032","11082897336",
"1621-11-09 00:00","6526166020","12297483200","208579064","115995784","9739048668","9409175400",
"1622-07-04 00:00","5096817410","10214733800","135283664","78104876","7908656466","7616283284",
"1623-05-07 00:00","5685178630","12157267000","185928836","179915932","9053633238","9154657160",
"1616-09-01 00:00","5499341560","12292316700","223167624","135894196","9345145132","8805574948",
"1617-07-05 00:00","3866518780","8492960260","155922928","82718112","6317574102","6280545978",
"1618-03-01 00:00","4270057600","9209328100","127653392","134202436","7152461964","6588779564",
"1618-10-24 00:00","3821190520","8468834580","64156596","82914704","6355799688","6081296712",
"1619-08-27 00:00","5912305150","11964402600","77573050","68618822","9357188480","8665711142",
"1620-04-21 00:00","5033109760","10877496900","113997376","93084306","8259643212","7858045130",
"1620-12-16 00:00","8062595080","15304475200","188642512","149605340","12270478640","11434839492",
"1621-10-19 00:00","5314453240","10055550400","74835060","89039248","7789009380","7744868568",
"1622-06-13 00:00","4377308420","8763572200","111144640","100626976","6661133948","6691518288",
"1623-02-08 00:00","3756896390","7572892920","87514312","48729410","5790863184","5675169848",
"1623-12-11 00:00","5174496510","10413330400","130713484","125596440","8030482498","7813654336",
"1617-04-05 00:00","4674861820","9748422100","112298868","152024988","7358539608","7329068168",
"1617-11-30 00:00","5296370690","10942126600","112401272","115395252","8374653982","8091639832",
"1618-10-03 00:00","3957519870","8978546200","72041856","61820212","6710791934","6359136204",
"1619-05-28 00:00","3337063550","8187801090","101709618","50996754","5968365744","5709205268",
"1620-04-01 00:00","2461711230","6402687490","71923914","69310660","4700828400","4304804894",
"1620-11-25 00:00","3504858110","9196293700","73981760","125973764","6710555086","6190552248",
"1621-07-20 00:00","2550093310","6378724610","40282055","30588232","4560457084","4439231123",
"1622-05-23 00:00","3014257790","7138984710","100537440","96770220","5393165320","4957384840",
"1623-01-17 00:00","3994054270","9147583000","105775536","113489176","6964255430","6396646552",
"1623-09-12 00:00","3149267200","7298927100","64844928","51877735","5358900704","5206016259",
"1624-07-15 00:00","2381495680","6035817210","42795980","26403830","4357739823","4128772877",
"1625-03-12 00:00","3187525760","8848936000","77315548","30658144","6045271420","6099164032",
"1618-07-04 00:00","2871542140","7631587580","73008086","79782682","5556787144","5099133344",
"1619-05-07 00:00","3224040450","8913336800","103842412","37637848","6282750682","5996106828",
"1620-01-01 00:00","3982709250","11231999400","108266208","66749392","7589749296","7799974954",
"1620-11-04 00:00","4405497600","12941009900","82840196","61126332","8958035152","8532438876",
"1621-06-29 00:00","3681281410","10613091300","89215454","48833369","7498794398","6933627135",
"1622-02-24 00:00","4161486340","11775358400","160514004","137111318","8497533676","7736936386",
"1622-12-27 00:00","2768143230","8193989080","72764342","36334701","5784989582","5286241771",
"1623-08-21 00:00","7344353540","16965107700","194949312","173031232","12697560424","11979881360",
"1624-04-16 00:00","4531814660","10620109300","98415176","131010680","7710957420","7670392396",
"1625-02-18 00:00","5503217920","12267160600","90801448","109458094","8987755228","8982882834",
"1625-10-14 00:00","4124670460","9636112300","167649976","201319504","6976786874","7152965366",
"1619-02-08 00:00","5193648640","11851388900","90658472","130544534","8777788052","8488452494",
"1619-12-11 00:00","9333538800","20355681300","229193576","201536168","15398601860","14721347984",
"1620-08-05 00:00","5200445190","10497681900","70670484","47110002","7907374660","7908532916",
"1621-03-31 00:00","3540808830","8370555900","81764632","37561936","5999894124","6030797174",
"1622-02-02 00:00","6212090370","14222021100","120550320","113482760","10322623038","10345521512",
"1622-09-28 00:00","4395672570","10723824600","52728604","51603934","7518902456","7704927252",
"1623-07-31 00:00","3491715330","8409047810","67450126","31158130","6055846210","5943525186",
"1624-03-27 00:00","3896994560","9732489700","106535200","157909884","6950397556","6943531788",
"1624-11-20 00:00","4669632250","11100650500","98866948","70446012","7894247872","8045347838",
"1625-09-22 00:00","3936132350","10222211100","76707572","113060952","7328589862","7019522112",
"1626-05-18 00:00","3181015550","8241201920","83750142","32932998","5855799820","5683100790",
"1627-01-12 00:00","3618071170","9733811700","122195028","42157981","6878121018","6638114861",
"1620-07-15 00:00","5351002110","13749394400","161950008","85991814","10082742538","9265595794",
"1621-03-12 00:00","5124693510","12746927600","182716632","277347176","9224175360","9107509558",
"1621-11-04 00:00","3731845380","10918081600","274114416","117983968","7673247898","7368777466",
"1622-09-06 00:00","3910637060","10445235200","88293344","91140920","7463128292","7072178232",
"1623-05-02 00:00","4298261250","11809721800","131285628","115299024","8318989142","8035578560",
"1624-03-05 00:00","3860305410","11359807000","93609148","139928872","7881495204","7572155226",
"1624-10-30 00:00","3534464900","11627317300","176409464","198086136","7972069494","7564208306",
"1625-06-24 00:00","5126190850","14312663600","150757020","194250792","10138854314","9645007948",
"1626-04-29 00:00","2099256120","6716850170","77138410","106140448","4427058328","4572326820",
"1626-12-22 00:00","7963662850","18871019500","254982320","265017336","14088678774","13266003232",
"1627-08-16 00:00","5854315520","13792927200","180709264","162260120","10049805162","9940406942",
"1621-02-18 00:00","4714177280","12930246200","89218240","91578214","9074473864","8750746070",
"1621-10-14 00:00","5604578310","14913292300","170175576","110766864","10524817456","10273995594",
"1622-06-08 00:00","10372908100","23359822800","236959192","283788760","17426893024","16826585828",
"1623-04-13 00:00","8898380300","18743730100","197472336","147814128","14023914076","13963482788",
"1623-12-06 00:00","10761718200","21560809500","240581904","277514636","16924012784","15916611456",
"1624-07-31 00:00","11826599900","15687652300","166024416","79061748","13698798332","14060540032",
"1625-06-03 00:00","8898470900","13694074900","121038680","96760200","11288118784","11522225896",
"1626-01-28 00:00","11684665900","13990432700","177228872","216837928","12872984444","13196180956",
"1626-12-01 00:00","9483795900","11739732500","88875368","54433630","10572328672","10794508726",
"1627-07-26 00:00","10769338900","13932712400","183325872","105702168","12155468596","12835610744",
"1628-03-20 00:00","9986306500","15505774100","163341368","82286108","12826219752","12911488324",
"1629-01-23 00:00","7098466820","13157733900","151984632","90849408","10389945764","10109088996",
"1622-05-18 00:00","7518992640","14234809800","154536100","73503850","11073761194","10908081196",
"1623-01-12 00:00","8642255300","15939488800","134353256","86486268","12465958208","12336625416",
"1623-11-15 00:00","9475250700","17631476700","278689880","214576168","13948039336","13651954112",
"1624-07-10 00:00","7718045190","13160944600","80749388","86775878","10394761718","10651753338",
"1625-03-04 00:00","7406997250","14210860000","163122784","120886172","10848014180","11053852026",
"1626-01-07 00:00","6885106180","13840309300","183448984","96704812","10563788176","10441781100",
"1626-09-01 00:00","5819635970","11404196300","138023388","84724560","8565003514","8881576704",
"1627-07-05 00:00","6017046270","13142449200","164993776","136531952","9752566602","9708454596",
"1628-02-29 00:00","7419405560","16322050100","298799448","208516504","12313924992","11934846620",
"1628-10-24 00:00","6101942790","13079229900","211658800","173085560","9869450488","9696466562",
"1629-08-27 00:00","5713144570","11643393000","167978648","89253876","8755775190","8857994904",
"1630-04-21 00:00","5322484480","11489149900","178807072","84306296","8555775692","8518972056",
"1623-08-16 00:00","9363771400","19208541100","251585416","71576558","14602187760","14293286714",
"1624-06-19 00:00","9529807400","21350965300","374088176","194957136","15039199732","16410618280",
"1625-02-13 00:00","9313832400","21486668800","325761712","211908456","15454052152","15884119216",
"1625-10-08 00:00","7285711360","15867905000","189606536","85195200","11619355724","11809062372",
"1626-08-11 00:00","7327784190","16561131500","259411504","133550652","12178370170","12103507676",
"1627-04-05 00:00","4943569410","10862920200","124708720","100120668","7846578614","8184740384",
"1627-11-30 00:00","9040169500","20221409300","292591600","216673784","14368616568","15402227616",
"1628-10-03 00:00","7124447240","16538383400","185266400","84354778","12107583436","11824868382",
"1629-05-28 00:00","7005931010","17987438600","255395136","178730696","12858287366","12569208076",
"1630-04-02 00:00","6264761090","16307936200","211170248","147390088","11458167248","11473090378",
"1630-11-25 00:00","7213199620","19724001200","273273816","327315448","14303256804","13234533280",
"1624-03-20 00:00","7257477880","19325795300","229269360","243218112","13455593688","13600166964",
"1625-01-23 00:00","6847171840","17642423300","194273536","109580904","12397743774","12395705806",
"1625-09-17 00:00","10268403200","25397225400","285968176","198944696","17993272888","18157268584",
"1626-05-12 00:00","11110409700","23185275900","198781272","149733436","17235024284","17409176024",
"1627-03-17 00:00","10098101300","22561111100","239689232","230801836","16282392572","16847310896",
"1627-11-09 00:00","7856446460","18832766000","174446472","110111980","13409891908","13563879004",
"1628-07-04 00:00","8831635000","21873024000","194432344","207792024","15539394308","15567489060",
"1629-05-07 00:00","11615970300","25433776100","191824744","243392576","18432734448","19052229272",
"1630-01-01 00:00","8407464440","19972038700","160840592","102237622","14145825734","14496755620",
"1630-11-04 00:00","7659730170","18208149500","210846544","138690696","12839609218","13377807692",
"1631-06-29 00:00","8178539270","19654959100","258084832","207777904","13933618364","14365742742",
"1632-02-24 00:00","6888547580","17646213200","278257816","272904656","12843327614","12242595638",
"1625-08-27 00:00","6894112510","18310106100","188106696","121756488","12781442582","12732639212",
"1626-04-21 00:00","6926823430","16301260300","179581168","124366304","11535891638","11996139564",
"1626-12-16 00:00","5038899200","12284464600","154313236","118652884","8549294004","9047035916",
"1627-10-19 00:00","4049373060","11689963500","108886808","97620708","7896415044","8049429032",
"1628-06-13 00:00","5998173190","16104529400","140565556","194425176","11529039486","10908653836",
"1629-02-08 00:00","6880058880","16669775400","184999744","139630900","11902300788","11972164136",
"1629-12-11 00:00","5326633470","10893541400","95882388","78087748","8147645454","8246499552",
"1630-08-05 00:00","6848914180","14631534600","197201560","134315780","11066817646","10745148474",
"1631-03-31 00:00","5288939780","11337980400","112042204","108408968","8172381418","8674989934",
"1632-02-02 00:00","3787590660","8516452860","88268232","42601318","6188051636","6246861434",
"1632-09-28 00:00","3799504120","8790597600","103790076","61021394","6306672786","6448240404",
"1626-04-02 00:00","4504715270","10416777200","130722780","103116296","7587669726","7567661820",
"1626-11-25 00:00","4957425660","11892862400","153433152","133846996","8619778838","8517789370",
"1627-07-20 00:00","5198302720","11927463500","145289496","54343876","8641757144","8683642448",
"1628-05-23 00:00","4611346690","11154614800","110343176","81787982","8119647650","7838444998",
"1629-01-17 00:00","4947895300","11894101000","129451600","112541260","8427300522","8656688638",
"1629-09-12 00:00","4238991870","10359284800","120236756","40806808","7318834236","7440485998",
"1630-07-15 00:00","3828428420","9651698200","154286384","122805612","6950711480","6806507136",
"1631-03-12 00:00","4483936260","10739833400","144936724","158501448","7851962290","7675245542",
"1631-11-04 00:00","4973650690","12135270900","159822304","100524842","8745736440","8623532296",
"1632-09-06 00:00","4413771520","12179471300","279953168","252167088","8120328986","9005034090",
"1633-05-02 00:00","5489773560","13468695500","241307192","220830056","9521977564","9898628744",
"1634-03-06 00:00","3146079490","7409945850","75076448","67940752","5338820768","5360221772",
"1627-06-29 00:00","3853186170","9825855500","143849132","138322444","6711740214","7249473032",
"1628-02-24 00:00","3950413950","9884236800","140052376","74856302","7010841442","7038717986",
"1628-12-27 00:00","6762139390","17494679600","262025344","311287704","12269284328","12560847710",
"1629-08-21 00:00","9807004100","22772897800","358677552","459278576","16659047184","16738810844",
"1630-04-16 00:00","8028465660","18371223600","300066080","276685048","13464651650","13511788738",
"1631-02-18 00:00","7049741570","16177582600","275775952","282375008","11877477042","11907998088",
"1631-10-14 00:00","4738545920","10737010200","215685240","135545984","8091733048","7735054296",
"1632-06-08 00:00","5936769030","13784870400","222971648","190688324","9864647560","10270651842",
"1633-04-13 00:00","4548058620","10727159800","143031512","84750620","7713954948","7789045604",
"1633-12-06 00:00","8987953600","21536886800","372775792","442264368","16531811548","14808069012",
"1634-07-31 00:00","5790877440","13153022000","188940824","243631304","9966762672","9409708896",
"1628-02-02 00:00","5848765950","12256059900","171834848","188619728","9196543416","9268737010",
"1628-09-28 00:00","6671913470","14975731700","165006872","164774356","11172419726","10805006672",
"1629-07-31 00:00","8829564400","19622155300","272195552","258404536","14144014896","14838304892",
"1630-03-28 00:00","7215162880","15796456000","136819936","89943554","11575022002","11663360368",
"1630-11-20 00:00","7447593980","16733402600","246171072","165179920","12308611904","12283735668",
"1631-09-22 00:00","7868157690","17826497500","228286320","200641128","12847112556","13276470082",
"1632-05-18 00:00","6586338050","15908121100","214045424","153239968","11529858556","11331885986",
"1633-01-12 00:00","5140223740","12700175400","197467872","134514452","9097139572","9075241892",
"1633-11-15 00:00","5587139590","15718233600","290270208","372204224","11198789036","10769058586",
"1634-07-10 00:00","4959038720","13765362100","287340464","202414944","9557600022","9656556206",
"1635-03-04 00:00","4724739580","12416195100","176394944","169946664","8647013360","8840262928",
"1636-01-07 00:00","4260170120","11651473400","182224648","110934340","8252848428","7951954080",
"1629-05-02 00:00","5277464830","15379812400","287307816","212009840","10684046594","10472548292",
"1630-03-06 00:00","5242770430","14622339100","260065760","167712672","10370401658","9922486304",
"1630-10-30 00:00","5343042050","14111187400","202804280","172903992","10040219806","9789717916",
"1631-06-24 00:00","5335042040","14357522900","214835064","225676968","10115972140","10017104832",
"1632-04-28 00:00","4972832260","13854196700","209346984","292167608","9404961960","9923581592",
"1632-12-22 00:00","5230764800","15851376600","212514648","138290160","10606314594","10826631614",
"1633-08-16 00:00","3841374330","12045504000","191849608","121158540","8206432726","7993453752",
"1634-06-19 00:00","4315038720","14253595700","217023136","204517312","9535054770","9455120098",
"1635-02-13 00:00","4644213760","15777173500","272995496","221401136","10591620848","10324163044",
"1635-10-08 00:00","4950449150","16542592500","315957712","386852384","11164685858","11031165888",
"1636-08-11 00:00","6286079240","20899157000","374053944","435877872","14595113208","13400054848",
"1637-04-05 00:00","4555799290","14568923100","252561912","289941544","9760932906","9906292940",
"1630-07-31 00:00","2767609730","9261294100","176731744","128041688","6144324774","6189352488",
"1631-06-03 00:00","3123584260","10515197500","116932752","117759900","7081554992","6791919420",
"1632-01-28 00:00","3289891710","11440635900","207346512","254216984","7700691582","7491399524",
"1632-12-01 00:00","4319073150","14763158000","236094376","206246904","9886083230","9638489200",
"1633-07-26 00:00","3079181700","9934575700","193230616","101779588","6733732570","6575035034",
"1634-03-20 00:00","4682340870","15995758600","199655624","252809296","10545327392","10585236998",
"1635-01-23 00:00","4254415100","14604715000","231515024","254659896","9752790600","9592514420",
"1635-09-17 00:00","2980286720","10238121000","169574360","62415216","6793925284","6656472012",
"1636-05-12 00:00","3112394630","10096856100","163071328","197360912","6770368866","6799314104",
"1637-03-17 00:00","3248172540","11032678900","210078216","269546912","7220651448","7539825120",
"1637-11-09 00:00","4222868610","14537202700","263024376","301862864","9987981610","9336976940",
"1631-03-04 00:00","5877003260","16859475000","228288448","268588064","11774097116","11459257656",
"1632-01-07 00:00","3544813180","10325436900","139550684","99348708","7141854396","6967295076",
"1632-09-01 00:00","3697463300","10060056000","206364728","111095444","7193991636","6880987836",
"1633-07-05 00:00","2922737410","7202233600","83318140","48365152","5212993792","5043660510",
"1634-03-01 00:00","2443827200","6351150080","74049662","51965538","4406596714","4514395766",
"1634-10-24 00:00","4212857730","11711198800","184857784","142975336","8199866144","8052023506",
"1635-08-27 00:00","3386611200","8342579200","86101572","98019116","5919738278","5993572810",
"1636-04-21 00:00","3181813890","8520109830","145630196","179446652","5768734294","6258266274",
"1636-12-16 00:00","3225239040","8634445540","112803888","92917098","6058119362","6007286204",
"1637-10-19 00:00","2657857670","7194526210","66379644","32684658","4980408608","4971039574",
"1638-06-13 00:00","2954914950","8101926660","118066184","91474580","5646103842","5620278532",
"1639-02-08 00:00","2666916740","6873802750","71694550","56518920","4963838182","4705094778",
"1632-08-11 00:00","4946957320","13329139700","195968600","279632264","9745252240","9006445644",
"1633-04-05 00:00","5481447420","13044815900","195864544","200950352","9456953284","9466124932",
"1633-11-30 00:00","6513491970","14511009800","127831728","92608312","10437883734","10807058076",
"1634-10-03 00:00","4588897020","10164931500","136671824","125725080","7463683270","7552542154",
"1635-05-28 00:00","6223966720","14577759700","251278776","276645392","10591923562","10737727026",
"1636-04-01 00:00","4374516740","8715310380","117785320","127820284","6568838188","6766594536",
"1636-11-25 00:00","3948841980","8365923070","156781288","223907284","6187430696","6508022926",
"1637-07-20 00:00","3700605060","7537808640","78834760","47153584","5654664218","5709737826",
"1638-05-23 00:00","4690567430","9460378600","129734132","92280936","7241796940","7131164158",
"1639-01-17 00:00","4205331580","7946180350","128176224","128716520","6178505672","6229899002",
"1639-09-12 00:00","4937045760","10101177800","176604952","151260520","7503954134","7862134898",
"1633-03-17 00:00","5460224770","11568516100","281602064","421196944","8477474610","9254065268",
"1633-11-09 00:00","3229505540","7125412610","112418632","63295330","5125159388","5405472724",
"1634-07-04 00:00","2545783940","4934922240","54891320","52317364","3769424560","3818490304",
"1635-05-07 00:00","3984059400","8394181370","163049376","115666764","6307199990","6349756920",
"1636-01-01 00:00","5267329020","10543311900","193030344","199740780","7942841794","8260570250",
"1636-11-04 00:00","6118747650","13794494500","274888736","325743456","9635807332","10878067010",
"1637-06-29 00:00","4892792580","10408729600","131230040","98370092","7853767172","7677355140",
"1638-02-24 00:00","4312360450","9270076900","155748072","158609104","7079330090","6817464436",
"1638-12-27 00:00","3040457470","6789840640","95167856","96487176","5102467806","4919485336",
"1639-08-21 00:00","3603273860","7823816960","138358204","92531548","5924397458","5733583114",
"1640-04-16 00:00","5420421630","13423404000","267853384","260639592","9645840246","9726478360",
"1641-02-18 00:00","4715682820","11559171000","199109176","172335044","8437889744","8208408296",
"1634-06-13 00:00","5589545980","13619337200","211633688","282469064","10144303718","9558682214",
"1635-02-08 00:00","4520857340","10608913400","206970120","167388512","7626999332","7877130040",
"1635-12-11 00:00","5427912700","14004212700","256478048","303853664","9915516936","10076940176",
"1636-08-05 00:00","5331878140","13821325300","324918848","352569120","9960871500","9869819908",
"1637-03-31 00:00","3123293820","7479932160","107242476","94100508","5444343092","5360225872",
"1638-02-02 00:00","6090116870","15106027600","280312920","277267368","11335789250","10417935508",
"1638-09-28 00:00","4861894650","13158638600","232267096","415475712","9599691098","9068584960",
"1639-07-31 00:00","5442143490","14320355900","296051624","552177344","10108984982","10501743376",
"1640-03-27 00:00","6380235770","18601535500","387077696","477746880","13574919058","12271676788",
"1640-11-20 00:00","5449868550","13923893300","205657128","284867832","10301944404","9562342406",
"1641-09-22 00:00","4136119940","11593578500","221093696","239898008","8313082760","7877607384",
"1635-01-17 00:00","2921626500","9628006900","176081992","178247760","6604285756","6299677396",
"1635-09-12 00:00","3610324350","10726305800","208452744","368353120","7383641046","7529794968",
"1636-07-15 00:00","3251370110","9075640300","131131312","257630976","6521459168","6194313530",
"1637-03-12 00:00","5064001020","13548924400","201943980","290468064","10071660248","9033677216",
"1637-11-04 00:00","3836022790","10455010300","153293784","197767928","7277593438","7364501364",
"1638-09-06 00:00","4524754690","12227721800","242504400","351953376","8812501210","8534433056",
"1639-05-02 00:00","2921544830","7582056710","104384964","108428908","5551903040","5164512372",
"1640-03-05 00:00","1395807230","3899075460","79521102","106634144","2814886114","2666151822",
