时间,小额爆仓,中额爆仓,大额爆仓,超大额爆仓,卖出开空,买入开多
"1595-04-13 00:00","80748064","57545428","0","0","138293492","0",
"1595-12-06 00:00","20337574","0","0","0","20337574","0",
"1591-07-31 00:00","9484.66","0","0","0","0","9484.66",
"1592-03-27 00:00","26199143","10563214.8","4125278.8","0","14655648.8","26231987.8",
"1592-11-20 00:00","22761279","12102949","661797.62","1273831.2","26879397.419999998","9920459.4",
"1593-09-22 00:00","16383053.5","7207078.6","2090408.9","1004085.5","19022684.4","7661942.1",
"1594-05-18 00:00","15533570.2","6358647.1","919605.7","0","4454184.800000001","18357638.2",
"1595-01-12 00:00","18758007","12114963.6","0","0","23375019","7497951.6",
"1595-11-15 00:00","14938004.5","7516457.5","0","0","14107668","8346794",
"1596-07-10 00:00","14812857.9","8861959.25","1564817.2","0","22369597.2","2870037.15",
"1597-03-04 00:00","27360217.2","15560438.7","0","0","38675101","4245554.9",
"1590-09-06 00:00","17931903.5","9265389.2","645880.2","0","17969777","9873395.899999999",
"1591-05-02 00:00","7107638.2","1957770.15","0","0","4746410.95","4318997.4",
"1592-03-05 00:00","8169959.4","3655904.3","0","0","9392361","2433502.7",
"1592-10-30 00:00","21341095","12176200.8","3265228.5","0","28913209.5","7869314.8",
"1593-06-24 00:00","10908937","4817370.3","0","0","7589586.8","8136720.5",
"1594-04-29 00:00","12979865","9911432.28","2840147.8","0","2156770.08","23574675",
"1594-12-22 00:00","5912557.4","2970869.1","0","0","3893825.2","4989601.300000001",
"1595-08-16 00:00","5776491","2088057.4","0","0","6512623.9","1351924.5",
"1596-06-19 00:00","5575921.300000001","1774150.71","0","0","2055924.4100000001","5294147.6",
"1597-02-13 00:00","13936171","9016697","313077.78","1025486","9918511","14372920.78",
"1597-10-08 00:00","4640626.1","952707.1599999999","0","0","3359674.14","2233659.12",
"1591-04-13 00:00","54521946","40290959","0","0","31584755","63228150",
"1591-12-06 00:00","8129411","1606532.06","0","0","5384701","4351242.0600000005",
"1592-07-31 00:00","14257320.5","5884303","0","0","7904657.5","12236966",
"1593-06-03 00:00","10834315.2","4971696.62","0","0","12928357","2877654.8200000003",
"1594-01-28 00:00","6009386","1130208.56","0","0","4819612.5600000005","2319982",
"1594-12-01 00:00","12749251.4","4625821.44","0","0","16094765","1280307.8399999999",
"1595-07-26 00:00","10385985.8","2176933.8","0","0","3049986.5999999996","9512933",
"1596-03-20 00:00","8861627.5","4322909.5","0","0","8149162.7","5035374.3",
"1597-01-23 00:00","2649043.44","313691.88","0","0","1033504.44","1929230.88",
"1597-09-17 00:00","28087417","7994104.2","0","0","20604681.2","15476840",
"1598-05-12 00:00","32203003.5","17001947.4","0","0","41196942","8008008.9",
"1599-03-17 00:00","4027613.1","886440.2999999999","0","0","2965964.14","1948089.26",
"1592-07-10 00:00","4921541.8","1196732.88","0","0","4075494","2042780.6800000002",
"1593-03-04 00:00","30079348.5","13470511.1","0","0","34218792","9331067.6",
"1594-01-07 00:00","17717304.8","4414700.2","0","0","4715632.2","17416372.8",
"1594-09-01 00:00","5634640.9","787805.06","0","0","4417975.859999999","2004470.1",
"1595-07-05 00:00","9076812.5","2586285.8","0","0","9912974.3","1750124",
"1596-02-29 00:00","7440467.2","1820530.84","0","0","5796458","3464540.04",
"1596-10-24 00:00","8625616.5","2364590.5","0","0","8775614.5","2214592.5",
"1597-08-27 00:00","2622850","0","0","0","158261","2464589",
"1598-04-21 00:00","4548045.74","1341988.4100000001","0","0","1175297.5499999998","4714736.6",
"1598-12-16 00:00","18237059.2","9621405.19","0","0","2645333.39","25213131",
"1599-10-19 00:00","23575799","10598280","0","0","33281286","892793",
"1593-02-13 00:00","18832428","1923843","0","0","16148645","4607626",
"1593-10-08 00:00","10643046.5","1028496.48","0","0","7683294.1","3988248.88",
"1594-08-11 00:00","1677194.7000000002","444560.3","0","0","1463421.7","658333.3",
"1595-04-05 00:00","26502343","13544876","0","0","27661530","12385689",
"1595-11-30 00:00","3451149.4","532468.8","0","0","2842714.3","1140903.9",
"1596-10-03 00:00","4576858.699999999","401405.12","0","0","1508206.9","3470056.92",
"1597-05-28 00:00","3802165.36","347396.34","0","0","856888.56","3292673.1399999997",
"1598-04-02 00:00","11268583.9","4777191.03","0","0","14616268.5","1429506.43",
"1598-11-25 00:00","7282606.5","1218933.42","0","0","6708135.7","1793404.22",
"1599-07-20 00:00","858407.68","0","0","0","832646.06","25761.62",
"1600-05-23 00:00","7077192.5","1966653.2","0","0","4406900.8","4636944.9",
"1601-01-17 00:00","12614891.5","6163533.3","0","0","9713649.5","9064775.3",
"1594-05-12 00:00","4672973.4","1001921.52","0","0","1887547.8199999998","3787347.1",
"1595-03-17 00:00","8544949","2891051","0","0","1058365.5","10377634.5",
"1595-11-09 00:00","10907885.8","4166415.31","0","0","14393398","680903.11",
"1596-07-04 00:00","3422923.2","0","0","0","2705433.5","717489.7",
"1597-05-07 00:00","2895182.04","687505.44","0","0","1004401.94","2578285.54",
"1598-01-01 00:00","3780616.5","999505.25","0","0","1220549","3559572.75",
"1598-11-04 00:00","3083437.2","367250.15","0","0","1103367.93","2347319.42",
"1599-06-29 00:00","5945225.3","2317021.7","0","0","7432155","830092",
"1600-02-24 00:00","1030364.54","0","0","0","270813.44","759551.1",
"1600-12-27 00:00","7024871.22","1412116.8","0","0","8168718.3","268269.72",
"1601-08-21 00:00","819215.36","280695.9","0","0","61697.11","1038214.15",
"1594-12-16 00:00","1007497.1000000001","0","0","0","180950.2","826546.9",
"1595-10-19 00:00","1219634.43","0","0","0","1169899.9","49734.53",
"1596-06-13 00:00","2507233.7","743181.7","0","0","533487.2","2716928.2",
"1597-02-08 00:00","11643957.6","1494387.17","0","0","1199058.9700000002","11939285.8",
"1597-12-11 00:00","2155738.5500000003","867794.7","0","0","2870910.8","152622.45",
"1598-08-05 00:00","13092495.4","7326681.5","0","0","1673678.4","18745498.5",
"1599-03-31 00:00","8100627.5","5171094.9399999995","0","0","3228034.94","10043687.5",
"1600-02-02 00:00","2235378.5","193166.4","0","0","948928.7","1479616.2",
"1600-09-28 00:00","29449310.5","32654016.4","0","0","6312522.9","55790804",
"1601-07-31 00:00","25097679.5","7973211.9399999995","0","0","8260200.9399999995","24810690.5",
"1602-03-28 00:00","88713908","54020054","0","0","53286370","89447592",
"1602-11-20 00:00","20780187.5","6731035.12","0","0","20164400","7346822.62",
"1596-05-23 00:00","17760195.5","3736901.8","0","0","18510973.8","2986123.5",
"1597-01-17 00:00","8276341.7","1731650.8","0","0","2681223.2","7326769.3",
"1597-09-12 00:00","22853748","5693540","0","0","11028424.8","17518863.2",
"1598-07-15 00:00","49229688","40694902.5","0","0","69803704","20120886.5",
"1599-03-12 00:00","8802968","2062258.72","0","0","8121687.5","2743539.22",
"1599-11-04 00:00","14059549.1","4151549.97","0","0","15986787.2","2224311.87",
"1600-09-06 00:00","5092513.5","6061389.6","0","0","4112897.6","7041005.5",
"1601-05-02 00:00","4459026.7","8533031.8","0","0","7105168.2","5886890.3",
"1602-03-06 00:00","5499080.5600000005","19623808.9","0","0","23498932.5","1623956.96",
"1602-10-30 00:00","4431410.199999999","16599416","0","0","17879437.8","3151388.4",
"1603-06-24 00:00","2290906.68","6538104.7","0","0","7462700.3","1366311.08",
"1604-04-28 00:00","6763324","37688447","0","0","31164200","13287571",
"1597-08-21 00:00","5834807.7","18138241.9","0","0","22901341","1071708.6",
"1598-04-16 00:00","7975438.4","23763636","0","0","26267385","5471689.4",
"1599-02-18 00:00","3008835","6787645","0","0","7237181.4","2559298.6",
"1599-10-14 00:00","2320179.85","6852887.6","0","0","2862428.35","6310639.1",
"1600-06-08 00:00","2940597.4","8204174.5","0","0","7137135.2","4007636.7",
"1601-04-13 00:00","2354191.9","5653052.9","0","0","6445131.5","1562113.3",
"1601-12-06 00:00","6789013.5","25226204","0","0","7077063.5","24938154",
"1602-07-31 00:00","7347344.6","22035197.5","0","0","27745932","1636610.1",
"1603-06-03 00:00","5305880.7","19735617.1","0","0","22805840","2235657.8",
"1604-01-28 00:00","2393924","5685226.5","0","0","6860722.1","1218428.4",
"1604-12-01 00:00","1748785.18","1848093.1","0","0","2869460","727418.28",
"1598-03-28 00:00","4350999.45","12071356.4","0","0","14607030.2","1815325.65",
"1598-11-20 00:00","905888.14","2406691.8","0","0","1556525.6","1756054.34",
"1599-09-22 00:00","964508.04","978362.03","0","0","573696.4099999999","1369173.6600000001",
"1600-05-18 00:00","4182162.6599999997","11373611.34","0","0","15066334.8","489439.2",
"1601-01-12 00:00","5813772.5","16551350.5","0","0","17755083.5","4610039.5",
"1601-11-15 00:00","2827659.4","7378028.3","0","0","4723157","5482530.7",
"1602-07-10 00:00","2612904.76","5282482","0","0","5055504","2839882.76",
"1603-03-04 00:00","768136.75","1095833.4","0","0","922786.12","941184.03",
"1604-01-07 00:00","1208309.46","3571426.92","0","0","732646.6799999999","4047089.6999999997",
"1604-09-01 00:00","1635209.6600000001","3910396.64","0","0","1405901.5","4139704.8000000003",
"1605-07-05 00:00","4151046.5999999996","7978533","0","0","4990792.3","7138787.3",
"1606-03-01 00:00","10122358.3","50333968.7","1918770","0","60765335","1609762",
"1599-06-24 00:00","9386503.4","48247781","0","0","53339409","4294875.4",
"1600-04-28 00:00","12728166","53315294","0","0","53969789","12073671",
"1600-12-22 00:00","4920165.5","11374379.5","0","0","6854473","9440072",
"1601-08-16 00:00","5133648","15000296","0","0","12604425","7529519",
"1602-06-19 00:00","3678606.4","6882985","0","0","6577599.8","3983991.6",
"1603-02-13 00:00","4780364.7","13159422","0","0","7594385.5","10345401.2",
"1603-10-08 00:00","3247251.7","10515171","0","0","6862615.6","6899807.1",
"1604-08-11 00:00","2640716.0999999996","5546536.1","0","0","1653889.7999999998","6533362.4",
"1605-04-05 00:00","1136950.7999999998","1624942.48","0","0","1964880.3","797012.98",
"1605-11-30 00:00","743608.5","1457462.45","0","0","881447.23","1319623.72",
"1606-10-03 00:00","2590430.5","9034673.5","0","0","5492130.9","6132973.1",
"1600-01-28 00:00","3214180.1","7258799.4","0","0","2467604","8005375.5",
"1600-12-01 00:00","4512440.2","8686383.5","0","0","4126880.7","9071943",
"1601-07-26 00:00","2772096.9","5081254.6","0","0","2638291.5","5215060",
"1602-03-20 00:00","2826543.7","6166135.5","0","0","4915931.1","4076748.1",
"1603-01-23 00:00","1357476.41","3256219.44","0","0","1353064.5999999999","3260631.25",
"1603-09-17 00:00","1975477.76","5974058.9","0","0","1740445.96","6209090.7",
"1604-05-12 00:00","1717749.0399999998","4632295.02","0","0","6106998.9","243045.16",
"1605-03-17 00:00","6629148.8","20305799.8","0","0","24144870.5","2790078.1",
"1605-11-09 00:00","1417975.81","2621782.7","0","0","1988268.85","2051489.6600000001",
"1606-07-04 00:00","1316422.56","2503720.6","0","0","1574952.26","2245190.9",
"1607-05-07 00:00","4584648.9","13273484.5","0","0","10065170.5","7792962.9",
"1608-01-01 00:00","3944132.55","17064153.1","0","0","1796834.85","19211450.8",
"1601-07-05 00:00","1305165.5899999999","4393836.25","0","0","1171374.6400000001","4527627.2",
"1602-03-01 00:00","1553644.9","3942506.3","0","0","3210665.2","2285486",
"1602-10-24 00:00","2267430.21","8760386.66","0","0","606021.47","10421795.4",
"1603-08-27 00:00","1808669.8","5381001.47","0","0","6602244.3","587426.97",
"1604-04-21 00:00","1554013.8","3125673.3","0","0","2563305.8","2116381.3",
"1604-12-16 00:00","2249965.0999999996","5352927.9","0","0","3072871.8","4530021.2",
"1605-10-19 00:00","5685693.6","14486113.8","0","0","14651225.5","5520581.9",
"1606-06-13 00:00","476496.33999999997","667890.54","0","0","618098.66","526288.22",
"1607-02-08 00:00","761035.99","1239292.58","0","0","273772.37","1726556.2",
"1607-12-11 00:00","1778994.05","4388022.28","0","0","344935.52999999997","5822080.800000001",
"1608-08-05 00:00","1442388.3","2815630.8","0","0","2027970.7","2230048.4000000004",
"1601-11-30 00:00","1185851.09","3660664.33","0","0","4131405.05","715110.37",
"1602-10-03 00:00","3454657.25","12357764.4","0","0","1579461.65","14232960",
"1603-05-28 00:00","2434596.4000000004","6578663.86","0","0","500948.06","8512312.2",
"1604-04-01 00:00","4417009.6","19064406.5","0","0","3511355.1","19970061",
"1604-11-25 00:00","1039003.7999999999","2566991.6","0","0","1618614.1","1987381.3",
"1605-07-20 00:00","4029836.1999999997","18223521","0","0","10735625.4","11517731.8",
"1606-05-23 00:00","4204109.7","15747536.5","0","0","11858837.2","8092809",
"1607-01-17 00:00","2188792.96","4667857.4","0","0","4426336.4","2430313.96",
"1607-09-12 00:00","508044.25","495788.80000000005","0","0","425098.3","578734.75",
"1608-07-15 00:00","2372426.7800000003","7470445.5","0","0","9122515","720357.28",
"1609-03-12 00:00","766927.86","1447071.3","0","0","1494047.46","719951.7",
"1609-11-04 00:00","764059.29","1349845.12","0","0","68160.11","2045744.3",
"1603-05-07 00:00","1517617.8900000001","3995545.8899999997","0","0","194171.98","5318991.8",
"1604-01-01 00:00","1426465","2542278.2","0","0","2086231.2","1882512",
"1604-11-04 00:00","1971112.52","7490580.27","0","0","177310.29","9284382.5",
"1605-06-29 00:00","1996038.9","5051697.5","0","0","4386984.4","2660752",
"1606-02-24 00:00","2428064.77","6029988.5","0","0","7110493.8","1347559.47",
"1607-08-21 00:00","2356160.7","14729978.6","0","0","15877348","1208791.3",
"1609-10-14 00:00","4547730.5","12457059","0","0","12575904","4428885.5",
"1605-03-31 00:00","1787099.6600000001","3746426.2","0","0","3598356.6","1935169.26",
"1606-02-02 00:00","979672.7","957059.29","0","0","1426398.5","510333.49",
"1608-03-27 00:00","5051839.4","9480413.2","0","0","3325828.8","11206423.8",
"1609-09-22 00:00","5407818.9","11706830","0","0","12616005","4498643.9",
"1611-01-12 00:00","10658046","22192090.5","0","0","22173186","10676950.5",
"1611-11-15 00:00","3574723.8","7017283.4","0","0","6093209","4498798.2",
"1605-03-12 00:00","1108133.91","1426810.56","0","0","568179.03","1966765.44",
"1606-09-06 00:00","3373368.1","8803984.7","0","0","5794858.800000001","6382494",
"1609-06-24 00:00","3878747.1399999997","12442513.56","0","0","1324744.9000000001","14996515.8",
"1610-04-29 00:00","8925224","43104953","0","0","36372706","15657471",
"1611-08-16 00:00","2389235.12","4707233.1","0","0","1026757.22","6069711",
"1612-06-19 00:00","3850341.4","8088896","0","0","5190655.1","6748582.3",
"1613-02-13 00:00","5738995.1","18618039.2","0","0","20603036.2","3753998.1",
"1606-06-08 00:00","6544017.7","21066261","0","0","16517557.2","11092721.5",
"1609-06-03 00:00","3905642.3000000003","13880872.5","0","0","12620496.2","5166018.6",
"1610-01-28 00:00","406232.17","928034.4","0","0","164209.55","1170057.02",
"1610-12-01 00:00","2213582.04","7841715.3","0","0","2223152.24","7832145.1",
"1611-07-26 00:00","2096096.2","10957029.06","0","0","12184898.5","868226.76",
"1612-03-20 00:00","2420985.4","8976570","0","0","6184953.9","5212601.5",
"1613-01-23 00:00","2422010.1","10257490.7","0","0","7387265.6","5292235.2",
"1613-08-27 00:00","2310557.81","10513303.56","2038726.6","0","1093360.17","13769227.799999999",
"1614-04-21 00:00","1326469.31","5168857.3","0","0","3215306.05","3280020.56",
"1614-12-16 00:00","867725.91","2108716.22","0","0","435268.82999999996","2541173.3",
"1608-06-19 00:00","2360224.54","15236150","0","0","2740270.94","14856103.6",
"1609-10-08 00:00","6905119.9","24959682.5","0","0","25285229","6579573.4",
"1610-08-11 00:00","2752712.6","9707564.7","0","0","7352338.6","5107938.7",
"1611-04-05 00:00","5144209.6","16937371.8","0","0","17667742.2","4413839.199999999",
"1611-11-30 00:00","5991822.4","28198368.5","0","0","24009280.5","10180910.4",
"1612-10-03 00:00","2348709.8","9957108","0","0","8137722.9","4168094.9",
"1613-05-28 00:00","2345136.61","14965154","0","0","16970877","339413.61",
"1614-04-02 00:00","4688795.2","15267778","0","0","8721937.2","11234636",
"1614-11-25 00:00","5706587.3","23252026","1894341.9","0","15646394.8","15206560.4",
"1615-07-20 00:00","6362114.7","24473349","0","0","7993328.2","22842135.5",
"1616-05-23 00:00","6094977.3","23578825","0","0","14651961.8","15021840.5",
"1609-09-17 00:00","8594023.7","33489911","0","0","29872801.5","12211133.2",
"1610-05-12 00:00","6698292","25444794.5","0","0","23772491","8370595.5",
"1611-03-17 00:00","6441668","24590184","0","0","10811671.8","20220180.2",
"1611-11-09 00:00","2779156.6999999997","14226379.4","0","0","15659588.8","1345947.3",
"1612-07-04 00:00","2665022","8679450.8","0","0","4455964.699999999","6888508.1",
"1613-05-07 00:00","7380233.3","26688235","0","0","13663544.8","20404923.5",
"1614-01-01 00:00","13308081","61456768","0","0","39957245","34807604",
"1614-11-04 00:00","13749627","59634288","0","0","49241675","24142240",
"1615-06-29 00:00","4159964.9","16501890","0","3245263","13798949.5","10108168.4",
"1616-02-24 00:00","6043276.8","24131117","0","0","16268347","13906046.8",
"1616-12-27 00:00","7522126","27742981","0","0","16433047","18832060",
"1610-04-21 00:00","7024794","28179518","0","0","24745171","10459141",
"1610-12-16 00:00","12368030.5","42711232","0","0","27122592.5","27956670",
"1611-10-19 00:00","5401661.199999999","19515588","0","0","16131971.8","8785277.4",
"1612-06-13 00:00","28846111","124981368","1964321.1","0","122149807.1","33641993",
"1613-02-08 00:00","45403180","158197072","1907144.4","3422617.8","117472774.2","91457240",
"1613-12-11 00:00","24703187","92321044","1900033.4","0","59202629","59721635.4",
"1614-08-05 00:00","25830695","111159594","0","0","35031867","101958422",
"1615-03-31 00:00","30079163","129714428","0","0","136109894","23683697",
"1616-02-02 00:00","28802919","128597148","0","0","95925438","61474629",
"1616-09-28 00:00","24097097.5","91685614","0","0","81700873","34081838.5",
"1617-07-31 00:00","16331083.5","63997194","0","0","39836301","40491976.5",
"1618-03-28 00:00","9999127","40262004","0","0","30489752.5","19771378.5",
"1611-07-20 00:00","24485507.5","99982322","0","0","105805822","18662007.5",
"1612-05-23 00:00","41569282","175467080","0","0","168264154","48772208",
"1613-01-17 00:00","42681418","160397424","1907327.1","3262820","123093347.1","85155642",
"1613-09-12 00:00","19718005","62180558","1871846","0","45251494","38518915",
"1614-07-15 00:00","9385634.5","36828058","0","0","23067648.5","23146044",
"1615-03-12 00:00","18341899","74704628","2189424.5","0","41042152.5","54193799",
"1615-11-04 00:00","25020824.5","98228526","0","5399639","102455721","26193268.5",
"1616-09-06 00:00","24460034.5","90515632","0","0","79886920","35088746.5",
"1617-05-02 00:00","19877805","64330418","2849920","0","33149232","53908911",
"1618-03-06 00:00","50551168","227297640","4663984.5","0","99812914","182699878.5",
"1618-10-30 00:00","26366397","111067338","0","0","108086258","29347477",
"1612-02-24 00:00","10622636","42176452","0","0","40027789","12771299",
"1612-12-27 00:00","10940585.5","53381186","0","0","38353252","25968519.5",
"1613-08-21 00:00","7675215.4","33418210","0","0","13722292.2","27371133.2",
"1614-04-16 00:00","9238070","37195007","0","0","14752355","31680722",
"1615-02-18 00:00","19169327","85975402","0","0","65723789","39420940",
"1615-10-14 00:00","7545479","28672347","407464.62","2011367","14607971.819999998","24028685.8",
"1616-06-08 00:00","16479621.5","55933016","11470147.5","9528047","33175412","60235420",
"1617-04-13 00:00","25109265.5","105152531","9496214","7462432","128129768","19090674.5",
"1617-12-06 00:00","34134083","218154684","1899871.2","4018618","55605743","202601513.2",
"1618-07-31 00:00","44604240","183009576","5126585","0","102049214","130691187",
"1619-06-03 00:00","25851762.5","128819510","0","0","124081776","30589496.5",
"1620-01-28 00:00","18384097.5","86100868","0","0","32949982.5","71534983",
"1613-07-31 00:00","22316129.5","94497126","0","0","85343196","31470059.5",
"1614-03-28 00:00","12687798.2","50453967","0","0","44975014","18166751.2",
"1614-11-20 00:00","15315963","74205804","2306803.2","3522642","38665945","56685267.2",
"1615-09-22 00:00","21913538.5","120839120","0","4652024","123027036","24377646.5",
"1616-05-18 00:00","24230097","118286548","0","0","74321679","68194966",
"1617-01-12 00:00","21988102","92776140","0","3967517","54199789","64531970",
"1617-11-15 00:00","15468497","68735080","0","0","34503234","49700343",
"1618-07-10 00:00","13002864.5","63004770","0","0","27869215","48138419.5",
"1619-03-04 00:00","30471332","172418180","0","5348877","66323730","141914659",
"1620-01-07 00:00","19065068","111888020","2690911.5","0","97435184.5","36208815",
"1620-09-01 00:00","62635068","339990180","15929579","18671822","357722656","79503993",
"1614-03-06 00:00","89729816","411587792","13807229.8","13630768","361970880","166784725.8",
"1614-10-30 00:00","39169342","158456440","0","0","110440504","87185278",
"1615-06-24 00:00","23881082","91325700","0","3843447.8","60727583.8","58322646",
"1616-04-28 00:00","55172992","239538136","0","3563513.5","219187989.5","79086652",
"1616-12-22 00:00","23239872","89734156","0","3244555.8","68320854.8","47897729",
"1617-08-16 00:00","33522117","138475188","2639165","0","131153055","43483415",
"1618-06-19 00:00","30820365","124485764","0","0","31793681","123512448",
"1619-02-13 00:00","23273539","71635700","0","0","50553422","44355817",
"1619-10-08 00:00","34095528","148513152","0","0","83186212","99422468",
"1620-08-11 00:00","32381450","143777484","0","0","118462990","57695944",
"1621-04-05 00:00","36217640","139034556","0","0","130674370","44577826",
"1621-11-30 00:00","19900334.5","77556216","0","0","64606903","32849647.5",
"1615-06-03 00:00","19728360","77791746","0","0","19608412","77911694",
"1616-01-28 00:00","22146564","82184862","0","0","65836679","38494747",
"1616-12-01 00:00","25204466","119537314","1894719","0","28924916","117711583",
"1617-07-26 00:00","26262820","134168260","0","0","71957026","88474054",
"1618-03-20 00:00","38846779","167601596","0","0","134475588","71972787",
"1619-01-23 00:00","31857170","153448888","0","0","127226120","58079938",
"1619-09-17 00:00","24223494","102312380","2358559","4541403","44578712","88857124",
"1620-05-12 00:00","26390045","119413496","0","0","77854697","67948844",
"1621-03-17 00:00","52274042","251569832","0","16358168","272915868","47286174",
"1621-11-09 00:00","36395817","158850116","0","0","148884818","46361115",
"1622-07-04 00:00","22155606.5","88733590","0","0","75880387","35008809.5",
"1623-05-07 00:00","24992413","117514864","0","0","40289912","102217365",
"1616-09-01 00:00","25385724.5","116342992","2476326","0","106445860","37759182.5",
"1617-07-05 00:00","12995837","54632876","0","0","36027074.5","31601638.5",
"1618-03-01 00:00","23529217","112754696","0","0","112300876","23983037",
"1618-10-24 00:00","16304733","69038260","0","0","54646961","30696032",
"1619-08-27 00:00","42170146","185817424","0","6736152","196027628","38696094",
"1620-04-21 00:00","21288234","86508656","0","0","57242194","50554696",
"1620-12-16 00:00","60114347","271532940","3782863.2","0","277470247.2","57959903",
"1621-10-19 00:00","22466072","80873834","2676310.5","0","37997867","68018349.5",
"1622-06-13 00:00","18155209.5","86995938","0","8628178","32969479.5","80809846",
"1623-02-08 00:00","16893527","73060430","0","3787271","31392754","62348474",
"1623-12-11 00:00","25578613","115206212","4098226","0","52013275","92869776",
"1617-04-05 00:00","15689373","61830442","0","0","28776862","48742953",
"1617-11-30 00:00","20784491","99617628","0","6293303.5","83171804.5","43523618",
"1618-10-03 00:00","12015211.7","51802088","0","0","45226444.5","18590855.2",
"1619-05-28 00:00","13151790.5","52932252","0","0","37906796","28177246.5",
"1620-04-01 00:00","9868264.9","46410333","0","0","44904859.5","11373738.4",
"1620-11-25 00:00","28638653.5","163887666","0","0","166843986","25682333.5",
"1621-07-20 00:00","9798164.5","41840424","0","0","26005491.5","25633097",
"1622-05-23 00:00","10280800.5","46965091","0","0","46980315.5","10265576",
"1623-01-17 00:00","23089180.5","116975890","1877532.2","0","127604496.2","14338106.5",
"1623-09-12 00:00","12213454","52252450","0","0","38629972.5","25835931.5",
"1624-07-15 00:00","7563060","31643037","0","0","12919067","26287030",
"1625-03-12 00:00","16735105","95103348","2593027.8","0","27539899","86891581.8",
"1618-07-04 00:00","15179389.8","80847366","0","0","82190706","13836049.8",
"1619-05-07 00:00","12142412","50732158","0","0","40223808.5","22650761.5",
"1620-01-01 00:00","19021977","87321913","0","0","15879340","90464550",
"1620-11-04 00:00","25187905","132602072","0","0","102254560","55535417",
"1621-06-29 00:00","15364930.5","71664215","0","0","72531348","14497797.5",
"1622-02-24 00:00","23651673.5","132035622","1869275.2","0","140288113.2","17268457.5",
"1622-12-27 00:00","9386661.1","42296530","0","0","43987418","7695773.1",
"1623-08-21 00:00","67227246","390539280","3798844.7","0","389732876.5","71832494.2",
"1624-04-16 00:00","23940714.5","102985782","0","0","87891981","39034515.5",
"1625-02-18 00:00","24974237","111187076","0","0","81660704","54500609",
"1625-10-14 00:00","14799231.5","62458570","0","0","44276205","32981596.5",
"1619-02-08 00:00","27349420","133662048","0","0","112264038","48747430",
"1619-12-11 00:00","79552900","363478000","2276025","16038516","336654217","124691224",
"1620-08-05 00:00","27542864","115222628","0","0","73040264","69725228",
"1621-03-31 00:00","14336538.5","55042972","0","0","31771166","37608344.5",
"1622-02-02 00:00","49386178","227922352","0","3934202.2","113184808.2","168057924",
"1622-09-28 00:00","18472209","76085954","0","0","36328069","58230094",
"1628-03-20 00:00","4187127.4","3382969.9","0","0","3908782.8","3661314.5",
"1629-01-23 00:00","5664447","6238072","0","0","6087989","5814530",
"1622-05-18 00:00","6859683","6103685.2","0","0","6645110.5","6318257.7",
"1623-01-12 00:00","9205581.8","7943291.5","0","0","10291663.5","6857209.8",
"1623-11-15 00:00","8865788.5","7623254.2","0","0","8692233.5","7796809.2",
"1624-07-10 00:00","7269074.8","6384632.5","0","0","6137954.3","7515753",
"1625-03-04 00:00","6379790","5230054.6","0","0","5662941.8","5946902.8",
"1626-01-07 00:00","6096568.7","6911814.7","0","0","6665349.4","6343034",
"1626-09-01 00:00","4869412","4049410.5","0","0","3204495.3","5714327.2",
"1627-07-05 00:00","5380021.8","4190395.4","0","0","4221051.6","5349365.6",
"1628-02-29 00:00","6811168.2","7358311.6","0","0","7709287.8","6460192",
"1628-10-24 00:00","5516082.2","5313259.5","0","0","5441544.7","5387797",
"1629-08-27 00:00","4687061.5","4712016.6","0","0","4752347.8","4646730.3",
"1630-04-21 00:00","3472014.4","2625203.1","0","0","3297276","2799941.5",
"1623-08-16 00:00","9151417.5","14898050.5","0","0","13681120.5","10368347.5",
"1624-06-19 00:00","9467782.2","23029014","0","0","14602684.2","17894112",
"1625-02-13 00:00","8543805.8","20120684","0","0","13463759","15200730.8",
"1625-10-08 00:00","6604015.8","14552468.5","0","0","11634487.5","9521996.8",
"1626-08-11 00:00","6257601","17805540.5","0","0","13419720.2","10643421.3",
"1627-04-05 00:00","3855032.4","9083208.5","0","0","6483000.6","6455240.3",
"1627-11-30 00:00","5835190","12906205","0","0","7019730","11721665",
"1628-10-03 00:00","5939398.7","16319550.5","0","0","11342582.7","10916366.5",
"1629-05-28 00:00","4676482.4","11508364","0","0","9229747","6955099.4",
"1630-04-02 00:00","5326823.7","12753741","0","0","8582654.2","9497910.5",
"1630-11-25 00:00","6435305.4","19400795.5","0","0","16019903.2","9816197.7",
"1624-03-20 00:00","7101783.2","21791138","0","0","13421240","15471681.2",
"1625-01-23 00:00","6439637.3","17785291","0","0","14861923.8","9363004.5",
"1625-09-17 00:00","12776836","37141841","0","0","27499762.5","22418914.5",
"1626-05-12 00:00","14415811.5","35878379","0","0","29907839.5","20386351",
"1627-03-17 00:00","11188194.5","29409963","0","0","18176468","22421689.5",
"1627-11-09 00:00","7166157","18299272","0","0","12935697","12529732",
"1628-07-04 00:00","8977661.5","24759754","0","0","20535381","13202034.5",
"1629-05-07 00:00","12515803","30322126","0","0","24055443.5","18782485.5",
"1630-01-01 00:00","8257111","19401878","0","0","14431619","13227370",
"1630-11-04 00:00","6216627","13313247.5","0","0","8436252","11093622.5",
"1631-06-29 00:00","6413127.8","15113805.5","0","0","10283435","11243498.3",
"1632-02-24 00:00","5653302.2","11657846.5","0","0","10612465.5","6698683.2",
"1625-08-27 00:00","5179955.8","13539310","0","0","9556039.3","9163226.5",
"1626-04-21 00:00","5145330","13492420","0","0","9565070","9072680",
"1626-12-16 00:00","3800014.3","10920041.5","0","0","5763074","8956981.8",
"1627-10-19 00:00","2804767.5999999996","7306957.3","0","0","3809782","6301942.9",
"1628-06-13 00:00","4089494.9","9963671","0","0","9804339.8","4248826.1",
"1629-02-08 00:00","4473765.2","15757506","0","0","8759922.2","11471349",
"1629-12-11 00:00","3326889.8","8068913","0","0","4348616.4","7047186.4",
"1630-08-05 00:00","5400422.8","10825938.3","0","0","10114860.3","6111500.8",
"1631-03-31 00:00","4290171.6","9797963.3","0","0","6171778.6","7916356.3",
"1632-02-02 00:00","2810315.9000000004","6988198.3","0","0","5336072.6","4462441.6",
"1632-09-28 00:00","2638882.7","6682320","0","0","4845347.300000001","4475855.4",
"1626-04-02 00:00","3093799.5","8542324.8","0","0","7013598.1","4622526.199999999",
"1626-11-25 00:00","4009166","11076621","0","0","9567220.3","5518566.7",
"1627-07-20 00:00","4002052.4000000004","13194694","0","0","9435152.2","7761594.2",
"1628-05-23 00:00","3728456.4","7240336","0","0","7184877.5","3783914.9",
"1629-01-17 00:00","4057470.3","16015735","0","0","11773656.5","8299548.8",
"1629-09-12 00:00","3608583.4","11151685","0","0","9891831","4868437.4",
"1630-07-15 00:00","2543291.6","8268974.5","0","0","5751202.1","5061064",
"1631-03-12 00:00","2590348.8","10218456","0","0","8195173.9","4613630.9",
"1631-11-04 00:00","3630788.8","10554923","0","0","7177190","7008521.8",
"1632-09-06 00:00","3180228.6","9087953.3","0","0","3644716.9","8623465",
"1633-05-02 00:00","5322316.8","16052923","0","0","8257095","13118144.8",
"1634-03-06 00:00","1939120.6600000001","4699399.699999999","0","0","4364562.4","2273957.96",
"1627-06-29 00:00","4003743.5","15286331.2","0","0","3532877.7","15757197",
"1628-02-24 00:00","4036839.9","10002861","0","0","6251837.9","7787863",
"1628-12-27 00:00","7937392.7","33752738","0","0","11779278.2","29910852.5",
"1629-08-21 00:00","10348228","31119554","0","0","17410682.5","24057099.5",
"1630-04-16 00:00","7143585.3","18812604","0","0","9684750.5","16271438.8",
"1631-02-18 00:00","5565648.8","16639163","0","0","10280871","11923940.8",
"1631-10-14 00:00","3051526.7","8712222.5","0","0","7397448.1","4366301.1",
"1632-06-08 00:00","4920040.6","13224055.5","0","0","6578863.9","11565232.2",
"1633-04-13 00:00","3730151.7","8412681.5","0","0","5709793.9","6433039.3",
"1633-12-06 00:00","9339684.3","26441889","0","0","21352067.5","14429505.8",
"1634-07-31 00:00","5709833.5","18791040.5","0","0","15083606.5","9417267.5",
"1628-02-02 00:00","4949201.9","15148639.5","0","0","8930216.6","11167624.8",
"1628-09-28 00:00","5698078.2","16210638","0","0","12707550.2","9201166",
"1629-07-31 00:00","8341990","25628269.5","0","0","10780811.5","23189448",
"1630-03-28 00:00","7415970.2","21109744","0","0","11198819.2","17326895",
"1630-11-20 00:00","7484862.8","20772539","0","0","11710372.8","16547029",
"1631-09-22 00:00","7432160.2","21733248","0","0","12936631","16228777.2",
"1632-05-18 00:00","5870187.3","17908492.5","0","0","11158044.3","12620635.5",
"1633-01-12 00:00","4582201","12032763","0","0","5281537.2","11333426.8",
"1633-11-15 00:00","5499114.5","18777884","0","0","16665541.5","7611457",
"1634-07-10 00:00","5448605","16195624.2","0","0","5373069.7","16271159.5",
"1635-03-04 00:00","4054047","12083861","0","0","7127501.7","9010406.3",
"1636-01-07 00:00","3931696.2","10847412.5","0","0","8079331.7","6699777",
"1629-05-02 00:00","5059981.5","17311988","0","0","11127508","11244461.5",
"1630-03-06 00:00","5569581","18451167.5","0","0","14118806.8","9901941.7",
"1630-10-30 00:00","6517763","18704332","0","0","15248047","9974048",
"1631-06-24 00:00","5693232.7","19454464","0","0","13414604.5","11733092.2",
"1632-04-28 00:00","4251486.7","17326745.8","0","0","3429691.3","18148541.2",
"1632-12-22 00:00","4706157.5","13146298","0","0","6297947.5","11554508",
"1633-08-16 00:00","3451071.6","8738787.7","0","0","7540071","4649788.300000001",
"1634-06-19 00:00","3659738","13597776.5","0","0","4448840","12808674.5",
"1635-02-13 00:00","5090972.4","17122827.2","0","0","17134460.5","5079339.1",
"1635-10-08 00:00","5267277.2","19085673","0","0","11634518","12718432.2",
"1636-08-11 00:00","6754101","18606473.5","0","0","15936302.5","9424272",
"1637-04-05 00:00","4081747.5","13814942.5","0","0","6461145","11435545",
"1630-07-31 00:00","2062659.85","6265615","0","0","3876646.75","4451628.1",
"1631-06-03 00:00","2592538.2","7213063.8","0","0","4192887.5999999996","5612714.4",
"1632-01-28 00:00","2697947.2","6199640.7","0","0","4616973.300000001","4280614.6",
"1632-12-01 00:00","3798204.1","16550267","0","0","7646977.5","12701493.6",
"1633-07-26 00:00","2632810","8824650.7","0","0","6498342","4959118.7",
"1634-03-20 00:00","4268264.800000001","15748396","0","0","4078160.6","15938500.2",
"1635-01-23 00:00","3291307.9","11180588.7","0","0","5218308.1","9253588.5",
"1635-09-17 00:00","2261259","8000455.8","0","0","5960222","4301492.8",
"1636-05-12 00:00","2273586.3","6089095.3","0","0","3433095.9","4929585.7",
"1637-03-17 00:00","2576709","8086272.8","0","0","3351182.4","7311799.4",
"1637-11-09 00:00","6762554","35166935","2380528.5","18277002","47924195.5","14662824",
"1631-03-04 00:00","7301702.3","18835870","0","0","14046894.5","12090677.8",
"1632-01-07 00:00","3240609.4","8172509.8","0","0","4909539.8","6503579.4",
"1632-09-01 00:00","3489061.8000000003","8141363.8","0","0","7146806.2","4483619.4",
"1633-07-05 00:00","2476522.5","6506751.5","0","0","3761469.9","5221804.1",
"1634-03-01 00:00","2134434.6","5126185.7","0","0","3747893.2","3512727.1",
"1634-10-24 00:00","4902661","16293424","0","0","12034025.5","9162059.5",
"1635-08-27 00:00","2557703.3600000003","6050513.9","0","0","2039894.96","6568322.3",
"1636-04-21 00:00","2242996.3","5589244.3","0","0","2783990.2","5048250.4",
"1636-12-16 00:00","2849173.6","7398532.8","0","0","5939365.6","4308340.8",
"1637-10-19 00:00","2579388.3","7620514","0","0","6340766.5","3859135.8",
"1638-06-13 00:00","2595242.84","8218232.2","0","0","3731464.64","7082010.4",
"1639-02-08 00:00","2023568.44","5734140.2","0","0","4712687","3045021.64",
"1632-08-11 00:00","6483117.8","17873849","0","0","15835896","8521070.8",
"1633-04-05 00:00","6769809.2","18295978","0","0","12664267","12401520.2",
"1633-11-30 00:00","7461444","20707353","0","0","16049655.5","12119141.5",
"1634-10-03 00:00","3695238.6","9563007.5","0","0","6043492.3","7214753.8",
"1635-05-28 00:00","6914822.6","17786259","0","0","12777230.8","11923850.8",
"1636-04-01 00:00","3483660.6","8718099.5","0","0","5547819.6","6653940.5",
"1636-11-25 00:00","3871754.9","8847145.5","0","0","6425931.5","6292968.9",
"1637-07-20 00:00","2665743.9","6350374","0","0","4625657.2","4390460.699999999",
"1638-05-23 00:00","3642095.2","7075084.3","0","0","6638327.5","4078852",
"1639-01-17 00:00","2771013.2","8017820.5","0","0","6032674.1","4756159.6",
"1639-09-12 00:00","3781243","10817653.5","0","0","6041983.4","8556913.1",
"1633-03-17 00:00","4200709","13369574.5","0","0","5245764","12324519.5",
"1633-11-09 00:00","2746775.5","6251058.4","0","0","3571817.2","5426016.7",
"1634-07-04 00:00","1909718.9","4338027.4","0","0","3164246.9000000004","3083499.4",
"1635-05-07 00:00","4043711.1","10012252","0","0","8045127.2","6010835.9",
"1636-01-01 00:00","4201918.2","9187713.8","0","0","4926988","8462644",
"1636-11-04 00:00","5461891.300000001","15354597","0","0","6652427.1","14164061.2",
"1637-06-29 00:00","4865797.5","15372911.5","0","0","10056751.5","10181957.5",
"1638-02-24 00:00","3382222.8","10801996.5","0","0","6410515.3","7773704",
"1638-12-27 00:00","2066741","5398707.5","0","0","3752843.3","3712605.2",
"1639-08-21 00:00","2342050.15","8599464.2","0","0","6450747.75","4490766.6",
"1640-04-16 00:00","4487256.6","16591675.2","0","0","5682006","15396925.8",
"1641-02-18 00:00","4014407","9462102.5","0","0","7737437.7","5739071.8",
"1634-06-13 00:00","4845942.7","16476155.5","0","0","9489368.7","11832729.5",
"1635-02-08 00:00","3747386.1999999997","12951370.2","0","0","4845195.6","11853560.8",
"1635-12-11 00:00","4631659.5","13539180","0","0","6821232.5","11349607",
"1636-08-05 00:00","3790930.8","13079380.5","2109839.2","0","6549661.3","12430489.2",
"1637-03-31 00:00","2402205.8","6098213","0","0","4127673.9","4372744.9",
"1638-02-02 00:00","4712196.4","18688814.5","0","0","8263961.1","15137049.8",
"1638-09-28 00:00","3526869.7","10843375","0","0","5825494.5","8544750.2",
"1639-07-31 00:00","3754776.8000000003","12240725.2","0","0","3729425.8000000003","12266076.2",
"1640-03-27 00:00","6716993.7","17618488.5","0","0","11285378","13050104.2",
"1640-11-20 00:00","5052132.6","10773645.5","0","0","8734042.8","7091735.3",
"1641-09-22 00:00","4112496.7","11345515","0","0","7903342.3","7554669.4",
"1635-01-17 00:00","3089078.7","6846627.7","0","0","6165888.1","3769818.3000000003",
"1635-09-12 00:00","3665251.2","10214827","0","7860645","3015622.2","18725101",
"1636-07-15 00:00","2363778.5","8201999.5","0","0","4727989.3","5837788.7",
"1637-03-12 00:00","5781259.8","21293839","2726561.5","0","21833405.3","7968255",
"1637-11-04 00:00","4391300.5","14061447","0","0","7216501.5","11236246",
"1638-09-06 00:00","4205881.300000001","12096410","2715257","0","9371445.6","9646102.7",
"1639-05-02 00:00","2562196.1","6052537.8","0","0","4304736.3","4309997.6",
"1640-03-05 00:00","1912603.25","4686198.3","0","0","3512953.5","3085848.05",
