,trade_vol_s,trade_vol_m,trade_vol_l,trade_vol_x,short,long,date
0,41728270400,84473897000.0,25903245300.0,6978725380.0,79175117910.0,79909020170.0,2020-04-29 00:00
1,26099567700,48398354500.0,13949766200.0,5173956100.0,44627913340.0,48993731160.0,2020-04-30 00:00
2,377070480,494982144.0,165014528.0,59494970.0,562191160.0,534370962.0,2020-05-01 00:00
3,210887584,252835176.0,69742762.0,17545653.0,277375421.0,273635754.0,2020-05-02 00:00
4,110492128,147422736.0,34510865.0,11284236.0,149521111.0,154188854.0,2020-05-03 00:00
5,131444912,182000352.0,56126664.0,16516223.0,201436753.0,184651398.0,2020-05-04 00:00
6,169489608,198430536.0,63341358.0,17935829.0,226263899.0,222933432.0,2020-05-05 00:00
7,179551952,203002760.0,51541840.0,13455373.0,226179612.0,221372313.0,2020-05-06 00:00
8,12556685300,14761768500.0,3681942150.0,1523522630.0,15480672920.0,17043245660.0,2020-05-07 00:00
9,10303769100,12655390200.0,3840514690.0,1733782150.0,16439443030.0,12094013110.0,2020-05-08 00:00
10,1325514750,1262784320.0,344766816.0,75712470.0,1508779516.0,1499998840.0,2020-05-09 00:00
11,41988487200,44926894100.0,11381662200.0,3158658690.0,53718842070.0,47736860120.0,2020-05-10 00:00
12,19791582200,19396066300.0,4370485510.0,1153164930.0,24371890380.0,20339408560.0,2020-05-11 00:00
13,98577136,99901544.0,33558337.0,10201338.5,119167396.5,123070959.0,2020-05-12 00:00
14,155668712,154008416.0,40702336.0,15609686.0,181810828.0,184178322.0,2020-05-13 00:00
15,125698980,127886080.0,40678992.0,13279902.5,160200072.5,147343882.0,2020-05-14 00:00
16,106183040,108912208.0,37418474.0,13038634.5,132645769.5,132906587.0,2020-05-15 00:00
17,82218028,99791564.0,27948841.0,10559420.2,103643132.2,116874721.0,2020-05-16 00:00
18,120501160,146631848.0,40001030.0,11605412.0,162412322.0,156327128.0,2020-05-17 00:00
19,99092044,126345628.0,35107268.0,12232984.0,137475171.0,135302753.0,2020-05-18 00:00
20,97890496,135280236.0,38367068.0,12795355.0,152223232.0,132109923.0,2020-05-19 00:00
21,111449180,154773768.0,40252758.0,11372795.5,165337975.5,152510526.0,2020-05-20 00:00
22,117370024,151382968.0,34712418.0,14442136.0,155629314.0,162278232.0,2020-05-21 00:00
23,86657672,141076456.0,31530792.0,13725316.0,133534329.0,139455907.0,2020-05-22 00:00
24,76788812,121830200.0,32506608.0,9156823.8,119991931.8,120290512.0,2020-05-23 00:00
25,102620016,146467232.0,38773034.0,11916493.5,150669391.5,149107384.0,2020-05-24 00:00
26,73151604,101396688.0,24027114.0,6388222.2,106682359.2,98281269.0,2020-05-25 00:00
27,76084908,98835600.0,26142017.0,5607697.4,92927722.4,113742500.0,2020-05-26 00:00
28,73745376,116377912.0,26801401.0,7575862.2,105477428.2,119023123.0,2020-05-27 00:00
29,124739416,175706296.0,46555636.0,15467447.0,178660413.0,183808382.0,2020-05-28 00:00
30,158748792,221853832.0,57533828.0,18840500.0,224965012.0,232011940.0,2020-05-29 00:00
31,208604328,276113968.0,74042800.0,23490347.0,294917624.0,287333819.0,2020-05-30 00:00
32,366192384,183897024.0,39652378.0,13507137.5,301099868.5,302149055.0,2020-05-31 00:00
33,880797888,32258990.0,0.0,0.0,456595983.0,456460895.0,2020-06-01 00:00
34,306831264,7615358.8,0.0,0.0,157060343.8,157386279.0,2020-06-02 00:00
35,392947984,18874100.0,0.0,0.0,206502394.0,205319690.0,2020-06-03 00:00
36,351597600,12285262.0,0.0,0.0,188110723.0,175772139.0,2020-06-04 00:00
37,205124216,4133680.0,0.0,0.0,103510019.2,105747876.8,2020-06-05 00:00
38,251279696,9255292.2,0.0,0.0,140728471.0,119806517.2,2020-06-06 00:00
39,261861832,9324550.0,0.0,0.0,129729432.0,141456950.0,2020-06-07 00:00
40,287112416,5923704.0,0.0,0.0,147611443.5,145424676.5,2020-06-08 00:00
41,162158984,2905047.7,0.0,0.0,84312234.9,80751796.8,2020-06-09 00:00
42,434916960,14014351.5,0.0,0.0,229534111.0,219397200.5,2020-06-10 00:00
43,381522784,9030489.5,0.0,0.0,201041544.0,189511729.5,2020-06-11 00:00
44,145033064,3015196.4,0.0,0.0,74587316.9,73460943.5,2020-06-12 00:00
45,157803720,4883218.3,0.0,0.0,86902834.8,75784103.5,2020-06-13 00:00
46,381476784,18800561.0,0.0,0.0,211381842.0,188895503.0,2020-06-14 00:00
47,296007008,14636736.0,0.0,0.0,150610995.0,160032749.0,2020-06-15 00:00
48,209881920,10201456.5,0.0,0.0,114197928.0,105885448.5,2020-06-16 00:00
49,172199032,6667424.7,0.0,0.0,94952883.5,83913573.2,2020-06-17 00:00
50,226561784,9348547.5,0.0,0.0,122137866.5,113772465.0,2020-06-18 00:00
51,167852888,6841102.2,0.0,0.0,94541026.2,80152964.0,2020-06-19 00:00
52,105758288,3511577.2,0.0,0.0,47913137.0,61356728.2,2020-06-20 00:00
53,255529408,9180018.8,0.0,0.0,125080617.8,139628809.0,2020-06-21 00:00
54,312234800,13254429.0,0.0,0.0,164222594.5,161266634.5,2020-06-22 00:00
55,397425824,16535286.0,0.0,0.0,222263545.0,191697565.0,2020-06-23 00:00
56,269744456,9758228.0,0.0,0.0,141651691.0,137850993.0,2020-06-24 00:00
57,234917168,8603396.5,0.0,0.0,128435655.5,115084909.0,2020-06-25 00:00
58,149828048,2299699.6,0.0,0.0,78961382.4,73166365.2,2020-06-26 00:00
59,322652096,13659025.0,0.0,0.0,168139112.5,168172008.5,2020-06-27 00:00
60,212701816,9179448.7,0.0,0.0,114574412.2,107306852.5,2020-06-28 00:00
61,229892488,11942042.5,0.0,0.0,118371376.0,123463154.5,2020-06-29 00:00
62,172104576,7601867.5,0.0,0.0,85831678.0,93874765.5,2020-06-30 00:00
63,266034648,15691888.0,0.0,0.0,146759148.0,134967388.0,2020-07-01 00:00
64,145389264,5768286.3,0.0,0.0,76592950.5,74564599.8,2020-07-02 00:00
65,94178276,1909407.34,0.0,0.0,50380641.4,45707041.94,2020-07-03 00:00
66,157199880,6283165.0,0.0,0.0,83573688.5,79909356.5,2020-07-04 00:00
67,258330888,11799503.4,0.0,0.0,123320391.4,146810000.0,2020-07-05 00:00
68,275921520,11479091.0,0.0,0.0,145723177.0,141677434.0,2020-07-06 00:00
69,310271664,9785469.7,0.0,0.0,155916302.2,164140831.5,2020-07-07 00:00
70,343164704,13998308.0,0.0,0.0,187501635.0,169661377.0,2020-07-08 00:00
71,211461800,6037400.7,0.0,0.0,110709287.5,106789913.2,2020-07-09 00:00
72,123176568,3726712.3,0.0,0.0,64516778.5,62386501.8,2020-07-10 00:00
73,177500488,5356632.7,0.0,0.0,94588314.5,88268806.2,2020-07-11 00:00
74,215892840,8036347.7,0.0,0.0,109087107.5,114842080.2,2020-07-12 00:00
75,220840088,10493112.5,0.0,0.0,124886633.5,106446567.0,2020-07-13 00:00
76,119662892,4348302.9,0.0,0.0,61691362.1,62319832.8,2020-07-14 00:00
77,224550728,10762358.0,0.0,0.0,126046695.0,109266391.0,2020-07-15 00:00
78,153184872,9451650.8,0.0,0.0,78731836.8,83904686.0,2020-07-16 00:00
79,91394464,4124622.3,0.0,0.0,44342481.1,51176605.2,2020-07-17 00:00
80,97264056,5514729.0,0.0,0.0,52317667.8,50461117.2,2020-07-18 00:00
81,156400984,6938395.5,0.0,0.0,78904054.0,84435325.5,2020-07-19 00:00
82,267530432,13569018.0,0.0,0.0,135281278.5,145818171.5,2020-07-20 00:00
83,195034552,8567784.0,0.0,0.0,102172444.0,101429892.0,2020-07-21 00:00
84,610614144,29638579.0,0.0,0.0,301474633.0,338778090.0,2020-07-22 00:00
85,720453856,37182176.0,0.0,0.0,379188862.0,378447170.0,2020-07-23 00:00
86,665604160,30863192.0,0.0,0.0,338922088.0,357545264.0,2020-07-24 00:00
87,1384482820,79538260.0,0.0,0.0,745148228.0,718872852.0,2020-07-25 00:00
88,1253487420,84009744.0,0.0,0.0,691131044.0,646366120.0,2020-07-26 00:00
89,1162477250,63829082.0,0.0,0.0,639928552.0,586377780.0,2020-07-27 00:00
90,628267808,41197372.0,0.0,0.0,345692332.0,323772848.0,2020-07-28 00:00
91,422916736,24477462.0,0.0,0.0,238783079.0,208611119.0,2020-07-29 00:00
92,1080253852,58048884.0,0.0,0.0,571958972.0,566343764.0,2020-07-30 00:00
93,825149024,44378542.0,0.0,0.0,443584742.0,425942824.0,2020-07-31 00:00
94,2396986880,155349744.0,0.0,0.0,1314005284.0,1238331340.0,2020-08-01 00:00
95,1214177470,79997064.0,0.0,0.0,681981116.0,612193418.0,2020-08-02 00:00
96,1187209480,69313102.0,0.0,0.0,668350928.0,588171654.0,2020-08-03 00:00
97,598684576,173361736.0,0.0,0.0,400509352.0,371536960.0,2020-08-04 00:00
98,469441504,347281264.0,755933.75,0.0,432894736.0,384583965.75,2020-08-05 00:00
99,374088816,327283616.0,937721.44,0.0,386337865.44,315972288.0,2020-08-06 00:00
100,475616992,369151200.0,817062.5,0.0,440765430.5,404819824.0,2020-08-07 00:00
101,341564000,259002432.0,0.0,0.0,319057232.0,281509200.0,2020-08-08 00:00
102,337925648,267495280.0,0.0,0.0,315518496.0,289902432.0,2020-08-09 00:00
103,374541664,267198760.0,1573088.5,0.0,349265232.5,294048280.0,2020-08-10 00:00
104,479171648,324925184.0,0.0,0.0,424397264.0,379699568.0,2020-08-11 00:00
105,514782256,377107248.0,1800544.5,0.0,465915408.0,427774640.5,2020-08-12 00:00
106,794311136,586681376.0,743539.9,0.0,719812256.0,661923795.9,2020-08-13 00:00
107,577794192,476654656.0,0.0,0.0,571738592.0,482710256.0,2020-08-14 00:00
108,423300944,308255936.0,0.0,0.0,405573296.0,325983584.0,2020-08-15 00:00
109,477903968,363978144.0,764524.5,0.0,443737120.0,398909516.5,2020-08-16 00:00
110,499603840,377516752.0,0.0,0.0,474447968.0,402672624.0,2020-08-17 00:00
111,449436672,299507632.0,0.0,0.0,408801616.0,340142688.0,2020-08-18 00:00
112,460315920,297066592.0,0.0,0.0,397136864.0,360245648.0,2020-08-19 00:00
113,331741904,223680952.0,1120671.0,0.0,304050207.0,252493320.0,2020-08-20 00:00
114,411679056,265970608.0,2395314.5,0.0,369207762.5,310837216.0,2020-08-21 00:00
115,211120576,145226592.0,1104661.2,0.0,194519501.2,162932328.0,2020-08-22 00:00
116,276704256,191062176.0,0.0,0.0,238960584.0,228805848.0,2020-08-23 00:00
117,403451664,284403824.0,0.0,0.0,368699776.0,319155712.0,2020-08-24 00:00
118,475748544,328232464.0,2844007.5,0.0,419589922.0,387235093.5,2020-08-25 00:00
119,342132704,240464992.0,772886.44,0.0,305585654.44,277784928.0,2020-08-26 00:00
120,344890624,247878392.0,0.0,0.0,299744504.0,293024512.0,2020-08-27 00:00
121,231988992,164852784.0,0.0,0.0,203829440.0,193012336.0,2020-08-28 00:00
122,260206288,183051000.0,0.0,0.0,227133288.0,216124000.0,2020-08-29 00:00
123,444740688,308814288.0,898316.3,0.0,388288400.0,366164892.3,2020-08-30 00:00
124,786381856,565750752.0,1199719.2,0.0,690069824.0,663262503.2,2020-08-31 00:00
125,997033792,780790176.0,865438.2,0.0,955009566.2,823679840.0,2020-09-01 00:00
126,990673856,854081952.0,2792588.0,0.0,986456876.0,861091520.0,2020-09-02 00:00
127,958034976,723653728.0,3495514.0,0.0,896462080.0,788722138.0,2020-09-03 00:00
128,915469760,512640512.0,0.0,0.0,769939392.0,658170880.0,2020-09-04 00:00
129,1232479040,629833024.0,0.0,0.0,976289760.0,886022304.0,2020-09-05 00:00
130,729528640,430088320.0,0.0,0.0,579884304.0,579732656.0,2020-09-06 00:00
131,577778112,362868000.0,0.0,0.0,456281904.0,484364208.0,2020-09-07 00:00
132,443075744,316328816.0,0.0,0.0,364937952.0,394466608.0,2020-09-08 00:00
133,560490368,437065344.0,2014755.0,0.0,483537216.0,516033251.0,2020-09-09 00:00
134,436819616,308821104.0,0.0,0.0,353437488.0,392203232.0,2020-09-10 00:00
135,276676712,195894792.0,0.0,0.0,225952968.0,246618536.0,2020-09-11 00:00
136,435499088,392435328.0,758926.6,0.0,407645390.6,421047952.0,2020-09-12 00:00
137,475141952,386759712.0,2362045.2,0.0,401534160.0,462729549.2,2020-09-13 00:00
138,445285264,362002960.0,844187.1,0.0,408046971.1,400085440.0,2020-09-14 00:00
139,373909760,299776080.0,0.0,2094582.0,321494832.0,354285590.0,2020-09-15 00:00
140,530084160,457350400.0,1592877.0,0.0,465305377.94,523722059.06,2020-09-16 00:00
141,370859296,309592064.0,0.0,0.0,324514608.0,355936752.0,2020-09-17 00:00
142,239637208,193358616.0,0.0,0.0,211824440.0,221171384.0,2020-09-18 00:00
143,210733224,183837016.0,832318.8,0.0,203170488.0,192232070.8,2020-09-19 00:00
144,585504864,507352928.0,1895198.0,0.0,552337278.0,542415712.0,2020-09-20 00:00
145,421277040,377541712.0,0.0,0.0,380995648.0,417823104.0,2020-09-21 00:00
146,283397904,329493504.0,1236030.0,0.0,294816688.0,319310750.0,2020-09-22 00:00
147,527743696,499260352.0,0.0,0.0,489812896.0,537191152.0,2020-09-23 00:00
148,435546512,373089296.0,0.0,0.0,379366816.0,429268992.0,2020-09-24 00:00
149,307283152,262349200.0,0.0,0.0,274244712.0,295387640.0,2020-09-25 00:00
150,279501576,252587256.0,0.0,0.0,256706464.0,275382368.0,2020-09-26 00:00
151,307734896,290032352.0,1078381.4,0.0,276035584.0,322810045.4,2020-09-27 00:00
152,285210672,261861088.0,0.0,0.0,274783184.0,272288576.0,2020-09-28 00:00
153,228066440,205275624.0,0.0,0.0,210163352.0,223178712.0,2020-09-29 00:00
154,262932104,233514096.0,762059.06,0.0,236210880.0,260997379.06,2020-09-30 00:00
155,515815968,437161184.0,749829.2,0.0,484526741.2,469200240.0,2020-10-01 00:00
156,180556592,136545448.0,0.0,0.0,146105184.0,170996856.0,2020-10-02 00:00
157,156791120,146548960.0,745470.6,0.0,145826272.0,158259278.6,2020-10-03 00:00
158,201523280,191665952.0,1677061.1,1758586.0,185384792.0,211240087.1,2020-10-04 00:00
159,229407800,218260424.0,0.0,0.0,219645656.0,228022568.0,2020-10-05 00:00
160,280454352,247559456.0,0.0,0.0,260219136.0,267794672.0,2020-10-06 00:00
161,263832016,254038304.0,0.0,0.0,245082400.0,272787920.0,2020-10-07 00:00
162,241472680,235534320.0,0.0,0.0,213264512.0,263742488.0,2020-10-08 00:00
163,293056224,268588608.0,941958.9,0.0,274631296.0,287955494.9,2020-10-09 00:00
164,202550048,183569368.0,0.0,0.0,197324264.0,188795152.0,2020-10-10 00:00
165,316197600,332348752.0,767888.75,0.0,326378592.75,322935648.0,2020-10-11 00:00
166,386934144,388999872.0,980414.44,0.0,412382302.44,364532128.0,2020-10-12 00:00
167,256109224,270288696.0,0.0,0.0,273739040.0,252658880.0,2020-10-13 00:00
168,300037072,301234640.0,2880157.46,0.0,321840483.4,282311386.06,2020-10-14 00:00
169,364381296,395679184.0,0.0,0.0,397251328.0,362809152.0,2020-10-15 00:00
170,166804040,139767248.0,0.0,0.0,149458408.0,157112880.0,2020-10-16 00:00
171,150242792,142502688.0,0.0,0.0,136425184.0,156320296.0,2020-10-17 00:00
172,218781488,210358504.0,0.0,0.0,199302256.0,229837736.0,2020-10-18 00:00
173,311884448,304777968.0,0.0,0.0,331505712.0,285156704.0,2020-10-19 00:00
174,453313776,410021680.0,1135772.8,0.0,423254176.0,441217052.8,2020-10-20 00:00
175,695993888,626222656.0,0.0,0.0,674075552.0,648140992.0,2020-10-21 00:00
176,515426256,486697120.0,0.0,0.0,523428240.0,478695136.0,2020-10-22 00:00
177,359729680,345385088.0,2024638.2,0.0,371259742.2,335879664.0,2020-10-23 00:00
178,294603168,291172696.0,0.0,0.0,324731024.0,261044840.0,2020-10-24 00:00
179,375355840,381977072.0,8086224.5,0.0,418803280.5,346615856.0,2020-10-25 00:00
180,529142944,561709600.0,1843142.25,0.0,555746858.25,536948828.0,2020-10-26 00:00
181,610003392,566589248.0,3052168.0,0.0,638646088.0,540998720.0,2020-10-27 00:00
182,367853152,356137200.0,0.0,0.0,360249888.0,363740464.0,2020-10-28 00:00
183,474047184,472729056.0,2587961.8,0.0,476576185.8,472788016.0,2020-10-29 00:00
184,338937984,317783808.0,0.0,0.0,319659168.0,337062624.0,2020-10-30 00:00
185,245660160,224754672.0,0.0,0.0,238453736.0,231961096.0,2020-10-31 00:00
186,513686992,466935024.0,2882724.44,0.0,490179466.94,493325273.5,2020-11-01 00:00
187,368943392,356931104.0,876319.1,0.0,374221471.1,352529344.0,2020-11-02 00:00
188,365239872,326736432.0,998718.1,0.0,339497104.0,353477918.1,2020-11-03 00:00
189,1002506496,1045329312.0,1641448.9,0.0,1021144684.4,1028332572.5,2020-11-04 00:00
190,1062101950,1139477120.0,4609256.1,0.0,1114179976.1,1092008350.0,2020-11-05 00:00
191,983339584,1018589470.0,7572598.8,0.0,1037341299.0,972160353.8,2020-11-06 00:00
192,802832096,728429984.0,1784467.5,0.0,803251667.5,729794880.0,2020-11-07 00:00
193,759081312,801583136.0,1830906.9,0.0,830415418.9,732079936.0,2020-11-08 00:00
194,580940256,600221984.0,2020229.2,0.0,613336165.2,569846304.0,2020-11-09 00:00
195,632147936,734102784.0,4051936.5,0.0,689738159.0,680564497.5,2020-11-10 00:00
196,833148768,911449984.0,1706227.5,0.0,921594931.5,824710048.0,2020-11-11 00:00
197,649822176,738494144.0,784656.1,0.0,714092208.1,675008768.0,2020-11-12 00:00
198,564841648,606660128.0,2706882.5,0.0,648786914.5,525421744.0,2020-11-13 00:00
199,351703440,352588496.0,0.0,0.0,376822176.0,327469760.0,2020-11-14 00:00
200,555127296,615044224.0,4673369.2,1867297.0,613919705.0,562792481.2,2020-11-15 00:00
201,595848992,672903488.0,0.0,0.0,650254464.0,618498016.0,2020-11-16 00:00
202,1281579010,1505297220.0,6515647.1,0.0,1486117532.5,1307274344.6,2020-11-17 00:00
203,570691936,692524320.0,1061378.5,0.0,657195296.0,607082338.5,2020-11-18 00:00
204,912702144,1086366720.0,947481.5,0.0,999796153.5,1000220192.0,2020-11-19 00:00
205,1022861280,1164724740.0,8031327.0,7372278.0,1112508513.0,1090481112.0,2020-11-20 00:00
206,1526231360,1865124160.0,4777965.4,0.0,1803301471.8,1592832013.6,2020-11-21 00:00
207,2169586180,2804850430.0,6402986.5,0.0,2590979551.0,2389860045.5,2020-11-22 00:00
208,1666419710,2049092290.0,3566057.8,0.0,1955191717.8,1763886340.0,2020-11-23 00:00
209,988001536,1117292674.0,3773958.5,0.0,1136865832.5,972202336.0,2020-11-24 00:00
210,2187787200,2359854010.0,15097848.8,1993935.0,2437766688.0,2126966305.8,2020-11-25 00:00
211,1326387130,1129080260.0,6187886.6,0.0,1288236952.5,1173418324.1,2020-11-26 00:00
212,620365152,659347040.0,943904.4,2198971.0,646954336.0,635900731.4,2020-11-27 00:00
213,785339520,855072512.0,4232503.1,0.0,846014278.9,798630256.2,2020-11-28 00:00
214,1264236930,1253169850.0,2957486.9,0.0,1291011589.9,1229352677.0,2020-11-29 00:00
215,2017964800,2016267200.0,11804589.0,0.0,2132010744.0,1914025845.0,2020-11-30 00:00
216,1324251070,1197499130.0,1410048.5,0.0,1314241020.0,1208919228.5,2020-12-01 00:00
217,853007360,874207488.0,1052066.0,0.0,889458912.0,838808002.0,2020-12-02 00:00
218,947564608,895004288.0,3041382.5,0.0,998843942.5,846766336.0,2020-12-03 00:00
219,797728064,731606144.0,3014718.0,0.0,784517022.0,747831904.0,2020-12-04 00:00
220,527631920,579824576.0,2240746.3,0.0,561421319.1,548275923.2,2020-12-05 00:00
221,482180064,565896160.0,0.0,0.0,523526624.0,524549600.0,2020-12-06 00:00
222,651393408,776736448.0,3727223.25,0.0,755843683.5,676013395.75,2020-12-07 00:00
223,1145915390,1112339420.0,2896454.0,0.0,1162095684.0,1099055580.0,2020-12-08 00:00
224,643186304,682933408.0,4574311.44,1662727.0,680539526.44,651817224.0,2020-12-09 00:00
225,803144000,821888608.0,2857545.7,0.0,825377699.8,802512453.9,2020-12-10 00:00
226,468607280,443653456.0,1025280.4,0.0,469841104.0,443444912.4,2020-12-11 00:00
227,620442976,689613248.0,5227863.8,0.0,655658261.8,659625826.0,2020-12-12 00:00
228,588833408,670412736.0,3580083.1,0.0,643038465.1,619787762.0,2020-12-13 00:00
229,498507296,564906016.0,3337257.25,0.0,537904812.5,528845756.75,2020-12-14 00:00
230,765095712,874679872.0,3811148.6,0.0,805692999.1,837893733.5,2020-12-15 00:00
231,1638582210,1840119740.0,9269729.5,0.0,1796803367.0,1691168312.5,2020-12-16 00:00
232,1457621060,1713956670.0,9119927.0,3925558.0,1681460430.0,1503162785.0,2020-12-17 00:00
233,689463168,711811072.0,2647057.4,0.0,717529966.6,686391330.8,2020-12-18 00:00
234,857269344,882511776.0,2893447.8,0.0,915355152.8,827319415.0,2020-12-19 00:00
235,1206295040,1314356480.0,8047843.7,0.0,1356834367.5,1171864996.2,2020-12-20 00:00
236,892265504,1026436128.0,6216024.5,0.0,982012270.0,942905386.5,2020-12-21 00:00
237,1074785570,1289799810.0,4708405.9,1699215.5,1229338901.5,1141654099.9,2020-12-22 00:00
238,1099151750,1202504770.0,2370412.5,0.0,1195590595.8,1108436336.7,2020-12-23 00:00
239,769370560,938205472.0,3903567.2,0.0,859225486.2,852254113.0,2020-12-24 00:00
240,708411328,761542976.0,828941.3,0.0,747141997.3,723641248.0,2020-12-25 00:00
241,1656216130,1725424260.0,2130077.0,0.0,1727344667.0,1656425800.0,2020-12-26 00:00
242,2389963140,2252732670.0,7795736.8,1628083.6,2377212397.6,2274907232.8,2020-12-27 00:00
243,1705707270,1779726270.0,14574862.0,0.0,1816217514.0,1683790888.0,2020-12-28 00:00
244,1166151550,1139858240.0,6289391.5,0.0,1185214917.0,1127084264.5,2020-12-29 00:00
245,1282345030,1247579270.0,8606365.5,0.0,1313989860.0,1224540805.5,2020-12-30 00:00
246,738240032,709061216.0,5633279.0,0.0,768573954.0,684360573.0,2020-12-31 00:00
247,1125588350,1042084706.0,5386760.2,0.0,1106931145.5,1066128670.7,2021-01-01 00:00
248,2576584320,2853776260.0,22972664.0,1878518.8,2785848287.8,2669363475.0,2021-01-02 00:00
249,6820423420,7401004290.0,59372660.0,10200682.0,7434591605.0,6856409447.0,2021-01-03 00:00
250,3983952770,3743168380.0,20040391.5,5779291.0,4020498006.0,3732442826.5,2021-01-04 00:00
251,3621519230,3523368320.0,14291782.0,4515248.5,3741006224.5,3422688356.0,2021-01-05 00:00
252,3440979080,3339765250.0,23188502.0,3387487.2,3527390653.2,3279929666.0,2021-01-06 00:00
253,4349383550,4029699070.0,22696942.0,1731988.5,4423119216.5,3980392334.0,2021-01-07 00:00
254,2742650880,2469930110.0,5500060.7,1810080.5,2748127675.0,2471763456.2,2021-01-08 00:00
255,3250076290,3206039680.0,32657280.0,5849440.0,3398346908.0,3096275782.0,2021-01-09 00:00
256,5328773890,4395600000.0,15234360.1,0.0,5159784126.0,4579824124.1,2021-01-10 00:00
257,3765852290,2929632260.0,16055258.0,1582276.8,3490313964.8,3222808120.0,2021-01-11 00:00
258,2663943810,2227880830.0,3818750.75,0.0,2547161518.0,2348481872.75,2021-01-12 00:00
259,2027515910,2104962050.0,4290736.4,1943448.1,2136686677.3,2002025467.2,2021-01-13 00:00
260,2646284160,2698793210.0,13483430.8,0.0,2823044286.0,2535516514.8,2021-01-14 00:00
261,2408553470,2367015300.0,12913301.5,2163076.0,2445637036.5,2345008111.0,2021-01-15 00:00
262,2436505850,2569782660.0,9971210.0,7569549.0,2616523346.0,2407305923.0,2021-01-16 00:00
263,1626690180,1830249540.0,6646260.5,0.0,1802456043.0,1661129937.5,2021-01-17 00:00
264,3018080130,3509997950.0,33319059.0,21662402.6,3358004247.6,3225055294.0,2021-01-18 00:00
265,4145561210,4320049400.0,30918274.0,19303448.0,4543837406.0,3971994926.0,2021-01-19 00:00
266,3831129350,3948785160.0,33622888.0,10994749.5,4089794909.5,3734737238.0,2021-01-20 00:00
267,3699988610,3360545020.0,29048467.0,5465619.5,3623690335.5,3471357381.0,2021-01-21 00:00
268,2084989440,2071769020.0,31050560.0,0.0,2172181194.0,2015627826.0,2021-01-22 00:00
269,1999785020,1944088130.0,31329916.0,5474210.0,2000017158.0,1980660118.0,2021-01-23 00:00
270,3177062530,3253044350.0,57866780.0,16172425.0,3311334416.0,3192811669.0,2021-01-24 00:00
271,3593661700,3385691260.0,39557532.0,10505697.0,3689129030.0,3340287159.0,2021-01-25 00:00
272,3249029380,3094061690.0,45614124.0,16032075.0,3268739430.0,3135997839.0,2021-01-26 00:00
273,2908656520,2672465920.0,27566625.0,1738381.5,2852520266.5,2757907180.0,2021-01-27 00:00
274,2857552890,2719740800.0,28710867.0,1967672.5,2920641274.5,2687330955.0,2021-01-28 00:00
275,2277113990,2011875780.0,33864184.0,3391614.0,2218359352.0,2107886216.0,2021-01-29 00:00
276,1277089280,1307195140.0,22073397.0,1789600.0,1381749180.0,1226398237.0,2021-01-30 00:00
277,1480577990,1422701950.0,36554222.0,5204031.0,1522585591.0,1422452602.0,2021-01-31 00:00
278,2303369720,2499469560.0,44739780.0,9258844.2,2442197893.2,2414640011.0,2021-02-01 00:00
279,3639884420,3912389630.0,67412588.0,13113653.0,3877306042.0,3755494249.0,2021-02-02 00:00
280,4164612100,4316912900.0,91139868.0,10051094.0,4478770034.0,4103945928.0,2021-02-03 00:00
281,2889499270,2633983740.0,107209092.0,31758056.0,2894681918.0,2767768240.0,2021-02-04 00:00
282,2839760000,2511985020.0,189116184.0,90670464.0,2957162634.0,2674369034.0,2021-02-05 00:00
283,2704601860,2594169210.0,159134624.0,74116950.0,2988963820.0,2543058824.0,2021-02-06 00:00
284,3087771910,3127094140.0,48831496.0,6703119.0,3198973970.0,3071426695.0,2021-02-07 00:00
285,3323499260,3395654270.0,64560702.0,5765770.6,3543411070.6,3246068932.0,2021-02-08 00:00
286,2835024390,3099249540.0,36291909.0,11504877.0,3122619317.0,2859451399.0,2021-02-09 00:00
287,2011218040,2034627070.0,24748917.0,1627623.5,2110246524.5,1961975126.0,2021-02-10 00:00
288,1856517500,1993403710.0,21329894.0,0.0,2010506274.0,1860744830.0,2021-02-11 00:00
289,2514166010,2950952580.0,52328966.0,13842254.0,2856808262.0,2674481548.0,2021-02-12 00:00
290,1578113660,1798518330.0,20991178.0,3584854.5,1828119666.5,1573088356.0,2021-02-13 00:00
291,1971830470,2559417220.0,38298835.0,18658824.0,2426678116.0,2161527233.0,2021-02-14 00:00
292,1989263620,2433291390.0,45547592.0,18950970.0,2390768490.0,2096285082.0,2021-02-15 00:00
293,2055112130,2295487490.0,39873554.0,22308648.0,2301536196.0,2111245626.0,2021-02-16 00:00
294,2185188220,2400954760.0,44527770.0,19285701.0,2367982944.0,2281973507.0,2021-02-17 00:00
295,1762518970,2012678400.0,34243409.0,7632172.8,1977801978.8,1839270973.0,2021-02-18 00:00
296,2343982460,2832459910.0,60175190.0,30415860.0,2752662120.0,2514371300.0,2021-02-19 00:00
297,2112052730,2499030140.0,53599116.0,10613829.5,2427091845.5,2248203970.0,2021-02-20 00:00
298,2907993850,3377425410.0,74015418.0,12296877.0,3389028319.0,2982703236.0,2021-02-21 00:00
299,3926560770,3767815040.0,54933152.0,3018499.2,4025802571.2,3726524890.0,2021-02-22 00:00
300,3240000890,3276915330.0,39343004.0,0.0,3292878980.0,3263380244.0,2021-02-23 00:00
301,2058208700,2283048450.0,33467734.0,10941362.6,2170617305.6,2215048941.0,2021-02-24 00:00
302,2928950660,2784254080.0,32567088.0,5828964.0,2889323104.0,2862277688.0,2021-02-25 00:00
303,2011041280,2028412030.0,12767503.0,2001764.0,2067530511.0,1986692066.0,2021-02-26 00:00
304,2549581310,2417154950.0,21489640.0,4071449.8,2561137207.8,2431160142.0,2021-02-27 00:00
305,2287841920,2171161480.0,38960886.0,14581630.8,2206737798.8,2305808118.0,2021-02-28 00:00
306,1736152640,1842222080.0,27091111.0,8345498.5,1800451836.5,1813359493.0,2021-03-01 00:00
307,2586766970,2864195970.0,33342991.0,16020885.5,2788299218.5,2712027598.0,2021-03-02 00:00
308,2310801150,2266299770.0,23175331.0,6135028.6,2346348130.6,2260063149.0,2021-03-03 00:00
309,2357540600,2255042050.0,39734450.0,4162012.5,2384162372.5,2272316740.0,2021-03-04 00:00
310,1839249920,2002157060.0,33835594.0,10884933.0,1937439909.0,1948687598.0,2021-03-05 00:00
311,2287191940,2599097730.0,68882540.0,15605800.0,2499825409.0,2470952601.0,2021-03-06 00:00
312,2508740990,3070623620.0,66619598.0,11905026.0,2813487481.0,2844401753.0,2021-03-07 00:00
313,2342329220,2702131710.0,47382846.0,18999243.5,2561564739.5,2549278280.0,2021-03-08 00:00
314,2226517240,2817048070.0,36535954.0,9544473.6,2602137632.6,2487508105.0,2021-03-09 00:00
315,2674676610,3301975430.0,57530171.0,7817890.0,3148987686.0,2893012415.0,2021-03-10 00:00
316,2286407680,2692802940.0,41379684.0,15797846.0,2595767448.0,2440620702.0,2021-03-11 00:00
317,2147340990,2707164280.0,45648916.0,1594648.0,2484607914.0,2417140920.0,2021-03-12 00:00
318,1944101050,2566336390.0,39780564.0,24839953.0,2335486204.0,2239571753.0,2021-03-13 00:00
319,2445089920,3291459960.0,75369276.0,25345686.0,3003037682.0,2834227160.0,2021-03-14 00:00
320,2025306560,2635084290.0,61883250.0,36886692.0,2382741516.0,2376419276.0,2021-03-15 00:00
321,1394290240,1787710210.0,52993714.0,11215247.0,1666893410.0,1579316001.0,2021-03-16 00:00
322,1590474880,2232233470.0,70599748.0,12196634.5,1983195437.5,1922309295.0,2021-03-17 00:00
323,1472183110,2058330370.0,26881061.0,13323706.0,1835575648.0,1735142599.0,2021-03-18 00:00
324,1148685950,1503395010.0,31403972.0,12171502.0,1329452318.0,1366204116.0,2021-03-19 00:00
325,1297012410,1612378620.0,31920907.0,7139216.5,1529243890.5,1419207263.0,2021-03-20 00:00
326,1089732730,1299397500.0,18344661.0,1558144.9,1234312476.9,1174720559.0,2021-03-21 00:00
327,1826974660,2187234950.0,21559594.0,3873854.5,2095294119.5,1944348939.0,2021-03-22 00:00
328,1304094330,1618739840.0,13272036.0,8043472.4,1488904693.4,1455244985.0,2021-03-23 00:00
329,2359627520,2738787970.0,41326416.0,3654499.5,2665855701.5,2477540704.0,2021-03-24 00:00
330,1305611270,1409660030.0,11053570.5,1556780.0,1366198550.0,1361683100.5,2021-03-25 00:00
331,1191017340,1356760200.0,19422747.0,3240810.8,1269900911.8,1300540186.0,2021-03-26 00:00
332,989870944,992795040.0,8970927.5,5009556.2,994513566.2,1002132901.5,2021-03-27 00:00
333,1260387770,1538465670.0,9850976.0,0.0,1407407873.0,1401296543.0,2021-03-28 00:00
334,1528682050,2006065410.0,22054317.0,0.0,1808886070.0,1747915707.0,2021-03-29 00:00
335,1698545670,1994114810.0,19791041.0,0.0,1899536989.0,1812914532.0,2021-03-30 00:00
336,1964963460,2554630910.0,19797162.0,1833673.0,2279705062.0,2261520143.0,2021-03-31 00:00
337,2285483140,3205719300.0,36136000.0,9362490.5,2811510749.5,2725190181.0,2021-04-01 00:00
338,1890039870,2985124100.0,43905282.0,4909738.2,2510380134.2,2413598856.0,2021-04-02 00:00
339,2266159110,3503996420.0,35043009.0,10514313.5,2937712242.5,2878000610.0,2021-04-03 00:00
340,1354045310,2205896710.0,34127884.0,3292933.8,1814381087.8,1782981750.0,2021-04-04 00:00
341,1785102910,2845903480.0,43192418.0,6926838.0,2436644395.0,2244481251.0,2021-04-05 00:00
342,2073109250,3158903560.0,65905018.0,13777563.0,2776828429.0,2534866962.0,2021-04-06 00:00
343,1697900160,2497342600.0,43497676.0,5703334.5,2151935243.5,2092508527.0,2021-04-07 00:00
344,1120689660,1699242110.0,24649190.0,1620469.5,1465937905.5,1380263524.0,2021-04-08 00:00
345,1509802630,2459323640.0,41815139.0,6232578.5,2029616175.5,1987557812.0,2021-04-09 00:00
346,1176401660,1792724800.0,16583534.0,3298952.2,1537185250.2,1451823696.0,2021-04-10 00:00
347,1408759810,2191643140.0,30491287.0,4465185.5,1887237150.5,1748122272.0,2021-04-11 00:00
348,1456043520,2555430270.0,24430109.0,3943940.4,2021379336.4,2018468503.0,2021-04-12 00:00
349,2212414080,4190938620.0,33542257.0,3601060.0,3323310192.0,3117185825.0,2021-04-13 00:00
350,2381420160,4592149760.0,40896337.0,7272443.2,3600273803.2,3421464897.0,2021-04-14 00:00
351,2774023300,5927056640.0,89728728.0,22327381.0,4565859379.0,4247276670.0,2021-04-15 00:00
352,1732508280,2841565440.0,39424920.0,17337459.0,2436606794.0,2194229305.0,2021-04-16 00:00
353,3268544900,4219509630.0,50459300.0,25288686.0,3926868705.0,3636933811.0,2021-04-17 00:00
354,2113213510,3216041210.0,60798484.0,22363701.0,2777140159.0,2635276746.0,2021-04-18 00:00
355,2790243840,4161939200.0,44473586.0,18802487.0,3582653203.0,3432805910.0,2021-04-19 00:00
356,3243755640,4681406210.0,77100848.0,29558404.0,4064153440.0,3967667662.0,2021-04-20 00:00
357,4563748090,7174528250.0,114208380.0,39558325.0,5986479831.0,5905563214.0,2021-04-21 00:00
358,6367249920,8824825640.0,181958696.0,89171972.0,7900376116.0,7562830112.0,2021-04-22 00:00
359,3726514690,4389244670.0,88545324.0,28374121.0,4249099489.0,3983579316.0,2021-04-23 00:00
360,2709637250,3860594810.0,91836964.0,28879748.0,3359725448.0,3331223324.0,2021-04-24 00:00
361,3562931330,5251753720.0,78714820.0,50600668.0,4464169390.0,4479831148.0,2021-04-25 00:00
362,2944430720,4235914240.0,85122724.0,30314736.0,3652412532.0,3643369888.0,2021-04-26 00:00
363,3299373310,5690096890.0,72735082.0,21264035.0,4620068108.0,4463401209.0,2021-04-27 00:00
364,2957798650,5250695170.0,69613636.0,32204866.5,4190676404.5,4119635918.0,2021-04-28 00:00
365,2478575100,4183968640.0,68362830.0,18253730.0,3470606136.0,3278554164.0,2021-04-29 00:00
366,1987617660,3398678400.0,43818056.0,14597940.0,2760533166.0,2684178890.0,2021-04-30 00:00
367,2301398790,4325879420.0,58893522.0,40000204.0,3447495230.0,3278676706.0,2021-05-01 00:00
368,3608284160,6952221440.0,107276192.0,53243444.0,5442217332.0,5278807904.0,2021-05-02 00:00
369,7266986500,13637122100.0,219266616.0,108532480.0,11030072364.0,10201835332.0,2021-05-03 00:00
370,5192337150,8356228100.0,139049420.0,103800178.0,7229908474.0,6561506374.0,2021-05-04 00:00
371,3695248380,6726581760.0,115968040.0,92407340.0,5478374532.0,5151830988.0,2021-05-05 00:00
372,3192196860,5465060860.0,99319688.0,26096091.0,4578340174.0,4204333325.0,2021-05-06 00:00
373,2916440710,4955623680.0,116261804.0,60885418.0,4099745178.0,3949466434.0,2021-05-07 00:00
374,4801651970,9128992200.0,164769880.0,94162436.0,7370141352.0,6819435134.0,2021-05-08 00:00
375,4466264320,9796844600.0,193698320.0,81271140.0,7548043698.0,6990034682.0,2021-05-09 00:00
376,5803188220,10630045200.0,205807280.0,136021496.0,8729904682.0,8045157514.0,2021-05-10 00:00
377,2955574270,5665360640.0,83976328.0,49340066.0,4532365102.0,4221886202.0,2021-05-11 00:00
378,6782962940,10031689200.0,163613580.0,82531652.0,8787923938.0,8272873434.0,2021-05-12 00:00
379,5270979580,7826192130.0,151628600.0,84560956.0,6729641622.0,6603719644.0,2021-05-13 00:00
380,4349606910,7331073790.0,129659264.0,59237226.0,6150470622.0,5719106568.0,2021-05-14 00:00
381,4259094790,6288411910.0,129938096.0,58194926.0,5528169746.0,5207469976.0,2021-05-15 00:00
382,7298233090,9827913200.0,196758512.0,92665036.0,9007170594.0,8408399244.0,2021-05-16 00:00
383,5849062660,7353213690.0,132852536.0,53971244.0,6741187306.0,6647912824.0,2021-05-17 00:00
384,6205583880,7694521850.0,141543140.0,48945882.0,7301356734.0,6789238018.0,2021-05-18 00:00
385,6738145540,5633989890.0,78175386.0,23912983.0,6288192671.0,6186031128.0,2021-05-19 00:00
386,5362438400,4208061180.0,57585858.0,12777873.5,4856596773.0,4784266538.5,2021-05-20 00:00
387,7288157180,4763795710.0,90069368.0,28118196.0,6112861934.0,6057278520.0,2021-05-21 00:00
388,5796995840,3482495870.0,74394008.0,35251297.5,4745402100.0,4643734915.5,2021-05-22 00:00
389,6961564930,4895508220.0,110710024.0,20402936.5,5915496714.5,6072689396.0,2021-05-23 00:00
390,7486227200,6424883200.0,100070992.0,34734356.0,7036777238.0,7009138510.0,2021-05-24 00:00
391,5681062910,5488691970.0,100144188.0,37916546.0,5702873062.0,5604942552.0,2021-05-25 00:00
392,5316395780,4859450370.0,90422844.0,35836728.0,5160126048.0,5141979674.0,2021-05-26 00:00
393,5165791230,5132240380.0,92100620.0,22118929.0,5248579355.0,5163671804.0,2021-05-27 00:00
394,5304612610,5051062020.0,97253560.0,44598816.0,5290211552.0,5207315454.0,2021-05-28 00:00
395,5318052350,4661475330.0,82295762.0,36315804.0,5034667538.0,5063471708.0,2021-05-29 00:00
396,4963774470,4738254850.0,109205768.0,40963658.0,4853445480.0,4998753266.0,2021-05-30 00:00
397,4938286590,5335556870.0,93257080.0,20976596.5,5252007532.5,5136069604.0,2021-05-31 00:00
398,3830070780,4144656770.0,97214948.0,31895202.0,4048631310.0,4055206390.0,2021-06-01 00:00
399,4384834820,5473378050.0,122690480.0,72563148.0,5118553450.0,4934913048.0,2021-06-02 00:00
400,5031662590,5979575800.0,121195144.0,54988416.0,5672967586.0,5514454364.0,2021-06-03 00:00
401,4434697220,5319954430.0,108099476.0,54343318.0,4993106262.0,4923988182.0,2021-06-04 00:00
402,3758869890,4185216000.0,91882052.0,26999223.0,3997184725.0,4065782440.0,2021-06-05 00:00
403,3791105280,4539183610.0,95174992.0,8178371.0,4183687765.5,4249954487.5,2021-06-06 00:00
404,7177827840,8435068950.0,196571616.0,58300694.0,8080486704.0,7787282396.0,2021-06-07 00:00
405,5862041340,6864496120.0,131402528.0,48090353.0,6419383400.0,6486646941.0,2021-06-08 00:00
406,3847216130,4966552320.0,116168180.0,37132406.0,4491002066.0,4476066970.0,2021-06-09 00:00
407,3081566970,3655629820.0,73945022.0,27506910.0,3412381878.0,3426266844.0,2021-06-10 00:00
408,3746110210,4980405760.0,93618708.0,29647655.0,4405173108.0,4444609225.0,2021-06-11 00:00
409,2589645310,3082178430.0,56151584.0,5171425.0,2855118506.0,2878028243.0,2021-06-12 00:00
410,3197155200,3963810430.0,85194456.0,21937856.0,3579073183.0,3689024759.0,2021-06-13 00:00
411,3022518270,3824870020.0,80529876.0,28023829.0,3523426274.0,3432515721.0,2021-06-14 00:00
412,2654528130,3454376450.0,79000782.0,17047913.0,3208112075.0,2996841200.0,2021-06-15 00:00
413,2852417020,3664327040.0,48671970.0,21234772.0,3352506223.0,3234144579.0,2021-06-16 00:00
414,3426121730,4506736890.0,70743888.0,20835661.5,4123806891.0,3900631278.5,2021-06-17 00:00
415,3261596540,4395933690.0,72776456.0,34066766.0,3864098248.0,3900275204.0,2021-06-18 00:00
416,3309466370,4459690240.0,56221172.0,18635303.5,3981596709.5,3862416376.0,2021-06-19 00:00
417,5807385340,7662970880.0,116297688.0,39510180.0,6797974140.0,6828189948.0,2021-06-20 00:00
418,5907460860,6174897410.0,114974152.0,30280082.0,6118883542.0,6108728962.0,2021-06-21 00:00
419,4416036610,4678253560.0,75808808.0,21418829.0,4508342475.0,4683175332.0,2021-06-22 00:00
420,2977644160,3280430080.0,52026144.0,9016154.7,3136677106.5,3182439432.2,2021-06-23 00:00
421,3419378690,4182628870.0,70011504.0,23982198.0,3889538670.0,3806462592.0,2021-06-24 00:00
422,4345704450,4888438020.0,87186232.0,29127115.0,4619725079.0,4730730738.0,2021-06-25 00:00
423,2996952580,3303751800.0,43823459.0,11458940.2,3108626392.0,3247360387.2,2021-06-26 00:00
424,4001777410,5035825920.0,105045684.0,27226471.0,4471547703.0,4698327782.0,2021-06-27 00:00
425,4463177220,5829696770.0,92602148.0,27410979.0,5180149573.0,5232737544.0,2021-06-28 00:00
426,3714610050,4553884420.0,78071424.0,53817910.0,4239407726.0,4160976078.0,2021-06-29 00:00
427,4611682810,6125531650.0,120707564.0,54205404.0,5479652694.0,5432474734.0,2021-06-30 00:00
428,3847544320,4603251710.0,86998128.0,36863133.0,4247652928.0,4327004363.0,2021-07-01 00:00
429,2925377920,3554990590.0,86140104.0,32481330.0,3251642105.0,3347347839.0,2021-07-02 00:00
430,2667319680,3640818810.0,101740208.0,47170332.0,3200955432.0,3256093598.0,2021-07-03 00:00
431,3901651460,5374270980.0,103140040.0,67473726.0,4829689054.0,4616847152.0,2021-07-04 00:00
432,4418659080,5870216960.0,125774024.0,58139860.0,5281600462.0,5191189462.0,2021-07-05 00:00
433,3361802110,4144540540.0,119638960.0,62133170.0,3862603628.0,3825511152.0,2021-07-06 00:00
434,3870172800,4661549060.0,131458356.0,45540922.0,4441163164.0,4267557974.0,2021-07-07 00:00
435,4246774660,4742256890.0,105983100.0,49143146.0,4551589732.0,4592568064.0,2021-07-08 00:00
436,2820674820,2958881660.0,43322112.0,24186324.0,2967772483.0,2879292433.0,2021-07-09 00:00
437,2381725570,2721023360.0,57221862.0,1958059.8,2562269291.8,2599659560.0,2021-07-10 00:00
438,2164312890,2601652220.0,41785006.0,6563943.6,2487277310.1,2327036749.5,2021-07-11 00:00
439,3535018500,4176020350.0,100541056.0,27094442.0,3961878070.0,3876796278.0,2021-07-12 00:00
440,4031110780,4591473920.0,103271364.0,19828531.0,4364999503.0,4380685092.0,2021-07-13 00:00
441,3599031290,3902862210.0,64202366.0,17345853.0,3838675825.0,3744765894.0,2021-07-14 00:00
442,3534446460,3799500290.0,68185988.0,8754614.5,3694471649.0,3716415703.5,2021-07-15 00:00
443,2894716550,3121458950.0,66061498.0,17299361.8,3043253333.0,3056283026.8,2021-07-16 00:00
444,3021308550,3366405250.0,79878564.0,31409463.0,3261666082.0,3237335745.0,2021-07-17 00:00
445,2891100420,3405606400.0,83385580.0,36697967.0,3275545050.0,3141245317.0,2021-07-18 00:00
446,3353677320,3841194880.0,83643032.0,22628012.0,3652547799.0,3648595445.0,2021-07-19 00:00
447,3261867770,3997767680.0,105061932.0,59101360.0,3597670816.0,3826127926.0,2021-07-20 00:00
448,4458470140,5368294400.0,152323336.0,130315268.0,4983055930.0,5126347214.0,2021-07-21 00:00
449,2459682680,2973581310.0,92154388.0,30380834.0,2797962876.0,2757836336.0,2021-07-22 00:00
450,2878567040,3827953660.0,111535124.0,51701556.0,3385289926.0,3484467454.0,2021-07-23 00:00
451,2541650430,3552484600.0,81949264.0,21556971.0,3131450527.0,3066190738.0,2021-07-24 00:00
452,3807113980,5246731520.0,149889640.0,33587215.8,4601860645.8,4635461710.0,2021-07-25 00:00
453,4838590980,5849289980.0,144948072.0,33584796.0,5516668444.0,5349745384.0,2021-07-26 00:00
454,3581776260,4053163770.0,67632978.0,14701202.0,3927418932.0,3789855278.0,2021-07-27 00:00
455,2621885690,3288914820.0,56436774.0,9208427.4,2984147232.0,2992298479.4,2021-07-28 00:00
456,3114398590,4273755770.0,97054084.0,44406720.0,3782232946.0,3747382218.0,2021-07-29 00:00
457,2958523910,3365594240.0,65040642.0,7874052.7,3180087089.2,3216945755.5,2021-07-30 00:00
458,3371077120,4295401480.0,98059268.0,47505592.0,3890443388.0,3921600072.0,2021-07-31 00:00
459,6444851200,8820880800.0,232445480.0,92255492.0,7934439376.0,7655993596.0,2021-08-01 00:00
460,4272097410,5676950530.0,157931720.0,39187637.0,5221787976.0,4924379321.0,2021-08-02 00:00
461,4138087300,5579751940.0,127615256.0,68462840.0,4921736708.0,4992180628.0,2021-08-03 00:00
462,6208592900,8851579400.0,214775864.0,115792424.0,7857362444.0,7533378144.0,2021-08-04 00:00
463,4499996160,6187440380.0,117302892.0,71254724.0,5454774592.0,5421219564.0,2021-08-05 00:00
464,5933817600,7939522310.0,165785696.0,104085472.0,7069075370.0,7074135708.0,2021-08-06 00:00
465,5468432640,7295800580.0,189820120.0,131648500.0,6669670512.0,6416031328.0,2021-08-07 00:00
466,5986824450,8963812300.0,199214336.0,119668484.0,7671425292.0,7598094278.0,2021-08-08 00:00
467,4899418370,7616540410.0,221394528.0,64403528.0,6653095636.0,6148661200.0,2021-08-09 00:00
468,4235208320,6450992900.0,182205904.0,98357848.0,5547065426.0,5419699546.0,2021-08-10 00:00
469,4069875200,6278246140.0,162766268.0,83733274.0,5544111030.0,5050509852.0,2021-08-11 00:00
470,4264344700,6884087300.0,280050096.0,208743648.0,5866691452.0,5770534292.0,2021-08-12 00:00
471,3239522950,4699227640.0,128624000.0,100857724.0,4097542828.0,4070689486.0,2021-08-13 00:00
472,2864804100,4599438850.0,130343904.0,81726200.0,3961266756.0,3715046298.0,2021-08-14 00:00
473,3863247490,6657122560.0,226377344.0,220728000.0,5609787890.0,5357687504.0,2021-08-15 00:00
474,3672501630,5573242880.0,228509920.0,140101448.0,4871204038.0,4743151840.0,2021-08-16 00:00
475,4127785480,5670367230.0,171170244.0,191990152.0,5280781960.0,4880531146.0,2021-08-17 00:00
476,3374039680,4988462080.0,152906532.0,78512156.0,4377894006.0,4216026442.0,2021-08-18 00:00
477,2987160060,4963182080.0,142507024.0,79116654.0,4111710164.0,4060255654.0,2021-08-19 00:00
478,3039739900,4915587320.0,105543484.0,62642026.0,4164154902.0,3959357828.0,2021-08-20 00:00
479,1939954880,3324766590.0,89350364.0,27571206.0,2809271476.0,2572371564.0,2021-08-21 00:00
480,3096252290,5366551300.0,92677068.0,51570146.0,4320112886.0,4286937918.0,2021-08-22 00:00
481,2864516220,5018835460.0,162961904.0,118634308.0,4222657408.0,3942290484.0,2021-08-23 00:00
482,3418011640,5978772480.0,162223176.0,178847960.0,5035114428.0,4702740828.0,2021-08-24 00:00
483,3336889990,5585266430.0,194820248.0,200807080.0,4802259354.0,4515524394.0,2021-08-25 00:00
484,2587202950,4255948920.0,149407708.0,126629548.0,3541543806.0,3577645320.0,2021-08-26 00:00
485,1571388160,2686475140.0,119585148.0,100946576.0,2266383680.0,2212011344.0,2021-08-27 00:00
486,1688238590,3072840190.0,86316880.0,46125574.0,2533853946.0,2359667288.0,2021-08-28 00:00
487,1737586750,3277847170.0,108000650.0,44988214.0,2633280598.0,2535142186.0,2021-08-29 00:00
488,4425393670,8636413690.0,309110064.0,380233888.0,6913336332.0,6837814980.0,2021-08-30 00:00
489,3069520120,5791613690.0,179000720.0,214059336.0,4621305664.0,4632888202.0,2021-08-31 00:00
490,3587605630,6325840640.0,150147428.0,122595696.0,5202681708.0,4983507686.0,2021-09-01 00:00
491,3115983750,6085966340.0,155526752.0,83467000.0,4766676848.0,4674266994.0,2021-09-02 00:00
492,1982532090,3713002240.0,112227444.0,71335643.0,3087644496.0,2791452921.0,2021-09-03 00:00
493,2030058560,3962094210.0,127592836.0,106727528.0,3229085114.0,2997388020.0,2021-09-04 00:00
494,1807582330,3698620420.0,100293654.0,149440720.0,3030164048.0,2725773076.0,2021-09-05 00:00
495,2542769410,5163803400.0,149758376.0,107794616.0,4186733556.0,3777392246.0,2021-09-06 00:00
496,4510666500,5941783810.0,131277228.0,100713720.0,5337860722.0,5346580536.0,2021-09-07 00:00
497,2878068990,4179817340.0,71421800.0,27235877.0,3618119908.0,3538424099.0,2021-09-08 00:00
498,2811444730,3736350720.0,97160316.0,47379226.0,3440083950.0,3252251042.0,2021-09-09 00:00
499,2516924290,3022280960.0,60814806.0,31597449.0,2840342412.0,2791275093.0,2021-09-10 00:00
500,1934752770,2379675000.0,46875654.0,28123292.0,2211260297.0,2178166419.0,2021-09-11 00:00
501,3134057470,3913192190.0,86534680.0,31580950.0,3676826276.0,3488539014.0,2021-09-12 00:00
502,2221563520,2769461500.0,60253318.0,8684043.0,2502943098.5,2557019282.5,2021-09-13 00:00
503,2108335300,2817672830.0,54601208.0,25920142.0,2487436648.0,2519092832.0,2021-09-14 00:00
504,2872471300,3965446780.0,122348352.0,71105916.0,3539231674.0,3492140674.0,2021-09-15 00:00
505,2387248770,3080677640.0,80971050.0,73509160.0,2936786054.0,2685620566.0,2021-09-16 00:00
506,2174111490,2825524870.0,83558658.0,64606068.0,2632969434.0,2514831652.0,2021-09-17 00:00
507,1955293380,2589894780.0,50869340.0,28382870.0,2399237435.0,2225202935.0,2021-09-18 00:00
508,3587451910,4274374530.0,112263436.0,88090568.0,4242101896.0,3820078548.0,2021-09-19 00:00
509,4060251000,4494437120.0,123507216.0,88066438.0,4414468904.0,4351792870.0,2021-09-20 00:00
510,4814208260,4807228930.0,129179064.0,61770952.0,4867058480.0,4945328726.0,2021-09-21 00:00
511,3154290560,3337172090.0,72132586.0,45104555.0,3289996869.0,3318702922.0,2021-09-22 00:00
512,3888588800,4323825160.0,123791992.0,112594772.0,4240555510.0,4208245214.0,2021-09-23 00:00
513,3033620740,3228577530.0,97838740.0,47589012.0,3180027508.0,3227598514.0,2021-09-24 00:00
514,3267306620,3325660800.0,133806356.0,47601644.0,3372236712.0,3402138708.0,2021-09-25 00:00
515,2813310590,2863753470.0,84482488.0,59774894.0,2916076198.0,2905245244.0,2021-09-26 00:00
516,3185069310,3245366400.0,108742216.0,47665964.0,3344493642.0,3242350248.0,2021-09-27 00:00
517,2799441540,2690453250.0,84058276.0,37920190.0,2805140762.0,2806732494.0,2021-09-28 00:00
518,3202518400,3181644160.0,91446280.0,34679415.0,3249963300.0,3260324955.0,2021-09-29 00:00
519,3196708990,3171540480.0,107927344.0,64162844.0,3186005752.0,3354333906.0,2021-09-30 00:00
520,2446039810,2609640580.0,83156530.0,53949568.0,2536117684.0,2656668804.0,2021-10-01 00:00
521,2269886980,2250925190.0,66915380.0,43305180.0,2349657756.0,2281374974.0,2021-10-02 00:00
522,2850731260,2912202370.0,73625568.0,40996120.0,3004331828.0,2873223490.0,2021-10-03 00:00
523,2654668280,2748004220.0,98788168.0,103896104.0,2795092220.0,2810264552.0,2021-10-04 00:00
524,3156673280,3455464450.0,96485688.0,65094562.0,3416188370.0,3357529610.0,2021-10-05 00:00
525,2857080710,3073346300.0,96146932.0,89406596.0,3191650550.0,2924329988.0,2021-10-06 00:00
526,2527001080,2908179970.0,69456186.0,49182068.0,2837356122.0,2716463182.0,2021-10-07 00:00
527,1674479610,2145317370.0,31152916.0,36428562.0,2002102974.0,1885275484.0,2021-10-08 00:00
528,1760202500,2300477700.0,61749852.0,27613250.0,2149261880.0,2000781422.0,2021-10-09 00:00
529,2722227330,3832136830.0,110089636.0,116942792.0,3478742964.0,3302653624.0,2021-10-10 00:00
530,2765920130,4012277250.0,86940108.0,73556320.0,3573897248.0,3364796560.0,2021-10-11 00:00
531,2345757570,3138202620.0,78604312.0,25538579.5,2862400000.0,2725703081.5,2021-10-12 00:00
532,2594700420,3741833980.0,109182724.0,58993584.0,3226150722.0,3278559986.0,2021-10-13 00:00
533,2467673600,3381128570.0,105852040.0,52104612.0,3092264670.0,2914494152.0,2021-10-14 00:00
534,2399727230,3572567680.0,160510800.0,107795596.0,3236241354.0,3004359952.0,2021-10-15 00:00
535,1836205000,2829872640.0,92799136.0,39952216.0,2533706894.0,2265122098.0,2021-10-16 00:00
536,2912136450,4229763330.0,141871512.0,64608640.0,3850305026.0,3498074906.0,2021-10-17 00:00
537,2282463360,3513669510.0,108911340.0,58395428.0,3137027132.0,2826412506.0,2021-10-18 00:00
538,2652775680,4513646850.0,129759292.0,94781632.0,3745399618.0,3645563836.0,2021-10-19 00:00
539,4801287930,8224557360.0,251815520.0,223654328.0,7043414390.0,6457900748.0,2021-10-20 00:00
540,3215753350,4994120450.0,167233648.0,112352232.0,4455308028.0,4034151652.0,2021-10-21 00:00
541,2418041730,3638637310.0,121477960.0,112315176.0,3192695740.0,3097776436.0,2021-10-22 00:00
542,2237300230,3573496450.0,114479828.0,102459144.0,3138758574.0,2888977078.0,2021-10-23 00:00
543,2057976250,3684403840.0,92944260.0,105245936.0,3033641216.0,2906929070.0,2021-10-24 00:00
544,1866124860,3244600070.0,117719164.0,84932450.0,2789515760.0,2523860784.0,2021-10-25 00:00
545,3760969340,6512673540.0,249768248.0,137547576.0,5486282652.0,5174676052.0,2021-10-26 00:00
546,2702208380,4799204610.0,163367864.0,88796720.0,3930069648.0,3823507926.0,2021-10-27 00:00
547,3509712000,5590315260.0,180195352.0,152798432.0,4755173026.0,4677848018.0,2021-10-28 00:00
548,2010821570,3297271810.0,102822580.0,41716992.0,2839980504.0,2612652448.0,2021-10-29 00:00
549,2125994240,3463117950.0,125830196.0,105186096.0,2972975580.0,2847152902.0,2021-10-30 00:00
550,527044992,790911104.0,19997641.0,10743247.0,698187710.0,650509274.0,2021-10-31 00:00
