date,block_size
2015-08-06 00:00,632.6254000000
2015-08-07 00:00,667.5947000000
2015-08-08 00:00,618.2981000000
2015-08-09 00:00,631.1861000000
2015-08-10 00:00,692.0140000000
2015-08-11 00:00,653.4264000000
2015-08-12 00:00,665.7223000000
2015-08-13 00:00,659.7514000000
2015-08-14 00:00,638.3352000000
2015-08-15 00:00,640.6537000000
2015-08-16 00:00,634.7077000000
2015-08-17 00:00,648.4883000000
2015-08-18 00:00,653.3211000000
2015-08-19 00:00,650.0932000000
2015-08-20 00:00,667.5853000000
2015-08-21 00:00,648.0378000000
2015-08-22 00:00,680.5923000000
2015-08-23 00:00,672.5475000000
2015-08-24 00:00,679.7298000000
2015-08-25 00:00,668.6524000000
2015-08-26 00:00,707.9291000000
2015-08-27 00:00,690.8801000000
2015-08-28 00:00,682.0365000000
2015-08-29 00:00,688.9365000000
2015-08-30 00:00,730.6514000000
2015-08-31 00:00,741.2826000000
2015-09-01 00:00,766.2815000000
2015-09-02 00:00,755.3905000000
2015-09-03 00:00,762.3567000000
2015-09-04 00:00,752.8949000000
2015-09-05 00:00,733.4594000000
2015-09-06 00:00,752.5999000000
2015-09-07 00:00,759.3872000000
2015-09-08 00:00,764.6240000000
2015-09-09 00:00,729.9396000000
2015-09-10 00:00,735.9090000000
2015-09-11 00:00,761.4234000000
2015-09-12 00:00,763.5613000000
2015-09-13 00:00,771.1701000000
2015-09-14 00:00,755.3247000000
2015-09-15 00:00,738.5985000000
2015-09-16 00:00,753.3925000000
2015-09-17 00:00,784.6756000000
2015-09-18 00:00,734.6896000000
2015-09-19 00:00,765.9625000000
2015-09-20 00:00,778.8345000000
2015-09-21 00:00,806.9830000000
2015-09-22 00:00,784.0600000000
2015-09-23 00:00,781.6511000000
2015-09-24 00:00,767.0531000000
2015-09-25 00:00,764.7290000000
2015-09-26 00:00,724.7262000000
2015-09-27 00:00,755.2132000000
2015-09-28 00:00,762.1808000000
2015-09-29 00:00,741.8953000000
2015-09-30 00:00,740.8841000000
2015-10-01 00:00,773.0677000000
2015-10-02 00:00,768.6514000000
2015-10-03 00:00,775.8410000000
2015-10-04 00:00,771.4095000000
2015-10-05 00:00,781.0231000000
2015-10-06 00:00,808.1431000000
2015-10-07 00:00,788.7191000000
2015-10-08 00:00,779.3384000000
2015-10-09 00:00,777.7898000000
2015-10-10 00:00,748.1983000000
2015-10-11 00:00,787.4631000000
2015-10-12 00:00,817.9530000000
2015-10-13 00:00,791.1678000000
2015-10-14 00:00,824.1496000000
2015-10-15 00:00,826.8800000000
2015-10-16 00:00,787.8924000000
2015-10-17 00:00,812.0785000000
2015-10-18 00:00,801.9077000000
2015-10-19 00:00,770.0194000000
2015-10-20 00:00,774.1359000000
2015-10-21 00:00,782.1855000000
2015-10-22 00:00,817.5238000000
2015-10-23 00:00,770.5728000000
2015-10-24 00:00,750.6109000000
2015-10-25 00:00,765.4884000000
2015-10-26 00:00,814.7960000000
2015-10-27 00:00,808.0395000000
2015-10-28 00:00,814.3800000000
2015-10-29 00:00,780.9482000000
2015-10-30 00:00,811.9364000000
2015-10-31 00:00,783.4969000000
2015-11-01 00:00,779.1839000000
2015-11-02 00:00,844.0580000000
2015-11-03 00:00,762.3270000000
2015-11-04 00:00,813.3949000000
2015-11-05 00:00,812.0179000000
2015-11-06 00:00,1004.8186000000
2015-11-07 00:00,1015.0850000000
2015-11-08 00:00,785.9363000000
2015-11-09 00:00,833.8094000000
2015-11-10 00:00,1044.1480000000
2015-11-11 00:00,874.0563000000
2015-11-12 00:00,807.7365000000
2015-11-13 00:00,937.5196000000
2015-11-14 00:00,797.4096000000
2015-11-15 00:00,782.0238000000
2015-11-16 00:00,762.2289000000
2015-11-17 00:00,773.7819000000
2015-11-18 00:00,881.9032000000
2015-11-19 00:00,814.1809000000
2015-11-20 00:00,831.7807000000
2015-11-21 00:00,815.5076000000
2015-11-22 00:00,862.7239000000
2015-11-23 00:00,828.4241000000
2015-11-24 00:00,806.9828000000
2015-11-25 00:00,784.1140000000
2015-11-26 00:00,789.8579000000
2015-11-27 00:00,773.8876000000
2015-11-28 00:00,776.2574000000
2015-11-29 00:00,863.6965000000
2015-11-30 00:00,847.2627000000
2015-12-01 00:00,819.2162000000
2015-12-02 00:00,778.2175000000
2015-12-03 00:00,803.6234000000
2015-12-04 00:00,835.3670000000
2015-12-05 00:00,876.7820000000
2015-12-06 00:00,774.7206000000
2015-12-07 00:00,771.0155000000
2015-12-08 00:00,778.8729000000
2015-12-09 00:00,820.1415000000
2015-12-10 00:00,884.3400000000
2015-12-11 00:00,916.2882000000
2015-12-12 00:00,844.6328000000
2015-12-13 00:00,1752.0964000000
2015-12-14 00:00,1834.3400000000
2015-12-15 00:00,1215.5600000000
2015-12-16 00:00,1053.0719000000
2015-12-17 00:00,1057.0390000000
2015-12-18 00:00,1009.2031000000
2015-12-19 00:00,1103.4144000000
2015-12-20 00:00,1171.5882000000
2015-12-21 00:00,2045.1513000000
2015-12-22 00:00,1543.8058000000
2015-12-23 00:00,1292.0694000000
2015-12-24 00:00,1041.7508000000
2015-12-25 00:00,1073.8060000000
2015-12-26 00:00,1575.2864000000
2015-12-27 00:00,1238.8886000000
2015-12-28 00:00,1199.6756000000
2015-12-29 00:00,1563.9047000000
2015-12-30 00:00,1057.3361000000
2015-12-31 00:00,884.5982000000
2016-01-01 00:00,953.5604000000
2016-01-02 00:00,955.0462000000
2016-01-03 00:00,981.3144000000
2016-01-04 00:00,1395.8281000000
2016-01-05 00:00,1552.5000000000
2016-01-06 00:00,1549.6730000000
2016-01-07 00:00,1079.7755000000
2016-01-08 00:00,1209.3858000000
2016-01-09 00:00,1043.7112000000
2016-01-10 00:00,1058.0789000000
2016-01-11 00:00,1093.8381000000
2016-01-12 00:00,1423.2459000000
2016-01-13 00:00,1061.8974000000
2016-01-14 00:00,1006.2193000000
2016-01-15 00:00,967.3799000000
2016-01-16 00:00,886.5723000000
2016-01-17 00:00,1056.6767000000
2016-01-18 00:00,1106.7259000000
2016-01-19 00:00,958.9492000000
2016-01-20 00:00,943.5368000000
2016-01-21 00:00,1027.3717000000
2016-01-22 00:00,905.7595000000
2016-01-23 00:00,992.8713000000
2016-01-24 00:00,1334.9119000000
2016-01-25 00:00,1228.3261000000
2016-01-26 00:00,1566.1381000000
2016-01-27 00:00,1424.1546000000
2016-01-28 00:00,1307.5065000000
2016-01-29 00:00,1179.0801000000
2016-01-30 00:00,1135.3867000000
2016-01-31 00:00,1080.6939000000
2016-02-01 00:00,1077.2785000000
2016-02-02 00:00,1059.5805000000
2016-02-03 00:00,1086.6636000000
2016-02-04 00:00,1116.8518000000
2016-02-05 00:00,1677.5446000000
2016-02-06 00:00,1025.9807000000
2016-02-07 00:00,1033.5673000000
2016-02-08 00:00,1032.3430000000
2016-02-09 00:00,1106.3786000000
2016-02-10 00:00,1279.6394000000
2016-02-11 00:00,1170.5341000000
2016-02-12 00:00,1222.0915000000
2016-02-13 00:00,1139.9569000000
2016-02-14 00:00,1126.8171000000
2016-02-15 00:00,1127.9303000000
2016-02-16 00:00,1265.1762000000
2016-02-17 00:00,1109.4749000000
2016-02-18 00:00,1156.6618000000
2016-02-19 00:00,1046.2829000000
2016-02-20 00:00,1050.7434000000
2016-02-21 00:00,1090.2873000000
2016-02-22 00:00,1117.0580000000
2016-02-23 00:00,1108.8270000000
2016-02-24 00:00,1113.9760000000
2016-02-25 00:00,1288.8714000000
2016-02-26 00:00,1101.8922000000
2016-02-27 00:00,1091.1889000000
2016-02-28 00:00,1175.3846000000
2016-02-29 00:00,1156.5113000000
2016-03-01 00:00,1198.6117000000
2016-03-02 00:00,1248.4458000000
2016-03-03 00:00,1249.1352000000
2016-03-04 00:00,1314.4079000000
2016-03-05 00:00,1365.8176000000
2016-03-06 00:00,1217.7266000000
2016-03-07 00:00,1242.1290000000
2016-03-08 00:00,1279.4692000000
2016-03-09 00:00,1221.5445000000
2016-03-10 00:00,1210.9951000000
2016-03-11 00:00,1384.6022000000
2016-03-12 00:00,1392.0978000000
2016-03-13 00:00,1501.3140000000
2016-03-14 00:00,1317.7220000000
2016-03-15 00:00,1316.4257000000
2016-03-16 00:00,1421.2223000000
2016-03-17 00:00,1403.0641000000
2016-03-18 00:00,1494.0396000000
2016-03-19 00:00,1445.8357000000
2016-03-20 00:00,1497.7746000000
2016-03-21 00:00,1514.4617000000
2016-03-22 00:00,1529.4933000000
2016-03-23 00:00,1861.7373000000
2016-03-24 00:00,1621.2481000000
2016-03-25 00:00,1537.7797000000
2016-03-26 00:00,1260.7617000000
2016-03-27 00:00,1567.6601000000
2016-03-28 00:00,1389.4712000000
2016-03-29 00:00,1572.4715000000
2016-03-30 00:00,1405.3876000000
2016-03-31 00:00,1492.6359000000
2016-04-01 00:00,1234.9823000000
2016-04-02 00:00,1244.7133000000
2016-04-03 00:00,1502.0156000000
2016-04-04 00:00,1527.7718000000
2016-04-05 00:00,1336.7710000000
2016-04-06 00:00,1404.4117000000
2016-04-07 00:00,1540.8815000000
2016-04-08 00:00,1317.7905000000
2016-04-09 00:00,1280.9214000000
2016-04-10 00:00,1261.8551000000
2016-04-11 00:00,1451.4587000000
2016-04-12 00:00,1477.3272000000
2016-04-13 00:00,1405.6079000000
2016-04-14 00:00,1412.2192000000
2016-04-15 00:00,1215.2878000000
2016-04-16 00:00,1917.3764000000
2016-04-17 00:00,1350.9483000000
2016-04-18 00:00,1317.1563000000
2016-04-19 00:00,1359.2162000000
2016-04-20 00:00,1504.1751000000
2016-04-21 00:00,1290.7697000000
2016-04-22 00:00,1270.2770000000
2016-04-23 00:00,1433.0179000000
2016-04-24 00:00,1398.7027000000
2016-04-25 00:00,1344.4657000000
2016-04-26 00:00,1313.7857000000
2016-04-27 00:00,1407.9303000000
2016-04-28 00:00,1423.2070000000
2016-04-29 00:00,1588.1065000000
2016-04-30 00:00,1680.5342000000
2016-05-01 00:00,1480.2107000000
2016-05-02 00:00,1446.3124000000
2016-05-03 00:00,1497.9572000000
2016-05-04 00:00,1485.9833000000
2016-05-05 00:00,1625.2632000000
2016-05-06 00:00,1374.8327000000
2016-05-07 00:00,1530.2282000000
2016-05-08 00:00,1459.5817000000
2016-05-09 00:00,1481.1806000000
2016-05-10 00:00,1558.5438000000
2016-05-11 00:00,1679.3848000000
2016-05-12 00:00,1674.2221000000
2016-05-13 00:00,1682.8916000000
2016-05-14 00:00,1539.6884000000
2016-05-15 00:00,1491.4088000000
2016-05-16 00:00,1515.0270000000
2016-05-17 00:00,1688.8397000000
2016-05-18 00:00,1576.2268000000
2016-05-19 00:00,1677.1544000000
2016-05-20 00:00,1672.6700000000
2016-05-21 00:00,1493.9200000000
2016-05-22 00:00,1568.3840000000
2016-05-23 00:00,1528.3171000000
2016-05-24 00:00,1669.8520000000
2016-05-25 00:00,1733.2441000000
2016-05-26 00:00,1726.5808000000
2016-05-27 00:00,2435.9360000000
2016-05-28 00:00,1675.3814000000
2016-05-29 00:00,1543.3301000000
2016-05-30 00:00,1593.7335000000
2016-05-31 00:00,1562.1364000000
2016-06-01 00:00,1453.2372000000
2016-06-02 00:00,1428.5993000000
2016-06-03 00:00,1408.9919000000
2016-06-04 00:00,1396.0748000000
2016-06-05 00:00,1425.6341000000
2016-06-06 00:00,1692.5768000000
2016-06-07 00:00,1436.9470000000
2016-06-08 00:00,1476.5053000000
2016-06-09 00:00,1437.3214000000
2016-06-10 00:00,1381.5247000000
2016-06-11 00:00,1462.5580000000
2016-06-12 00:00,1599.2728000000
2016-06-13 00:00,1713.3838000000
2016-06-14 00:00,1522.9322000000
2016-06-15 00:00,1603.9076000000
2016-06-16 00:00,2137.9072000000
2016-06-17 00:00,2043.8626000000
2016-06-18 00:00,1624.0842000000
2016-06-19 00:00,1708.7948000000
2016-06-20 00:00,1628.5213000000
2016-06-21 00:00,1614.3075000000
2016-06-22 00:00,1513.3547000000
2016-06-23 00:00,1637.7259000000
2016-06-24 00:00,1414.5418000000
2016-06-25 00:00,1452.6180000000
2016-06-26 00:00,1409.6183000000
2016-06-27 00:00,1482.4498000000
2016-06-28 00:00,1792.0389000000
2016-06-29 00:00,2367.0782000000
2016-06-30 00:00,1379.8636000000
2016-07-01 00:00,1382.3923000000
2016-07-02 00:00,1403.6420000000
2016-07-03 00:00,1414.7938000000
2016-07-04 00:00,1470.3533000000
2016-07-05 00:00,1408.6769000000
2016-07-06 00:00,1414.1236000000
2016-07-07 00:00,1580.6401000000
2016-07-08 00:00,1416.7455000000
2016-07-09 00:00,1407.0323000000
2016-07-10 00:00,1420.6436000000
2016-07-11 00:00,1566.6971000000
2016-07-12 00:00,1356.7409000000
2016-07-13 00:00,1536.0575000000
2016-07-14 00:00,1457.4881000000
2016-07-15 00:00,1349.4761000000
2016-07-16 00:00,1263.7885000000
2016-07-17 00:00,1397.4542000000
2016-07-18 00:00,1501.8993000000
2016-07-19 00:00,1717.9260000000
2016-07-20 00:00,1522.1856000000
2016-07-21 00:00,1640.9031000000
2016-07-22 00:00,1496.2165000000
2016-07-23 00:00,1796.8996000000
2016-07-24 00:00,1737.3295000000
2016-07-25 00:00,1946.1141000000
2016-07-26 00:00,1705.6892000000
2016-07-27 00:00,1609.7183000000
2016-07-28 00:00,1598.0201000000
2016-07-29 00:00,1460.2207000000
2016-07-30 00:00,1585.3321000000
2016-07-31 00:00,1560.7133000000
2016-08-01 00:00,1687.3992000000
2016-08-02 00:00,1665.3270000000
2016-08-03 00:00,1616.6416000000
2016-08-04 00:00,1527.0676000000
2016-08-05 00:00,1465.2163000000
2016-08-06 00:00,1473.1901000000
2016-08-07 00:00,1503.8052000000
2016-08-08 00:00,1591.8261000000
2016-08-09 00:00,1606.7876000000
2016-08-10 00:00,1620.5056000000
2016-08-11 00:00,1559.0091000000
2016-08-12 00:00,1430.9405000000
2016-08-13 00:00,1406.0670000000
2016-08-14 00:00,1466.7501000000
2016-08-15 00:00,1621.4440000000
2016-08-16 00:00,1532.2822000000
2016-08-17 00:00,1663.0361000000
2016-08-18 00:00,1490.9460000000
2016-08-19 00:00,1452.6119000000
2016-08-20 00:00,1479.7615000000
2016-08-21 00:00,1525.6454000000
2016-08-22 00:00,2023.0981000000
2016-08-23 00:00,1589.9541000000
2016-08-24 00:00,1663.2396000000
2016-08-25 00:00,1609.8711000000
2016-08-26 00:00,1586.4161000000
2016-08-27 00:00,1450.6734000000
2016-08-28 00:00,1572.1122000000
2016-08-29 00:00,1615.8427000000
2016-08-30 00:00,1537.9681000000
2016-08-31 00:00,1582.8741000000
2016-09-01 00:00,1849.8477000000
2016-09-02 00:00,1513.1199000000
2016-09-03 00:00,1719.1705000000
2016-09-04 00:00,1511.8743000000
2016-09-05 00:00,1722.3224000000
2016-09-06 00:00,1692.2470000000
2016-09-07 00:00,1899.7121000000
2016-09-08 00:00,1853.3866000000
2016-09-09 00:00,1508.3227000000
2016-09-10 00:00,1460.2631000000
2016-09-11 00:00,1584.9979000000
2016-09-12 00:00,1497.2402000000
2016-09-13 00:00,1757.6009000000
2016-09-14 00:00,1743.4825000000
2016-09-15 00:00,2019.9060000000
2016-09-16 00:00,1587.8225000000
2016-09-17 00:00,1432.6526000000
2016-09-18 00:00,1340.9983000000
2016-09-19 00:00,1689.3700000000
2016-09-20 00:00,1598.3332000000
2016-09-21 00:00,1876.2966000000
2016-09-22 00:00,1280.1939000000
2016-09-23 00:00,1526.0835000000
2016-09-24 00:00,1386.5588000000
2016-09-25 00:00,1544.7002000000
2016-09-26 00:00,1660.8308000000
2016-09-27 00:00,1561.3208000000
2016-09-28 00:00,1441.5230000000
2016-09-29 00:00,1436.6005000000
2016-09-30 00:00,1809.9933000000
2016-10-01 00:00,1686.7932000000
2016-10-02 00:00,1718.6813000000
2016-10-03 00:00,2191.5002000000
2016-10-04 00:00,1802.1939000000
2016-10-05 00:00,1938.3093000000
2016-10-06 00:00,4119.2412000000
2016-10-07 00:00,5429.3202000000
2016-10-08 00:00,5682.6363000000
2016-10-09 00:00,12725.1602000000
2016-10-10 00:00,2762.4464000000
2016-10-11 00:00,1247.8766000000
2016-10-12 00:00,1306.1258000000
2016-10-13 00:00,1400.3357000000
2016-10-14 00:00,1236.3091000000
2016-10-15 00:00,1296.9912000000
2016-10-16 00:00,1376.8418000000
2016-10-17 00:00,1746.6305000000
2016-10-18 00:00,1638.1510000000
2016-10-19 00:00,1465.5435000000
2016-10-20 00:00,1724.4356000000
2016-10-21 00:00,1356.8805000000
2016-10-22 00:00,1291.5673000000
2016-10-23 00:00,1791.4547000000
2016-10-24 00:00,1675.2807000000
2016-10-25 00:00,1549.6404000000
2016-10-26 00:00,1517.9879000000
2016-10-27 00:00,1472.2267000000
2016-10-28 00:00,1461.4058000000
2016-10-29 00:00,1422.4339000000
2016-10-30 00:00,1535.7106000000
2016-10-31 00:00,1688.5623000000
2016-11-01 00:00,1496.6731000000
2016-11-02 00:00,1470.5561000000
2016-11-03 00:00,1262.1491000000
2016-11-04 00:00,1357.9762000000
2016-11-05 00:00,1289.3160000000
2016-11-06 00:00,1399.4177000000
2016-11-07 00:00,1475.9146000000
2016-11-08 00:00,1483.8638000000
2016-11-09 00:00,1492.3314000000
2016-11-10 00:00,1462.2341000000
2016-11-11 00:00,1426.0427000000
2016-11-12 00:00,1467.9626000000
2016-11-13 00:00,1576.0442000000
2016-11-14 00:00,1577.3743000000
2016-11-15 00:00,1481.4374000000
2016-11-16 00:00,1475.9162000000
2016-11-17 00:00,1513.5591000000
2016-11-18 00:00,1375.2223000000
2016-11-19 00:00,1472.8848000000
2016-11-20 00:00,1537.4920000000
2016-11-21 00:00,1707.9502000000
2016-11-22 00:00,1949.9712000000
2016-11-23 00:00,1423.5644000000
2016-11-24 00:00,1767.1271000000
2016-11-25 00:00,1500.9178000000
2016-11-26 00:00,1702.9098000000
2016-11-27 00:00,1731.0099000000
2016-11-28 00:00,1692.3555000000
2016-11-29 00:00,2208.6892000000
2016-11-30 00:00,1407.4065000000
2016-12-01 00:00,1461.5490000000
2016-12-02 00:00,1404.4266000000
2016-12-03 00:00,1403.2711000000
2016-12-04 00:00,1491.4427000000
2016-12-05 00:00,1614.9611000000
2016-12-06 00:00,1522.6623000000
2016-12-07 00:00,1415.6616000000
2016-12-08 00:00,1502.0960000000
2016-12-09 00:00,1427.6998000000
2016-12-10 00:00,1680.9000000000
2016-12-11 00:00,1477.0118000000
2016-12-12 00:00,1538.4992000000
2016-12-13 00:00,1835.3301000000
2016-12-14 00:00,1581.6621000000
2016-12-15 00:00,1506.0107000000
2016-12-16 00:00,1417.8738000000
2016-12-17 00:00,1345.3220000000
2016-12-18 00:00,1616.2512000000
2016-12-19 00:00,1536.3867000000
2016-12-20 00:00,1769.3428000000
2016-12-21 00:00,1761.9135000000
2016-12-22 00:00,1521.9669000000
2016-12-23 00:00,1360.8864000000
2016-12-24 00:00,1316.6005000000
2016-12-25 00:00,1294.1146000000
2016-12-26 00:00,1558.1457000000
2016-12-27 00:00,1530.5002000000
2016-12-28 00:00,1678.4096000000
2016-12-29 00:00,1622.8121000000
2016-12-30 00:00,1544.2593000000
2016-12-31 00:00,1390.1969000000
2017-01-01 00:00,1458.2729000000
2017-01-02 00:00,1627.4679000000
2017-01-03 00:00,1717.1321000000
2017-01-04 00:00,1675.5915000000
2017-01-05 00:00,1592.5211000000
2017-01-06 00:00,1570.1203000000
2017-01-07 00:00,1557.2945000000
2017-01-08 00:00,1595.4245000000
2017-01-09 00:00,1685.8844000000
2017-01-10 00:00,1591.4690000000
2017-01-11 00:00,1696.7132000000
2017-01-12 00:00,1728.9252000000
2017-01-13 00:00,1499.3318000000
2017-01-14 00:00,1497.7753000000
2017-01-15 00:00,1574.8025000000
2017-01-16 00:00,1642.4937000000
2017-01-17 00:00,1582.9589000000
2017-01-18 00:00,1552.2449000000
2017-01-19 00:00,1608.5296000000
2017-01-20 00:00,1503.9449000000
2017-01-21 00:00,1616.3270000000
2017-01-22 00:00,1612.3275000000
2017-01-23 00:00,1753.9379000000
2017-01-24 00:00,1643.7727000000
2017-01-25 00:00,1672.9857000000
2017-01-26 00:00,1657.7906000000
2017-01-27 00:00,1627.6398000000
2017-01-28 00:00,1522.5426000000
2017-01-29 00:00,1578.8613000000
2017-01-30 00:00,1538.7459000000
2017-01-31 00:00,1607.3596000000
2017-02-01 00:00,1578.1224000000
2017-02-02 00:00,1568.2748000000
2017-02-03 00:00,1560.4220000000
2017-02-04 00:00,1614.2513000000
2017-02-05 00:00,1605.9387000000
2017-02-06 00:00,1826.9940000000
2017-02-07 00:00,1764.2177000000
2017-02-08 00:00,1629.5195000000
2017-02-09 00:00,1735.3384000000
2017-02-10 00:00,1593.9286000000
2017-02-11 00:00,1571.1187000000
2017-02-12 00:00,1823.4771000000
2017-02-13 00:00,1913.9079000000
2017-02-14 00:00,1817.6242000000
2017-02-15 00:00,1661.0631000000
2017-02-16 00:00,1660.8889000000
2017-02-17 00:00,1773.0793000000
2017-02-18 00:00,1634.9593000000
2017-02-19 00:00,1696.2495000000
2017-02-20 00:00,1989.2926000000
2017-02-21 00:00,1790.4323000000
2017-02-22 00:00,1667.1942000000
2017-02-23 00:00,1778.3880000000
2017-02-24 00:00,1760.6693000000
2017-02-25 00:00,1712.7497000000
2017-02-26 00:00,1818.7255000000
2017-02-27 00:00,1935.2753000000
2017-02-28 00:00,2234.9528000000
2017-03-01 00:00,2209.4229000000
2017-03-02 00:00,2083.7667000000
2017-03-03 00:00,1859.6309000000
2017-03-04 00:00,1821.2468000000
2017-03-05 00:00,1808.0942000000
2017-03-06 00:00,1963.4140000000
2017-03-07 00:00,1799.6666000000
2017-03-08 00:00,2403.3544000000
2017-03-09 00:00,2190.1950000000
2017-03-10 00:00,2013.8560000000
2017-03-11 00:00,2042.8907000000
2017-03-12 00:00,2451.7207000000
2017-03-13 00:00,2433.4791000000
2017-03-14 00:00,2455.9240000000
2017-03-15 00:00,3070.9850000000
2017-03-16 00:00,2879.5562000000
2017-03-17 00:00,2512.5528000000
2017-03-18 00:00,2395.8884000000
2017-03-19 00:00,2316.0348000000
2017-03-20 00:00,2507.1279000000
2017-03-21 00:00,2368.4655000000
2017-03-22 00:00,2512.8204000000
2017-03-23 00:00,2557.0027000000
2017-03-24 00:00,2427.7677000000
2017-03-25 00:00,2374.5874000000
2017-03-26 00:00,2896.2084000000
2017-03-27 00:00,2543.0705000000
2017-03-28 00:00,2744.1895000000
2017-03-29 00:00,2852.6838000000
2017-03-30 00:00,2948.8136000000
2017-03-31 00:00,2402.8140000000
2017-04-01 00:00,2668.8484000000
2017-04-02 00:00,2788.2358000000
2017-04-03 00:00,2518.1438000000
2017-04-04 00:00,2557.5840000000
2017-04-05 00:00,2799.1386000000
2017-04-06 00:00,2776.3920000000
2017-04-07 00:00,2248.5138000000
2017-04-08 00:00,2358.3759000000
2017-04-09 00:00,2460.4733000000
2017-04-10 00:00,2376.7124000000
2017-04-11 00:00,2696.5709000000
2017-04-12 00:00,2588.8008000000
2017-04-13 00:00,2450.8629000000
2017-04-14 00:00,2348.1042000000
2017-04-15 00:00,2219.7002000000
2017-04-16 00:00,2309.4153000000
2017-04-17 00:00,2602.8033000000
2017-04-18 00:00,2664.0220000000
2017-04-19 00:00,2581.4706000000
2017-04-20 00:00,2690.8118000000
2017-04-21 00:00,2429.3149000000
2017-04-22 00:00,2393.0486000000
2017-04-23 00:00,2553.0843000000
2017-04-24 00:00,2803.2488000000
2017-04-25 00:00,2723.5565000000
2017-04-26 00:00,3094.9777000000
2017-04-27 00:00,3177.6335000000
2017-04-28 00:00,2792.8219000000
2017-04-29 00:00,3063.6827000000
2017-04-30 00:00,3544.4495000000
2017-05-01 00:00,3461.0249000000
2017-05-02 00:00,3027.5438000000
2017-05-03 00:00,3350.6925000000
2017-05-04 00:00,3170.6981000000
2017-05-05 00:00,2933.9783000000
2017-05-06 00:00,3321.8358000000
2017-05-07 00:00,3408.8652000000
2017-05-08 00:00,3376.0619000000
2017-05-09 00:00,3227.0320000000
2017-05-10 00:00,3351.7038000000
2017-05-11 00:00,3154.3092000000
2017-05-12 00:00,3065.1011000000
2017-05-13 00:00,3140.4198000000
2017-05-14 00:00,3831.3573000000
2017-05-15 00:00,3643.7788000000
2017-05-16 00:00,4304.9557000000
2017-05-17 00:00,4245.1119000000
2017-05-18 00:00,4801.2714000000
2017-05-19 00:00,4178.7814000000
2017-05-20 00:00,4586.0910000000
2017-05-21 00:00,5328.4674000000
2017-05-22 00:00,6626.5704000000
2017-05-23 00:00,6665.5012000000
2017-05-24 00:00,5952.1877000000
2017-05-25 00:00,5559.1970000000
2017-05-26 00:00,5126.7582000000
2017-05-27 00:00,5378.8162000000
2017-05-28 00:00,4922.1110000000
2017-05-29 00:00,7068.8948000000
2017-05-30 00:00,6842.5798000000
2017-05-31 00:00,6540.8654000000
2017-06-01 00:00,7542.2740000000
2017-06-02 00:00,6635.9201000000
2017-06-03 00:00,6458.0215000000
2017-06-04 00:00,6438.7632000000
2017-06-05 00:00,7373.6323000000
2017-06-06 00:00,7387.7297000000
2017-06-07 00:00,6932.0561000000
2017-06-08 00:00,7482.0988000000
2017-06-09 00:00,6591.9537000000
2017-06-10 00:00,8658.3422000000
2017-06-11 00:00,9450.9544000000
2017-06-12 00:00,8806.9427000000
2017-06-13 00:00,7942.3361000000
2017-06-14 00:00,8191.8386000000
2017-06-15 00:00,8034.3971000000
2017-06-16 00:00,7957.5344000000
2017-06-17 00:00,7931.1994000000
2017-06-18 00:00,8956.3579000000
2017-06-19 00:00,9258.2770000000
2017-06-20 00:00,6194.7013000000
2017-06-21 00:00,8691.4021000000
2017-06-22 00:00,9122.9235000000
2017-06-23 00:00,8934.8014000000
2017-06-24 00:00,8979.3096000000
2017-06-25 00:00,9544.1496000000
2017-06-26 00:00,7910.6763000000
2017-06-27 00:00,10005.1576000000
2017-06-28 00:00,9460.4824000000
2017-06-29 00:00,8800.1237000000
2017-06-30 00:00,8105.7205000000
2017-07-01 00:00,8502.9595000000
2017-07-02 00:00,10142.6346000000
2017-07-03 00:00,10131.8324000000
2017-07-04 00:00,10094.2084000000
2017-07-05 00:00,8829.9108000000
2017-07-06 00:00,9708.8397000000
2017-07-07 00:00,8884.1474000000
2017-07-08 00:00,6980.3465000000
2017-07-09 00:00,10586.0842000000
2017-07-10 00:00,10484.2071000000
2017-07-11 00:00,10734.8632000000
2017-07-12 00:00,10675.6642000000
2017-07-13 00:00,10039.8245000000
2017-07-14 00:00,8747.4873000000
2017-07-15 00:00,9224.6444000000
2017-07-16 00:00,9814.1736000000
2017-07-17 00:00,11286.3160000000
2017-07-18 00:00,10282.1469000000
2017-07-19 00:00,9369.9229000000
2017-07-20 00:00,8661.0222000000
2017-07-21 00:00,7991.5197000000
2017-07-22 00:00,9282.4427000000
2017-07-23 00:00,10559.6990000000
2017-07-24 00:00,9765.8696000000
2017-07-25 00:00,8403.1256000000
2017-07-26 00:00,8345.7829000000
2017-07-27 00:00,9257.6314000000
2017-07-28 00:00,7452.4805000000
2017-07-29 00:00,7620.6724000000
2017-07-30 00:00,9290.7356000000
2017-07-31 00:00,9503.4284000000
2017-08-01 00:00,9426.0680000000
2017-08-02 00:00,9596.5760000000
2017-08-03 00:00,10507.0978000000
2017-08-04 00:00,10426.7945000000
2017-08-05 00:00,10462.6133000000
2017-08-06 00:00,11866.9739000000
2017-08-07 00:00,13278.2824000000
2017-08-08 00:00,11372.5570000000
2017-08-09 00:00,13580.7784000000
2017-08-10 00:00,14429.2555000000
2017-08-11 00:00,13641.5565000000
2017-08-12 00:00,12993.4035000000
2017-08-13 00:00,15655.1989000000
2017-08-14 00:00,16402.7253000000
2017-08-15 00:00,17360.2436000000
2017-08-16 00:00,17330.3330000000
2017-08-17 00:00,17335.2935000000
2017-08-18 00:00,16348.2626000000
2017-08-19 00:00,12824.7259000000
2017-08-20 00:00,15178.7475000000
2017-08-21 00:00,14258.6585000000
2017-08-22 00:00,14351.9305000000
2017-08-23 00:00,13796.0954000000
2017-08-24 00:00,15771.6795000000
2017-08-25 00:00,14625.4979000000
2017-08-26 00:00,14944.5472000000
2017-08-27 00:00,17756.8906000000
2017-08-28 00:00,18455.4247000000
2017-08-29 00:00,18827.4656000000
2017-08-30 00:00,17436.4688000000
2017-08-31 00:00,18436.1170000000
2017-09-01 00:00,15334.0209000000
2017-09-02 00:00,13870.5013000000
2017-09-03 00:00,19759.7607000000
2017-09-04 00:00,19704.4105000000
2017-09-05 00:00,22602.6234000000
2017-09-06 00:00,21134.5749000000
2017-09-07 00:00,20975.2728000000
2017-09-08 00:00,17147.4993000000
2017-09-09 00:00,14679.6539000000
2017-09-10 00:00,16764.0845000000
2017-09-11 00:00,18036.8601000000
2017-09-12 00:00,16933.1867000000
2017-09-13 00:00,17287.9019000000
2017-09-14 00:00,19311.5589000000
2017-09-15 00:00,16697.5392000000
2017-09-16 00:00,14349.6510000000
2017-09-17 00:00,17536.4417000000
2017-09-18 00:00,16595.5879000000
2017-09-19 00:00,16027.6369000000
2017-09-20 00:00,16104.3034000000
2017-09-21 00:00,16972.1033000000
2017-09-22 00:00,15950.5579000000
2017-09-23 00:00,17983.3380000000
2017-09-24 00:00,19577.0550000000
2017-09-25 00:00,18526.9142000000
2017-09-26 00:00,18892.6346000000
2017-09-27 00:00,20552.8113000000
2017-09-28 00:00,21539.8074000000
2017-09-29 00:00,21998.1546000000
2017-09-30 00:00,21781.0363000000
2017-10-01 00:00,21143.1749000000
2017-10-02 00:00,20917.7984000000
2017-10-03 00:00,20394.6431000000
2017-10-04 00:00,20312.5275000000
2017-10-05 00:00,21656.4663000000
2017-10-06 00:00,19657.0435000000
2017-10-07 00:00,19149.6523000000
2017-10-08 00:00,19670.7471000000
2017-10-09 00:00,21438.4943000000
2017-10-10 00:00,20045.3578000000
2017-10-11 00:00,21136.8762000000
2017-10-12 00:00,21845.3158000000
2017-10-13 00:00,19951.4219000000
2017-10-14 00:00,19011.2359000000
2017-10-15 00:00,16294.2372000000
2017-10-16 00:00,14412.0182000000
2017-10-17 00:00,13060.4337000000
2017-10-18 00:00,12978.3910000000
2017-10-19 00:00,15253.6535000000
2017-10-20 00:00,11982.9343000000
2017-10-21 00:00,10947.4546000000
2017-10-22 00:00,12827.6409000000
2017-10-23 00:00,13945.9193000000
2017-10-24 00:00,14346.7396000000
2017-10-25 00:00,14417.0926000000
2017-10-26 00:00,14923.5832000000
2017-10-27 00:00,14317.2688000000
2017-10-28 00:00,14872.2990000000
2017-10-29 00:00,16448.3750000000
2017-10-30 00:00,15604.3726000000
2017-10-31 00:00,15757.8821000000
2017-11-01 00:00,15695.9059000000
2017-11-02 00:00,15830.6074000000
2017-11-03 00:00,12156.2361000000
2017-11-04 00:00,11640.2461000000
2017-11-05 00:00,13795.9037000000
2017-11-06 00:00,14266.6917000000
2017-11-07 00:00,14220.0587000000
2017-11-08 00:00,13928.8415000000
2017-11-09 00:00,13412.8063000000
2017-11-10 00:00,12664.7999000000
2017-11-11 00:00,13232.9196000000
2017-11-12 00:00,14443.0406000000
2017-11-13 00:00,16232.3478000000
2017-11-14 00:00,16453.0895000000
2017-11-15 00:00,15278.2938000000
2017-11-16 00:00,15300.5528000000
2017-11-17 00:00,14627.9475000000
2017-11-18 00:00,14550.5712000000
2017-11-19 00:00,16653.5721000000
2017-11-20 00:00,16182.3729000000
2017-11-21 00:00,15978.4516000000
2017-11-22 00:00,16028.7365000000
2017-11-23 00:00,15103.8481000000
2017-11-24 00:00,16191.5667000000
2017-11-25 00:00,16098.9514000000
2017-11-26 00:00,22187.1683000000
2017-11-27 00:00,18980.0694000000
2017-11-28 00:00,18539.3227000000
2017-11-29 00:00,18059.2622000000
2017-11-30 00:00,18183.6032000000
2017-12-01 00:00,17953.5179000000
2017-12-02 00:00,19325.5459000000
2017-12-03 00:00,19740.9392000000
2017-12-04 00:00,19799.6190000000
2017-12-05 00:00,21174.1650000000
2017-12-06 00:00,17899.0285000000
2017-12-07 00:00,21220.4770000000
2017-12-08 00:00,19891.1636000000
2017-12-09 00:00,20864.2742000000
2017-12-10 00:00,23553.8579000000
2017-12-11 00:00,25607.1102000000
2017-12-12 00:00,26215.5155000000
2017-12-13 00:00,26049.3193000000
2017-12-14 00:00,26179.9600000000
2017-12-15 00:00,26388.9697000000
2017-12-16 00:00,25965.2830000000
2017-12-17 00:00,27932.2349000000
2017-12-18 00:00,31463.3820000000
2017-12-19 00:00,27465.2572000000
2017-12-20 00:00,30221.0880000000
2017-12-21 00:00,29197.6684000000
2017-12-22 00:00,26198.3968000000
2017-12-23 00:00,20519.1981000000
2017-12-24 00:00,21721.0005000000
2017-12-25 00:00,22433.4177000000
2017-12-26 00:00,24733.5902000000
2017-12-27 00:00,25965.3697000000
2017-12-28 00:00,29542.3604000000
2017-12-29 00:00,29346.0405000000
2017-12-30 00:00,25037.6093000000
2017-12-31 00:00,24025.4330000000
2018-01-01 00:00,30157.3657000000
2018-01-02 00:00,32472.8428000000
2018-01-03 00:00,33680.6835000000
2018-01-04 00:00,33416.3557000000
2018-01-05 00:00,32655.2452000000
2018-01-06 00:00,31266.1065000000
2018-01-07 00:00,32502.2162000000
2018-01-08 00:00,33037.4010000000
2018-01-09 00:00,30646.0140000000
2018-01-10 00:00,31298.0621000000
2018-01-11 00:00,30655.0253000000
2018-01-12 00:00,31263.7492000000
2018-01-13 00:00,29323.1127000000
2018-01-14 00:00,31845.8009000000
2018-01-15 00:00,32767.4520000000
2018-01-16 00:00,32426.7608000000
2018-01-17 00:00,31705.2038000000
2018-01-18 00:00,28846.3828000000
2018-01-19 00:00,27414.1778000000
2018-01-20 00:00,26798.0050000000
2018-01-21 00:00,25863.5006000000
2018-01-22 00:00,25079.2642000000
2018-01-23 00:00,24565.6803000000
2018-01-24 00:00,23670.9558000000
2018-01-25 00:00,26058.5294000000
2018-01-26 00:00,22449.6919000000
2018-01-27 00:00,24197.0449000000
2018-01-28 00:00,25247.7414000000
2018-01-29 00:00,25224.1089000000
2018-01-30 00:00,24901.7503000000
2018-01-31 00:00,26327.5348000000
2018-02-01 00:00,26185.8095000000
2018-02-02 00:00,22591.9454000000
2018-02-03 00:00,22741.7864000000
2018-02-04 00:00,24175.2944000000
2018-02-05 00:00,24934.1068000000
2018-02-06 00:00,22971.5510000000
2018-02-07 00:00,20093.2154000000
2018-02-08 00:00,22095.3991000000
2018-02-09 00:00,22121.1700000000
2018-02-10 00:00,20981.7219000000
2018-02-11 00:00,22177.6081000000
2018-02-12 00:00,20432.0951000000
2018-02-13 00:00,21848.2232000000
2018-02-14 00:00,21804.6896000000
2018-02-15 00:00,20710.5013000000
2018-02-16 00:00,21890.9919000000
2018-02-17 00:00,20735.0643000000
2018-02-18 00:00,21811.3581000000
2018-02-19 00:00,24413.3548000000
2018-02-20 00:00,23307.4662000000
2018-02-21 00:00,21747.0528000000
2018-02-22 00:00,20792.5560000000
2018-02-23 00:00,21264.8908000000
2018-02-24 00:00,20566.3774000000
2018-02-25 00:00,21651.7491000000
2018-02-26 00:00,20963.5841000000
2018-02-27 00:00,21593.2292000000
2018-02-28 00:00,20663.0939000000
2018-03-01 00:00,22549.5408000000
2018-03-02 00:00,21172.9719000000
2018-03-03 00:00,20793.9318000000
2018-03-04 00:00,22565.6641000000
2018-03-05 00:00,21622.6864000000
2018-03-06 00:00,22824.4818000000
2018-03-07 00:00,21478.3019000000
2018-03-08 00:00,20374.0131000000
2018-03-09 00:00,18861.7772000000
2018-03-10 00:00,18612.2949000000
2018-03-11 00:00,21667.5095000000
2018-03-12 00:00,20945.8708000000
2018-03-13 00:00,20106.0736000000
2018-03-14 00:00,20055.9794000000
2018-03-15 00:00,19501.8935000000
2018-03-16 00:00,17375.9085000000
2018-03-17 00:00,20197.2088000000
2018-03-18 00:00,20641.9235000000
2018-03-19 00:00,20067.1181000000
2018-03-20 00:00,20630.2452000000
2018-03-21 00:00,17882.6882000000
2018-03-22 00:00,18847.1054000000
2018-03-23 00:00,16599.0906000000
2018-03-24 00:00,14982.3939000000
2018-03-25 00:00,17841.0641000000
2018-03-26 00:00,17229.6865000000
2018-03-27 00:00,17283.1656000000
2018-03-28 00:00,17508.0297000000
2018-03-29 00:00,18456.8764000000
2018-03-30 00:00,17024.5223000000
2018-03-31 00:00,15893.4834000000
2018-04-01 00:00,16870.8786000000
2018-04-02 00:00,19076.0953000000
2018-04-03 00:00,18675.5699000000
2018-04-04 00:00,19495.8203000000
2018-04-05 00:00,17768.8480000000
2018-04-06 00:00,15831.0597000000
2018-04-07 00:00,17232.7603000000
2018-04-08 00:00,18630.2093000000
2018-04-09 00:00,17581.8003000000
2018-04-10 00:00,18495.9289000000
2018-04-11 00:00,21244.4947000000
2018-04-12 00:00,21135.8759000000
2018-04-13 00:00,18148.0304000000
2018-04-14 00:00,18672.3001000000
2018-04-15 00:00,20767.6345000000
2018-04-16 00:00,22300.0127000000
2018-04-17 00:00,22474.3282000000
2018-04-18 00:00,25206.0790000000
2018-04-19 00:00,26386.0401000000
2018-04-20 00:00,21671.9014000000
2018-04-21 00:00,23073.6799000000
2018-04-22 00:00,24240.8902000000
2018-04-23 00:00,25599.4086000000
2018-04-24 00:00,25145.1800000000
2018-04-25 00:00,24705.1737000000
2018-04-26 00:00,24120.1642000000
2018-04-27 00:00,24554.8076000000
2018-04-28 00:00,24653.8910000000
2018-04-29 00:00,25891.2781000000
2018-04-30 00:00,24618.2078000000
2018-05-01 00:00,25626.1796000000
2018-05-02 00:00,26337.5291000000
2018-05-03 00:00,27765.9043000000
2018-05-04 00:00,24103.4294000000
2018-05-05 00:00,22387.7255000000
2018-05-06 00:00,23088.4730000000
2018-05-07 00:00,23859.1866000000
2018-05-08 00:00,24509.7724000000
2018-05-09 00:00,26750.1830000000
2018-05-10 00:00,25118.2386000000
2018-05-11 00:00,23751.8801000000
2018-05-12 00:00,23519.9226000000
2018-05-13 00:00,25931.5552000000
2018-05-14 00:00,24791.8550000000
2018-05-15 00:00,24743.4787000000
2018-05-16 00:00,24608.4122000000
2018-05-17 00:00,24643.0956000000
2018-05-18 00:00,24459.1697000000
2018-05-19 00:00,23759.4156000000
2018-05-20 00:00,25580.2956000000
2018-05-21 00:00,25326.0400000000
2018-05-22 00:00,25964.9401000000
2018-05-23 00:00,25467.4413000000
2018-05-24 00:00,24929.7812000000
2018-05-25 00:00,23052.6393000000
2018-05-26 00:00,23497.0721000000
2018-05-27 00:00,25414.1408000000
2018-05-28 00:00,25332.3038000000
2018-05-29 00:00,25508.1369000000
2018-05-30 00:00,27436.2389000000
2018-05-31 00:00,25129.5766000000
2018-06-01 00:00,24616.5178000000
2018-06-02 00:00,25076.8671000000
2018-06-03 00:00,26426.7662000000
2018-06-04 00:00,25847.7020000000
2018-06-05 00:00,24376.0041000000
2018-06-06 00:00,24383.7062000000
2018-06-07 00:00,24506.3694000000
2018-06-08 00:00,24161.7904000000
2018-06-09 00:00,24559.6648000000
2018-06-10 00:00,24470.1856000000
2018-06-11 00:00,23681.6575000000
2018-06-12 00:00,25448.1554000000
2018-06-13 00:00,24148.5696000000
2018-06-14 00:00,22614.9127000000
2018-06-15 00:00,26352.8881000000
2018-06-16 00:00,19967.6145000000
2018-06-17 00:00,22073.9597000000
2018-06-18 00:00,25000.0365000000
2018-06-19 00:00,25587.1096000000
2018-06-20 00:00,23526.1459000000
2018-06-21 00:00,24500.4271000000
2018-06-22 00:00,20591.0456000000
2018-06-23 00:00,20968.2438000000
2018-06-24 00:00,25228.2471000000
2018-06-25 00:00,23860.4375000000
2018-06-26 00:00,24580.0065000000
2018-06-27 00:00,23925.6336000000
2018-06-28 00:00,23218.5496000000
2018-06-29 00:00,22084.7852000000
2018-06-30 00:00,22499.5647000000
2018-07-01 00:00,19625.1852000000
2018-07-02 00:00,22046.9212000000
2018-07-03 00:00,18915.2395000000
2018-07-04 00:00,21491.9957000000
2018-07-05 00:00,19221.1069000000
2018-07-06 00:00,19709.9567000000
2018-07-07 00:00,22365.8841000000
2018-07-08 00:00,22361.9008000000
2018-07-09 00:00,23429.3918000000
2018-07-10 00:00,22105.6722000000
2018-07-11 00:00,21237.8739000000
2018-07-12 00:00,20792.7699000000
2018-07-13 00:00,19582.6577000000
2018-07-14 00:00,18676.1863000000
2018-07-15 00:00,23433.0581000000
2018-07-16 00:00,23581.0844000000
2018-07-17 00:00,23582.0948000000
2018-07-18 00:00,23729.6211000000
2018-07-19 00:00,21212.1867000000
2018-07-20 00:00,19161.5693000000
2018-07-21 00:00,20798.5359000000
2018-07-22 00:00,23066.4603000000
2018-07-23 00:00,24226.8526000000
2018-07-24 00:00,24154.9085000000
2018-07-25 00:00,23460.5511000000
2018-07-26 00:00,22749.3100000000
2018-07-27 00:00,19594.6682000000
2018-07-28 00:00,21839.7622000000
2018-07-29 00:00,23849.6649000000
2018-07-30 00:00,23899.2196000000
2018-07-31 00:00,24725.3448000000
2018-08-01 00:00,24573.1367000000
2018-08-02 00:00,22393.2228000000
2018-08-03 00:00,21247.1296000000
2018-08-04 00:00,22217.0153000000
2018-08-05 00:00,23328.1692000000
2018-08-06 00:00,19822.3821000000
2018-08-07 00:00,16278.3228000000
2018-08-08 00:00,15535.3752000000
2018-08-09 00:00,18601.4354000000
2018-08-10 00:00,20260.4676000000
2018-08-11 00:00,19751.3702000000
2018-08-12 00:00,21965.6041000000
2018-08-13 00:00,21827.6221000000
2018-08-14 00:00,19766.6617000000
2018-08-15 00:00,22304.8625000000
2018-08-16 00:00,20530.9205000000
2018-08-17 00:00,22523.4350000000
2018-08-18 00:00,22006.0339000000
2018-08-19 00:00,25131.6554000000
2018-08-20 00:00,25196.0923000000
2018-08-21 00:00,22847.3110000000
2018-08-22 00:00,24304.6349000000
2018-08-23 00:00,22820.7773000000
2018-08-24 00:00,24899.2987000000
2018-08-25 00:00,24169.8176000000
2018-08-26 00:00,24837.3773000000
2018-08-27 00:00,25997.1918000000
2018-08-28 00:00,24530.5935000000
2018-08-29 00:00,23696.1318000000
2018-08-30 00:00,22094.4033000000
2018-08-31 00:00,23701.1849000000
2018-09-01 00:00,23069.6124000000
2018-09-02 00:00,24997.8165000000
2018-09-03 00:00,23088.5422000000
2018-09-04 00:00,25416.5361000000
2018-09-05 00:00,23457.2682000000
2018-09-06 00:00,25115.1059000000
2018-09-07 00:00,25215.5772000000
2018-09-08 00:00,22138.7506000000
2018-09-09 00:00,23510.1596000000
2018-09-10 00:00,22327.6606000000
2018-09-11 00:00,24110.6649000000
2018-09-12 00:00,24044.4913000000
2018-09-13 00:00,26313.3337000000
2018-09-14 00:00,25776.1960000000
2018-09-15 00:00,27186.3857000000
2018-09-16 00:00,25918.6095000000
2018-09-17 00:00,26188.4367000000
2018-09-18 00:00,20015.4607000000
2018-09-19 00:00,24235.4904000000
2018-09-20 00:00,26220.5362000000
2018-09-21 00:00,25026.3594000000
2018-09-22 00:00,25755.4589000000
2018-09-23 00:00,28700.0777000000
2018-09-24 00:00,28205.0344000000
2018-09-25 00:00,29735.7714000000
2018-09-26 00:00,29472.1048000000
2018-09-27 00:00,28057.0567000000
2018-09-28 00:00,20394.2064000000
2018-09-29 00:00,23820.5911000000
2018-09-30 00:00,24548.7695000000
2018-10-01 00:00,24098.8191000000
2018-10-02 00:00,21421.0357000000
2018-10-03 00:00,22641.8749000000
2018-10-04 00:00,20844.8146000000
2018-10-05 00:00,17609.6054000000
2018-10-06 00:00,15379.7912000000
2018-10-07 00:00,17024.3708000000
2018-10-08 00:00,18248.9839000000
2018-10-09 00:00,16848.2816000000
2018-10-10 00:00,18165.8790000000
2018-10-11 00:00,20177.9823000000
2018-10-12 00:00,17306.6163000000
2018-10-13 00:00,15185.1545000000
2018-10-14 00:00,17575.2510000000
2018-10-15 00:00,17636.8116000000
2018-10-16 00:00,17752.7254000000
2018-10-17 00:00,17760.9987000000
2018-10-18 00:00,18543.0292000000
2018-10-19 00:00,15747.7127000000
2018-10-20 00:00,16116.3976000000
2018-10-21 00:00,19546.6786000000
2018-10-22 00:00,17580.7472000000
2018-10-23 00:00,20651.9007000000
2018-10-24 00:00,21852.3449000000
2018-10-25 00:00,20074.9069000000
2018-10-26 00:00,15203.4574000000
2018-10-27 00:00,15585.9477000000
2018-10-28 00:00,19672.8324000000
2018-10-29 00:00,19094.3660000000
2018-10-30 00:00,17886.0201000000
2018-10-31 00:00,18060.9311000000
2018-11-01 00:00,17152.8558000000
2018-11-02 00:00,15800.1235000000
2018-11-03 00:00,15889.3745000000
2018-11-04 00:00,17574.2328000000
2018-11-05 00:00,18898.7510000000
2018-11-06 00:00,17778.2835000000
2018-11-07 00:00,18380.3858000000
2018-11-08 00:00,17466.8481000000
2018-11-09 00:00,16386.5976000000
2018-11-10 00:00,17109.0835000000
2018-11-11 00:00,18406.3043000000
2018-11-12 00:00,17669.1439000000
2018-11-13 00:00,18824.5388000000
2018-11-14 00:00,17663.6068000000
2018-11-15 00:00,17112.9719000000
2018-11-16 00:00,15500.4573000000
2018-11-17 00:00,14658.5954000000
2018-11-18 00:00,19025.3789000000
2018-11-19 00:00,19783.9809000000
2018-11-20 00:00,17992.4337000000
2018-11-21 00:00,17775.9033000000
2018-11-22 00:00,17650.9838000000
2018-11-23 00:00,15588.6236000000
2018-11-24 00:00,16515.1779000000
2018-11-25 00:00,17278.0804000000
2018-11-26 00:00,17912.1159000000
2018-11-27 00:00,19902.6572000000
2018-11-28 00:00,17807.3604000000
2018-11-29 00:00,18678.2800000000
2018-11-30 00:00,16289.3966000000
2018-12-01 00:00,15298.7877000000
2018-12-02 00:00,18032.3143000000
2018-12-03 00:00,17965.2283000000
2018-12-04 00:00,18959.0635000000
2018-12-05 00:00,19119.2236000000
2018-12-06 00:00,18420.9983000000
2018-12-07 00:00,17343.3407000000
2018-12-08 00:00,16853.5270000000
2018-12-09 00:00,18157.5910000000
2018-12-10 00:00,17714.6638000000
2018-12-11 00:00,16663.6837000000
2018-12-12 00:00,17638.4489000000
2018-12-13 00:00,18678.2561000000
2018-12-14 00:00,16774.2226000000
2018-12-15 00:00,15862.6029000000
2018-12-16 00:00,18912.9528000000
2018-12-17 00:00,19676.6135000000
2018-12-18 00:00,19631.0256000000
2018-12-19 00:00,19588.3906000000
2018-12-20 00:00,19676.7903000000
2018-12-21 00:00,16618.8685000000
2018-12-22 00:00,17254.6368000000
2018-12-23 00:00,19049.5215000000
2018-12-24 00:00,16454.3620000000
2018-12-25 00:00,18493.6118000000
2018-12-26 00:00,17564.1558000000
2018-12-27 00:00,17910.1659000000
2018-12-28 00:00,16917.2889000000
2018-12-29 00:00,14545.0119000000
2018-12-30 00:00,16502.7527000000
2018-12-31 00:00,13665.9228000000
2019-01-01 00:00,18126.1324000000
2019-01-02 00:00,19342.7903000000
2019-01-03 00:00,18872.1246000000
2019-01-04 00:00,17351.0820000000
2019-01-05 00:00,15855.1345000000
2019-01-06 00:00,18204.0180000000
2019-01-07 00:00,17915.9782000000
2019-01-08 00:00,17865.1677000000
2019-01-09 00:00,19150.4905000000
2019-01-10 00:00,18683.4396000000
2019-01-11 00:00,15917.5317000000
2019-01-12 00:00,15797.5185000000
2019-01-13 00:00,18451.7225000000
2019-01-14 00:00,18074.2022000000
2019-01-15 00:00,18007.8696000000
2019-01-16 00:00,17900.1568000000
2019-01-17 00:00,17751.1737000000
2019-01-18 00:00,17862.8656000000
2019-01-19 00:00,17831.5196000000
2019-01-20 00:00,21355.3785000000
2019-01-21 00:00,22731.4627000000
2019-01-22 00:00,20688.7373000000
2019-01-23 00:00,19831.2859000000
2019-01-24 00:00,18322.4834000000
2019-01-25 00:00,17399.5438000000
2019-01-26 00:00,18274.5334000000
2019-01-27 00:00,21563.7348000000
2019-01-28 00:00,22093.5119000000
2019-01-29 00:00,21561.0461000000
2019-01-30 00:00,20805.7315000000
2019-01-31 00:00,20377.7578000000
2019-02-01 00:00,17482.0158000000
2019-02-02 00:00,16595.7787000000
2019-02-03 00:00,16313.7224000000
2019-02-04 00:00,16607.8622000000
2019-02-05 00:00,16995.2193000000
2019-02-06 00:00,17432.1389000000
2019-02-07 00:00,19002.9760000000
2019-02-08 00:00,17142.1231000000
2019-02-09 00:00,18592.1643000000
2019-02-10 00:00,20690.0689000000
2019-02-11 00:00,20815.2031000000
2019-02-12 00:00,23362.8311000000
2019-02-13 00:00,23318.0927000000
2019-02-14 00:00,22737.6825000000
2019-02-15 00:00,21497.3622000000
2019-02-16 00:00,22193.3194000000
2019-02-17 00:00,24099.6585000000
2019-02-18 00:00,24570.4818000000
2019-02-19 00:00,24752.2574000000
2019-02-20 00:00,25218.9370000000
2019-02-21 00:00,24970.6069000000
2019-02-22 00:00,21839.4774000000
2019-02-23 00:00,24391.9382000000
2019-02-24 00:00,26693.1607000000
2019-02-25 00:00,26267.0528000000
2019-02-26 00:00,25330.0670000000
2019-02-27 00:00,25122.5179000000
2019-02-28 00:00,18966.1894000000
2019-03-01 00:00,16460.0650000000
2019-03-02 00:00,15335.8092000000
2019-03-03 00:00,19791.7538000000
2019-03-04 00:00,18738.5021000000
2019-03-05 00:00,17729.8114000000
2019-03-06 00:00,17134.9933000000
2019-03-07 00:00,18795.1727000000
2019-03-08 00:00,17538.5917000000
2019-03-09 00:00,15029.5016000000
2019-03-10 00:00,17041.7560000000
2019-03-11 00:00,17676.1891000000
2019-03-12 00:00,19141.3732000000
2019-03-13 00:00,18505.2488000000
2019-03-14 00:00,17930.2195000000
2019-03-15 00:00,16256.2026000000
2019-03-16 00:00,15335.6876000000
2019-03-17 00:00,19343.6899000000
2019-03-18 00:00,21159.4216000000
2019-03-19 00:00,19677.5603000000
2019-03-20 00:00,20218.7872000000
2019-03-21 00:00,19816.7811000000
2019-03-22 00:00,17370.8918000000
2019-03-23 00:00,16942.0342000000
2019-03-24 00:00,20016.1142000000
2019-03-25 00:00,20396.5557000000
2019-03-26 00:00,20172.9305000000
2019-03-27 00:00,19719.5129000000
2019-03-28 00:00,20924.9710000000
2019-03-29 00:00,20688.8060000000
2019-03-30 00:00,19947.9822000000
2019-03-31 00:00,20509.6037000000
2019-04-01 00:00,23055.0999000000
2019-04-02 00:00,23136.6229000000
2019-04-03 00:00,21783.3544000000
2019-04-04 00:00,19256.8621000000
2019-04-05 00:00,16996.9775000000
2019-04-06 00:00,17622.8044000000
2019-04-07 00:00,20211.3641000000
2019-04-08 00:00,19594.7227000000
2019-04-09 00:00,22604.7043000000
2019-04-10 00:00,24114.8000000000
2019-04-11 00:00,20322.8361000000
2019-04-12 00:00,17587.9331000000
2019-04-13 00:00,16989.8295000000
2019-04-14 00:00,21481.6028000000
2019-04-15 00:00,22692.9050000000
2019-04-16 00:00,20866.8386000000
2019-04-17 00:00,21206.2516000000
2019-04-18 00:00,20799.7342000000
2019-04-19 00:00,20145.4802000000
2019-04-20 00:00,20850.5761000000
2019-04-21 00:00,21111.3721000000
2019-04-22 00:00,21967.4616000000
2019-04-23 00:00,19995.8640000000
2019-04-24 00:00,20117.2205000000
2019-04-25 00:00,20000.5123000000
2019-04-26 00:00,16426.0372000000
2019-04-27 00:00,17916.7082000000
2019-04-28 00:00,19196.4839000000
2019-04-29 00:00,20864.8838000000
2019-04-30 00:00,20175.2858000000
2019-05-01 00:00,24041.8766000000
2019-05-02 00:00,21971.0366000000
2019-05-03 00:00,18450.2430000000
2019-05-04 00:00,19087.2288000000
2019-05-05 00:00,24816.9443000000
2019-05-06 00:00,28005.5703000000
2019-05-07 00:00,24544.2491000000
2019-05-08 00:00,22852.0211000000
2019-05-09 00:00,22906.9652000000
2019-05-10 00:00,22669.6413000000
2019-05-11 00:00,21502.4324000000
2019-05-12 00:00,23010.8629000000
2019-05-13 00:00,24206.5482000000
2019-05-14 00:00,25362.8850000000
2019-05-15 00:00,26549.7663000000
2019-05-16 00:00,25671.9088000000
2019-05-17 00:00,23032.2427000000
2019-05-18 00:00,21908.8401000000
2019-05-19 00:00,24941.1775000000
2019-05-20 00:00,23918.4619000000
2019-05-21 00:00,25622.6305000000
2019-05-22 00:00,25428.8930000000
2019-05-23 00:00,25638.0274000000
2019-05-24 00:00,23021.9818000000
2019-05-25 00:00,21819.1810000000
2019-05-26 00:00,26731.9737000000
2019-05-27 00:00,25637.5119000000
2019-05-28 00:00,26070.8632000000
2019-05-29 00:00,25694.4777000000
2019-05-30 00:00,23386.1452000000
2019-05-31 00:00,25163.8198000000
2019-06-01 00:00,24299.2307000000
2019-06-02 00:00,25331.6346000000
2019-06-03 00:00,25287.7241000000
2019-06-04 00:00,23395.1436000000
2019-06-05 00:00,23373.7601000000
2019-06-06 00:00,22666.0935000000
2019-06-07 00:00,28238.0494000000
2019-06-08 00:00,20382.4970000000
2019-06-09 00:00,27722.5786000000
2019-06-10 00:00,27089.1868000000
2019-06-11 00:00,24619.0767000000
2019-06-12 00:00,22116.1693000000
2019-06-13 00:00,23684.7601000000
2019-06-14 00:00,26168.1925000000
2019-06-15 00:00,23506.3192000000
2019-06-16 00:00,27822.8112000000
2019-06-17 00:00,24435.1203000000
2019-06-18 00:00,26790.7715000000
2019-06-19 00:00,27995.9350000000
2019-06-20 00:00,22962.5126000000
2019-06-21 00:00,21904.6952000000
2019-06-22 00:00,22337.2636000000
2019-06-23 00:00,24262.1451000000
2019-06-24 00:00,26958.0251000000
2019-06-25 00:00,27236.1269000000
2019-06-26 00:00,25358.1555000000
2019-06-27 00:00,28614.4625000000
2019-06-28 00:00,21154.2783000000
2019-06-29 00:00,20635.7563000000
2019-06-30 00:00,27633.3074000000
2019-07-01 00:00,26108.6608000000
2019-07-02 00:00,23082.2668000000
2019-07-03 00:00,22669.3542000000
2019-07-04 00:00,24934.7261000000
2019-07-05 00:00,26547.3802000000
2019-07-06 00:00,25696.9154000000
2019-07-07 00:00,30954.8450000000
2019-07-08 00:00,23462.7005000000
2019-07-09 00:00,22406.4642000000
2019-07-10 00:00,28002.1653000000
2019-07-11 00:00,22358.2070000000
2019-07-12 00:00,17768.1719000000
2019-07-13 00:00,19201.2346000000
2019-07-14 00:00,36628.9020000000
2019-07-15 00:00,30143.0092000000
2019-07-16 00:00,25543.9817000000
2019-07-17 00:00,25410.9727000000
2019-07-18 00:00,24025.1897000000
2019-07-19 00:00,17730.1461000000
2019-07-20 00:00,16285.2952000000
2019-07-21 00:00,19012.5653000000
2019-07-22 00:00,19173.6975000000
2019-07-23 00:00,26210.8087000000
2019-07-24 00:00,27844.3103000000
2019-07-25 00:00,19450.5976000000
2019-07-26 00:00,17743.3940000000
2019-07-27 00:00,17257.8571000000
2019-07-28 00:00,20134.5140000000
2019-07-29 00:00,20530.8371000000
2019-07-30 00:00,20453.8365000000
2019-07-31 00:00,25684.0230000000
2019-08-01 00:00,22446.0920000000
2019-08-02 00:00,22392.4609000000
2019-08-03 00:00,18033.7166000000
2019-08-04 00:00,21336.7595000000
2019-08-05 00:00,21461.8660000000
2019-08-06 00:00,21783.3644000000
2019-08-07 00:00,21142.9530000000
2019-08-08 00:00,21202.9759000000
2019-08-09 00:00,18118.0596000000
2019-08-10 00:00,16989.5132000000
2019-08-11 00:00,20166.1710000000
2019-08-12 00:00,20542.2942000000
2019-08-13 00:00,21855.6179000000
2019-08-14 00:00,20985.9080000000
2019-08-15 00:00,21166.4545000000
2019-08-16 00:00,18716.7801000000
2019-08-17 00:00,18467.4327000000
2019-08-18 00:00,21292.5204000000
2019-08-19 00:00,21143.9998000000
2019-08-20 00:00,21220.9090000000
2019-08-21 00:00,21494.3709000000
2019-08-22 00:00,21116.6704000000
2019-08-23 00:00,19993.2108000000
2019-08-24 00:00,22498.6958000000
2019-08-25 00:00,24261.0736000000
2019-08-26 00:00,22149.2345000000
2019-08-27 00:00,21549.9559000000
2019-08-28 00:00,21317.3876000000
2019-08-29 00:00,21052.2253000000
2019-08-30 00:00,19888.5702000000
2019-08-31 00:00,20129.1143000000
2019-09-01 00:00,22047.2463000000
2019-09-02 00:00,21626.1075000000
2019-09-03 00:00,20675.2320000000
2019-09-04 00:00,21698.0247000000
2019-09-05 00:00,22029.8457000000
2019-09-06 00:00,19517.2321000000
2019-09-07 00:00,19188.3599000000
2019-09-08 00:00,21391.2504000000
2019-09-09 00:00,19777.1285000000
2019-09-10 00:00,19794.1246000000
2019-09-11 00:00,20293.9838000000
2019-09-12 00:00,17965.6636000000
2019-09-13 00:00,17792.3061000000
2019-09-14 00:00,18285.3858000000
2019-09-15 00:00,20696.3740000000
2019-09-16 00:00,19887.4610000000
2019-09-17 00:00,20010.4934000000
2019-09-18 00:00,20228.4056000000
2019-09-19 00:00,20398.9746000000
2019-09-20 00:00,17446.2071000000
2019-09-21 00:00,17282.9011000000
2019-09-22 00:00,18535.6096000000
2019-09-23 00:00,21930.7449000000
2019-09-24 00:00,20183.2910000000
2019-09-25 00:00,19589.9681000000
2019-09-26 00:00,18862.4467000000
2019-09-27 00:00,17830.1997000000
2019-09-28 00:00,17640.6779000000
2019-09-29 00:00,20384.1839000000
2019-09-30 00:00,21074.8990000000
2019-10-01 00:00,20495.4605000000
2019-10-02 00:00,20571.3139000000
2019-10-03 00:00,20370.0908000000
2019-10-04 00:00,17827.7055000000
2019-10-05 00:00,17157.4774000000
2019-10-06 00:00,20743.5519000000
2019-10-07 00:00,21781.9729000000
2019-10-08 00:00,23157.9310000000
2019-10-09 00:00,21253.0645000000
2019-10-10 00:00,21099.4866000000
2019-10-11 00:00,19120.7263000000
2019-10-12 00:00,17468.2943000000
2019-10-13 00:00,20280.5330000000
2019-10-14 00:00,21540.1588000000
2019-10-15 00:00,21979.0152000000
2019-10-16 00:00,22052.1217000000
2019-10-17 00:00,22804.0514000000
2019-10-18 00:00,20235.9762000000
2019-10-19 00:00,18769.6075000000
2019-10-20 00:00,20900.7079000000
2019-10-21 00:00,22225.5030000000
2019-10-22 00:00,24468.8452000000
2019-10-23 00:00,23539.6360000000
2019-10-24 00:00,24088.5841000000
2019-10-25 00:00,23169.5251000000
2019-10-26 00:00,20473.0624000000
2019-10-27 00:00,23141.5612000000
2019-10-28 00:00,22725.7983000000
2019-10-29 00:00,22815.8168000000
2019-10-30 00:00,23967.3904000000
2019-10-31 00:00,22535.0989000000
2019-11-01 00:00,19187.8756000000
2019-11-02 00:00,18031.5703000000
2019-11-03 00:00,21467.5610000000
2019-11-04 00:00,23000.6748000000
2019-11-05 00:00,22406.4354000000
2019-11-06 00:00,25899.4450000000
2019-11-07 00:00,21544.8423000000
2019-11-08 00:00,19819.1937000000
2019-11-09 00:00,19801.2923000000
2019-11-10 00:00,23477.9041000000
2019-11-11 00:00,23050.4676000000
2019-11-12 00:00,22903.8059000000
2019-11-13 00:00,21902.2881000000
2019-11-14 00:00,22449.5615000000
2019-11-15 00:00,19592.5545000000
2019-11-16 00:00,19925.5280000000
2019-11-17 00:00,25000.7878000000
2019-11-18 00:00,25559.4701000000
2019-11-19 00:00,22934.4494000000
2019-11-20 00:00,28956.2769000000
2019-11-21 00:00,31679.6856000000
2019-11-22 00:00,23877.9280000000
2019-11-23 00:00,23467.9030000000
2019-11-24 00:00,30503.3959000000
2019-11-25 00:00,30711.6655000000
2019-11-26 00:00,28395.9264000000
2019-11-27 00:00,27599.4945000000
2019-11-28 00:00,27644.2980000000
2019-11-29 00:00,24383.6724000000
2019-11-30 00:00,25935.5394000000
2019-12-01 00:00,27057.0155000000
2019-12-02 00:00,23710.4605000000
2019-12-03 00:00,29351.6088000000
2019-12-04 00:00,24662.6742000000
2019-12-05 00:00,23069.8251000000
2019-12-06 00:00,19358.2842000000
2019-12-07 00:00,20630.8800000000
2019-12-08 00:00,24890.3235000000
2019-12-09 00:00,25188.2628000000
2019-12-10 00:00,24658.5935000000
2019-12-11 00:00,24859.3477000000
2019-12-12 00:00,24553.7190000000
2019-12-13 00:00,23104.5342000000
2019-12-14 00:00,22896.4773000000
2019-12-15 00:00,26801.3526000000
2019-12-16 00:00,27135.5956000000
2019-12-17 00:00,28097.4217000000
2019-12-18 00:00,27176.6379000000
2019-12-19 00:00,27197.1141000000
2019-12-20 00:00,24590.7292000000
2019-12-21 00:00,24404.3723000000
2019-12-22 00:00,27164.0708000000
2019-12-23 00:00,24712.6959000000
2019-12-24 00:00,24057.8450000000
2019-12-25 00:00,24546.5439000000
2019-12-26 00:00,24638.1310000000
2019-12-27 00:00,21579.2593000000
2019-12-28 00:00,21019.0058000000
2019-12-29 00:00,24585.8355000000
2019-12-30 00:00,24235.5558000000
2019-12-31 00:00,20512.5131000000
2020-01-01 00:00,20127.1321000000
2020-01-02 00:00,19363.9388000000
2020-01-03 00:00,19034.6257000000
2020-01-04 00:00,18413.3767000000
2020-01-05 00:00,20280.3532000000
2020-01-06 00:00,21151.3467000000
2020-01-07 00:00,22373.1333000000
2020-01-08 00:00,20206.4653000000
2020-01-09 00:00,20166.0124000000
2020-01-10 00:00,18326.5849000000
2020-01-11 00:00,58390.0319000000
2020-01-12 00:00,23759.3694000000
2020-01-13 00:00,22801.0979000000
2020-01-14 00:00,23327.5635000000
2020-01-15 00:00,21417.5311000000
2020-01-16 00:00,22153.2072000000
2020-01-17 00:00,20431.7719000000
2020-01-18 00:00,20563.2187000000
2020-01-19 00:00,20149.4115000000
2020-01-20 00:00,18504.5274000000
2020-01-21 00:00,17216.7911000000
2020-01-22 00:00,18571.2450000000
2020-01-23 00:00,19241.7418000000
2020-01-24 00:00,16542.5475000000
2020-01-25 00:00,16850.6600000000
2020-01-26 00:00,17352.2573000000
2020-01-27 00:00,19059.4658000000
2020-01-28 00:00,19062.0226000000
2020-01-29 00:00,20605.9918000000
2020-01-30 00:00,21313.1214000000
2020-01-31 00:00,18748.9072000000
2020-02-01 00:00,17812.6985000000
2020-02-02 00:00,20804.8254000000
2020-02-03 00:00,17659.1849000000
2020-02-04 00:00,20334.2122000000
2020-02-05 00:00,20248.6727000000
2020-02-06 00:00,21417.0561000000
2020-02-07 00:00,21945.8106000000
2020-02-08 00:00,20950.9546000000
2020-02-09 00:00,21692.8098000000
2020-02-10 00:00,23181.6433000000
2020-02-11 00:00,26515.1467000000
2020-02-12 00:00,25615.9903000000
2020-02-13 00:00,26057.5012000000
2020-02-14 00:00,23072.7449000000
2020-02-15 00:00,22154.1918000000
2020-02-16 00:00,24135.4706000000
2020-02-17 00:00,24219.5951000000
2020-02-18 00:00,23006.7064000000
2020-02-19 00:00,23421.9849000000
2020-02-20 00:00,22265.5906000000
2020-02-21 00:00,20000.9274000000
2020-02-22 00:00,19887.7950000000
2020-02-23 00:00,23633.0724000000
2020-02-24 00:00,24122.6812000000
2020-02-25 00:00,25503.7934000000
2020-02-26 00:00,24740.1784000000
2020-02-27 00:00,24015.4933000000
2020-02-28 00:00,20726.4841000000
2020-02-29 00:00,21385.3951000000
2020-03-01 00:00,22834.5677000000
2020-03-02 00:00,22379.5731000000
2020-03-03 00:00,21488.6946000000
2020-03-04 00:00,23407.3856000000
2020-03-05 00:00,22550.0324000000
2020-03-06 00:00,20777.3338000000
2020-03-07 00:00,23682.5929000000
2020-03-08 00:00,27903.6408000000
2020-03-09 00:00,25113.7045000000
2020-03-10 00:00,24778.7009000000
2020-03-11 00:00,27699.2660000000
2020-03-12 00:00,27573.4246000000
2020-03-13 00:00,23288.6712000000
2020-03-14 00:00,23177.3760000000
2020-03-15 00:00,26351.9838000000
2020-03-16 00:00,24933.7817000000
2020-03-17 00:00,24109.8628000000
2020-03-18 00:00,27401.1734000000
2020-03-19 00:00,27077.5365000000
2020-03-20 00:00,26561.0236000000
2020-03-21 00:00,25645.3465000000
2020-03-22 00:00,25444.2097000000
2020-03-23 00:00,26095.9976000000
2020-03-24 00:00,24789.6167000000
2020-03-25 00:00,24630.1981000000
2020-03-26 00:00,23273.2582000000
2020-03-27 00:00,22259.1825000000
2020-03-28 00:00,19241.6948000000
2020-03-29 00:00,22917.8331000000
2020-03-30 00:00,24049.8263000000
2020-03-31 00:00,23167.2153000000
2020-04-01 00:00,24825.0284000000
2020-04-02 00:00,24099.8856000000
2020-04-03 00:00,21313.8943000000
2020-04-04 00:00,20361.0526000000
2020-04-05 00:00,26029.1467000000
2020-04-06 00:00,25154.2830000000
2020-04-07 00:00,25385.5228000000
2020-04-08 00:00,23433.9146000000
2020-04-09 00:00,24542.3707000000
2020-04-10 00:00,22997.3866000000
2020-04-11 00:00,22761.1544000000
2020-04-12 00:00,24309.2754000000
2020-04-13 00:00,24948.1648000000
2020-04-14 00:00,24617.8339000000
2020-04-15 00:00,26132.6630000000
2020-04-16 00:00,24940.0147000000
2020-04-17 00:00,24241.3836000000
2020-04-18 00:00,23182.6172000000
2020-04-19 00:00,26235.1019000000
2020-04-20 00:00,25505.9520000000
2020-04-21 00:00,25234.0367000000
2020-04-22 00:00,25935.7522000000
2020-04-23 00:00,25523.6028000000
2020-04-24 00:00,24955.1832000000
2020-04-25 00:00,25036.4715000000
2020-04-26 00:00,25745.5018000000
2020-04-27 00:00,26031.2439000000
2020-04-28 00:00,27918.5392000000
2020-04-29 00:00,28648.6624000000
2020-04-30 00:00,25911.5876000000
2020-05-01 00:00,23877.5301000000
2020-05-02 00:00,24805.5568000000
2020-05-03 00:00,26931.5288000000
2020-05-04 00:00,24549.8369000000
2020-05-05 00:00,27892.9012000000
2020-05-06 00:00,31358.1379000000
2020-05-07 00:00,27085.9929000000
2020-05-08 00:00,27767.6100000000
2020-05-09 00:00,27558.5588000000
2020-05-10 00:00,27596.7127000000
2020-05-11 00:00,26831.3034000000
2020-05-12 00:00,25699.2295000000
2020-05-13 00:00,25611.3826000000
2020-05-14 00:00,27245.8080000000
2020-05-15 00:00,26686.5261000000
2020-05-16 00:00,25474.7509000000
2020-05-17 00:00,26532.7379000000
2020-05-18 00:00,26810.4123000000
2020-05-19 00:00,27673.8521000000
2020-05-20 00:00,28560.8744000000
2020-05-21 00:00,28544.2317000000
2020-05-22 00:00,26825.6860000000
2020-05-23 00:00,26719.7861000000
2020-05-24 00:00,26733.1380000000
2020-05-25 00:00,28260.9085000000
2020-05-26 00:00,26742.6226000000
2020-05-27 00:00,27997.8754000000
2020-05-28 00:00,30587.3360000000
2020-05-29 00:00,27291.1654000000
2020-05-30 00:00,29246.1297000000
2020-05-31 00:00,29926.7816000000
2020-06-01 00:00,30183.4412000000
2020-06-02 00:00,27404.0976000000
2020-06-03 00:00,28850.0597000000
2020-06-04 00:00,27429.0068000000
2020-06-05 00:00,29092.8659000000
2020-06-06 00:00,29146.2057000000
2020-06-07 00:00,29020.0000000000
2020-06-08 00:00,28803.4003000000
2020-06-09 00:00,31132.5524000000
2020-06-10 00:00,30376.9215000000
2020-06-11 00:00,27908.8016000000
2020-06-12 00:00,25737.1316000000
2020-06-13 00:00,25232.5198000000
2020-06-14 00:00,29488.3126000000
2020-06-15 00:00,28865.4600000000
2020-06-16 00:00,28113.6426000000
2020-06-17 00:00,28987.0820000000
2020-06-18 00:00,30660.5853000000
2020-06-19 00:00,31025.7170000000
2020-06-20 00:00,34035.0300000000
2020-06-21 00:00,36768.5772000000
2020-06-22 00:00,37107.4865000000
2020-06-23 00:00,38414.8996000000
2020-06-24 00:00,38301.0836000000
2020-06-25 00:00,35299.8265000000
2020-06-26 00:00,36471.1090000000
2020-06-27 00:00,33620.3290000000
2020-06-28 00:00,34826.1362000000
2020-06-29 00:00,34530.4618000000
2020-06-30 00:00,35289.7138000000
2020-07-01 00:00,36443.5501000000
2020-07-02 00:00,35930.5186000000
2020-07-03 00:00,32045.9888000000
2020-07-04 00:00,29723.5365000000
2020-07-05 00:00,34618.7779000000
2020-07-06 00:00,35764.4498000000
2020-07-07 00:00,36713.5758000000
2020-07-08 00:00,36281.9247000000
2020-07-09 00:00,33697.2381000000
2020-07-10 00:00,31395.6121000000
2020-07-11 00:00,33336.9667000000
2020-07-12 00:00,38792.5477000000
2020-07-13 00:00,35585.0729000000
2020-07-14 00:00,36328.3018000000
2020-07-15 00:00,34882.9769000000
2020-07-16 00:00,35450.1898000000
2020-07-17 00:00,37268.0944000000
2020-07-18 00:00,38983.4176000000
2020-07-19 00:00,38791.8788000000
2020-07-20 00:00,38932.8127000000
2020-07-21 00:00,39104.4385000000
2020-07-22 00:00,38975.9615000000
2020-07-23 00:00,40048.2719000000
2020-07-24 00:00,43136.5364000000
2020-07-25 00:00,38984.2639000000
2020-07-26 00:00,42486.2407000000
2020-07-27 00:00,40422.0480000000
2020-07-28 00:00,40092.5737000000
2020-07-29 00:00,40010.1527000000
2020-07-30 00:00,41263.5049000000
2020-07-31 00:00,39209.1666000000
2020-08-01 00:00,38254.0644000000
2020-08-02 00:00,39129.3428000000
2020-08-03 00:00,38769.1272000000
2020-08-04 00:00,39206.8764000000
2020-08-05 00:00,40066.9071000000
2020-08-06 00:00,41219.4305000000
2020-08-07 00:00,40848.8510000000
2020-08-08 00:00,42772.6642000000
2020-08-09 00:00,43620.7141000000
2020-08-10 00:00,42269.4821000000
2020-08-11 00:00,42505.7682000000
2020-08-12 00:00,40795.5779000000
2020-08-13 00:00,41341.3939000000
2020-08-14 00:00,37661.6051000000
2020-08-15 00:00,39367.0826000000
2020-08-16 00:00,40553.4408000000
2020-08-17 00:00,41959.6670000000
2020-08-18 00:00,41022.7418000000
2020-08-19 00:00,40496.3122000000
2020-08-20 00:00,43308.0938000000
2020-08-21 00:00,38712.8685000000
2020-08-22 00:00,37989.6994000000
2020-08-23 00:00,39408.3389000000
2020-08-24 00:00,38405.2960000000
2020-08-25 00:00,38847.8526000000
2020-08-26 00:00,37957.9400000000
2020-08-27 00:00,38584.1451000000
2020-08-28 00:00,39742.9181000000
2020-08-29 00:00,41256.1350000000
2020-08-30 00:00,41087.7052000000
2020-08-31 00:00,41276.1536000000
2020-09-01 00:00,39749.0498000000
2020-09-02 00:00,39318.1092000000
2020-09-03 00:00,37486.8202000000
2020-09-04 00:00,36154.1840000000
2020-09-05 00:00,35863.6619000000
2020-09-06 00:00,36285.1487000000
2020-09-07 00:00,36067.2828000000
2020-09-08 00:00,36406.3451000000
2020-09-09 00:00,39038.3000000000
2020-09-10 00:00,37003.6529000000
2020-09-11 00:00,36724.0963000000
2020-09-12 00:00,37452.6361000000
2020-09-13 00:00,38897.9102000000
2020-09-14 00:00,38474.5749000000
2020-09-15 00:00,37223.7360000000
2020-09-16 00:00,58962.3070000000
2020-09-17 00:00,44704.5069000000
2020-09-18 00:00,39027.4416000000
2020-09-19 00:00,37318.5157000000
2020-09-20 00:00,38599.9138000000
2020-09-21 00:00,40220.7799000000
2020-09-22 00:00,38871.7935000000
2020-09-23 00:00,37675.5696000000
2020-09-24 00:00,37250.5367000000
2020-09-25 00:00,36645.7817000000
2020-09-26 00:00,36576.5978000000
2020-09-27 00:00,38711.6171000000
2020-09-28 00:00,38832.0592000000
2020-09-29 00:00,38204.0345000000
2020-09-30 00:00,36982.7628000000
2020-10-01 00:00,36777.6169000000
2020-10-02 00:00,34875.6689000000
2020-10-03 00:00,37137.7839000000
2020-10-04 00:00,37919.0659000000
2020-10-05 00:00,39562.4943000000
2020-10-06 00:00,37960.3123000000
2020-10-07 00:00,37122.8507000000
2020-10-08 00:00,37287.7054000000
2020-10-09 00:00,35619.1252000000
2020-10-10 00:00,35257.2705000000
2020-10-11 00:00,38653.3403000000
2020-10-12 00:00,38197.6886000000
2020-10-13 00:00,37256.4431000000
2020-10-14 00:00,39315.3986000000
2020-10-15 00:00,37899.5419000000
2020-10-16 00:00,34969.0496000000
2020-10-17 00:00,34910.8067000000
2020-10-18 00:00,38396.6069000000
2020-10-19 00:00,38669.9540000000
2020-10-20 00:00,39292.5874000000
2020-10-21 00:00,39063.1057000000
2020-10-22 00:00,37596.8509000000
2020-10-23 00:00,33660.1489000000
2020-10-24 00:00,33749.5962000000
2020-10-25 00:00,37986.7898000000
2020-10-26 00:00,38239.4882000000
2020-10-27 00:00,39478.6199000000
2020-10-28 00:00,38595.1787000000
2020-10-29 00:00,38738.3456000000
2020-10-30 00:00,37665.0769000000
2020-10-31 00:00,36835.6237000000
2020-11-01 00:00,39234.4714000000
2020-11-02 00:00,38728.6757000000
2020-11-03 00:00,38581.8276000000
2020-11-04 00:00,38995.5878000000
2020-11-05 00:00,40253.7074000000
2020-11-06 00:00,39365.5183000000
2020-11-07 00:00,35318.4050000000
2020-11-08 00:00,39392.0722000000
2020-11-09 00:00,40205.9664000000
2020-11-10 00:00,36841.6722000000
2020-11-11 00:00,37933.3123000000
2020-11-12 00:00,39420.3297000000
2020-11-13 00:00,36609.3375000000
2020-11-14 00:00,36700.9274000000
2020-11-15 00:00,38425.5775000000
2020-11-16 00:00,39878.5076000000
2020-11-17 00:00,38278.1619000000
2020-11-18 00:00,38213.0620000000
2020-11-19 00:00,40045.9760000000
2020-11-20 00:00,40068.9057000000
2020-11-21 00:00,40160.1498000000
2020-11-22 00:00,42080.2094000000
2020-11-23 00:00,41620.6051000000
2020-11-24 00:00,41412.3208000000
2020-11-25 00:00,40845.9717000000
2020-11-26 00:00,38198.5342000000
2020-11-27 00:00,34200.2161000000
2020-11-28 00:00,34758.3576000000
2020-11-29 00:00,40059.7326000000
2020-11-30 00:00,40442.3313000000
2020-12-01 00:00,38862.3706000000
2020-12-02 00:00,40517.3107000000
2020-12-03 00:00,41256.8225000000
2020-12-04 00:00,37959.3735000000
2020-12-05 00:00,38320.5285000000
2020-12-06 00:00,40446.5332000000
2020-12-07 00:00,42589.3580000000
2020-12-08 00:00,40708.5488000000
2020-12-09 00:00,39907.9623000000
2020-12-10 00:00,42283.2868000000
2020-12-11 00:00,36759.7310000000
2020-12-12 00:00,37848.0947000000
2020-12-13 00:00,40674.7630000000
2020-12-14 00:00,40987.1872000000
2020-12-15 00:00,42011.2828000000
2020-12-16 00:00,43488.5867000000
2020-12-17 00:00,40765.1802000000
2020-12-18 00:00,40849.3370000000
2020-12-19 00:00,39622.8747000000
2020-12-20 00:00,42077.7678000000
2020-12-21 00:00,42001.4360000000
2020-12-22 00:00,48718.6006000000
2020-12-23 00:00,42712.8521000000
2020-12-24 00:00,53910.6883000000
2020-12-25 00:00,45642.7009000000
2020-12-26 00:00,45285.6772000000
2020-12-27 00:00,46001.2196000000
2020-12-28 00:00,44844.3189000000
2020-12-29 00:00,43031.5002000000
2020-12-30 00:00,41259.4408000000
2020-12-31 00:00,40961.8220000000
2021-01-01 00:00,40867.9115000000
2021-01-02 00:00,43191.6998000000
2021-01-03 00:00,43281.8690000000
2021-01-04 00:00,43622.7659000000
2021-01-05 00:00,44095.4449000000
2021-01-06 00:00,44986.5312000000
2021-01-07 00:00,43531.8277000000
2021-01-08 00:00,42516.2475000000
2021-01-09 00:00,42569.2930000000
2021-01-10 00:00,45232.2658000000
2021-01-11 00:00,41753.6955000000
2021-01-12 00:00,40871.1923000000
2021-01-13 00:00,42959.3205000000
2021-01-14 00:00,43189.5849000000
2021-01-15 00:00,42897.9481000000
2021-01-16 00:00,42367.6749000000
2021-01-17 00:00,44460.4498000000
2021-01-18 00:00,45830.4760000000
2021-01-19 00:00,43990.6459000000
2021-01-20 00:00,43880.3989000000
2021-01-21 00:00,43215.4775000000
2021-01-22 00:00,42089.8788000000
2021-01-23 00:00,42597.8863000000
2021-01-24 00:00,45120.3133000000
2021-01-25 00:00,44249.4136000000
2021-01-26 00:00,44558.6033000000
2021-01-27 00:00,45230.5003000000
2021-01-28 00:00,46480.7485000000
2021-01-29 00:00,44631.5712000000
2021-01-30 00:00,44741.1502000000
2021-01-31 00:00,45845.1550000000
2021-02-01 00:00,46774.1021000000
2021-02-02 00:00,45657.6874000000
2021-02-03 00:00,44857.5121000000
2021-02-04 00:00,45489.9166000000
2021-02-05 00:00,42340.5470000000
2021-02-06 00:00,43063.8647000000
2021-02-07 00:00,44455.7882000000
2021-02-08 00:00,44975.3147000000
2021-02-09 00:00,44282.3814000000
2021-02-10 00:00,44877.7852000000
2021-02-11 00:00,46628.2319000000
2021-02-12 00:00,46880.8997000000
2021-02-13 00:00,44844.5647000000
2021-02-14 00:00,45511.3245000000
2021-02-15 00:00,44486.5661000000
2021-02-16 00:00,46239.4891000000
2021-02-17 00:00,46852.6443000000
2021-02-18 00:00,45788.8854000000
2021-02-19 00:00,45878.8376000000
2021-02-20 00:00,43973.8797000000
2021-02-21 00:00,46472.3087000000
2021-02-22 00:00,45588.9872000000
2021-02-23 00:00,45902.3483000000
2021-02-24 00:00,44062.7762000000
2021-02-25 00:00,45102.6628000000
2021-02-26 00:00,44217.5736000000
2021-02-27 00:00,44514.8610000000
2021-02-28 00:00,43232.2268000000
2021-03-01 00:00,44530.1089000000
2021-03-02 00:00,46007.8436000000
2021-03-03 00:00,45597.9345000000
2021-03-04 00:00,46125.9157000000
2021-03-05 00:00,43610.8287000000
2021-03-06 00:00,44382.5021000000
2021-03-07 00:00,44971.7292000000
2021-03-08 00:00,46984.5629000000
2021-03-09 00:00,45364.9368000000
2021-03-10 00:00,47001.5422000000
2021-03-11 00:00,46667.8677000000
2021-03-12 00:00,47105.4358000000
2021-03-13 00:00,47544.1358000000
2021-03-14 00:00,47933.3374000000
2021-03-15 00:00,46835.6672000000
2021-03-16 00:00,44587.1869000000
2021-03-17 00:00,49522.7742000000
2021-03-18 00:00,45534.0292000000
2021-03-19 00:00,44975.6530000000
2021-03-20 00:00,44754.9224000000
2021-03-21 00:00,46416.6878000000
2021-03-22 00:00,46317.4154000000
2021-03-23 00:00,45808.3229000000
2021-03-24 00:00,45832.8242000000
2021-03-25 00:00,43826.4651000000
2021-03-26 00:00,43801.1059000000
2021-03-27 00:00,43551.4945000000
2021-03-28 00:00,45570.4548000000
2021-03-29 00:00,45988.8921000000
2021-03-30 00:00,47733.5882000000
2021-03-31 00:00,46975.5861000000
2021-04-01 00:00,46575.6250000000
2021-04-02 00:00,45572.4754000000
2021-04-03 00:00,43023.0005000000
2021-04-04 00:00,44869.8450000000
2021-04-05 00:00,46977.3276000000
2021-04-06 00:00,46182.9901000000
2021-04-07 00:00,45256.6353000000
2021-04-08 00:00,46132.6133000000
2021-04-09 00:00,44571.0220000000
2021-04-10 00:00,43196.1858000000
2021-04-11 00:00,45671.4750000000
2021-04-12 00:00,46479.3156000000
2021-04-13 00:00,48022.3698000000
2021-04-14 00:00,44714.9600000000
2021-04-15 00:00,46847.2332000000
2021-04-16 00:00,48002.5257000000
2021-04-17 00:00,48609.7687000000
2021-04-18 00:00,48425.6892000000
2021-04-19 00:00,49146.5622000000
2021-04-20 00:00,52541.2191000000
2021-04-21 00:00,56893.9910000000
2021-04-22 00:00,55972.5533000000
2021-04-23 00:00,48464.4977000000
2021-04-24 00:00,49204.8792000000
2021-04-25 00:00,52203.5103000000
2021-04-26 00:00,52206.7337000000
2021-04-27 00:00,54544.9053000000
2021-04-28 00:00,55088.6798000000
2021-04-29 00:00,53703.1184000000
2021-04-30 00:00,53087.4027000000
2021-05-01 00:00,54311.8669000000
2021-05-02 00:00,54905.3679000000
2021-05-03 00:00,57881.5244000000
2021-05-04 00:00,55401.1981000000
2021-05-05 00:00,55764.5028000000
2021-05-06 00:00,55728.3802000000
2021-05-07 00:00,59411.0876000000
2021-05-08 00:00,58791.9153000000
2021-05-09 00:00,58275.7198000000
2021-05-10 00:00,56531.6271000000
2021-05-11 00:00,56999.3420000000
2021-05-12 00:00,57099.1338000000
2021-05-13 00:00,54078.3891000000
2021-05-14 00:00,53434.4441000000
2021-05-15 00:00,53585.4334000000
2021-05-16 00:00,55636.6736000000
2021-05-17 00:00,54864.0042000000
2021-05-18 00:00,62114.8038000000
2021-05-19 00:00,57839.0908000000
2021-05-20 00:00,56422.5752000000
2021-05-21 00:00,52705.4191000000
2021-05-22 00:00,55367.9890000000
2021-05-23 00:00,55558.3601000000
2021-05-24 00:00,54999.3535000000
2021-05-25 00:00,55924.8587000000
2021-05-26 00:00,53159.8394000000
2021-05-27 00:00,54542.7625000000
2021-05-28 00:00,51438.6569000000
2021-05-29 00:00,51142.0463000000
2021-05-30 00:00,51252.3097000000
2021-05-31 00:00,51721.4055000000
2021-06-01 00:00,52375.5492000000
2021-06-02 00:00,53090.9789000000
2021-06-03 00:00,52483.9888000000
2021-06-04 00:00,48275.9085000000
2021-06-05 00:00,45412.5034000000
2021-06-06 00:00,51527.7349000000
2021-06-07 00:00,53929.8025000000
2021-06-08 00:00,53023.7340000000
2021-06-09 00:00,52410.7929000000
2021-06-10 00:00,53181.8478000000
2021-06-11 00:00,49940.0084000000
2021-06-12 00:00,50332.9660000000
2021-06-13 00:00,52499.3901000000
2021-06-14 00:00,52969.4546000000
2021-06-15 00:00,54571.0903000000
2021-06-16 00:00,54330.9997000000
2021-06-17 00:00,54203.0275000000
2021-06-18 00:00,48107.9695000000
2021-06-19 00:00,50484.5528000000
2021-06-20 00:00,58102.6469000000
2021-06-21 00:00,58278.6498000000
2021-06-22 00:00,55348.2924000000
2021-06-23 00:00,53729.4543000000
2021-06-24 00:00,56432.6181000000
2021-06-25 00:00,52169.2622000000
2021-06-26 00:00,52188.7644000000
2021-06-27 00:00,57648.3896000000
2021-06-28 00:00,55100.0005000000
2021-06-29 00:00,54983.4174000000
2021-06-30 00:00,54672.5745000000
2021-07-01 00:00,52898.6859000000
2021-07-02 00:00,51324.0681000000
2021-07-03 00:00,52294.3894000000
2021-07-04 00:00,53374.9209000000
2021-07-05 00:00,54789.5024000000
2021-07-06 00:00,54607.5818000000
2021-07-07 00:00,54005.1205000000
2021-07-08 00:00,55487.7696000000
2021-07-09 00:00,52575.8303000000
2021-07-10 00:00,51546.3425000000
2021-07-11 00:00,53560.6751000000
2021-07-12 00:00,55715.6992000000
2021-07-13 00:00,58501.2250000000
2021-07-14 00:00,60816.9373000000
2021-07-15 00:00,58114.1309000000
2021-07-16 00:00,58065.8002000000
2021-07-17 00:00,59442.5819000000
2021-07-18 00:00,63629.3064000000
2021-07-19 00:00,63077.2338000000
2021-07-20 00:00,61689.4512000000
2021-07-21 00:00,59061.9533000000
2021-07-22 00:00,60054.9932000000
2021-07-23 00:00,60029.0819000000
2021-07-24 00:00,60451.5543000000
2021-07-25 00:00,62057.2405000000
2021-07-26 00:00,61870.3788000000
2021-07-27 00:00,62438.7805000000
2021-07-28 00:00,59280.7475000000
2021-07-29 00:00,59162.7476000000
2021-07-30 00:00,60120.9655000000
2021-07-31 00:00,64829.5138000000
2021-08-01 00:00,65164.5553000000
2021-08-02 00:00,65616.0321000000
2021-08-03 00:00,70097.2749000000
2021-08-04 00:00,71388.3528000000
2021-08-05 00:00,73362.3519000000
2021-08-06 00:00,69407.6964000000
2021-08-07 00:00,72026.5285000000
2021-08-08 00:00,74109.4085000000
2021-08-09 00:00,77673.0824000000
2021-08-10 00:00,74176.7932000000
2021-08-11 00:00,72339.7124000000
2021-08-12 00:00,78038.8477000000
2021-08-13 00:00,78113.1522000000
2021-08-14 00:00,74665.2055000000
2021-08-15 00:00,71465.8135000000
2021-08-16 00:00,72379.8737000000
2021-08-17 00:00,68402.3224000000
2021-08-18 00:00,68792.3778000000
2021-08-19 00:00,67668.0966000000
2021-08-20 00:00,71388.7409000000
2021-08-21 00:00,78248.4590000000
2021-08-22 00:00,80909.6045000000
2021-08-23 00:00,91973.0856000000
2021-08-24 00:00,85141.3396000000
2021-08-25 00:00,84591.9493000000
2021-08-26 00:00,81984.3738000000
2021-08-27 00:00,83747.1351000000
2021-08-28 00:00,84567.6983000000
2021-08-29 00:00,86971.6967000000
2021-08-30 00:00,81164.9309000000
2021-08-31 00:00,77913.6646000000
2021-09-01 00:00,73352.2122000000
2021-09-02 00:00,71796.7252000000
2021-09-03 00:00,74236.0915000000
2021-09-04 00:00,72251.1337000000
2021-09-05 00:00,73240.3586000000
2021-09-06 00:00,76352.7603000000
2021-09-07 00:00,67602.1342000000
2021-09-08 00:00,72676.2062000000
2021-09-09 00:00,72270.2866000000
2021-09-10 00:00,76405.5976000000
2021-09-11 00:00,80368.7256000000
2021-09-12 00:00,76076.5719000000
2021-09-13 00:00,78371.6064000000
2021-09-14 00:00,77512.0428000000
2021-09-15 00:00,84901.4190000000
2021-09-16 00:00,79592.1486000000
2021-09-17 00:00,77765.8293000000
2021-09-18 00:00,82860.6560000000
2021-09-19 00:00,86584.5358000000
2021-09-20 00:00,84717.6586000000
2021-09-21 00:00,84006.1136000000
2021-09-22 00:00,82224.7214000000
2021-09-23 00:00,87100.4353000000
2021-09-24 00:00,82294.9725000000
2021-09-25 00:00,85681.3351000000
2021-09-26 00:00,86369.3144000000
2021-09-27 00:00,89476.6576000000
2021-09-28 00:00,87281.3527000000
2021-09-29 00:00,82904.3098000000
2021-09-30 00:00,81217.0398000000
2021-10-01 00:00,81231.2678000000
2021-10-02 00:00,90622.8834000000
2021-10-03 00:00,90094.0415000000
2021-10-04 00:00,91693.4102000000
2021-10-05 00:00,86608.6955000000
2021-10-06 00:00,81270.1948000000
2021-10-07 00:00,81709.4240000000
2021-10-08 00:00,77828.6023000000
2021-10-09 00:00,75463.7890000000
2021-10-10 00:00,77155.7515000000
2021-10-11 00:00,78523.1352000000
2021-10-12 00:00,79415.4957000000
2021-10-13 00:00,72693.9314000000
2021-10-14 00:00,77339.6963000000
2021-10-15 00:00,67969.6246000000
2021-10-16 00:00,70980.9923000000
2021-10-17 00:00,70434.7042000000
2021-10-18 00:00,70772.4306000000
2021-10-19 00:00,70098.3444000000
2021-10-20 00:00,72322.8693000000
2021-10-21 00:00,73170.7398000000
2021-10-22 00:00,72291.7935000000
2021-10-23 00:00,71576.0643000000
2021-10-24 00:00,71494.1390000000
2021-10-25 00:00,69812.7114000000
2021-10-26 00:00,69414.2460000000
2021-10-27 00:00,67421.6422000000
2021-10-28 00:00,64129.0969000000
2021-10-29 00:00,62412.1221000000