date,daily_uncle_block_reward
2015-08-06 00:00,4045.6800000000
2015-08-07 00:00,2118.3900000000
2015-08-08 00:00,1075.8200000000
2015-08-09 00:00,951.1700000000
2015-08-10 00:00,1170.2500000000
2015-08-11 00:00,1834.6400000000
2015-08-12 00:00,2526.5500000000
2015-08-13 00:00,4316.3000000000
2015-08-14 00:00,2498.2300000000
2015-08-15 00:00,1937.9800000000
2015-08-16 00:00,1692.9500000000
2015-08-17 00:00,1703.8600000000
2015-08-18 00:00,1561.0700000000
2015-08-19 00:00,1276.4700000000
2015-08-20 00:00,1832.2100000000
2015-08-21 00:00,1640.3300000000
2015-08-22 00:00,1503.5600000000
2015-08-23 00:00,1748.2900000000
2015-08-24 00:00,1359.2100000000
2015-08-25 00:00,1278.4200000000
2015-08-26 00:00,1081.9000000000
2015-08-27 00:00,1075.8900000000
2015-08-28 00:00,978.4000000000
2015-08-29 00:00,840.7800000000
2015-08-30 00:00,873.9300000000
2015-08-31 00:00,852.9800000000
2015-09-01 00:00,636.1300000000
2015-09-02 00:00,544.6800000000
2015-09-03 00:00,1055.4800000000
2015-09-04 00:00,1284.4100000000
2015-09-05 00:00,1618.6800000000
2015-09-06 00:00,1553.6800000000
2015-09-07 00:00,1525.0000000000
2015-09-08 00:00,1497.4100000000
2015-09-09 00:00,1655.9700000000
2015-09-10 00:00,1465.2400000000
2015-09-11 00:00,1282.6500000000
2015-09-12 00:00,1243.0900000000
2015-09-13 00:00,1138.9000000000
2015-09-14 00:00,1322.9900000000
2015-09-15 00:00,1367.4500000000
2015-09-16 00:00,1161.9900000000
2015-09-18 00:00,1476.7300000000
2015-09-19 00:00,1193.0400000000
2015-09-20 00:00,1108.2300000000
2015-09-21 00:00,966.8900000000
2015-09-22 00:00,1089.6300000000
2015-09-23 00:00,1098.9300000000
2015-09-24 00:00,1125.2800000000
2015-09-25 00:00,916.8300000000
2015-09-26 00:00,815.0100000000
2015-09-27 00:00,716.3200000000
2015-09-28 00:00,713.0500000000
2015-09-29 00:00,819.2600000000
2015-09-30 00:00,951.6300000000
2015-10-01 00:00,792.4300000000
2015-10-02 00:00,687.3300000000
2015-10-03 00:00,699.8100000000
2015-10-04 00:00,696.2200000000
2015-10-05 00:00,634.0500000000
2015-10-06 00:00,675.3000000000
2015-10-07 00:00,606.7400000000
2015-10-08 00:00,530.1700000000
2015-10-09 00:00,645.8000000000
2015-10-10 00:00,693.4700000000
2015-10-11 00:00,640.3900000000
2015-10-12 00:00,688.1900000000
2015-10-13 00:00,701.0500000000
2015-10-14 00:00,494.2100000000
2015-10-15 00:00,556.7500000000
2015-10-16 00:00,591.5500000000
2015-10-17 00:00,605.0500000000
2015-10-18 00:00,541.8400000000
2015-10-19 00:00,584.9300000000
2015-10-20 00:00,505.3900000000
2015-10-21 00:00,468.1500000000
2015-10-22 00:00,738.3300000000
2015-10-23 00:00,668.9900000000
2015-10-24 00:00,698.4000000000
2015-10-25 00:00,887.3900000000
2015-10-26 00:00,930.1500000000
2015-10-27 00:00,1140.5200000000
2015-10-28 00:00,1702.9000000000
2015-10-29 00:00,1739.3400000000
2015-10-30 00:00,2125.1300000000
2015-10-31 00:00,2085.3500000000
2015-11-01 00:00,2029.0100000000
2015-11-02 00:00,1994.6600000000
2015-11-03 00:00,2001.1300000000
2015-11-04 00:00,1519.5500000000
2015-11-05 00:00,1480.9100000000
2015-11-06 00:00,1802.7200000000
2015-11-07 00:00,1937.2000000000
2015-11-08 00:00,1902.7400000000
2015-11-09 00:00,2079.8900000000
2015-11-10 00:00,2373.2200000000
2015-11-11 00:00,1967.5300000000
2015-11-12 00:00,2234.8000000000
2015-11-13 00:00,2340.7000000000
2015-11-14 00:00,1842.9200000000
2015-11-15 00:00,1915.6700000000
2015-11-16 00:00,1755.3100000000
2015-11-17 00:00,1799.1500000000
2015-11-18 00:00,1596.9700000000
2015-11-19 00:00,1394.8600000000
2015-11-20 00:00,1430.5000000000
2015-11-21 00:00,1619.5600000000
2015-11-22 00:00,1695.4500000000
2015-11-23 00:00,1662.8600000000
2015-11-24 00:00,1501.2300000000
2015-11-25 00:00,1534.8700000000
2015-11-26 00:00,1697.7600000000
2015-11-27 00:00,1837.8600000000
2015-11-28 00:00,1820.3200000000
2015-11-29 00:00,1600.0800000000
2015-11-30 00:00,1795.4700000000
2015-12-01 00:00,1533.1000000000
2015-12-02 00:00,1595.4500000000
2015-12-03 00:00,1274.3200000000
2015-12-04 00:00,1241.8200000000
2015-12-05 00:00,1415.9000000000
2015-12-06 00:00,1465.6300000000
2015-12-07 00:00,1332.0600000000
2015-12-08 00:00,1723.0700000000
2015-12-09 00:00,1335.5600000000
2015-12-10 00:00,1374.0700000000
2015-12-11 00:00,1681.4600000000
2015-12-12 00:00,1404.6000000000
2015-12-13 00:00,1619.5400000000
2015-12-14 00:00,1595.3200000000
2015-12-15 00:00,1474.2800000000
2015-12-16 00:00,1502.9000000000
2015-12-17 00:00,1384.7600000000
2015-12-18 00:00,1305.1300000000
2015-12-19 00:00,1496.5400000000
2015-12-20 00:00,1377.5900000000
2015-12-21 00:00,1484.3900000000
2015-12-22 00:00,1535.5200000000
2015-12-23 00:00,1320.3600000000
2015-12-24 00:00,1179.3500000000
2015-12-25 00:00,1288.3100000000
2015-12-26 00:00,1432.7500000000
2015-12-27 00:00,1382.0700000000
2015-12-28 00:00,1419.5900000000
2015-12-29 00:00,1374.5900000000
2015-12-30 00:00,1571.8300000000
2015-12-31 00:00,1495.3100000000
2016-01-01 00:00,1759.6900000000
2016-01-02 00:00,1825.9700000000
2016-01-03 00:00,1797.0600000000
2016-01-04 00:00,2034.7600000000
2016-01-05 00:00,1972.1700000000
2016-01-06 00:00,1952.2300000000
2016-01-07 00:00,1965.0200000000
2016-01-08 00:00,1977.0500000000
2016-01-09 00:00,1707.3900000000
2016-01-10 00:00,1499.8600000000
2016-01-11 00:00,1306.9800000000
2016-01-12 00:00,1653.3300000000
2016-01-13 00:00,1595.1600000000
2016-01-14 00:00,1604.7700000000
2016-01-15 00:00,1513.8700000000
2016-01-16 00:00,1691.9000000000
2016-01-17 00:00,1705.2000000000
2016-01-18 00:00,1694.3500000000
2016-01-19 00:00,1796.1200000000
2016-01-20 00:00,1619.2300000000
2016-01-21 00:00,1766.4900000000
2016-01-22 00:00,1810.5200000000
2016-01-23 00:00,2977.4400000000
2016-01-24 00:00,2605.1900000000
2016-01-25 00:00,3193.3200000000
2016-01-26 00:00,2782.9800000000
2016-01-27 00:00,2926.0200000000
2016-01-28 00:00,3063.3600000000
2016-01-29 00:00,2696.6400000000
2016-01-30 00:00,3109.8200000000
2016-01-31 00:00,2761.4200000000
2016-02-01 00:00,2283.2700000000
2016-02-02 00:00,2934.1500000000
2016-02-03 00:00,3061.3300000000
2016-02-04 00:00,3218.9600000000
2016-02-05 00:00,3387.8000000000
2016-02-06 00:00,3094.8400000000
2016-02-07 00:00,3756.1500000000
2016-02-08 00:00,3726.3800000000
2016-02-09 00:00,5548.5000000000
2016-02-10 00:00,6102.3600000000
2016-02-11 00:00,7906.1600000000
2016-02-12 00:00,6396.6100000000
2016-02-13 00:00,5997.8800000000
2016-02-14 00:00,7619.9700000000
2016-02-15 00:00,6669.6300000000
2016-02-16 00:00,5841.1500000000
2016-02-17 00:00,4217.0000000000
2016-02-18 00:00,6650.3200000000
2016-02-19 00:00,5502.0800000000
2016-02-20 00:00,5161.2300000000
2016-02-21 00:00,6247.8700000000
2016-02-22 00:00,7251.5500000000
2016-02-23 00:00,6858.1700000000
2016-02-24 00:00,7202.7700000000
2016-02-25 00:00,7896.8700000000
2016-02-26 00:00,7080.7800000000
2016-02-27 00:00,7830.9200000000
2016-02-28 00:00,7065.2900000000
2016-02-29 00:00,7552.0500000000
2016-03-01 00:00,8807.4800000000
2016-03-02 00:00,8680.2200000000
2016-03-03 00:00,7686.3800000000
2016-03-04 00:00,9057.1100000000
2016-03-05 00:00,9097.7200000000
2016-03-06 00:00,8996.4900000000
2016-03-07 00:00,6292.1500000000
2016-03-08 00:00,8058.2100000000
2016-03-09 00:00,7206.3700000000
2016-03-10 00:00,9850.8500000000
2016-03-11 00:00,15736.4600000000
2016-03-12 00:00,18129.3200000000
2016-03-13 00:00,11439.6900000000
2016-03-14 00:00,16143.3900000000
2016-03-15 00:00,17209.1500000000
2016-03-16 00:00,19266.1700000000
2016-03-17 00:00,15326.5300000000
2016-03-18 00:00,15743.6700000000
2016-03-19 00:00,14796.0500000000
2016-03-20 00:00,14571.6000000000
2016-03-21 00:00,14985.5100000000
2016-03-22 00:00,16163.0500000000
2016-03-23 00:00,17113.4500000000
2016-03-24 00:00,15898.3300000000
2016-03-25 00:00,15267.3000000000
2016-03-26 00:00,14605.4900000000
2016-03-27 00:00,14215.4500000000
2016-03-28 00:00,15262.4100000000
2016-03-29 00:00,16644.2200000000
2016-03-30 00:00,14624.9100000000
2016-03-31 00:00,16431.1900000000
2016-04-01 00:00,15365.4700000000
2016-04-02 00:00,17118.5300000000
2016-04-03 00:00,16787.9500000000
2016-04-04 00:00,14538.6400000000
2016-04-05 00:00,12172.1800000000
2016-04-06 00:00,14319.2600000000
2016-04-07 00:00,13273.9100000000
2016-04-08 00:00,11793.1900000000
2016-04-09 00:00,12359.0300000000
2016-04-10 00:00,10235.0200000000
2016-04-11 00:00,9780.1000000000
2016-04-12 00:00,9983.4700000000
2016-04-13 00:00,10814.9300000000
2016-04-14 00:00,11667.3100000000
2016-04-15 00:00,11196.5900000000
2016-04-16 00:00,12118.3000000000
2016-04-17 00:00,13908.3700000000
2016-04-18 00:00,12890.8100000000
2016-04-19 00:00,13123.8700000000
2016-04-20 00:00,11708.1600000000
2016-04-21 00:00,11162.7800000000
2016-04-22 00:00,10887.6000000000
2016-04-23 00:00,12425.5200000000
2016-04-24 00:00,12474.4300000000
2016-04-25 00:00,10333.1900000000
2016-04-26 00:00,11177.9500000000
2016-04-27 00:00,10729.8900000000
2016-04-28 00:00,11156.9300000000
2016-04-29 00:00,11786.5900000000
2016-04-30 00:00,11004.3600000000
2016-05-01 00:00,14044.4100000000
2016-05-02 00:00,14175.0000000000
2016-05-03 00:00,14725.7300000000
2016-05-04 00:00,14599.3700000000
2016-05-05 00:00,15176.1000000000
2016-05-06 00:00,14632.9100000000
2016-05-07 00:00,13722.1400000000
2016-05-08 00:00,14422.9200000000
2016-05-09 00:00,14667.3200000000
2016-05-10 00:00,15407.9200000000
2016-05-11 00:00,17010.0800000000
2016-05-12 00:00,19565.3200000000
2016-05-13 00:00,17880.7300000000
2016-05-14 00:00,16833.8600000000
2016-05-15 00:00,16378.4500000000
2016-05-16 00:00,20616.0000000000
2016-05-17 00:00,26275.8600000000
2016-05-18 00:00,25113.8200000000
2016-05-19 00:00,27091.5000000000
2016-05-20 00:00,25184.2000000000
2016-05-21 00:00,24599.4500000000
2016-05-22 00:00,27225.0600000000
2016-05-23 00:00,24086.4400000000
2016-05-24 00:00,26144.7200000000
2016-05-25 00:00,23012.8400000000
2016-05-26 00:00,22015.9100000000
2016-05-27 00:00,24973.5700000000
2016-05-28 00:00,23112.7800000000
2016-05-29 00:00,23484.6000000000
2016-05-30 00:00,23369.4700000000
2016-05-31 00:00,25260.4000000000
2016-06-01 00:00,24336.2500000000
2016-06-02 00:00,28043.7000000000
2016-06-03 00:00,27109.1000000000
2016-06-04 00:00,23544.3300000000
2016-06-05 00:00,24391.3100000000
2016-06-06 00:00,26707.9100000000
2016-06-07 00:00,25798.5900000000
2016-06-08 00:00,24569.6200000000
2016-06-09 00:00,22540.9500000000
2016-06-10 00:00,23954.4000000000
2016-06-11 00:00,26175.4500000000
2016-06-12 00:00,28958.8600000000
2016-06-13 00:00,35118.6500000000
2016-06-14 00:00,31911.5600000000
2016-06-15 00:00,33639.6100000000
2016-06-16 00:00,70883.2200000000
2016-06-17 00:00,62616.8700000000
2016-06-18 00:00,25051.4700000000
2016-06-19 00:00,21426.2000000000
2016-06-20 00:00,24010.3900000000
2016-06-21 00:00,26129.8400000000
2016-06-22 00:00,22726.0300000000
2016-06-23 00:00,26184.1700000000
2016-06-24 00:00,23245.5900000000
2016-06-25 00:00,27902.7400000000
2016-06-26 00:00,24655.9900000000
2016-06-27 00:00,23871.1600000000
2016-06-28 00:00,21962.0600000000
2016-06-29 00:00,24595.4000000000
2016-06-30 00:00,22478.7500000000
2016-07-01 00:00,21988.0800000000
2016-07-02 00:00,20875.1300000000
2016-07-03 00:00,19911.2600000000
2016-07-04 00:00,17939.7100000000
2016-07-05 00:00,19560.6700000000
2016-07-06 00:00,16572.7200000000
2016-07-07 00:00,19467.5800000000
2016-07-08 00:00,22521.8200000000
2016-07-09 00:00,18319.4900000000
2016-07-10 00:00,18294.8600000000
2016-07-11 00:00,17787.6200000000
2016-07-12 00:00,17504.9800000000
2016-07-13 00:00,19050.3800000000
2016-07-14 00:00,22435.4300000000
2016-07-15 00:00,19900.8700000000
2016-07-16 00:00,17837.9900000000
2016-07-17 00:00,21587.1300000000
2016-07-18 00:00,20525.1700000000
2016-07-19 00:00,25468.3800000000
2016-07-20 00:00,23884.8400000000
2016-07-21 00:00,25412.6900000000
2016-07-22 00:00,26975.9500000000
2016-07-23 00:00,22538.1400000000
2016-07-24 00:00,23278.3000000000
2016-07-25 00:00,20953.4300000000
2016-07-26 00:00,25093.4700000000
2016-07-27 00:00,23415.5000000000
2016-07-28 00:00,24768.0500000000
2016-07-29 00:00,21095.2200000000
2016-07-30 00:00,24484.3200000000
2016-07-31 00:00,19916.4100000000
2016-08-01 00:00,19048.8700000000
2016-08-02 00:00,16887.2500000000
2016-08-03 00:00,19984.8700000000
2016-08-04 00:00,20273.2100000000
2016-08-05 00:00,16974.7800000000
2016-08-06 00:00,20245.2200000000
2016-08-07 00:00,19970.5900000000
2016-08-08 00:00,23032.3500000000
2016-08-09 00:00,22414.3900000000
2016-08-10 00:00,20999.6100000000
2016-08-11 00:00,23339.9300000000
2016-08-12 00:00,20796.5100000000
2016-08-13 00:00,19770.0900000000
2016-08-14 00:00,20077.9900000000
2016-08-15 00:00,18751.9200000000
2016-08-16 00:00,20703.4100000000
2016-08-17 00:00,24049.5200000000
2016-08-18 00:00,18354.1400000000
2016-08-19 00:00,21074.4500000000
2016-08-20 00:00,24146.8900000000
2016-08-21 00:00,20508.2700000000
2016-08-22 00:00,22369.8000000000
2016-08-23 00:00,21338.4700000000
2016-08-24 00:00,18023.0400000000
2016-08-25 00:00,19963.1500000000
2016-08-26 00:00,20766.2300000000
2016-08-27 00:00,19709.7400000000
2016-08-28 00:00,19542.9400000000
2016-08-29 00:00,18566.9800000000
2016-08-30 00:00,19591.2400000000
2016-08-31 00:00,20811.7300000000
2016-09-01 00:00,22587.7900000000
2016-09-02 00:00,19575.2100000000
2016-09-03 00:00,19593.7300000000
2016-09-04 00:00,20432.3500000000
2016-09-05 00:00,19137.2000000000
2016-09-06 00:00,18797.8500000000
2016-09-07 00:00,20062.3500000000
2016-09-08 00:00,20471.8500000000
2016-09-09 00:00,20455.9700000000
2016-09-10 00:00,21538.1100000000
2016-09-11 00:00,21731.1000000000
2016-09-12 00:00,21827.8700000000
2016-09-13 00:00,23875.5300000000
2016-09-14 00:00,23424.3400000000
2016-09-15 00:00,22532.2300000000
2016-09-16 00:00,23556.5700000000
2016-09-17 00:00,19439.6600000000
2016-09-18 00:00,27507.0900000000
2016-09-19 00:00,21616.9400000000
2016-09-20 00:00,23319.4200000000
2016-09-21 00:00,35050.2800000000
2016-09-22 00:00,40505.6600000000
2016-09-23 00:00,48618.8300000000
2016-09-24 00:00,37837.2800000000
2016-09-25 00:00,35898.3900000000
2016-09-26 00:00,62879.7100000000
2016-09-27 00:00,23827.1000000000
2016-09-28 00:00,21083.0500000000
2016-09-29 00:00,20142.0500000000
2016-09-30 00:00,70394.6000000000
2016-10-01 00:00,68851.4100000000
2016-10-02 00:00,28443.8300000000
2016-10-03 00:00,21258.6800000000
2016-10-04 00:00,50521.0300000000
2016-10-05 00:00,37611.0900000000
2016-10-06 00:00,85507.7900000000
2016-10-07 00:00,59638.8200000000
2016-10-08 00:00,37248.4600000000
2016-10-09 00:00,33141.6800000000
2016-10-10 00:00,25703.6500000000
2016-10-11 00:00,40657.3600000000
2016-10-12 00:00,48071.3400000000
2016-10-13 00:00,28685.1000000000
2016-10-14 00:00,23404.7000000000
2016-10-15 00:00,30388.5800000000
2016-10-16 00:00,29411.8000000000
2016-10-17 00:00,33701.1600000000
2016-10-18 00:00,49349.0000000000
2016-10-19 00:00,35185.9800000000
2016-10-20 00:00,18936.5500000000
2016-10-21 00:00,17260.3000000000
2016-10-22 00:00,15709.4900000000
2016-10-23 00:00,19855.9300000000
2016-10-24 00:00,16686.9300000000
2016-10-25 00:00,16389.4700000000
2016-10-26 00:00,14980.6900000000
2016-10-27 00:00,14629.4800000000
2016-10-28 00:00,11792.7100000000
2016-10-29 00:00,16668.2200000000
2016-10-30 00:00,16497.9900000000
2016-10-31 00:00,13383.8300000000
2016-11-01 00:00,14557.9500000000
2016-11-02 00:00,15440.3900000000
2016-11-03 00:00,14665.0700000000
2016-11-04 00:00,15246.2400000000
2016-11-05 00:00,15949.3900000000
2016-11-06 00:00,17462.5600000000
2016-11-07 00:00,15768.2200000000
2016-11-08 00:00,14197.9600000000
2016-11-09 00:00,13967.0600000000
2016-11-10 00:00,13829.2900000000
2016-11-11 00:00,14641.0100000000
2016-11-12 00:00,13769.7000000000
2016-11-13 00:00,14790.9500000000
2016-11-14 00:00,13742.8700000000
2016-11-15 00:00,13196.7400000000
2016-11-16 00:00,14041.8500000000
2016-11-17 00:00,15186.4100000000
2016-11-18 00:00,14632.6500000000
2016-11-19 00:00,14409.9300000000
2016-11-20 00:00,13243.7300000000
2016-11-21 00:00,14926.2700000000
2016-11-22 00:00,32553.9100000000
2016-11-23 00:00,25297.1000000000
2016-11-24 00:00,26284.7200000000
2016-11-25 00:00,25181.1800000000
2016-11-26 00:00,34970.2800000000
2016-11-27 00:00,31439.9100000000
2016-11-28 00:00,23587.9200000000
2016-11-29 00:00,12652.2100000000
2016-11-30 00:00,11755.3200000000
2016-12-01 00:00,10810.4700000000
2016-12-02 00:00,9854.3900000000
2016-12-03 00:00,9118.2400000000
2016-12-04 00:00,8414.9800000000
2016-12-05 00:00,10162.3500000000
2016-12-06 00:00,10249.7700000000
2016-12-07 00:00,12002.6000000000
2016-12-08 00:00,11644.0400000000
2016-12-09 00:00,10389.4900000000
2016-12-10 00:00,10116.1900000000
2016-12-11 00:00,10895.5300000000
2016-12-12 00:00,11679.3400000000
2016-12-13 00:00,11611.5000000000
2016-12-14 00:00,10410.4100000000
2016-12-15 00:00,10326.0200000000
2016-12-16 00:00,10005.3600000000
2016-12-17 00:00,10687.3500000000
2016-12-18 00:00,9676.7000000000
2016-12-19 00:00,9711.3300000000
2016-12-20 00:00,9404.0800000000
2016-12-21 00:00,9424.4500000000
2016-12-22 00:00,9326.2200000000
2016-12-23 00:00,9109.0300000000
2016-12-24 00:00,9527.1900000000
2016-12-25 00:00,9113.0200000000
2016-12-26 00:00,8543.4400000000
2016-12-27 00:00,8783.0200000000
2016-12-28 00:00,11144.4100000000
2016-12-29 00:00,10669.1700000000
2016-12-30 00:00,9654.8600000000
2016-12-31 00:00,9397.2000000000
2017-01-01 00:00,9675.8400000000
2017-01-02 00:00,12132.8600000000
2017-01-03 00:00,14446.5400000000
2017-01-04 00:00,12929.0800000000
2017-01-05 00:00,12916.3900000000
2017-01-06 00:00,12988.9200000000
2017-01-07 00:00,12713.3800000000
2017-01-08 00:00,13676.8300000000
2017-01-09 00:00,12126.3300000000
2017-01-10 00:00,12210.0900000000
2017-01-11 00:00,11761.3200000000
2017-01-12 00:00,11214.6500000000
2017-01-13 00:00,10515.8400000000
2017-01-14 00:00,12066.3600000000
2017-01-15 00:00,11957.0700000000
2017-01-16 00:00,12385.2700000000
2017-01-17 00:00,12402.9100000000
2017-01-18 00:00,13040.9900000000
2017-01-19 00:00,13194.6800000000
2017-01-20 00:00,13455.7200000000
2017-01-21 00:00,12866.5400000000
2017-01-22 00:00,12998.2000000000
2017-01-23 00:00,12515.3300000000
2017-01-24 00:00,13827.7300000000
2017-01-25 00:00,13936.5400000000
2017-01-26 00:00,11971.5000000000
2017-01-27 00:00,12181.3600000000
2017-01-28 00:00,13386.8600000000
2017-01-29 00:00,14509.4100000000
2017-01-30 00:00,13475.2400000000
2017-01-31 00:00,13070.3500000000
2017-02-01 00:00,12039.9100000000
2017-02-02 00:00,13735.1200000000
2017-02-03 00:00,15050.5600000000
2017-02-04 00:00,13240.6800000000
2017-02-05 00:00,15027.4600000000
2017-02-06 00:00,16540.4300000000
2017-02-07 00:00,14885.5900000000
2017-02-08 00:00,13224.4900000000
2017-02-09 00:00,13681.6600000000
2017-02-10 00:00,15075.6000000000
2017-02-11 00:00,13822.8200000000
2017-02-12 00:00,14889.1500000000
2017-02-13 00:00,16340.2400000000
2017-02-14 00:00,15666.2600000000
2017-02-15 00:00,15766.2400000000
2017-02-16 00:00,15582.9500000000
2017-02-17 00:00,14827.5200000000
2017-02-18 00:00,14349.6500000000
2017-02-19 00:00,16041.3100000000
2017-02-20 00:00,14090.7400000000
2017-02-21 00:00,13855.7200000000
2017-02-22 00:00,13844.1700000000
2017-02-23 00:00,15254.7500000000
2017-02-24 00:00,17678.3100000000
2017-02-25 00:00,17925.6500000000
2017-02-26 00:00,18268.5000000000
2017-02-27 00:00,19425.3500000000
2017-02-28 00:00,20475.4100000000
2017-03-01 00:00,23794.0800000000
2017-03-02 00:00,22920.5800000000
2017-03-03 00:00,23294.8900000000
2017-03-04 00:00,22072.0900000000
2017-03-05 00:00,23947.8600000000
2017-03-06 00:00,21402.9200000000
2017-03-07 00:00,20950.3900000000
2017-03-08 00:00,19292.1300000000
2017-03-09 00:00,22005.9200000000
2017-03-10 00:00,23446.7900000000
2017-03-11 00:00,26585.8800000000
2017-03-12 00:00,40432.3700000000
2017-03-13 00:00,37813.7400000000
2017-03-14 00:00,42419.2700000000
2017-03-15 00:00,57392.3000000000
2017-03-16 00:00,73631.2500000000
2017-03-17 00:00,52907.8900000000
2017-03-18 00:00,47782.0700000000
2017-03-19 00:00,58272.8800000000
2017-03-20 00:00,51733.1100000000
2017-03-21 00:00,50772.5000000000
2017-03-22 00:00,56211.6400000000
2017-03-23 00:00,57986.9100000000
2017-03-24 00:00,59250.2600000000
2017-03-25 00:00,60295.4700000000
2017-03-26 00:00,60531.6600000000
2017-03-27 00:00,50761.6700000000
2017-03-28 00:00,66891.2900000000
2017-03-29 00:00,63915.7100000000
2017-03-30 00:00,61763.5600000000
2017-03-31 00:00,59626.0900000000
2017-04-01 00:00,57307.9600000000
2017-04-02 00:00,56663.7800000000
2017-04-03 00:00,60217.0400000000
2017-04-04 00:00,58748.6900000000
2017-04-05 00:00,56850.4200000000
2017-04-06 00:00,54716.6900000000
2017-04-07 00:00,53408.6800000000
2017-04-08 00:00,51960.3900000000
2017-04-09 00:00,50736.0500000000
2017-04-10 00:00,50038.3700000000
2017-04-11 00:00,55097.3300000000
2017-04-12 00:00,65150.7900000000
2017-04-13 00:00,65005.4700000000
2017-04-14 00:00,63469.2400000000
2017-04-15 00:00,65666.5700000000
2017-04-16 00:00,62027.5900000000
2017-04-17 00:00,58590.3500000000
2017-04-18 00:00,49644.2000000000
2017-04-19 00:00,52686.2400000000
2017-04-20 00:00,50994.6300000000
2017-04-21 00:00,47988.3100000000
2017-04-22 00:00,54195.6800000000
2017-04-23 00:00,56586.2100000000
2017-04-24 00:00,60852.9600000000
2017-04-25 00:00,57561.3500000000
2017-04-26 00:00,62764.5400000000
2017-04-27 00:00,73788.1600000000
2017-04-28 00:00,73264.4700000000
2017-04-29 00:00,77509.5500000000
2017-04-30 00:00,91107.6900000000
2017-05-01 00:00,100079.2600000000
2017-05-02 00:00,100163.8100000000
2017-05-03 00:00,101752.4100000000
2017-05-04 00:00,125530.9600000000
2017-05-05 00:00,118167.7400000000
2017-05-06 00:00,119443.0600000000
2017-05-07 00:00,109302.6400000000
2017-05-08 00:00,119065.6300000000
2017-05-09 00:00,116486.1500000000
2017-05-10 00:00,106071.8500000000
2017-05-11 00:00,126789.3900000000
2017-05-12 00:00,110133.7100000000
2017-05-13 00:00,103930.2500000000
2017-05-14 00:00,129726.9300000000
2017-05-15 00:00,123895.1300000000
2017-05-16 00:00,110054.1100000000
2017-05-17 00:00,105684.6900000000
2017-05-18 00:00,142068.4100000000
2017-05-19 00:00,148957.7500000000
2017-05-20 00:00,198156.0900000000
2017-05-21 00:00,255801.5800000000
2017-05-22 00:00,259369.3900000000
2017-05-23 00:00,279460.3300000000
2017-05-25 00:00,292515.6600000000
2017-05-26 00:00,273364.4200000000
2017-05-27 00:00,239992.8300000000
2017-05-28 00:00,249868.6800000000
2017-05-29 00:00,340729.5500000000
2017-05-30 00:00,332343.8100000000
2017-05-31 00:00,371751.6400000000
2017-06-01 00:00,294975.8100000000
2017-06-02 00:00,317724.6700000000
2017-06-03 00:00,305008.4200000000
2017-06-04 00:00,367869.8800000000
2017-06-05 00:00,342399.1400000000
2017-06-06 00:00,393468.4000000000
2017-06-07 00:00,394671.4900000000
2017-06-08 00:00,389168.4700000000
2017-06-09 00:00,396222.6000000000
2017-06-10 00:00,512875.3400000000
2017-06-11 00:00,626563.3900000000
2017-06-12 00:00,685255.3300000000
2017-06-13 00:00,676828.1000000000
2017-06-14 00:00,591602.8200000000
2017-06-15 00:00,540476.8200000000
2017-06-16 00:00,677728.3500000000
2017-06-17 00:00,664273.0900000000
2017-06-18 00:00,710288.5100000000
2017-06-19 00:00,667869.1000000000
2017-06-20 00:00,598646.0300000000
2017-06-21 00:00,588205.2100000000
2017-06-22 00:00,539204.0100000000
2017-06-23 00:00,588111.9800000000
2017-06-24 00:00,561818.2700000000
2017-06-25 00:00,577104.5900000000
2017-06-26 00:00,396857.3100000000
2017-06-27 00:00,531525.8800000000
2017-06-28 00:00,566794.1100000000
2017-06-29 00:00,490929.2400000000
2017-06-30 00:00,444116.8900000000
2017-07-01 00:00,398904.6400000000
2017-07-02 00:00,516916.3700000000
2017-07-03 00:00,538650.3800000000
2017-07-04 00:00,465094.4000000000
2017-07-05 00:00,442723.7900000000
2017-07-06 00:00,453439.2200000000
2017-07-07 00:00,384355.6800000000
2017-07-08 00:00,344115.3600000000
2017-07-09 00:00,318746.5000000000
2017-07-10 00:00,269220.6000000000
2017-07-12 00:00,251721.8400000000
2017-07-13 00:00,250564.3600000000
2017-07-14 00:00,213869.9900000000
2017-07-15 00:00,194796.2600000000
2017-07-16 00:00,175645.1900000000
2017-07-17 00:00,208903.5700000000
2017-07-18 00:00,299945.3900000000
2017-07-19 00:00,267984.1400000000
2017-07-20 00:00,245245.3200000000
2017-07-21 00:00,219306.1600000000
2017-07-22 00:00,260021.4400000000
2017-07-23 00:00,251880.9100000000
2017-07-24 00:00,271118.2600000000
2017-07-25 00:00,244631.5800000000
2017-07-26 00:00,229565.7400000000
2017-07-27 00:00,284005.9500000000
2017-07-28 00:00,202156.7300000000
2017-07-29 00:00,226022.1800000000
2017-07-30 00:00,265183.9300000000
2017-07-31 00:00,191035.5300000000
2017-08-01 00:00,198061.4000000000
2017-08-02 00:00,229653.3700000000
2017-08-03 00:00,238458.9600000000
2017-08-04 00:00,217203.3900000000
2017-08-05 00:00,263991.9400000000
2017-08-06 00:00,296018.4500000000
2017-08-07 00:00,299928.6300000000
2017-08-08 00:00,332221.1700000000
2017-08-09 00:00,381608.7200000000
2017-08-10 00:00,399317.2900000000
2017-08-11 00:00,392241.3600000000
2017-08-12 00:00,412029.0600000000
2017-08-13 00:00,391013.9300000000
2017-08-14 00:00,450424.9300000000
2017-08-15 00:00,479519.6400000000
2017-08-16 00:00,524651.0100000000
2017-08-17 00:00,477234.0900000000
2017-08-18 00:00,424886.2500000000
2017-08-19 00:00,385012.6100000000
2017-08-20 00:00,451018.2400000000
2017-08-21 00:00,500100.6600000000
2017-08-22 00:00,460008.0900000000
2017-08-23 00:00,489980.2800000000
2017-08-24 00:00,325939.2300000000
2017-08-25 00:00,342284.6700000000
2017-08-26 00:00,340551.2500000000
2017-08-27 00:00,390697.7500000000
2017-08-28 00:00,456397.4300000000
2017-08-29 00:00,460092.6000000000
2017-08-30 00:00,510794.2600000000
2017-08-31 00:00,451077.7600000000
2017-09-01 00:00,424792.0900000000
2017-09-02 00:00,309980.4800000000
2017-09-03 00:00,426682.3200000000
2017-09-04 00:00,387037.4100000000
2017-09-05 00:00,401851.4000000000
2017-09-06 00:00,444801.1300000000
2017-09-07 00:00,415236.4400000000
2017-09-08 00:00,354022.3800000000
2017-09-09 00:00,316140.4800000000
2017-09-10 00:00,304477.8700000000
2017-09-11 00:00,366291.5700000000
2017-09-12 00:00,335501.8700000000
2017-09-13 00:00,348214.2300000000
2017-09-14 00:00,318853.5900000000
2017-09-15 00:00,316074.3800000000
2017-09-16 00:00,251343.5200000000
2017-09-17 00:00,313236.9700000000
2017-09-18 00:00,350115.3700000000
2017-09-19 00:00,320735.7000000000
2017-09-20 00:00,303478.9900000000
2017-09-21 00:00,185723.6000000000
2017-09-22 00:00,147695.0600000000
2017-09-23 00:00,212156.8700000000
2017-09-24 00:00,188575.5800000000
2017-09-25 00:00,212871.1600000000
2017-09-26 00:00,246319.8900000000
2017-09-27 00:00,209881.6000000000
2017-09-28 00:00,203480.4300000000
2017-09-29 00:00,204973.4700000000
2017-09-30 00:00,238327.9900000000
2017-10-01 00:00,254776.6500000000
2017-10-02 00:00,248879.3800000000
2017-10-03 00:00,249148.3300000000
2017-10-04 00:00,210078.9800000000
2017-10-05 00:00,221979.9800000000
2017-10-06 00:00,229566.7400000000
2017-10-07 00:00,240907.2100000000
2017-10-08 00:00,236060.2300000000
2017-10-09 00:00,258519.2200000000
2017-10-10 00:00,268750.1800000000
2017-10-11 00:00,261210.8800000000
2017-10-12 00:00,285390.9400000000
2017-10-13 00:00,285472.7500000000
2017-10-14 00:00,314442.8500000000
2017-10-15 00:00,388326.7700000000
2017-10-16 00:00,638021.1900000000
2017-10-17 00:00,517780.0600000000
2017-10-18 00:00,511262.3600000000
2017-10-19 00:00,523008.9700000000
2017-10-20 00:00,423976.5300000000
2017-10-21 00:00,446140.0300000000
2017-10-22 00:00,482106.4500000000
2017-10-23 00:00,486339.5400000000
2017-10-24 00:00,484342.0500000000
2017-10-25 00:00,493086.3600000000
2017-10-26 00:00,508409.8400000000
2017-10-27 00:00,493135.2700000000
2017-10-28 00:00,485865.3200000000
2017-10-29 00:00,551249.0200000000
2017-10-30 00:00,534305.8600000000
2017-10-31 00:00,530035.4300000000
2017-11-01 00:00,521557.1100000000
2017-11-02 00:00,469730.7800000000
2017-11-03 00:00,466718.2100000000
2017-11-04 00:00,488077.4800000000
2017-11-05 00:00,466813.9500000000
2017-11-06 00:00,509596.4700000000
2017-11-07 00:00,436382.2200000000
2017-11-08 00:00,511238.4800000000
2017-11-09 00:00,498087.2700000000
2017-11-10 00:00,465273.9600000000
2017-11-11 00:00,441530.8000000000
2017-11-12 00:00,515991.4000000000
2017-11-13 00:00,512754.6500000000
2017-11-14 00:00,578784.6100000000
2017-11-15 00:00,563055.0000000000
2017-11-16 00:00,524924.6500000000
2017-11-17 00:00,534801.7900000000
2017-11-18 00:00,543080.1400000000
2017-11-19 00:00,638721.7900000000
2017-11-20 00:00,660552.0400000000
2017-11-21 00:00,620186.0300000000
2017-11-22 00:00,654261.5600000000
2017-11-23 00:00,676097.2800000000
2017-11-24 00:00,784886.8200000000
2017-11-25 00:00,821405.7600000000
2017-11-26 00:00,910520.5600000000
2017-11-27 00:00,934762.4900000000
2017-11-28 00:00,968589.9300000000
2017-11-29 00:00,840282.3800000000
2017-11-30 00:00,891752.9600000000
2017-12-01 00:00,923078.8500000000
2017-12-02 00:00,1006980.5200000000
2017-12-03 00:00,1534074.8100000000
2017-12-04 00:00,1755966.4800000000
2017-12-05 00:00,1868885.5600000000
2017-12-06 00:00,1421400.2300000000
2017-12-07 00:00,1240350.6700000000
2017-12-08 00:00,1372801.1100000000
2017-12-09 00:00,1359598.9700000000
2017-12-10 00:00,1342353.9500000000
2017-12-11 00:00,1682356.7600000000
2017-12-12 00:00,2275058.4100000000
2017-12-13 00:00,2566324.9100000000
2017-12-14 00:00,2216185.7500000000
2017-12-15 00:00,2046413.4600000000
2017-12-16 00:00,2053205.7000000000
2017-12-17 00:00,2201896.1200000000
2017-12-18 00:00,2893822.5400000000
2017-12-19 00:00,2865075.2500000000
2017-12-20 00:00,2921923.6600000000
2017-12-21 00:00,2821842.9100000000
2017-12-22 00:00,1954821.3900000000
2017-12-23 00:00,1757854.5000000000
2017-12-24 00:00,1628709.1000000000
2017-12-25 00:00,1766147.6600000000
2017-12-26 00:00,1974667.5000000000
2017-12-27 00:00,1997848.1000000000
2017-12-28 00:00,2218865.7300000000
2017-12-29 00:00,2296655.0900000000
2017-12-30 00:00,1901037.3800000000
2017-12-31 00:00,2041853.6100000000
2018-01-01 00:00,2536330.0500000000
2018-01-02 00:00,3456009.4200000000
2018-01-03 00:00,4236413.9900000000
2018-01-04 00:00,4644181.3300000000
2018-01-05 00:00,4532127.0400000000
2018-01-06 00:00,4646506.4800000000
2018-01-07 00:00,5104381.8600000000
2018-01-08 00:00,5177378.0100000000
2018-01-09 00:00,5962321.4100000000
2018-01-10 00:00,6042817.8000000000
2018-01-11 00:00,5063504.3600000000
2018-01-12 00:00,5539217.5300000000
2018-01-13 00:00,5491936.3500000000
2018-01-14 00:00,5520427.6700000000
2018-01-15 00:00,5242763.8200000000
2018-01-16 00:00,4041059.1500000000
2018-01-17 00:00,3710645.5300000000
2018-01-18 00:00,3614531.1600000000
2018-01-19 00:00,3192293.7700000000
2018-01-20 00:00,3092169.2900000000
2018-01-21 00:00,2999119.5000000000
2018-01-22 00:00,2665486.9300000000
2018-01-23 00:00,2503558.2800000000
2018-01-24 00:00,2666590.1500000000
2018-01-25 00:00,2750578.0700000000
2018-01-26 00:00,2447342.5500000000
2018-01-27 00:00,2704654.6300000000
2018-01-28 00:00,3345103.2600000000
2018-01-29 00:00,3076780.2700000000
2018-01-30 00:00,2925744.8200000000
2018-01-31 00:00,3466927.4900000000
2018-02-01 00:00,2875532.3000000000
2018-02-02 00:00,2103568.3700000000
2018-02-03 00:00,2228011.3400000000
2018-02-04 00:00,2056413.1800000000
2018-02-05 00:00,1767650.9600000000
2018-02-06 00:00,2032494.8400000000
2018-02-07 00:00,1780435.7200000000
2018-02-08 00:00,1887260.9500000000
2018-02-09 00:00,2257896.5500000000
2018-02-10 00:00,1798423.3600000000
2018-02-11 00:00,2116425.3100000000
2018-02-12 00:00,2119181.4500000000
2018-02-13 00:00,2020170.4400000000
2018-02-14 00:00,2382417.1800000000
2018-02-15 00:00,2253642.5900000000
2018-02-16 00:00,2222245.1200000000
2018-02-17 00:00,2253138.3800000000
2018-02-18 00:00,2453241.6700000000
2018-02-19 00:00,2713364.3100000000
2018-02-20 00:00,2713064.8500000000
2018-02-21 00:00,2288741.9400000000
2018-02-22 00:00,2226448.9300000000
2018-02-23 00:00,2468165.3100000000
2018-02-24 00:00,2143961.2700000000
2018-02-25 00:00,2409716.5000000000
2018-02-26 00:00,2347070.7500000000
2018-02-27 00:00,2446326.2200000000
2018-02-28 00:00,2265159.2300000000
2018-03-01 00:00,2504411.7600000000
2018-03-02 00:00,2156051.9500000000
2018-03-03 00:00,2107781.6400000000
2018-03-04 00:00,2216066.0500000000
2018-03-05 00:00,2250539.3800000000
2018-03-06 00:00,2247195.4700000000
2018-03-07 00:00,1949975.6400000000
2018-03-08 00:00,1740446.0300000000
2018-03-09 00:00,1949019.3000000000
2018-03-10 00:00,1735851.7900000000
2018-03-11 00:00,2011852.6000000000
2018-03-12 00:00,1851414.7700000000
2018-03-13 00:00,1939430.6400000000
2018-03-14 00:00,1612521.6400000000
2018-03-15 00:00,1603893.6000000000
2018-03-16 00:00,1633592.9500000000
2018-03-17 00:00,1257784.7700000000
2018-03-18 00:00,1246434.5600000000
2018-03-19 00:00,1354565.8800000000
2018-03-20 00:00,1348350.7400000000
2018-03-21 00:00,1354320.0700000000
2018-03-22 00:00,1147875.8900000000
2018-03-23 00:00,1223729.8700000000
2018-03-24 00:00,1127372.9100000000
2018-03-25 00:00,1217944.2700000000
2018-03-26 00:00,1123815.5500000000
2018-03-27 00:00,1080166.3900000000
2018-03-28 00:00,1198009.3400000000
2018-03-29 00:00,964086.1300000000
2018-03-30 00:00,919891.5000000000
2018-03-31 00:00,819619.5800000000
2018-04-01 00:00,805414.3000000000
2018-04-02 00:00,890867.9600000000
2018-04-03 00:00,889933.1800000000
2018-04-04 00:00,867754.7600000000
2018-04-05 00:00,833275.2900000000
2018-04-06 00:00,767906.7000000000
2018-04-07 00:00,811700.3300000000
2018-04-08 00:00,903593.7800000000
2018-04-09 00:00,886523.3100000000
2018-04-10 00:00,935138.5200000000
2018-04-11 00:00,1050849.1700000000
2018-04-12 00:00,1346615.2300000000
2018-04-13 00:00,1280831.9400000000
2018-04-14 00:00,1264255.7800000000
2018-04-15 00:00,1385392.2800000000
2018-04-16 00:00,1397606.8000000000
2018-04-17 00:00,1392552.2200000000
2018-04-18 00:00,1657021.8500000000
2018-04-19 00:00,1773984.4000000000
2018-04-20 00:00,1698270.4800000000
2018-04-21 00:00,1596505.6800000000
2018-04-22 00:00,1917728.3000000000
2018-04-23 00:00,2056197.9200000000
2018-04-24 00:00,2074633.8100000000
2018-04-25 00:00,1918738.7600000000
2018-04-26 00:00,2038558.6400000000
2018-04-27 00:00,1998436.6700000000
2018-04-28 00:00,2156087.8800000000
2018-04-29 00:00,2231569.9200000000
2018-04-30 00:00,2241053.8100000000
2018-05-01 00:00,2397904.8500000000
2018-05-02 00:00,2445819.1600000000
2018-05-03 00:00,2735276.8900000000
2018-05-04 00:00,2685666.8400000000
2018-05-05 00:00,2660327.4700000000
2018-05-06 00:00,2311688.3200000000
2018-05-07 00:00,2340470.9200000000
2018-05-08 00:00,2325328.1400000000
2018-05-09 00:00,2485831.2100000000
2018-05-10 00:00,2393385.3800000000
2018-05-11 00:00,2205712.0800000000
2018-05-12 00:00,2068357.1700000000
2018-05-13 00:00,2379985.9000000000
2018-05-14 00:00,2359361.3800000000
2018-05-15 00:00,2315833.3700000000
2018-05-16 00:00,2439145.5500000000
2018-05-17 00:00,2454376.3600000000
2018-05-18 00:00,2595058.2800000000
2018-05-19 00:00,2537552.7400000000
2018-05-20 00:00,2508404.5800000000
2018-05-21 00:00,2468916.8600000000
2018-05-22 00:00,2420865.1000000000
2018-05-23 00:00,2105406.8600000000
2018-05-24 00:00,2180997.0000000000
2018-05-25 00:00,2005689.2500000000
2018-05-26 00:00,1974546.9300000000
2018-05-27 00:00,1968956.6500000000
2018-05-28 00:00,1874877.0700000000
2018-05-29 00:00,2115239.1000000000
2018-05-30 00:00,2068353.6500000000
2018-05-31 00:00,2031865.0900000000
2018-06-01 00:00,2127164.8800000000
2018-06-02 00:00,2071549.1800000000
2018-06-03 00:00,2251713.4400000000
2018-06-04 00:00,1998938.5700000000
2018-06-05 00:00,2178767.1000000000
2018-06-06 00:00,2290280.3700000000
2018-06-07 00:00,2127904.6000000000
2018-06-08 00:00,2323332.1100000000
2018-06-09 00:00,1950694.9200000000
2018-06-10 00:00,1969871.0300000000
2018-06-11 00:00,1752793.2000000000
2018-06-12 00:00,1571378.6800000000
2018-06-13 00:00,1498435.9100000000
2018-06-14 00:00,1573755.3400000000
2018-06-15 00:00,1405339.8500000000
2018-06-16 00:00,1302669.6900000000
2018-06-17 00:00,1317041.3300000000
2018-06-18 00:00,1524598.0500000000
2018-06-19 00:00,1561147.3500000000
2018-06-20 00:00,1480474.9000000000
2018-06-21 00:00,1588805.2200000000
2018-06-22 00:00,1300428.7000000000
2018-06-23 00:00,1216355.8100000000
2018-06-24 00:00,1537097.4300000000
2018-06-25 00:00,1495338.0000000000
2018-06-26 00:00,1260542.4600000000
2018-06-27 00:00,1292710.1000000000
2018-06-28 00:00,1248083.1300000000
2018-06-29 00:00,1304211.5600000000
2018-06-30 00:00,1265167.8800000000
2018-07-01 00:00,1246187.6700000000
2018-07-02 00:00,1410392.9600000000
2018-07-03 00:00,1305199.8100000000
2018-07-04 00:00,1359110.3800000000
2018-07-05 00:00,1312625.4000000000
2018-07-06 00:00,1383555.6300000000
2018-07-07 00:00,1568152.4800000000
2018-07-08 00:00,1435894.1200000000
2018-07-09 00:00,1344257.7700000000
2018-07-10 00:00,1205606.0800000000
2018-07-11 00:00,1077708.8300000000
2018-07-12 00:00,1027057.0700000000
2018-07-13 00:00,1014323.2100000000
2018-07-14 00:00,1008125.7500000000
2018-07-15 00:00,1219844.0700000000
2018-07-16 00:00,1419214.8100000000
2018-07-17 00:00,1488963.5700000000
2018-07-18 00:00,1397779.1700000000
2018-07-19 00:00,1196909.0600000000
2018-07-20 00:00,1125853.6200000000
2018-07-21 00:00,1261866.1100000000
2018-07-22 00:00,1281219.1300000000
2018-07-23 00:00,1356285.3800000000
2018-07-24 00:00,1405110.7800000000
2018-07-25 00:00,1310845.0900000000
2018-07-26 00:00,1242287.7300000000
2018-07-27 00:00,1113729.2700000000
2018-07-28 00:00,1102249.8000000000
2018-07-29 00:00,1128054.0400000000
2018-07-30 00:00,1229995.5500000000
2018-07-31 00:00,1145606.3200000000
2018-08-01 00:00,1213736.8800000000
2018-08-02 00:00,1067136.5000000000
2018-08-03 00:00,1043230.7100000000
2018-08-04 00:00,1067701.7600000000
2018-08-05 00:00,1047077.1000000000
2018-08-06 00:00,1082771.5400000000
2018-08-07 00:00,965562.7300000000
2018-08-08 00:00,957787.7400000000
2018-08-09 00:00,926862.5300000000
2018-08-10 00:00,864428.4400000000
2018-08-11 00:00,882959.9900000000
2018-08-12 00:00,855981.0200000000
2018-08-13 00:00,645950.8400000000
2018-08-14 00:00,677149.0400000000
2018-08-15 00:00,713795.0500000000
2018-08-16 00:00,862629.3700000000
2018-08-17 00:00,848494.5800000000
2018-08-18 00:00,751146.8500000000
2018-08-19 00:00,759484.8400000000
2018-08-20 00:00,696098.7700000000
2018-08-21 00:00,707767.1200000000
2018-08-22 00:00,728374.9700000000
2018-08-23 00:00,766182.4200000000
2018-08-24 00:00,716321.6800000000
2018-08-25 00:00,678902.5700000000
2018-08-26 00:00,729455.1600000000
2018-08-27 00:00,735497.1900000000
2018-08-28 00:00,729400.2000000000
2018-08-29 00:00,760993.9900000000
2018-08-30 00:00,697136.3300000000
2018-08-31 00:00,756349.5300000000
2018-09-01 00:00,691538.1700000000
2018-09-02 00:00,740776.6800000000
2018-09-03 00:00,726283.3900000000
2018-09-04 00:00,670933.7600000000
2018-09-05 00:00,534150.6500000000
2018-09-06 00:00,549878.4400000000
2018-09-07 00:00,516597.4700000000
2018-09-08 00:00,468694.1800000000
2018-09-09 00:00,458956.1900000000
2018-09-10 00:00,418348.1200000000
2018-09-11 00:00,386547.8700000000
2018-09-12 00:00,442561.1500000000
2018-09-13 00:00,467519.0900000000
2018-09-14 00:00,466874.6900000000
2018-09-15 00:00,448996.8700000000
2018-09-16 00:00,473541.3900000000
2018-09-17 00:00,432927.5900000000
2018-09-18 00:00,442626.7700000000
2018-09-19 00:00,478404.8000000000
2018-09-20 00:00,526640.3300000000
2018-09-21 00:00,506399.0300000000
2018-09-22 00:00,479981.8200000000
2018-09-23 00:00,486197.4300000000
2018-09-24 00:00,442351.5000000000
2018-09-25 00:00,464667.2200000000
2018-09-26 00:00,470776.7000000000
2018-09-27 00:00,471646.4100000000
2018-09-28 00:00,409310.3000000000
2018-09-29 00:00,480503.9900000000
2018-09-30 00:00,446652.2400000000
2018-10-01 00:00,435379.7800000000
2018-10-02 00:00,435095.5800000000
2018-10-03 00:00,416317.8400000000
2018-10-04 00:00,401939.9900000000
2018-10-05 00:00,399542.4200000000
2018-10-06 00:00,388787.2300000000
2018-10-07 00:00,408574.3200000000
2018-10-08 00:00,417426.0500000000
2018-10-09 00:00,401090.3800000000
2018-10-10 00:00,395953.0100000000
2018-10-11 00:00,348529.0500000000
2018-10-12 00:00,363821.6900000000
2018-10-13 00:00,370065.7000000000
2018-10-14 00:00,423542.5900000000
2018-10-15 00:00,415425.1300000000
2018-10-16 00:00,404290.2500000000
2018-10-17 00:00,398781.8300000000
2018-10-18 00:00,405885.1200000000
2018-10-19 00:00,388387.2800000000
2018-10-20 00:00,393080.6100000000
2018-10-21 00:00,404859.5600000000
2018-10-22 00:00,405131.3400000000
2018-10-23 00:00,395553.6800000000
2018-10-24 00:00,365509.1400000000
2018-10-25 00:00,411791.5500000000
2018-10-26 00:00,379056.4500000000
2018-10-27 00:00,371996.7700000000
2018-10-28 00:00,400883.5300000000
2018-10-29 00:00,385919.4200000000
2018-10-30 00:00,380779.5500000000
2018-10-31 00:00,380247.8400000000
2018-11-01 00:00,358041.7500000000
2018-11-02 00:00,347741.7900000000
2018-11-03 00:00,374358.7400000000
2018-11-04 00:00,426484.0100000000
2018-11-05 00:00,414127.2000000000
2018-11-06 00:00,423099.6300000000
2018-11-07 00:00,410701.8500000000
2018-11-08 00:00,372653.4400000000
2018-11-09 00:00,418298.4300000000
2018-11-10 00:00,392455.8300000000
2018-11-11 00:00,361858.4800000000
2018-11-12 00:00,325889.6900000000
2018-11-13 00:00,372002.5400000000
2018-11-14 00:00,303745.6800000000
2018-11-15 00:00,293929.5600000000
2018-11-16 00:00,279830.5900000000
2018-11-17 00:00,294483.4700000000
2018-11-18 00:00,299178.7500000000
2018-11-19 00:00,252716.8700000000
2018-11-20 00:00,222616.0900000000
2018-11-21 00:00,223158.6700000000
2018-11-22 00:00,209063.0100000000
2018-11-23 00:00,193292.7100000000
2018-11-24 00:00,156811.8700000000
2018-11-25 00:00,198972.9000000000
2018-11-26 00:00,180118.9200000000
2018-11-27 00:00,199042.4200000000
2018-11-28 00:00,198081.9600000000
2018-11-29 00:00,200330.3300000000
2018-11-30 00:00,169941.1200000000
2018-12-01 00:00,161405.6300000000
2018-12-02 00:00,161519.3600000000
2018-12-03 00:00,155558.7400000000
2018-12-04 00:00,163618.8200000000
2018-12-05 00:00,152814.2600000000
2018-12-06 00:00,127259.7500000000
2018-12-07 00:00,129988.5600000000
2018-12-08 00:00,108807.3800000000
2018-12-09 00:00,127659.8900000000
2018-12-10 00:00,119438.7600000000
2018-12-11 00:00,114646.5200000000
2018-12-12 00:00,122065.5100000000
2018-12-13 00:00,107940.3700000000
2018-12-14 00:00,118443.1600000000
2018-12-15 00:00,113296.6200000000
2018-12-16 00:00,110311.3200000000
2018-12-17 00:00,111481.7100000000
2018-12-18 00:00,116752.2700000000
2018-12-19 00:00,118646.3900000000
2018-12-20 00:00,140493.2000000000
2018-12-21 00:00,130536.3900000000
2018-12-22 00:00,151531.3400000000
2018-12-23 00:00,174684.3200000000
2018-12-24 00:00,145248.3700000000
2018-12-25 00:00,166564.3000000000
2018-12-26 00:00,147037.3200000000
2018-12-27 00:00,139294.5800000000
2018-12-28 00:00,165698.3400000000
2018-12-29 00:00,155067.8000000000
2018-12-30 00:00,159464.8200000000
2018-12-31 00:00,141397.6100000000
2019-01-01 00:00,180059.2800000000
2019-01-02 00:00,171264.8000000000
2019-01-03 00:00,172049.9800000000
2019-01-04 00:00,170128.0000000000
2019-01-05 00:00,150382.3600000000
2019-01-06 00:00,169515.6100000000
2019-01-07 00:00,150498.8700000000
2019-01-08 00:00,165419.4700000000
2019-01-09 00:00,140067.7900000000
2019-01-10 00:00,132791.4900000000
2019-01-11 00:00,127890.8600000000
2019-01-12 00:00,121659.9300000000
2019-01-13 00:00,94268.1900000000
2019-01-14 00:00,53298.3900000000
2019-01-15 00:00,114150.0700000000
2019-01-16 00:00,91717.1500000000
2019-01-17 00:00,72933.0700000000
2019-01-18 00:00,74809.6200000000
2019-01-19 00:00,77018.5900000000
2019-01-20 00:00,84570.8500000000
2019-01-21 00:00,97873.7000000000
2019-01-22 00:00,89943.7100000000
2019-01-23 00:00,92613.7600000000
2019-01-24 00:00,85994.3900000000
2019-01-25 00:00,95444.0700000000
2019-01-26 00:00,90258.3100000000
2019-01-27 00:00,79947.5600000000
2019-01-28 00:00,85818.9400000000
2019-01-29 00:00,72192.1200000000
2019-01-30 00:00,91130.0300000000
2019-01-31 00:00,76847.5600000000
2019-02-01 00:00,83266.6300000000
2019-02-02 00:00,68611.6400000000
2019-02-03 00:00,60221.5700000000
2019-02-04 00:00,74538.9500000000
2019-02-05 00:00,63173.5500000000
2019-02-06 00:00,65581.6800000000
2019-02-07 00:00,71006.7000000000
2019-02-08 00:00,74606.6500000000
2019-02-09 00:00,53958.5400000000
2019-02-10 00:00,63779.2800000000
2019-02-11 00:00,63520.7300000000
2019-02-12 00:00,65863.9900000000
2019-02-13 00:00,68884.7300000000
2019-02-14 00:00,69823.7700000000
2019-02-15 00:00,72615.2100000000
2019-02-16 00:00,68570.4300000000
2019-02-17 00:00,94254.8500000000
2019-02-18 00:00,96005.7100000000
2019-02-19 00:00,96398.1000000000
2019-02-20 00:00,83332.0200000000
2019-02-21 00:00,81144.2800000000
2019-02-22 00:00,84547.2300000000
2019-02-23 00:00,94612.6700000000
2019-02-24 00:00,88536.5800000000
2019-02-25 00:00,90424.3100000000
2019-02-26 00:00,89754.6400000000
2019-02-27 00:00,95418.9200000000
2019-02-28 00:00,116416.3200000000
2019-03-01 00:00,109357.3700000000
2019-03-02 00:00,109501.8800000000
2019-03-03 00:00,108714.0300000000
2019-03-04 00:00,111193.4200000000
2019-03-05 00:00,102334.9700000000
2019-03-06 00:00,106786.4900000000
2019-03-07 00:00,111979.0300000000
2019-03-08 00:00,103000.6100000000
2019-03-09 00:00,107327.3800000000
2019-03-10 00:00,96304.6700000000
2019-03-11 00:00,95907.9800000000
2019-03-12 00:00,102126.9200000000
2019-03-13 00:00,99847.7500000000
2019-03-14 00:00,92063.9600000000
2019-03-15 00:00,109815.8700000000
2019-03-16 00:00,100058.1700000000
2019-03-17 00:00,100910.1400000000
2019-03-18 00:00,106594.9900000000
2019-03-19 00:00,108448.5000000000
2019-03-20 00:00,114050.9000000000
2019-03-21 00:00,105469.4000000000
2019-03-22 00:00,114422.3700000000
2019-03-23 00:00,101841.6000000000
2019-03-24 00:00,102459.6900000000
2019-03-25 00:00,109127.6300000000
2019-03-26 00:00,109896.6300000000
2019-03-27 00:00,115151.3000000000
2019-03-28 00:00,106379.3600000000
2019-03-29 00:00,119038.9600000000
2019-03-30 00:00,111395.4400000000
2019-03-31 00:00,117380.7000000000
2019-04-01 00:00,131910.6700000000
2019-04-02 00:00,141291.5300000000
2019-04-03 00:00,141725.7500000000
2019-04-04 00:00,123418.3900000000
2019-04-05 00:00,111709.0900000000
2019-04-06 00:00,117735.1100000000
2019-04-07 00:00,145206.7700000000
2019-04-08 00:00,131754.1100000000
2019-04-09 00:00,143337.9300000000
2019-04-10 00:00,131532.9700000000
2019-04-11 00:00,117845.7100000000
2019-04-12 00:00,117891.2200000000
2019-04-13 00:00,124364.0700000000
2019-04-14 00:00,133087.7300000000
2019-04-15 00:00,132470.8500000000
2019-04-16 00:00,131151.1900000000
2019-04-17 00:00,131333.3700000000
2019-04-18 00:00,132918.5700000000
2019-04-19 00:00,147861.2200000000
2019-04-20 00:00,133008.3600000000
2019-04-21 00:00,131240.3900000000
2019-04-22 00:00,160685.7500000000
2019-04-23 00:00,130701.6300000000
2019-04-24 00:00,119105.1900000000
2019-04-25 00:00,127125.4900000000
2019-04-26 00:00,111321.8700000000
2019-04-27 00:00,125840.8500000000
2019-04-28 00:00,118217.6200000000
2019-04-29 00:00,125049.1500000000
2019-04-30 00:00,118873.5800000000
2019-05-01 00:00,118280.1900000000
2019-05-02 00:00,126437.3000000000
2019-05-03 00:00,124028.8800000000
2019-05-04 00:00,136081.6400000000
2019-05-05 00:00,132102.4500000000
2019-05-06 00:00,140996.3700000000
2019-05-07 00:00,147257.0300000000
2019-05-08 00:00,145339.1300000000
2019-05-09 00:00,143768.6400000000
2019-05-10 00:00,137672.5100000000
2019-05-11 00:00,155202.0300000000
2019-05-12 00:00,150994.7000000000
2019-05-13 00:00,159968.0500000000
2019-05-14 00:00,173130.4600000000
2019-05-15 00:00,225037.4600000000
2019-05-16 00:00,210415.6300000000
2019-05-17 00:00,175814.7600000000
2019-05-18 00:00,201839.3100000000
2019-05-19 00:00,192937.2100000000
2019-05-20 00:00,202235.8000000000
2019-05-21 00:00,195403.0600000000
2019-05-22 00:00,199767.5900000000
2019-05-23 00:00,194729.3200000000
2019-05-24 00:00,173699.5600000000
2019-05-25 00:00,193653.4100000000
2019-05-26 00:00,208086.4600000000
2019-05-27 00:00,206329.9100000000
2019-05-28 00:00,197090.1400000000
2019-05-29 00:00,213888.2500000000
2019-05-30 00:00,197014.2900000000
2019-05-31 00:00,234578.8600000000
2019-06-01 00:00,201142.4200000000
2019-06-02 00:00,216944.2100000000
2019-06-03 00:00,183789.6000000000
2019-06-04 00:00,205328.4600000000
2019-06-05 00:00,188534.3800000000
2019-06-06 00:00,198077.9000000000
2019-06-07 00:00,193310.6800000000
2019-06-08 00:00,179797.8400000000
2019-06-09 00:00,197939.9800000000
2019-06-10 00:00,182656.8600000000
2019-06-11 00:00,196419.0700000000
2019-06-12 00:00,182628.0700000000
2019-06-13 00:00,197541.3800000000
2019-06-14 00:00,217424.3000000000
2019-06-15 00:00,218424.2700000000
2019-06-16 00:00,221969.3600000000
2019-06-17 00:00,186409.1600000000
2019-06-18 00:00,196452.4000000000
2019-06-19 00:00,210163.7700000000
2019-06-20 00:00,221114.0400000000
2019-06-21 00:00,234591.2400000000
2019-06-22 00:00,256050.4900000000
2019-06-23 00:00,239677.6100000000
2019-06-24 00:00,241090.4800000000
2019-06-25 00:00,263076.7200000000
2019-06-26 00:00,245990.3900000000
2019-06-27 00:00,243587.4800000000
2019-06-28 00:00,221318.8800000000
2019-06-29 00:00,229689.2300000000
2019-06-30 00:00,209816.2100000000
2019-07-01 00:00,216398.7200000000
2019-07-02 00:00,212844.5700000000
2019-07-03 00:00,232173.2100000000
2019-07-04 00:00,211160.9100000000
2019-07-05 00:00,229741.0300000000
2019-07-06 00:00,201668.4300000000
2019-07-07 00:00,242698.9700000000
2019-07-08 00:00,232191.8300000000
2019-07-09 00:00,245121.6500000000
2019-07-10 00:00,212265.5200000000
2019-07-11 00:00,80846.6100000000
2019-07-12 00:00,202772.4100000000
2019-07-13 00:00,187636.0500000000
2019-07-14 00:00,139381.5200000000
2019-07-15 00:00,189144.7600000000
2019-07-16 00:00,174347.9800000000
2019-07-17 00:00,154540.9300000000
2019-07-18 00:00,157967.1200000000
2019-07-19 00:00,151575.2000000000
2019-07-20 00:00,148755.1800000000
2019-07-21 00:00,152617.0600000000
2019-07-22 00:00,144244.7800000000
2019-07-23 00:00,149216.8600000000
2019-07-24 00:00,180898.8900000000
2019-07-25 00:00,160785.6700000000
2019-07-26 00:00,154910.0800000000
2019-07-27 00:00,131533.5100000000
2019-07-28 00:00,149044.9300000000
2019-07-29 00:00,148946.5400000000
2019-07-30 00:00,144849.1800000000
2019-07-31 00:00,173418.4500000000
2019-08-01 00:00,120617.4600000000
2019-08-02 00:00,90308.7200000000
2019-08-03 00:00,153552.7000000000
2019-08-04 00:00,167935.2500000000
2019-08-05 00:00,158396.8800000000
2019-08-06 00:00,157613.2800000000
2019-08-07 00:00,163482.5500000000
2019-08-08 00:00,146209.5000000000
2019-08-09 00:00,151049.7600000000
2019-08-10 00:00,139070.9100000000
2019-08-11 00:00,146017.2700000000
2019-08-12 00:00,143267.1200000000
2019-08-13 00:00,150392.3000000000
2019-08-14 00:00,119214.4300000000
2019-08-15 00:00,129626.5700000000
2019-08-18 00:00,70787.0300000000
2019-08-19 00:00,144190.9900000000
2019-08-20 00:00,132515.3500000000
2019-08-21 00:00,117935.6300000000
2019-08-22 00:00,144855.9000000000
2019-08-23 00:00,120718.2800000000
2019-08-24 00:00,122098.3200000000
2019-08-25 00:00,141262.1400000000
2019-08-26 00:00,127683.1600000000
2019-08-27 00:00,143404.1500000000
2019-08-28 00:00,125102.9300000000
2019-08-29 00:00,129094.2800000000
2019-08-30 00:00,120431.6100000000
2019-08-31 00:00,125195.1900000000
2019-09-01 00:00,126363.6800000000
2019-09-02 00:00,116825.1600000000
2019-09-03 00:00,116486.1900000000
2019-09-04 00:00,123761.9700000000
2019-09-05 00:00,134134.0900000000
2019-09-06 00:00,122443.5300000000
2019-09-07 00:00,124942.7500000000
2019-09-08 00:00,112718.1400000000
2019-09-09 00:00,125930.1400000000
2019-09-10 00:00,116222.3400000000
2019-09-11 00:00,132565.6100000000
2019-09-12 00:00,129398.5800000000
2019-09-13 00:00,129775.3400000000
2019-09-14 00:00,138080.5300000000
2019-09-15 00:00,152379.6700000000
2019-09-16 00:00,134200.7700000000
2019-09-17 00:00,152361.4700000000
2019-09-18 00:00,152319.9300000000
2019-09-19 00:00,158821.6800000000
2019-09-20 00:00,162665.9900000000
2019-09-21 00:00,139647.4500000000
2019-09-22 00:00,157532.9500000000
2019-09-23 00:00,146501.9900000000
2019-09-24 00:00,132149.1900000000
2019-09-25 00:00,111716.8700000000
2019-09-26 00:00,116042.0400000000
2019-09-27 00:00,109683.8200000000
2019-09-28 00:00,122823.4400000000
2019-09-29 00:00,109706.7800000000
2019-09-30 00:00,125007.8600000000
2019-10-01 00:00,118184.6200000000
2019-10-02 00:00,118559.7700000000
2019-10-03 00:00,108079.7100000000
2019-10-04 00:00,112813.7500000000
2019-10-05 00:00,113851.5400000000
2019-10-06 00:00,111345.0500000000
2019-10-07 00:00,115639.5000000000
2019-10-08 00:00,123923.3400000000
2019-10-09 00:00,119600.1800000000
2019-10-10 00:00,127213.3500000000
2019-10-11 00:00,116967.8600000000
2019-10-12 00:00,120410.9500000000
2019-10-13 00:00,113462.4800000000
2019-10-14 00:00,128921.9700000000
2019-10-15 00:00,115977.2800000000
2019-10-16 00:00,119763.3000000000
2019-10-17 00:00,108400.6000000000
2019-10-18 00:00,106011.0300000000
2019-10-19 00:00,106880.7600000000
2019-10-20 00:00,103269.4300000000
2019-10-21 00:00,104531.5600000000
2019-10-22 00:00,105846.3400000000
2019-10-23 00:00,106078.0600000000
2019-10-24 00:00,105470.4300000000
2019-10-25 00:00,114902.2400000000
2019-10-26 00:00,101386.9600000000
2019-10-27 00:00,117434.8900000000
2019-10-28 00:00,122136.1100000000
2019-10-29 00:00,126919.9200000000
2019-10-30 00:00,119145.5600000000
2019-10-31 00:00,119309.9200000000
2019-11-01 00:00,123623.0100000000
2019-11-02 00:00,109764.7200000000
2019-11-03 00:00,114340.0000000000
2019-11-04 00:00,121081.1400000000
2019-11-05 00:00,88243.5800000000
2019-11-06 00:00,125636.0400000000
2019-11-07 00:00,120509.2300000000
2019-11-08 00:00,109008.7100000000
2019-11-09 00:00,32118.3000000000
2019-11-17 00:00,111036.6700000000
2019-11-18 00:00,113069.4100000000
2019-11-19 00:00,110521.2300000000
2019-11-20 00:00,105038.1400000000
2019-11-21 00:00,89827.5900000000
2019-11-22 00:00,82147.3600000000
2019-11-23 00:00,87087.2600000000
2019-11-24 00:00,83151.9800000000
2019-11-25 00:00,69502.1200000000
2019-11-26 00:00,79498.7600000000
2019-11-27 00:00,77243.3000000000
2019-11-28 00:00,77716.1700000000
2019-11-29 00:00,79805.2400000000
2019-11-30 00:00,67030.3900000000
2019-12-01 00:00,78687.9200000000
2019-12-02 00:00,69079.1900000000
2019-12-03 00:00,81820.7900000000
2019-12-04 00:00,77406.6500000000
2019-12-05 00:00,77404.6200000000
2019-12-06 00:00,53002.2500000000
2019-12-07 00:00,61504.6100000000
2019-12-08 00:00,59952.6000000000
2019-12-09 00:00,81748.4000000000
2019-12-10 00:00,72638.7700000000
2019-12-11 00:00,69951.3600000000
2019-12-12 00:00,66711.9300000000
2019-12-13 00:00,49278.8500000000
2019-12-14 00:00,58404.6300000000
2019-12-15 00:00,55071.1600000000
2019-12-16 00:00,53321.3600000000
2019-12-17 00:00,51113.0000000000
2019-12-18 00:00,49014.7500000000
2019-12-19 00:00,45243.9600000000
2019-12-20 00:00,44253.2200000000
2019-12-21 00:00,43411.0400000000
2019-12-22 00:00,45072.5200000000
2019-12-23 00:00,41879.5400000000
2019-12-24 00:00,43075.4600000000
2019-12-25 00:00,44662.9300000000
2019-12-26 00:00,45755.1100000000
2019-12-27 00:00,37329.6800000000
2019-12-28 00:00,30031.7100000000
2019-12-29 00:00,51009.4100000000
2019-12-30 00:00,50350.0000000000
2019-12-31 00:00,43277.4400000000
2020-01-01 00:00,62567.4100000000
2020-01-02 00:00,73336.8800000000
2020-01-03 00:00,75308.0200000000
2020-01-04 00:00,71327.2900000000
2020-01-05 00:00,80902.1700000000
2020-01-06 00:00,76289.3000000000
2020-01-07 00:00,84953.5400000000
2020-01-08 00:00,74660.8000000000
2020-01-09 00:00,72204.4700000000
2020-01-10 00:00,82171.6600000000
2020-01-11 00:00,85416.0300000000
2020-01-12 00:00,76528.7900000000
2020-01-13 00:00,82491.2900000000
2020-01-14 00:00,95279.0900000000
2020-01-15 00:00,88197.2700000000
2020-01-16 00:00,104876.7300000000
2020-01-17 00:00,92424.3600000000
2020-01-18 00:00,103018.4400000000
2020-01-19 00:00,88104.0800000000
2020-01-20 00:00,91231.9100000000
2020-01-21 00:00,92511.4900000000
2020-01-22 00:00,99982.6600000000
2020-01-23 00:00,86013.3800000000
2020-01-24 00:00,96187.0100000000
2020-01-25 00:00,89455.0300000000
2020-01-26 00:00,93044.3100000000
2020-01-27 00:00,67979.4400000000
2020-01-28 00:00,98938.5500000000
2020-01-29 00:00,101184.2600000000
2020-01-30 00:00,119425.5000000000
2020-01-31 00:00,94677.7700000000
2020-02-01 00:00,100651.9800000000
2020-02-02 00:00,111621.9800000000
2020-02-03 00:00,119897.7000000000
2020-02-04 00:00,119631.5400000000
2020-02-05 00:00,128176.5500000000
2020-02-06 00:00,137585.3300000000
2020-02-07 00:00,140999.0000000000
2020-02-08 00:00,127393.0900000000
2020-02-09 00:00,120709.5300000000
2020-02-10 00:00,129893.1900000000
2020-02-11 00:00,158468.6000000000
2020-02-12 00:00,169773.0700000000
2020-02-13 00:00,187770.8100000000
2020-02-14 00:00,181979.4700000000
2020-02-15 00:00,148245.8000000000
2020-02-16 00:00,173612.9700000000
2020-02-17 00:00,170206.1300000000
2020-02-18 00:00,187282.4600000000
2020-02-19 00:00,154603.1400000000
2020-02-20 00:00,152729.1300000000
2020-02-21 00:00,158435.7600000000
2020-02-22 00:00,144461.5800000000
2020-02-23 00:00,151115.8300000000
2020-02-24 00:00,158283.2800000000
2020-02-25 00:00,152839.3500000000
2020-02-26 00:00,129547.0600000000
2020-02-27 00:00,137343.0600000000
2020-02-28 00:00,124668.6400000000
2020-02-29 00:00,119491.1400000000
2020-03-01 00:00,124850.4200000000
2020-03-02 00:00,152503.0000000000
2020-03-03 00:00,140423.0000000000
2020-03-04 00:00,130894.7700000000
2020-03-05 00:00,135252.0000000000
2020-03-06 00:00,141475.1300000000
2020-03-07 00:00,142547.1600000000
2020-03-08 00:00,124361.6800000000
2020-03-09 00:00,128391.3600000000
2020-03-10 00:00,120148.3000000000
2020-03-11 00:00,137312.0800000000
2020-03-12 00:00,69731.9800000000
2020-03-13 00:00,80206.5800000000
2020-03-14 00:00,75940.7900000000
2020-03-15 00:00,75634.2800000000
2020-03-16 00:00,68981.2800000000
2020-03-17 00:00,72909.0000000000
2020-03-18 00:00,74210.1100000000
2020-03-19 00:00,96041.9400000000
2020-03-20 00:00,107122.3400000000
2020-03-21 00:00,107302.8200000000
2020-03-22 00:00,109992.8700000000
2020-03-23 00:00,116199.4800000000
2020-03-24 00:00,121117.2500000000
2020-03-25 00:00,86883.1800000000
2020-03-26 00:00,84196.8400000000
2020-03-27 00:00,76608.5000000000
2020-03-28 00:00,78394.4500000000
2020-03-29 00:00,77979.6700000000
2020-03-30 00:00,82032.4300000000
2020-03-31 00:00,81640.6300000000
2020-04-01 00:00,83262.2700000000
2020-04-02 00:00,80204.2500000000
2020-04-03 00:00,79141.7800000000
2020-04-04 00:00,79923.2900000000
2020-04-05 00:00,90531.7500000000
2020-04-06 00:00,108579.8400000000
2020-04-07 00:00,98257.1900000000
2020-04-08 00:00,110335.0800000000
2020-04-09 00:00,111114.6200000000
2020-04-10 00:00,100362.1800000000
2020-04-11 00:00,87990.7200000000
2020-04-12 00:00,101950.8600000000
2020-04-13 00:00,96488.8600000000
2020-04-14 00:00,106197.2600000000
2020-04-15 00:00,43591.9000000000
2020-04-16 00:00,97955.2600000000
2020-04-17 00:00,108787.0900000000
2020-04-18 00:00,122719.3800000000
2020-04-19 00:00,118388.5300000000
2020-04-20 00:00,115523.9700000000
2020-04-21 00:00,125963.6900000000
2020-04-22 00:00,129051.9500000000
2020-04-23 00:00,120170.5000000000
2020-04-24 00:00,138165.7400000000
2020-04-25 00:00,131415.3400000000
2020-04-26 00:00,137321.3200000000
2020-04-27 00:00,139832.2800000000
2020-04-28 00:00,130713.5900000000
2020-04-29 00:00,182030.4300000000
2020-04-30 00:00,142450.3100000000
2020-05-01 00:00,143396.5500000000
2020-05-02 00:00,149920.5600000000
2020-05-03 00:00,130582.8600000000
2020-05-04 00:00,121720.9400000000
2020-05-05 00:00,134627.7200000000
2020-05-06 00:00,139928.0300000000
2020-05-07 00:00,158953.9900000000
2020-05-08 00:00,149399.5500000000
2020-05-09 00:00,149880.0600000000
2020-05-10 00:00,153246.9700000000
2020-05-11 00:00,140973.5300000000
2020-05-12 00:00,130952.2700000000
2020-05-13 00:00,143304.4800000000
2020-05-14 00:00,142000.8300000000
2020-05-15 00:00,137108.2400000000
2020-05-16 00:00,142213.6200000000
2020-05-17 00:00,143756.0700000000
2020-05-18 00:00,154605.4500000000
2020-05-19 00:00,147657.5200000000
2020-05-20 00:00,147521.8400000000
2020-05-21 00:00,141828.1900000000
2020-05-22 00:00,154773.9100000000
2020-05-23 00:00,145674.7100000000
2020-05-24 00:00,142440.2500000000
2020-05-25 00:00,142106.0400000000
2020-05-26 00:00,139117.0700000000
2020-05-27 00:00,147126.3500000000
2020-05-28 00:00,156273.1200000000
2020-05-29 00:00,175472.5900000000
2020-05-30 00:00,171717.1600000000
2020-05-31 00:00,172970.4300000000
2020-06-01 00:00,187211.6400000000
2020-06-02 00:00,167094.1000000000
2020-06-03 00:00,160878.6000000000
2020-06-04 00:00,179978.2300000000
2020-06-05 00:00,165530.1600000000
2020-06-06 00:00,164998.2500000000
2020-06-07 00:00,173950.5000000000
2020-06-08 00:00,178873.5800000000
2020-06-09 00:00,167280.7800000000
2020-06-10 00:00,164305.9800000000
2020-06-11 00:00,153352.5200000000
2020-06-12 00:00,153901.1300000000
2020-06-13 00:00,142082.5800000000
2020-06-14 00:00,157314.2600000000
2020-06-15 00:00,146811.3100000000
2020-06-16 00:00,149937.5800000000
2020-06-17 00:00,150140.4400000000
2020-06-18 00:00,158240.7600000000
2020-06-19 00:00,154547.4700000000
2020-06-20 00:00,147563.3800000000
2020-06-21 00:00,137928.0000000000
2020-06-22 00:00,178812.2200000000
2020-06-23 00:00,166752.5200000000
2020-06-24 00:00,162494.8900000000
2020-06-25 00:00,159073.5500000000
2020-06-26 00:00,160114.0700000000
2020-06-27 00:00,148805.8200000000
2020-06-28 00:00,165015.1200000000
2020-06-29 00:00,166419.0500000000
2020-06-30 00:00,161298.8600000000
2020-07-01 00:00,151314.2300000000
2020-07-02 00:00,155373.4100000000
2020-07-03 00:00,147715.7200000000
2020-07-04 00:00,135795.9000000000
2020-07-05 00:00,157535.4500000000
2020-07-06 00:00,163875.9700000000
2020-07-07 00:00,156521.7300000000
2020-07-08 00:00,179343.0700000000
2020-07-09 00:00,158009.7600000000
2020-07-10 00:00,159090.5100000000
2020-07-11 00:00,157747.5600000000
2020-07-12 00:00,159206.5500000000
2020-07-13 00:00,169724.1700000000
2020-07-14 00:00,165293.0100000000
2020-07-15 00:00,156742.3200000000
2020-07-16 00:00,143926.7200000000
2020-07-17 00:00,154217.7300000000
2020-07-18 00:00,140289.2000000000
2020-07-19 00:00,169316.9900000000
2020-07-20 00:00,180526.9600000000
2020-07-21 00:00,155846.0400000000
2020-07-22 00:00,183644.6100000000
2020-07-23 00:00,177265.4200000000
2020-07-24 00:00,188124.2700000000
2020-07-25 00:00,211848.9900000000
2020-07-26 00:00,210220.6800000000
2020-07-27 00:00,220327.3800000000
2020-07-28 00:00,187471.0100000000
2020-07-29 00:00,220133.9600000000
2020-07-30 00:00,223774.9700000000
2020-07-31 00:00,224123.7700000000
2020-08-01 00:00,255557.0700000000
2020-08-02 00:00,255434.5500000000
2020-08-03 00:00,273559.7600000000
2020-08-04 00:00,247063.5200000000
2020-08-05 00:00,283130.4300000000
2020-08-06 00:00,252210.8100000000
2020-08-07 00:00,234684.6600000000
2020-08-08 00:00,230482.9300000000
2020-08-09 00:00,239520.7000000000
2020-08-10 00:00,259455.3100000000
2020-08-11 00:00,253193.9500000000
2020-08-12 00:00,238312.8300000000
2020-08-13 00:00,259807.2100000000
2020-08-14 00:00,267535.4900000000
2020-08-15 00:00,252994.8200000000
2020-08-16 00:00,257458.5200000000
2020-08-17 00:00,258664.5500000000
2020-08-18 00:00,264871.9200000000
2020-08-19 00:00,226157.0500000000
2020-08-20 00:00,246445.9900000000
2020-08-21 00:00,217588.4400000000
2020-08-22 00:00,226248.2900000000
2020-08-23 00:00,206825.1500000000
2020-08-24 00:00,236591.9700000000
2020-08-25 00:00,229717.7100000000
2020-08-26 00:00,212646.0700000000
2020-08-27 00:00,208578.8200000000
2020-08-28 00:00,228192.3200000000
2020-08-29 00:00,224847.8700000000
2020-08-30 00:00,249696.3800000000
2020-08-31 00:00,228194.2200000000
2020-09-01 00:00,270307.8100000000
2020-09-02 00:00,248564.3900000000
2020-09-03 00:00,239231.6700000000
2020-09-04 00:00,190751.8100000000
2020-09-05 00:00,188723.9000000000
2020-09-06 00:00,192381.1800000000
2020-09-07 00:00,193268.9100000000
2020-09-08 00:00,184716.7800000000
2020-09-09 00:00,203802.5200000000
2020-09-10 00:00,186852.4900000000
2020-09-11 00:00,201820.5700000000
2020-09-12 00:00,200065.3400000000
2020-09-13 00:00,207440.7800000000
2020-09-14 00:00,185092.0200000000
2020-09-15 00:00,191006.4100000000
2020-09-16 00:00,213236.2400000000
2020-09-17 00:00,218892.9700000000
2020-09-18 00:00,207583.9000000000
2020-09-19 00:00,197554.4600000000
2020-09-20 00:00,210524.2800000000
2020-09-21 00:00,187105.1900000000
2020-09-22 00:00,196720.8400000000
2020-09-23 00:00,174987.2000000000
2020-09-24 00:00,191241.1200000000
2020-09-25 00:00,189455.5500000000
2020-09-26 00:00,176510.8300000000
2020-09-27 00:00,170856.2900000000
2020-09-28 00:00,168088.2300000000
2020-09-29 00:00,172344.8100000000
2020-09-30 00:00,161459.9400000000
2020-10-01 00:00,192757.7300000000
2020-10-02 00:00,187830.5300000000
2020-10-03 00:00,173169.2300000000
2020-10-04 00:00,181340.0600000000
2020-10-05 00:00,164426.0600000000
2020-10-06 00:00,166816.7000000000
2020-10-07 00:00,203841.9500000000
2020-10-08 00:00,196643.7800000000
2020-10-09 00:00,177463.6300000000
2020-10-10 00:00,189033.2400000000
2020-10-11 00:00,213650.5500000000
2020-10-12 00:00,220735.6700000000
2020-10-13 00:00,194777.2400000000
2020-10-14 00:00,187614.2700000000
2020-10-15 00:00,181130.4600000000
2020-10-16 00:00,188942.6700000000
2020-10-17 00:00,172620.5800000000
2020-10-18 00:00,217283.8800000000
2020-10-19 00:00,197697.2600000000
2020-10-20 00:00,179694.7800000000
2020-10-21 00:00,205264.7500000000
2020-10-22 00:00,203295.3300000000
2020-10-23 00:00,203729.1900000000
2020-10-24 00:00,195371.6600000000
2020-10-25 00:00,210693.9900000000
2020-10-26 00:00,201608.7400000000
2020-10-27 00:00,212155.8100000000
2020-10-28 00:00,210382.6400000000
2020-10-29 00:00,182016.0700000000
2020-10-30 00:00,184558.1700000000
2020-10-31 00:00,206812.7000000000
2020-11-01 00:00,188779.5700000000
2020-11-02 00:00,191157.2000000000
2020-11-03 00:00,175105.7000000000
2020-11-04 00:00,208399.0500000000
2020-11-05 00:00,214098.8200000000
2020-11-06 00:00,230053.6800000000
2020-11-07 00:00,206497.1500000000
2020-11-08 00:00,217775.1400000000
2020-11-09 00:00,233206.8800000000
2020-11-10 00:00,215911.7700000000
2020-11-11 00:00,227306.0100000000
2020-11-12 00:00,227636.2700000000
2020-11-13 00:00,235723.6900000000
2020-11-14 00:00,226500.6600000000
2020-11-15 00:00,226737.1300000000
2020-11-16 00:00,236106.7100000000
2020-11-17 00:00,230852.4700000000
2020-11-18 00:00,244033.7700000000
2020-11-19 00:00,246027.9800000000
2020-11-20 00:00,261900.7900000000
2020-11-21 00:00,273186.1700000000
2020-11-22 00:00,306037.8500000000
2020-11-23 00:00,321472.4400000000
2020-11-24 00:00,331617.1100000000
2020-11-25 00:00,268367.9400000000
2020-11-26 00:00,255604.2600000000
2020-11-27 00:00,256706.3000000000
2020-11-28 00:00,271248.9200000000
2020-11-29 00:00,298583.2100000000
2020-11-30 00:00,314397.4600000000
2020-12-01 00:00,288747.7100000000
2020-12-02 00:00,290847.9700000000
2020-12-03 00:00,319504.5800000000
2020-12-04 00:00,291307.1200000000
2020-12-05 00:00,293043.3700000000
2020-12-06 00:00,286236.2300000000
2020-12-07 00:00,291602.2600000000
2020-12-08 00:00,267464.0700000000
2020-12-09 00:00,255383.4100000000
2020-12-10 00:00,289334.5200000000
2020-12-11 00:00,284184.0700000000
2020-12-12 00:00,246099.3400000000
2020-12-13 00:00,306230.8000000000
2020-12-14 00:00,275790.2300000000
2020-12-15 00:00,297036.9500000000
2020-12-16 00:00,314324.1600000000
2020-12-17 00:00,320100.4400000000
2020-12-18 00:00,299888.1600000000
2020-12-19 00:00,336911.9100000000
2020-12-20 00:00,315920.6300000000
2020-12-21 00:00,277133.8700000000
2020-12-22 00:00,316378.6500000000
2020-12-23 00:00,245325.8500000000
2020-12-24 00:00,317624.8800000000
2020-12-25 00:00,342828.4500000000
2020-12-26 00:00,298632.1500000000
2020-12-27 00:00,307588.3000000000
2020-12-28 00:00,336793.7600000000
2020-12-29 00:00,335245.5500000000
2020-12-30 00:00,354595.1400000000
2020-12-31 00:00,317420.6300000000
2021-01-01 00:00,329661.5200000000
2021-01-02 00:00,395264.0300000000
2021-01-03 00:00,432249.2700000000
2021-01-04 00:00,530519.9300000000
2021-01-05 00:00,580918.1200000000
2021-01-06 00:00,558965.9800000000
2021-01-07 00:00,540967.3800000000
2021-01-08 00:00,573011.4300000000
2021-01-09 00:00,545907.8100000000
2021-01-10 00:00,630696.1700000000
2021-01-11 00:00,516675.2500000000
2021-01-12 00:00,508329.0700000000
2021-01-13 00:00,594591.1900000000
2021-01-14 00:00,564040.0100000000
2021-01-15 00:00,564250.6000000000
2021-01-16 00:00,605586.9300000000
2021-01-17 00:00,647575.7600000000
2021-01-18 00:00,587797.0900000000
2021-01-19 00:00,607349.5200000000
2021-01-20 00:00,672485.1700000000
2021-01-21 00:00,581949.3700000000
2021-01-22 00:00,570111.0700000000
2021-01-23 00:00,645136.4200000000
2021-01-24 00:00,670159.7600000000
2021-01-25 00:00,679250.1900000000
2021-01-26 00:00,592575.9400000000
2021-01-27 00:00,679202.7900000000
2021-01-28 00:00,653756.6200000000
2021-01-29 00:00,706360.4700000000
2021-01-30 00:00,623425.0700000000
2021-01-31 00:00,687828.0300000000
2021-02-01 00:00,720944.0000000000
2021-02-02 00:00,834716.6400000000
2021-02-03 00:00,927253.7100000000
2021-02-04 00:00,822877.8200000000
2021-02-05 00:00,808526.6800000000
2021-02-06 00:00,876491.4500000000
2021-02-07 00:00,812765.6400000000
2021-02-08 00:00,904827.9800000000
2021-02-09 00:00,897794.6700000000
2021-02-10 00:00,838711.9400000000
2021-02-11 00:00,892591.3200000000
2021-02-12 00:00,949137.4400000000
2021-02-13 00:00,899536.0400000000
2021-02-14 00:00,892564.6600000000
2021-02-15 00:00,851920.0700000000
2021-02-16 00:00,884157.3500000000
2021-02-17 00:00,980922.5400000000
2021-02-18 00:00,1011933.2500000000
2021-02-19 00:00,974154.9700000000
2021-02-20 00:00,1011471.0100000000
2021-02-21 00:00,951299.1200000000
2021-02-22 00:00,956461.9800000000
2021-02-23 00:00,799947.4400000000
2021-02-24 00:00,799540.2400000000
2021-02-25 00:00,731125.1100000000
2021-02-26 00:00,745082.7200000000
2021-02-27 00:00,754866.0900000000
2021-02-28 00:00,708684.9400000000
2021-03-01 00:00,835060.0400000000
2021-03-02 00:00,791960.1300000000
2021-03-03 00:00,877766.6500000000
2021-03-04 00:00,774796.3100000000
2021-03-05 00:00,762598.5000000000
2021-03-06 00:00,840935.5500000000
2021-03-07 00:00,904758.8000000000
2021-03-08 00:00,1047393.8300000000
2021-03-09 00:00,952424.2000000000
2021-03-10 00:00,923233.8600000000
2021-03-11 00:00,1012548.8700000000
2021-03-12 00:00,943466.2500000000
2021-03-13 00:00,1136391.3600000000
2021-03-14 00:00,1019341.5800000000
2021-03-15 00:00,917912.0200000000
2021-03-16 00:00,997868.1400000000
2021-03-17 00:00,885117.3400000000
2021-03-18 00:00,884294.3100000000
2021-03-19 00:00,944454.8600000000
2021-03-20 00:00,922564.0200000000
2021-03-21 00:00,911750.0300000000
2021-03-22 00:00,883509.2700000000
2021-03-23 00:00,891330.0100000000
2021-03-24 00:00,785279.8200000000
2021-03-25 00:00,784125.1900000000
2021-03-26 00:00,854434.3500000000
2021-03-27 00:00,856918.9400000000
2021-03-28 00:00,888433.3600000000
2021-03-29 00:00,939258.4400000000
2021-03-30 00:00,941770.9400000000
2021-03-31 00:00,909062.5400000000
2021-04-01 00:00,982772.5100000000
2021-04-02 00:00,1083056.6600000000
2021-04-03 00:00,1006316.9600000000
2021-04-04 00:00,1022255.5600000000
2021-04-05 00:00,1089280.7700000000
2021-04-06 00:00,970810.4500000000
2021-04-07 00:00,1108452.7600000000
2021-04-08 00:00,953780.5000000000
2021-04-09 00:00,924624.0900000000
2021-04-10 00:00,1016756.7400000000
2021-04-11 00:00,1107924.1100000000
2021-04-12 00:00,1100697.1900000000
2021-04-13 00:00,1194226.0300000000
2021-04-14 00:00,1113999.8100000000
2021-04-15 00:00,1276569.0200000000
2021-04-16 00:00,1203790.9800000000
2021-04-17 00:00,1210157.7500000000
2021-04-18 00:00,1111651.5700000000
2021-04-19 00:00,1130087.0600000000
2021-04-20 00:00,1205141.6100000000
2021-04-21 00:00,1282284.1000000000
2021-04-22 00:00,1291882.8900000000
2021-04-23 00:00,1245949.8400000000
2021-04-24 00:00,1113060.4300000000
2021-04-25 00:00,1211361.5400000000
2021-04-26 00:00,1240236.4400000000
2021-04-27 00:00,1588294.9100000000
2021-04-28 00:00,1342094.0800000000
2021-04-29 00:00,1335318.1900000000
2021-04-30 00:00,1519551.1100000000
2021-05-01 00:00,1680075.1200000000
2021-05-02 00:00,1525378.0800000000
2021-05-03 00:00,1696708.5100000000
2021-05-04 00:00,1669893.6900000000
2021-05-05 00:00,1802813.8400000000
2021-05-06 00:00,1834914.8300000000
2021-05-07 00:00,1691744.0800000000
2021-05-08 00:00,1870291.1200000000
2021-05-09 00:00,2107956.1800000000
2021-05-10 00:00,2166896.9100000000
2021-05-11 00:00,2253478.2700000000
2021-05-12 00:00,2190350.5700000000
2021-05-13 00:00,1974554.8500000000
2021-05-14 00:00,2301955.9500000000
2021-05-15 00:00,1922373.9500000000
2021-05-16 00:00,2055844.3000000000
2021-05-17 00:00,1822501.4200000000
2021-05-18 00:00,1992692.6400000000
2021-05-19 00:00,1492362.6600000000
2021-05-20 00:00,1435676.0100000000
2021-05-21 00:00,1363769.4400000000
2021-05-22 00:00,1222376.7700000000
2021-05-23 00:00,1090759.2300000000
2021-05-24 00:00,1282457.5400000000
2021-05-25 00:00,1376041.4200000000
2021-05-26 00:00,1477272.7500000000
2021-05-27 00:00,1486701.0500000000
2021-05-28 00:00,1381522.4700000000
2021-05-29 00:00,1331456.9000000000
2021-05-30 00:00,1259619.8400000000
2021-05-31 00:00,1321713.7800000000
2021-06-01 00:00,1427558.0400000000
2021-06-02 00:00,1490358.9900000000
2021-06-03 00:00,1580627.0200000000
2021-06-04 00:00,1274497.4000000000
2021-06-05 00:00,1327476.8800000000
2021-06-06 00:00,1415428.0200000000
2021-06-07 00:00,1315428.0100000000
2021-06-08 00:00,1320891.6500000000
2021-06-09 00:00,1141282.3600000000
2021-06-10 00:00,1293653.6900000000
2021-06-11 00:00,1198937.9400000000
2021-06-12 00:00,1123356.1100000000
2021-06-13 00:00,1540876.2800000000
2021-06-14 00:00,1412710.3600000000
2021-06-15 00:00,1311328.4200000000
2021-06-16 00:00,1301230.0300000000
2021-06-17 00:00,1127282.5300000000
2021-06-18 00:00,1300438.2800000000
2021-06-19 00:00,1086522.0400000000
2021-06-20 00:00,1236669.6400000000
2021-06-21 00:00,1122022.2200000000
2021-06-22 00:00,999565.6500000000
2021-06-23 00:00,947609.2000000000
2021-06-24 00:00,957724.1500000000
2021-06-25 00:00,989611.7400000000
2021-06-26 00:00,945319.0500000000
2021-06-27 00:00,1127605.7200000000
2021-06-28 00:00,1091250.4100000000
2021-06-29 00:00,1141646.7900000000
2021-06-30 00:00,1184124.4900000000
2021-07-01 00:00,1127130.7600000000
2021-07-02 00:00,1032545.8600000000
2021-07-03 00:00,1149922.7200000000
2021-07-04 00:00,1301331.4000000000
2021-07-05 00:00,1303773.4900000000
2021-07-06 00:00,1343079.0400000000
2021-07-07 00:00,1242618.3100000000
2021-07-08 00:00,1058968.3500000000
2021-07-09 00:00,1164014.5700000000
2021-07-10 00:00,1019598.8900000000
2021-07-11 00:00,1036630.8900000000
2021-07-12 00:00,1106523.9400000000
2021-07-13 00:00,1103930.2700000000
2021-07-14 00:00,1097715.9900000000
2021-07-15 00:00,1063319.5500000000
2021-07-16 00:00,900084.6700000000
2021-07-17 00:00,1043488.6300000000
2021-07-18 00:00,846617.6100000000
2021-07-19 00:00,951700.6800000000
2021-07-20 00:00,1038840.8700000000
2021-07-21 00:00,974310.7600000000
2021-07-22 00:00,1058879.3400000000
2021-07-23 00:00,1079748.8500000000
2021-07-24 00:00,1082533.2900000000
2021-07-25 00:00,1138996.9200000000
2021-07-26 00:00,1189818.1400000000
2021-07-27 00:00,1193287.7000000000
2021-07-28 00:00,1073380.0300000000
2021-07-29 00:00,1176229.2500000000
2021-07-30 00:00,1285372.7900000000
2021-07-31 00:00,1210472.5300000000
2021-08-01 00:00,1257899.6800000000
2021-08-02 00:00,1277108.1300000000
2021-08-03 00:00,1319253.7300000000
2021-08-04 00:00,1406539.7700000000
2021-08-05 00:00,1443979.2300000000
2021-08-06 00:00,1359148.5300000000
2021-08-07 00:00,1587425.8300000000
2021-08-08 00:00,1562635.0700000000
2021-08-09 00:00,1631350.6000000000
2021-08-10 00:00,1558969.2500000000
2021-08-11 00:00,1671198.0700000000
2021-08-12 00:00,1607275.5900000000
2021-08-13 00:00,1709785.3700000000
2021-08-14 00:00,1525594.8600000000
2021-08-15 00:00,1693767.0800000000
2021-08-16 00:00,1710819.1500000000
2021-08-17 00:00,1591530.9800000000
2021-08-18 00:00,1759315.6200000000
2021-08-19 00:00,1700560.5700000000
2021-08-20 00:00,1745805.6800000000
2021-08-21 00:00,1629732.2300000000
2021-08-22 00:00,1809865.3900000000
2021-08-23 00:00,1757326.5500000000
2021-08-24 00:00,1389433.5000000000
2021-08-25 00:00,1630262.2100000000
2021-08-26 00:00,1776970.9500000000
2021-08-27 00:00,1630502.1800000000
2021-08-28 00:00,1658414.8400000000
2021-08-29 00:00,1672467.4300000000
2021-08-30 00:00,1919435.7300000000
2021-08-31 00:00,1891449.1500000000
2021-09-01 00:00,1979648.1600000000
2021-09-02 00:00,2106230.2400000000
2021-09-03 00:00,2076326.1900000000
2021-09-04 00:00,2099371.3200000000
2021-09-05 00:00,2153884.9000000000
2021-09-06 00:00,2327507.3200000000
2021-09-07 00:00,1841442.9300000000
2021-09-08 00:00,1954744.1900000000
2021-09-09 00:00,1857147.1500000000
2021-09-10 00:00,1868170.9400000000
2021-09-11 00:00,1608724.2700000000
2021-09-12 00:00,1860159.0800000000
2021-09-13 00:00,1670400.5100000000
2021-09-14 00:00,1984076.5700000000
2021-09-15 00:00,1976880.4200000000
2021-09-16 00:00,1957279.1900000000
2021-09-17 00:00,1843428.7200000000
2021-09-18 00:00,1713792.1300000000
2021-09-19 00:00,1935647.2100000000
2021-09-20 00:00,1664323.3800000000
2021-09-21 00:00,1523667.6300000000
2021-09-22 00:00,1623135.2300000000
2021-09-23 00:00,1643610.1500000000
2021-09-24 00:00,1626562.2000000000
2021-09-25 00:00,1554527.1200000000
2021-09-26 00:00,1698608.9100000000
2021-09-27 00:00,1689616.8800000000
2021-09-28 00:00,1769657.9000000000
2021-09-29 00:00,1724789.4800000000
2021-09-30 00:00,1770427.2700000000
2021-10-01 00:00,1917788.3600000000
2021-10-02 00:00,2027021.2600000000
2021-10-03 00:00,2008719.4300000000
2021-10-04 00:00,1956209.1100000000
2021-10-05 00:00,2191413.0600000000
2021-10-06 00:00,2077175.8500000000
2021-10-07 00:00,2218064.6300000000
2021-10-08 00:00,2146695.0300000000
2021-10-09 00:00,2197699.5600000000
2021-10-10 00:00,2175266.2400000000
2021-10-11 00:00,2191691.9400000000
2021-10-12 00:00,2218673.2800000000
2021-10-13 00:00,2438321.0400000000
2021-10-14 00:00,2536634.5400000000
2021-10-15 00:00,2383841.2200000000
2021-10-16 00:00,2630695.2000000000
2021-10-17 00:00,2433942.2600000000
2021-10-18 00:00,2085517.8600000000
2021-10-19 00:00,2428838.2100000000
2021-10-20 00:00,2185136.5600000000
2021-10-21 00:00,2655790.1100000000
2021-10-22 00:00,2475239.1100000000
2021-10-23 00:00,2588119.6400000000
2021-10-24 00:00,2524529.8900000000
2021-10-25 00:00,2492650.2800000000
2021-10-26 00:00,2586013.1500000000
2021-10-27 00:00,2344762.0200000000
2021-10-28 00:00,2667196.4700000000
2021-10-29 00:00,2977744.7200000000