date,unit_transaction_fee
2015-08-06 00:00,0.0182041000
2015-08-07 00:00,0.0236376200
2015-08-08 00:00,0.0106086900
2015-08-09 00:00,0.0152995300
2015-08-10 00:00,0.0022791600
2015-08-11 00:00,0.0160054000
2015-08-12 00:00,0.0087717000
2015-08-13 00:00,0.0045226300
2015-08-14 00:00,0.0038689100
2015-08-15 00:00,0.0027365700
2015-08-16 00:00,0.0030425200
2015-08-17 00:00,0.0047738900
2015-08-18 00:00,0.0047538400
2015-08-19 00:00,0.0029768000
2015-08-20 00:00,0.0020043500
2015-08-21 00:00,0.0118880100
2015-08-22 00:00,0.0019211900
2015-08-23 00:00,0.0020027700
2015-08-24 00:00,0.0018408200
2015-08-25 00:00,0.0017920400
2015-08-26 00:00,0.0015511600
2015-08-27 00:00,0.0020859900
2015-08-28 00:00,0.0013306200
2015-08-29 00:00,0.0012323200
2015-08-30 00:00,0.0014288900
2015-08-31 00:00,0.0015221800
2015-09-01 00:00,0.0015695400
2015-09-02 00:00,0.0014590800
2015-09-03 00:00,0.0017252500
2015-09-04 00:00,0.0016563200
2015-09-05 00:00,0.0014590600
2015-09-06 00:00,0.0016233600
2015-09-07 00:00,0.0018463000
2015-09-08 00:00,0.0017560000
2015-09-09 00:00,0.0014839600
2015-09-10 00:00,0.0013741100
2015-09-11 00:00,0.0020291000
2015-09-12 00:00,0.0015814300
2015-09-13 00:00,0.0017770200
2015-09-14 00:00,0.0015579600
2015-09-15 00:00,0.0025794600
2015-09-16 00:00,0.0015939900
2015-09-17 00:00,0.0020397800
2015-09-18 00:00,0.0015335600
2015-09-19 00:00,0.0017134700
2015-09-20 00:00,0.0016147100
2015-09-21 00:00,0.0016760900
2015-09-22 00:00,0.0014452000
2015-09-23 00:00,0.0016580200
2015-09-24 00:00,0.0016811800
2015-09-25 00:00,0.0015725700
2015-09-26 00:00,0.0014624800
2015-09-27 00:00,0.0015143500
2015-09-28 00:00,0.0015471100
2015-09-29 00:00,0.0014285100
2015-09-30 00:00,0.0013655100
2015-10-01 00:00,0.0016106400
2015-10-02 00:00,0.0016020400
2015-10-03 00:00,0.0014239000
2015-10-04 00:00,0.0018294000
2015-10-05 00:00,0.0015477400
2015-10-06 00:00,0.0017108500
2015-10-07 00:00,0.0017286900
2015-10-08 00:00,0.0016722200
2015-10-09 00:00,0.0017434200
2015-10-10 00:00,0.0014940700
2015-10-11 00:00,0.0016235100
2015-10-12 00:00,0.0018074600
2015-10-13 00:00,0.0017323600
2015-10-14 00:00,0.0029035800
2015-10-15 00:00,0.0031169200
2015-10-16 00:00,0.0018717000
2015-10-17 00:00,0.0020233000
2015-10-18 00:00,0.0017715400
2015-10-19 00:00,0.0019547300
2015-10-20 00:00,0.0016428100
2015-10-21 00:00,0.0022078100
2015-10-22 00:00,0.0019959300
2015-10-23 00:00,0.0016816000
2015-10-24 00:00,0.0015573800
2015-10-25 00:00,0.0018142900
2015-10-26 00:00,0.0027863900
2015-10-27 00:00,0.0014836200
2015-10-28 00:00,0.0016016800
2015-10-29 00:00,0.0016958000
2015-10-30 00:00,0.0020487500
2015-10-31 00:00,0.0023384300
2015-11-01 00:00,0.0015852400
2015-11-02 00:00,0.0016543300
2015-11-03 00:00,0.0013347800
2015-11-04 00:00,0.0014129000
2015-11-05 00:00,0.0020218600
2015-11-06 00:00,0.0029174200
2015-11-07 00:00,0.0023787100
2015-11-08 00:00,0.0014648300
2015-11-09 00:00,0.0018833500
2015-11-10 00:00,0.0022586700
2015-11-11 00:00,0.0027154500
2015-11-12 00:00,0.0018480900
2015-11-13 00:00,0.0025702400
2015-11-14 00:00,0.0016016700
2015-11-15 00:00,0.0013799600
2015-11-16 00:00,0.0013431500
2015-11-17 00:00,0.0013999000
2015-11-18 00:00,0.0017872800
2015-11-19 00:00,0.0018883000
2015-11-20 00:00,0.0016483300
2015-11-21 00:00,0.0015871400
2015-11-22 00:00,0.0016121200
2015-11-23 00:00,0.0018129900
2015-11-24 00:00,0.0017553700
2015-11-25 00:00,0.0012787900
2015-11-26 00:00,0.0014157500
2015-11-27 00:00,0.0021368800
2015-11-28 00:00,0.0013265400
2015-11-29 00:00,0.0023164600
2015-11-30 00:00,0.0019244000
2015-12-01 00:00,0.0017591700
2015-12-02 00:00,0.0015300600
2015-12-03 00:00,0.0017936100
2015-12-04 00:00,0.0019287800
2015-12-05 00:00,0.0018837100
2015-12-06 00:00,0.0013503400
2015-12-07 00:00,0.0013657200
2015-12-08 00:00,0.0014479300
2015-12-09 00:00,0.0015235000
2015-12-10 00:00,0.0020792700
2015-12-11 00:00,0.0028181800
2015-12-12 00:00,0.0025225000
2015-12-13 00:00,0.0048008000
2015-12-14 00:00,0.0054226900
2015-12-15 00:00,0.0042912200
2015-12-16 00:00,0.0033709000
2015-12-17 00:00,0.0035630400
2015-12-18 00:00,0.0030616500
2015-12-19 00:00,0.0034848800
2015-12-20 00:00,0.0032429100
2015-12-21 00:00,0.0028136500
2015-12-22 00:00,0.0035807400
2015-12-23 00:00,0.0033907400
2015-12-24 00:00,0.0027932000
2015-12-25 00:00,0.0029177900
2015-12-26 00:00,0.0039618800
2015-12-27 00:00,0.0029431200
2015-12-28 00:00,0.0029221000
2015-12-29 00:00,0.0034976000
2015-12-30 00:00,0.0024334800
2015-12-31 00:00,0.0019010000
2016-01-01 00:00,0.0021125900
2016-01-02 00:00,0.0021007000
2016-01-03 00:00,0.0022493600
2016-01-04 00:00,0.0036735500
2016-01-05 00:00,0.0038968000
2016-01-06 00:00,0.0029674500
2016-01-07 00:00,0.0023857000
2016-01-08 00:00,0.0033325300
2016-01-09 00:00,0.0025509700
2016-01-10 00:00,0.0023422000
2016-01-11 00:00,0.0023596700
2016-01-12 00:00,0.0034142400
2016-01-13 00:00,0.0025134900
2016-01-14 00:00,0.0023453300
2016-01-15 00:00,0.0021239900
2016-01-16 00:00,0.0017482000
2016-01-17 00:00,0.0023938400
2016-01-18 00:00,0.0026510400
2016-01-19 00:00,0.0017920400
2016-01-20 00:00,0.0018908100
2016-01-21 00:00,0.0022516800
2016-01-22 00:00,0.0015812100
2016-01-23 00:00,0.0018542600
2016-01-24 00:00,0.0023474800
2016-01-25 00:00,0.0022953200
2016-01-26 00:00,0.0030330300
2016-01-27 00:00,0.0024668100
2016-01-28 00:00,0.0022818100
2016-01-29 00:00,0.0024165700
2016-01-30 00:00,0.0023919100
2016-01-31 00:00,0.0022916600
2016-02-01 00:00,0.0020616400
2016-02-02 00:00,0.0019426400
2016-02-03 00:00,0.0022766300
2016-02-04 00:00,0.0025558600
2016-02-05 00:00,0.0076638500
2016-02-06 00:00,0.0037241100
2016-02-07 00:00,0.0025689500
2016-02-08 00:00,0.0032330300
2016-02-09 00:00,0.0034352900
2016-02-10 00:00,0.0021699400
2016-02-11 00:00,0.0018259200
2016-02-12 00:00,0.0018688100
2016-02-13 00:00,0.0016706600
2016-02-14 00:00,0.0017906300
2016-02-15 00:00,0.0018972300
2016-02-16 00:00,0.0020520000
2016-02-17 00:00,0.0017249100
2016-02-18 00:00,0.0020115100
2016-02-19 00:00,0.0016029500
2016-02-20 00:00,0.0016438300
2016-02-21 00:00,0.0017894000
2016-02-22 00:00,0.0050949200
2016-02-23 00:00,0.0026628500
2016-02-24 00:00,0.0016209200
2016-02-25 00:00,0.0024141700
2016-02-26 00:00,0.0014949000
2016-02-27 00:00,0.0015400900
2016-02-28 00:00,0.0016182400
2016-02-29 00:00,0.0015589500
2016-03-01 00:00,0.0016585500
2016-03-02 00:00,0.0014225800
2016-03-03 00:00,0.0013984100
2016-03-04 00:00,0.0012501600
2016-03-05 00:00,0.0013626400
2016-03-06 00:00,0.0013053700
2016-03-07 00:00,0.0013834400
2016-03-08 00:00,0.0010613700
2016-03-09 00:00,0.0008199700
2016-03-10 00:00,0.0008323800
2016-03-11 00:00,0.0008711600
2016-03-12 00:00,0.0009116400
2016-03-13 00:00,0.0009740900
2016-03-14 00:00,0.0008203100
2016-03-15 00:00,0.0008650800
2016-03-16 00:00,0.0009444400
2016-03-17 00:00,0.0008620900
2016-03-18 00:00,0.0012733400
2016-03-19 00:00,0.0011011500
2016-03-20 00:00,0.0009985000
2016-03-21 00:00,0.0007947500
2016-03-22 00:00,0.0010274400
2016-03-23 00:00,0.0011207900
2016-03-24 00:00,0.0010977300
2016-03-25 00:00,0.0009566200
2016-03-26 00:00,0.0006408900
2016-03-27 00:00,0.0007848800
2016-03-28 00:00,0.0007050800
2016-03-29 00:00,0.0010166000
2016-03-30 00:00,0.0007756500
2016-03-31 00:00,0.0007274100
2016-04-01 00:00,0.0006153600
2016-04-02 00:00,0.0006062200
2016-04-03 00:00,0.0007124500
2016-04-04 00:00,0.0007302700
2016-04-05 00:00,0.0006758300
2016-04-06 00:00,0.0006713900
2016-04-07 00:00,0.0007400000
2016-04-08 00:00,0.0006264500
2016-04-09 00:00,0.0006032500
2016-04-10 00:00,0.0006151800
2016-04-11 00:00,0.0006606300
2016-04-12 00:00,0.0009144600
2016-04-13 00:00,0.0009122400
2016-04-14 00:00,0.0006687500
2016-04-15 00:00,0.0005650500
2016-04-16 00:00,0.0007513900
2016-04-17 00:00,0.0005997400
2016-04-18 00:00,0.0005856500
2016-04-19 00:00,0.0007239100
2016-04-20 00:00,0.0008171100
2016-04-21 00:00,0.0006495400
2016-04-22 00:00,0.0006127800
2016-04-23 00:00,0.0006604600
2016-04-24 00:00,0.0006735000
2016-04-25 00:00,0.0006647700
2016-04-26 00:00,0.0006041900
2016-04-27 00:00,0.0006591900
2016-04-28 00:00,0.0006277500
2016-04-29 00:00,0.0007024900
2016-04-30 00:00,0.0009273000
2016-05-01 00:00,0.0006569900
2016-05-02 00:00,0.0007096800
2016-05-03 00:00,0.0007289200
2016-05-04 00:00,0.0008043700
2016-05-05 00:00,0.0008522900
2016-05-06 00:00,0.0006755500
2016-05-07 00:00,0.0007213900
2016-05-08 00:00,0.0006831400
2016-05-09 00:00,0.0006808900
2016-05-10 00:00,0.0007749600
2016-05-11 00:00,0.0008724600
2016-05-12 00:00,0.0009047300
2016-05-13 00:00,0.0007749800
2016-05-14 00:00,0.0007267900
2016-05-15 00:00,0.0007374500
2016-05-16 00:00,0.0007062100
2016-05-17 00:00,0.0007618500
2016-05-18 00:00,0.0007444400
2016-05-19 00:00,0.0008417600
2016-05-20 00:00,0.0008207000
2016-05-21 00:00,0.0007424100
2016-05-22 00:00,0.0006764900
2016-05-23 00:00,0.0006664000
2016-05-24 00:00,0.0007048100
2016-05-25 00:00,0.0006952200
2016-05-26 00:00,0.0007753300
2016-05-27 00:00,0.0011543100
2016-05-28 00:00,0.0008452500
2016-05-29 00:00,0.0007420900
2016-05-30 00:00,0.0007018900
2016-05-31 00:00,0.0007389900
2016-06-01 00:00,0.0006519500
2016-06-02 00:00,0.0006336300
2016-06-03 00:00,0.0006437900
2016-06-04 00:00,0.0006290600
2016-06-05 00:00,0.0006639700
2016-06-06 00:00,0.0014625200
2016-06-07 00:00,0.0007031600
2016-06-08 00:00,0.0007250200
2016-06-09 00:00,0.0007198000
2016-06-10 00:00,0.0007377700
2016-06-11 00:00,0.0006849100
2016-06-12 00:00,0.0007991000
2016-06-13 00:00,0.0007642600
2016-06-14 00:00,0.0007041800
2016-06-15 00:00,0.0009406200
2016-06-16 00:00,0.0034452100
2016-06-17 00:00,0.0042990200
2016-06-18 00:00,0.0010606000
2016-06-19 00:00,0.0010986700
2016-06-20 00:00,0.0017506200
2016-06-21 00:00,0.0010582100
2016-06-22 00:00,0.0007630600
2016-06-23 00:00,0.0008697500
2016-06-24 00:00,0.0007715000
2016-06-25 00:00,0.0006600800
2016-06-26 00:00,0.0006973300
2016-06-27 00:00,0.0007449700
2016-06-28 00:00,0.0011394800
2016-06-29 00:00,0.0013742700
2016-06-30 00:00,0.0011339400
2016-07-01 00:00,0.0006209200
2016-07-02 00:00,0.0007728700
2016-07-03 00:00,0.0006701600
2016-07-04 00:00,0.0007679900
2016-07-05 00:00,0.0007834300
2016-07-06 00:00,0.0006582100
2016-07-07 00:00,0.0009256900
2016-07-08 00:00,0.0012154100
2016-07-09 00:00,0.0007024300
2016-07-10 00:00,0.0007399500
2016-07-11 00:00,0.0007997500
2016-07-12 00:00,0.0006924900
2016-07-13 00:00,0.0007570800
2016-07-14 00:00,0.0007090000
2016-07-15 00:00,0.0006274200
2016-07-16 00:00,0.0005793200
2016-07-17 00:00,0.0006544500
2016-07-18 00:00,0.0006612800
2016-07-19 00:00,0.0014928700
2016-07-20 00:00,0.0007622300
2016-07-21 00:00,0.0007721700
2016-07-22 00:00,0.0007344900
2016-07-23 00:00,0.0006415200
2016-07-24 00:00,0.0007188000
2016-07-25 00:00,0.0007345200
2016-07-26 00:00,0.0007210400
2016-07-27 00:00,0.0013170900
2016-07-28 00:00,0.0009669600
2016-07-29 00:00,0.0007138700
2016-07-30 00:00,0.0006230200
2016-07-31 00:00,0.0006620900
2016-08-01 00:00,0.0006925600
2016-08-02 00:00,0.0006675300
2016-08-03 00:00,0.0006931400
2016-08-04 00:00,0.0006804700
2016-08-05 00:00,0.0006280200
2016-08-06 00:00,0.0006447700
2016-08-07 00:00,0.0012538800
2016-08-08 00:00,0.0006689100
2016-08-09 00:00,0.0007220200
2016-08-10 00:00,0.0006661000
2016-08-11 00:00,0.0006801800
2016-08-12 00:00,0.0006103400
2016-08-13 00:00,0.0005963500
2016-08-14 00:00,0.0006419400
2016-08-15 00:00,0.0006366700
2016-08-16 00:00,0.0006397100
2016-08-17 00:00,0.0007544400
2016-08-18 00:00,0.0006946200
2016-08-19 00:00,0.0006439700
2016-08-20 00:00,0.0006820700
2016-08-21 00:00,0.0006759200
2016-08-22 00:00,0.0014891300
2016-08-23 00:00,0.0006408100
2016-08-24 00:00,0.0006513800
2016-08-25 00:00,0.0006676800
2016-08-26 00:00,0.0005961900
2016-08-27 00:00,0.0006038300
2016-08-28 00:00,0.0006461600
2016-08-29 00:00,0.0006864000
2016-08-30 00:00,0.0006543100
2016-08-31 00:00,0.0006684100
2016-09-01 00:00,0.0008162300
2016-09-02 00:00,0.0006068200
2016-09-03 00:00,0.0010251000
2016-09-04 00:00,0.0006709800
2016-09-05 00:00,0.0006798100
2016-09-06 00:00,0.0007022300
2016-09-07 00:00,0.0007362300
2016-09-08 00:00,0.0007770500
2016-09-09 00:00,0.0006392300
2016-09-10 00:00,0.0006586200
2016-09-11 00:00,0.0007763200
2016-09-12 00:00,0.0007135800
2016-09-13 00:00,0.0006739700
2016-09-14 00:00,0.0006884400
2016-09-15 00:00,0.0008157500
2016-09-16 00:00,0.0007525600
2016-09-17 00:00,0.0007823400
2016-09-18 00:00,0.0006818300
2016-09-19 00:00,0.0006071300
2016-09-20 00:00,0.0006772800
2016-09-21 00:00,0.0011992000
2016-09-22 00:00,0.0013921700
2016-09-23 00:00,0.0016359500
2016-09-24 00:00,0.0017343100
2016-09-25 00:00,0.0026575200
2016-09-26 00:00,0.0021048100
2016-09-27 00:00,0.0015920000
2016-09-28 00:00,0.0010213600
2016-09-29 00:00,0.0011234200
2016-09-30 00:00,0.0017218600
2016-10-01 00:00,0.0017116800
2016-10-02 00:00,0.0013829400
2016-10-03 00:00,0.0015066100
2016-10-04 00:00,0.0015380500
2016-10-05 00:00,0.0013647500
2016-10-06 00:00,0.0012256300
2016-10-07 00:00,0.0014959000
2016-10-08 00:00,0.0013660300
2016-10-09 00:00,0.0012157700
2016-10-10 00:00,0.0009548300
2016-10-11 00:00,0.0014727800
2016-10-12 00:00,0.0034939400
2016-10-13 00:00,0.0017913300
2016-10-14 00:00,0.0020522500
2016-10-15 00:00,0.0019147500
2016-10-16 00:00,0.0018759000
2016-10-17 00:00,0.0018664200
2016-10-18 00:00,0.0024096500
2016-10-19 00:00,0.0012649100
2016-10-20 00:00,0.0007262800
2016-10-21 00:00,0.0007322800
2016-10-22 00:00,0.0007454800
2016-10-23 00:00,0.0009247100
2016-10-24 00:00,0.0009072900
2016-10-25 00:00,0.0007814600
2016-10-26 00:00,0.0007517900
2016-10-27 00:00,0.0008644100
2016-10-28 00:00,0.0007778500
2016-10-29 00:00,0.0007757400
2016-10-30 00:00,0.0007420400
2016-10-31 00:00,0.0008402400
2016-11-01 00:00,0.0006709100
2016-11-02 00:00,0.0007014400
2016-11-03 00:00,0.0006662600
2016-11-04 00:00,0.0006526400
2016-11-05 00:00,0.0006770000
2016-11-06 00:00,0.0006921600
2016-11-07 00:00,0.0007570100
2016-11-08 00:00,0.0008634800
2016-11-09 00:00,0.0008808200
2016-11-10 00:00,0.0010770800
2016-11-11 00:00,0.0007513800
2016-11-12 00:00,0.0007768300
2016-11-13 00:00,0.0008732500
2016-11-14 00:00,0.0008168400
2016-11-15 00:00,0.0008378300
2016-11-16 00:00,0.0007469400
2016-11-17 00:00,0.0007925400
2016-11-18 00:00,0.0007101300
2016-11-19 00:00,0.0007738000
2016-11-20 00:00,0.0008248900
2016-11-21 00:00,0.0007109200
2016-11-22 00:00,0.0012790500
2016-11-23 00:00,0.0015977100
2016-11-24 00:00,0.0010298700
2016-11-25 00:00,0.0017792100
2016-11-26 00:00,0.0025853500
2016-11-27 00:00,0.0025258200
2016-11-28 00:00,0.0021598200
2016-11-29 00:00,0.0009015200
2016-11-30 00:00,0.0007333600
2016-12-01 00:00,0.0006743600
2016-12-02 00:00,0.0006265000
2016-12-03 00:00,0.0006623900
2016-12-04 00:00,0.0007512100
2016-12-05 00:00,0.0007204200
2016-12-06 00:00,0.0008378700
2016-12-07 00:00,0.0200189200
2016-12-08 00:00,0.0007583200
2016-12-09 00:00,0.0007155900
2016-12-10 00:00,0.0009397100
2016-12-11 00:00,0.0008062900
2016-12-12 00:00,0.0006932800
2016-12-13 00:00,0.0007376500
2016-12-14 00:00,0.0007467800
2016-12-15 00:00,0.0006960700
2016-12-16 00:00,0.0008316400
2016-12-17 00:00,0.0007566400
2016-12-18 00:00,0.0007993900
2016-12-19 00:00,0.0009923300
2016-12-20 00:00,0.0010778500
2016-12-21 00:00,0.0007040500
2016-12-22 00:00,0.0006684600
2016-12-23 00:00,0.0006837800
2016-12-24 00:00,0.0006616700
2016-12-25 00:00,0.0006689000
2016-12-26 00:00,0.0008590500
2016-12-27 00:00,0.0007277800
2016-12-28 00:00,0.0008744100
2016-12-29 00:00,0.0010056100
2016-12-30 00:00,0.0006938100
2016-12-31 00:00,0.0006522700
2017-01-01 00:00,0.0007091300
2017-01-02 00:00,0.0008771300
2017-01-03 00:00,0.0007796000
2017-01-04 00:00,0.0007028300
2017-01-05 00:00,0.0007149800
2017-01-06 00:00,0.0006919600
2017-01-07 00:00,0.0007729100
2017-01-08 00:00,0.0007776700
2017-01-09 00:00,0.0008034500
2017-01-10 00:00,0.0007658900
2017-01-11 00:00,0.0007330300
2017-01-12 00:00,0.0007039300
2017-01-13 00:00,0.0006835500
2017-01-14 00:00,0.0007181500
2017-01-15 00:00,0.0007167800
2017-01-16 00:00,0.0008446900
2017-01-17 00:00,0.0007553100
2017-01-18 00:00,0.0007173200
2017-01-19 00:00,0.0007350700
2017-01-20 00:00,0.0007081400
2017-01-21 00:00,0.0007541000
2017-01-22 00:00,0.0007600200
2017-01-23 00:00,0.0008165200
2017-01-24 00:00,0.0008162600
2017-01-25 00:00,0.0007781300
2017-01-26 00:00,0.0007572700
2017-01-27 00:00,0.0007379000
2017-01-28 00:00,0.0007202800
2017-01-29 00:00,0.0007228000
2017-01-30 00:00,0.0007333300
2017-01-31 00:00,0.0008557400
2017-02-01 00:00,0.0008112600
2017-02-02 00:00,0.0007961900
2017-02-03 00:00,0.0007260900
2017-02-04 00:00,0.0007485900
2017-02-05 00:00,0.0007581600
2017-02-06 00:00,0.0008882300
2017-02-07 00:00,0.0008556400
2017-02-08 00:00,0.0008497800
2017-02-09 00:00,0.0008850600
2017-02-10 00:00,0.0008268000
2017-02-11 00:00,0.0008900600
2017-02-12 00:00,0.0010977500
2017-02-13 00:00,0.0008547800
2017-02-14 00:00,0.0016364400
2017-02-15 00:00,0.0007893700
2017-02-16 00:00,0.0007862700
2017-02-17 00:00,0.0009039400
2017-02-18 00:00,0.0007529500
2017-02-19 00:00,0.0008182000
2017-02-20 00:00,0.0009389300
2017-02-21 00:00,0.0010115600
2017-02-22 00:00,0.0009107500
2017-02-23 00:00,0.0007643900
2017-02-24 00:00,0.0008388100
2017-02-25 00:00,0.0007614500
2017-02-26 00:00,0.0008553500
2017-02-27 00:00,0.0008454700
2017-02-28 00:00,0.0009191800
2017-03-01 00:00,0.0007751300
2017-03-02 00:00,0.0007217300
2017-03-03 00:00,0.0007236600
2017-03-04 00:00,0.0007616700
2017-03-05 00:00,0.0007252100
2017-03-06 00:00,0.0006998500
2017-03-07 00:00,0.0007279400
2017-03-08 00:00,0.0007744200
2017-03-09 00:00,0.0008532300
2017-03-10 00:00,0.0007401100
2017-03-11 00:00,0.0007281600
2017-03-12 00:00,0.0009344700
2017-03-13 00:00,0.0009697700
2017-03-14 00:00,0.0007919200
2017-03-15 00:00,0.0007767100
2017-03-16 00:00,0.0008343100
2017-03-17 00:00,0.0006730400
2017-03-18 00:00,0.0006738100
2017-03-19 00:00,0.0007095200
2017-03-20 00:00,0.0007618100
2017-03-21 00:00,0.0007637100
2017-03-22 00:00,0.0007399700
2017-03-23 00:00,0.0008349600
2017-03-24 00:00,0.0006883500
2017-03-25 00:00,0.0007305600
2017-03-26 00:00,0.0008220300
2017-03-27 00:00,0.0007573600
2017-03-28 00:00,0.0007449200
2017-03-29 00:00,0.0007390700
2017-03-30 00:00,0.0007507200
2017-03-31 00:00,0.0007102100
2017-04-01 00:00,0.0007450100
2017-04-02 00:00,0.0007462000
2017-04-03 00:00,0.0007531400
2017-04-04 00:00,0.0007815100
2017-04-05 00:00,0.0007710800
2017-04-06 00:00,0.0007799900
2017-04-07 00:00,0.0007253100
2017-04-08 00:00,0.0007619100
2017-04-09 00:00,0.0008350900
2017-04-10 00:00,0.0007763100
2017-04-11 00:00,0.0010042600
2017-04-12 00:00,0.0007329500
2017-04-13 00:00,0.0007750200
2017-04-14 00:00,0.0007725900
2017-04-15 00:00,0.0007803300
2017-04-16 00:00,0.0008335900
2017-04-17 00:00,0.0008852600
2017-04-18 00:00,0.0009144200
2017-04-19 00:00,0.0008401700
2017-04-20 00:00,0.0011343500
2017-04-21 00:00,0.0010187800
2017-04-22 00:00,0.0008445100
2017-04-23 00:00,0.0009062300
2017-04-24 00:00,0.0008445800
2017-04-25 00:00,0.0008343200
2017-04-26 00:00,0.0008355800
2017-04-27 00:00,0.0007458700
2017-04-28 00:00,0.0007686300
2017-04-29 00:00,0.0008293800
2017-04-30 00:00,0.0009406100
2017-05-01 00:00,0.0010215700
2017-05-02 00:00,0.0007943100
2017-05-03 00:00,0.0008046000
2017-05-04 00:00,0.0007773500
2017-05-05 00:00,0.0008879100
2017-05-06 00:00,0.0009915800
2017-05-07 00:00,0.0008136100
2017-05-08 00:00,0.0009445100
2017-05-09 00:00,0.0009565200
2017-05-10 00:00,0.0009334800
2017-05-11 00:00,0.0010169700
2017-05-12 00:00,0.0010551800
2017-05-13 00:00,0.0010496400
2017-05-14 00:00,0.0010759900
2017-05-15 00:00,0.0011788100
2017-05-16 00:00,0.0015714800
2017-05-17 00:00,0.0011534800
2017-05-18 00:00,0.0010768600
2017-05-19 00:00,0.0011884300
2017-05-20 00:00,0.0010723100
2017-05-21 00:00,0.0010361800
2017-05-22 00:00,0.0013559600
2017-05-23 00:00,0.0014527500
2017-05-24 00:00,0.0011949600
2017-05-25 00:00,0.0012133900
2017-05-26 00:00,0.0012186500
2017-05-27 00:00,0.0012399300
2017-05-28 00:00,0.0012149400
2017-05-29 00:00,0.0016523600
2017-05-30 00:00,0.0029612100
2017-05-31 00:00,0.0012718100
2017-06-01 00:00,0.0014960600
2017-06-02 00:00,0.0012986800
2017-06-03 00:00,0.0014195600
2017-06-04 00:00,0.0011556400
2017-06-05 00:00,0.0013219200
2017-06-06 00:00,0.0013416500
2017-06-07 00:00,0.0012760500
2017-06-08 00:00,0.0011606700
2017-06-09 00:00,0.0010056400
2017-06-10 00:00,0.0013051600
2017-06-11 00:00,0.0017505600
2017-06-12 00:00,0.0010520900
2017-06-13 00:00,0.0010173700
2017-06-14 00:00,0.0010688200
2017-06-15 00:00,0.0010383300
2017-06-16 00:00,0.0009861100
2017-06-17 00:00,0.0010241500
2017-06-18 00:00,0.0009888600
2017-06-19 00:00,0.0023340700
2017-06-20 00:00,0.0041275800
2017-06-21 00:00,0.0024098600
2017-06-22 00:00,0.0017025700
2017-06-23 00:00,0.0025549200
2017-06-24 00:00,0.0017813000
2017-06-25 00:00,0.0027630800
2017-06-26 00:00,0.0013124100
2017-06-27 00:00,0.0028195500
2017-06-28 00:00,0.0017676200
2017-06-29 00:00,0.0013945800
2017-06-30 00:00,0.0013130600
2017-07-01 00:00,0.0012769400
2017-07-02 00:00,0.0014101800
2017-07-03 00:00,0.0013395900
2017-07-04 00:00,0.0015061900
2017-07-05 00:00,0.0011776700
2017-07-06 00:00,0.0012061900
2017-07-07 00:00,0.0014518900
2017-07-08 00:00,0.0011373200
2017-07-09 00:00,0.0008644100
2017-07-10 00:00,0.0009849600
2017-07-11 00:00,0.0011638500
2017-07-12 00:00,0.0012557200
2017-07-13 00:00,0.0011062600
2017-07-14 00:00,0.0012417600
2017-07-15 00:00,0.0011107600
2017-07-16 00:00,0.0011329600
2017-07-17 00:00,0.0015630700
2017-07-18 00:00,0.0012025600
2017-07-19 00:00,0.0010242700
2017-07-20 00:00,0.0013314500
2017-07-21 00:00,0.0010936500
2017-07-22 00:00,0.0011075100
2017-07-23 00:00,0.0011761500
2017-07-24 00:00,0.0014631700
2017-07-25 00:00,0.0013200500
2017-07-26 00:00,0.0011708200
2017-07-27 00:00,0.0011439700
2017-07-28 00:00,0.0010271800
2017-07-29 00:00,0.0010068400
2017-07-30 00:00,0.0009244700
2017-07-31 00:00,0.0012059500
2017-08-01 00:00,0.0010256500
2017-08-02 00:00,0.0010007100
2017-08-03 00:00,0.0008556100
2017-08-04 00:00,0.0009031200
2017-08-05 00:00,0.0009240000
2017-08-06 00:00,0.0011500000
2017-08-07 00:00,0.0010634100
2017-08-08 00:00,0.0009579700
2017-08-09 00:00,0.0009258100
2017-08-10 00:00,0.0009929400
2017-08-11 00:00,0.0010187000
2017-08-12 00:00,0.0009148100
2017-08-13 00:00,0.0008426000
2017-08-14 00:00,0.0009286100
2017-08-15 00:00,0.0028249400
2017-08-16 00:00,0.0016134000
2017-08-17 00:00,0.0022976900
2017-08-18 00:00,0.0012503900
2017-08-19 00:00,0.0009458600
2017-08-20 00:00,0.0008396200
2017-08-21 00:00,0.0008920400
2017-08-22 00:00,0.0008430000
2017-08-23 00:00,0.0009160100
2017-08-24 00:00,0.0008795200
2017-08-25 00:00,0.0009727300
2017-08-26 00:00,0.0008493500
2017-08-27 00:00,0.0008881800
2017-08-28 00:00,0.0013079200
2017-08-29 00:00,0.0010828500
2017-08-30 00:00,0.0019186100
2017-08-31 00:00,0.0013182100
2017-09-01 00:00,0.0018495100
2017-09-02 00:00,0.0009806900
2017-09-03 00:00,0.0011020700
2017-09-04 00:00,0.0013851700
2017-09-05 00:00,0.0015518000
2017-09-06 00:00,0.0016376600
2017-09-07 00:00,0.0016364000
2017-09-08 00:00,0.0011495600
2017-09-09 00:00,0.0012711800
2017-09-10 00:00,0.0010764900
2017-09-11 00:00,0.0012842200
2017-09-12 00:00,0.0012663000
2017-09-13 00:00,0.0010750000
2017-09-14 00:00,0.0014418700
2017-09-15 00:00,0.0017681200
2017-09-16 00:00,0.0012820800
2017-09-17 00:00,0.0011113600
2017-09-18 00:00,0.0011401100
2017-09-19 00:00,0.0020211300
2017-09-20 00:00,0.0010278500
2017-09-21 00:00,0.0011276100
2017-09-22 00:00,0.0012130600
2017-09-23 00:00,0.0015665500
2017-09-24 00:00,0.0012496100
2017-09-25 00:00,0.0012603900
2017-09-26 00:00,0.0013677900
2017-09-27 00:00,0.0011244000
2017-09-28 00:00,0.0010134300
2017-09-29 00:00,0.0012574700
2017-09-30 00:00,0.0012633000
2017-10-01 00:00,0.0011660800
2017-10-02 00:00,0.0011626700
2017-10-03 00:00,0.0012537000
2017-10-04 00:00,0.0013309200
2017-10-05 00:00,0.0013669300
2017-10-06 00:00,0.0010865200
2017-10-07 00:00,0.0012038800
2017-10-08 00:00,0.0011574600
2017-10-09 00:00,0.0011950400
2017-10-10 00:00,0.0027255300
2017-10-11 00:00,0.0011611000
2017-10-12 00:00,0.0012526000
2017-10-13 00:00,0.0011983300
2017-10-14 00:00,0.0011747200
2017-10-15 00:00,0.0008256600
2017-10-16 00:00,0.0006385300
2017-10-17 00:00,0.0006363500
2017-10-18 00:00,0.0005745400
2017-10-19 00:00,0.0008991200
2017-10-20 00:00,0.0004970800
2017-10-21 00:00,0.0004503700
2017-10-22 00:00,0.0005761300
2017-10-23 00:00,0.0007253800
2017-10-24 00:00,0.0006313100
2017-10-25 00:00,0.0005897000
2017-10-26 00:00,0.0006118600
2017-10-27 00:00,0.0004977100
2017-10-28 00:00,0.0004908100
2017-10-29 00:00,0.0005550100
2017-10-30 00:00,0.0006358900
2017-10-31 00:00,0.0007019300
2017-11-01 00:00,0.0007063700
2017-11-02 00:00,0.0005737000
2017-11-03 00:00,0.0005318500
2017-11-04 00:00,0.0004789000
2017-11-05 00:00,0.0005253400
2017-11-06 00:00,0.0006697100
2017-11-07 00:00,0.0007908400
2017-11-08 00:00,0.0006954900
2017-11-09 00:00,0.0006376700
2017-11-10 00:00,0.0005906900
2017-11-11 00:00,0.0006855700
2017-11-12 00:00,0.0006981100
2017-11-13 00:00,0.0007058600
2017-11-14 00:00,0.0007633500
2017-11-15 00:00,0.0007192700
2017-11-16 00:00,0.0007343600
2017-11-17 00:00,0.0005560600
2017-11-18 00:00,0.0006076400
2017-11-19 00:00,0.0007007700
2017-11-20 00:00,0.0006943800
2017-11-21 00:00,0.0006688000
2017-11-22 00:00,0.0006761400
2017-11-23 00:00,0.0005936900
2017-11-24 00:00,0.0005158100
2017-11-25 00:00,0.0006546000
2017-11-26 00:00,0.0006064600
2017-11-27 00:00,0.0006623000
2017-11-28 00:00,0.0006695300
2017-11-29 00:00,0.0006455800
2017-11-30 00:00,0.0006681500
2017-12-01 00:00,0.0005487600
2017-12-02 00:00,0.0005868400
2017-12-03 00:00,0.0011457200
2017-12-04 00:00,0.0017072000
2017-12-05 00:00,0.0019458900
2017-12-06 00:00,0.0033976600
2017-12-07 00:00,0.0030209900
2017-12-08 00:00,0.0030067000
2017-12-09 00:00,0.0026770000
2017-12-10 00:00,0.0018480200
2017-12-11 00:00,0.0017872200
2017-12-12 00:00,0.0015888700
2017-12-13 00:00,0.0018185700
2017-12-14 00:00,0.0016090500
2017-12-15 00:00,0.0016316500
2017-12-16 00:00,0.0013377500
2017-12-17 00:00,0.0011808000
2017-12-18 00:00,0.0013618700
2017-12-19 00:00,0.0017558900
2017-12-20 00:00,0.0016409700
2017-12-21 00:00,0.0014862800
2017-12-22 00:00,0.0013136200
2017-12-23 00:00,0.0013506500
2017-12-24 00:00,0.0010058600
2017-12-25 00:00,0.0009134000
2017-12-26 00:00,0.0009051500
2017-12-27 00:00,0.0008772600
2017-12-28 00:00,0.0009240900
2017-12-29 00:00,0.0008557900
2017-12-30 00:00,0.0009200000
2017-12-31 00:00,0.0008454200
2018-01-01 00:00,0.0009125600
2018-01-02 00:00,0.0010018300
2018-01-03 00:00,0.0010990900
2018-01-04 00:00,0.0025015100
2018-01-05 00:00,0.0029695100
2018-01-06 00:00,0.0025247900
2018-01-07 00:00,0.0024223500
2018-01-08 00:00,0.0024610200
2018-01-09 00:00,0.0031389100
2018-01-10 00:00,0.0026682900
2018-01-11 00:00,0.0020779400
2018-01-12 00:00,0.0020449500
2018-01-13 00:00,0.0020681000
2018-01-14 00:00,0.0018459800
2018-01-15 00:00,0.0017448500
2018-01-16 00:00,0.0016202800
2018-01-17 00:00,0.0017865000
2018-01-18 00:00,0.0017889400
2018-01-19 00:00,0.0018048300
2018-01-20 00:00,0.0013153700
2018-01-21 00:00,0.0012300800
2018-01-22 00:00,0.0015499300
2018-01-23 00:00,0.0014147300
2018-01-24 00:00,0.0013423500
2018-01-25 00:00,0.0010055900
2018-01-26 00:00,0.0009813400
2018-01-27 00:00,0.0009985600
2018-01-28 00:00,0.0013610500
2018-01-29 00:00,0.0011720800
2018-01-30 00:00,0.0012181300
2018-01-31 00:00,0.0015372900
2018-02-01 00:00,0.0012255700
2018-02-02 00:00,0.0010894900
2018-02-03 00:00,0.0010548100
2018-02-04 00:00,0.0009970900
2018-02-05 00:00,0.0010421700
2018-02-06 00:00,0.0010390500
2018-02-07 00:00,0.0009609600
2018-02-08 00:00,0.0008889400
2018-02-09 00:00,0.0008981700
2018-02-10 00:00,0.0008354200
2018-02-11 00:00,0.0007753900
2018-02-12 00:00,0.0008466800
2018-02-13 00:00,0.0008602000
2018-02-14 00:00,0.0008163900
2018-02-15 00:00,0.0008536000
2018-02-16 00:00,0.0008791400
2018-02-17 00:00,0.0010133000
2018-02-18 00:00,0.0008087200
2018-02-19 00:00,0.0008404800
2018-02-20 00:00,0.0008716100
2018-02-21 00:00,0.0008068300
2018-02-22 00:00,0.0008544900
2018-02-23 00:00,0.0008552600
2018-02-24 00:00,0.0007949200
2018-02-25 00:00,0.0007408100
2018-02-26 00:00,0.0008125700
2018-02-27 00:00,0.0010398700
2018-02-28 00:00,0.0008346800
2018-03-01 00:00,0.0009862300
2018-03-02 00:00,0.0007557300
2018-03-03 00:00,0.0008611400
2018-03-04 00:00,0.0008422000
2018-03-05 00:00,0.0007242500
2018-03-06 00:00,0.0007784600
2018-03-07 00:00,0.0007833700
2018-03-08 00:00,0.0007703600
2018-03-09 00:00,0.0006721300
2018-03-10 00:00,0.0005938100
2018-03-11 00:00,0.0007573600
2018-03-12 00:00,0.0005603400
2018-03-13 00:00,0.0006281100
2018-03-14 00:00,0.0006013100
2018-03-15 00:00,0.0006422500
2018-03-16 00:00,0.0005264100
2018-03-17 00:00,0.0005317800
2018-03-18 00:00,0.0005356700
2018-03-19 00:00,0.0005740800
2018-03-20 00:00,0.0006343900
2018-03-21 00:00,0.0006883200
2018-03-22 00:00,0.0006647400
2018-03-23 00:00,0.0006211300
2018-03-24 00:00,0.0006344700
2018-03-25 00:00,0.0006935500
2018-03-26 00:00,0.0006176400
2018-03-27 00:00,0.0006337300
2018-03-28 00:00,0.0006654700
2018-03-29 00:00,0.0005575800
2018-03-30 00:00,0.0004811200
2018-03-31 00:00,0.0004604100
2018-04-01 00:00,0.0005155100
2018-04-02 00:00,0.0005142100
2018-04-03 00:00,0.0004507200
2018-04-04 00:00,0.0007018000
2018-04-05 00:00,0.0005437700
2018-04-06 00:00,0.0004529200
2018-04-07 00:00,0.0004740900
2018-04-08 00:00,0.0005041600
2018-04-09 00:00,0.0005124700
2018-04-10 00:00,0.0005352500
2018-04-11 00:00,0.0005470300
2018-04-12 00:00,0.0006055700
2018-04-13 00:00,0.0005187000
2018-04-14 00:00,0.0004730800
2018-04-15 00:00,0.0005026600
2018-04-16 00:00,0.0004844200
2018-04-17 00:00,0.0005994400
2018-04-18 00:00,0.0005465600
2018-04-19 00:00,0.0005347300
2018-04-20 00:00,0.0004661700
2018-04-21 00:00,0.0004776000
2018-04-22 00:00,0.0004865800
2018-04-23 00:00,0.0005861500
2018-04-24 00:00,0.0005698000
2018-04-25 00:00,0.0005838000
2018-04-26 00:00,0.0006367500
2018-04-27 00:00,0.0006693700
2018-04-28 00:00,0.0007225300
2018-04-29 00:00,0.0007281200
2018-04-30 00:00,0.0006231400
2018-05-01 00:00,0.0006047200
2018-05-02 00:00,0.0006786100
2018-05-03 00:00,0.0005454300
2018-05-04 00:00,0.0005431200
2018-05-05 00:00,0.0005545900
2018-05-06 00:00,0.0005617800
2018-05-07 00:00,0.0006051800
2018-05-08 00:00,0.0006286400
2018-05-09 00:00,0.0008625700
2018-05-10 00:00,0.0008736900
2018-05-11 00:00,0.0006322000
2018-05-12 00:00,0.0006847300
2018-05-13 00:00,0.0008325100
2018-05-14 00:00,0.0008643300
2018-05-15 00:00,0.0008895900
2018-05-16 00:00,0.0009455000
2018-05-17 00:00,0.0008988100
2018-05-18 00:00,0.0007837800
2018-05-19 00:00,0.0007778600
2018-05-20 00:00,0.0008516300
2018-05-21 00:00,0.0009362700
2018-05-22 00:00,0.0009370000
2018-05-23 00:00,0.0008861600
2018-05-24 00:00,0.0008594500
2018-05-25 00:00,0.0007827300
2018-05-26 00:00,0.0007045100
2018-05-27 00:00,0.0010019200
2018-05-28 00:00,0.0010166200
2018-05-29 00:00,0.0010613300
2018-05-30 00:00,0.0012894800
2018-05-31 00:00,0.0011549900
2018-06-01 00:00,0.0007850800
2018-06-02 00:00,0.0007295000
2018-06-03 00:00,0.0009150800
2018-06-04 00:00,0.0008130000
2018-06-05 00:00,0.0010730000
2018-06-06 00:00,0.0008141400
2018-06-07 00:00,0.0007622100
2018-06-08 00:00,0.0005705800
2018-06-09 00:00,0.0005693500
2018-06-10 00:00,0.0006155600
2018-06-11 00:00,0.0006061200
2018-06-12 00:00,0.0006102600
2018-06-13 00:00,0.0006830900
2018-06-14 00:00,0.0007876500
2018-06-15 00:00,0.0008996400
2018-06-16 00:00,0.0004790300
2018-06-17 00:00,0.0004764000
2018-06-18 00:00,0.0005981200
2018-06-19 00:00,0.0005450800
2018-06-20 00:00,0.0005532100
2018-06-21 00:00,0.0011450000
2018-06-22 00:00,0.0005135900
2018-06-23 00:00,0.0007663200
2018-06-24 00:00,0.0006299000
2018-06-25 00:00,0.0005306500
2018-06-26 00:00,0.0005032400
2018-06-27 00:00,0.0004970000
2018-06-28 00:00,0.0005336800
2018-06-29 00:00,0.0031573700
2018-06-30 00:00,0.0051993000
2018-07-01 00:00,0.0119751200
2018-07-02 00:00,0.0070105300
2018-07-03 00:00,0.0065819400
2018-07-04 00:00,0.0048550300
2018-07-05 00:00,0.0073106400
2018-07-06 00:00,0.0062280700
2018-07-07 00:00,0.0021886800
2018-07-08 00:00,0.0016824400
2018-07-09 00:00,0.0010613900
2018-07-10 00:00,0.0013028600
2018-07-11 00:00,0.0024079900
2018-07-12 00:00,0.0027194300
2018-07-13 00:00,0.0057613800
2018-07-14 00:00,0.0078499400
2018-07-15 00:00,0.0008283300
2018-07-16 00:00,0.0007225800
2018-07-17 00:00,0.0006414500
2018-07-18 00:00,0.0005880300
2018-07-19 00:00,0.0008312700
2018-07-20 00:00,0.0009523700
2018-07-21 00:00,0.0005445300
2018-07-22 00:00,0.0007361200
2018-07-23 00:00,0.0006065200
2018-07-24 00:00,0.0005631300
2018-07-25 00:00,0.0005412900
2018-07-26 00:00,0.0004603000
2018-07-27 00:00,0.0007325500
2018-07-28 00:00,0.0004247300
2018-07-29 00:00,0.0004529800
2018-07-30 00:00,0.0004781600
2018-07-31 00:00,0.0009879000
2018-08-01 00:00,0.0004281900
2018-08-02 00:00,0.0004557900
2018-08-03 00:00,0.0005585500
2018-08-04 00:00,0.0003729500
2018-08-05 00:00,0.0006098000
2018-08-06 00:00,0.0021094900
2018-08-07 00:00,0.0050814500
2018-08-08 00:00,0.0046152000
2018-08-09 00:00,0.0024765800
2018-08-10 00:00,0.0007724800
2018-08-11 00:00,0.0005647400
2018-08-12 00:00,0.0007550000
2018-08-13 00:00,0.0008689400
2018-08-14 00:00,0.0009115300
2018-08-15 00:00,0.0007337700
2018-08-16 00:00,0.0031815300
2018-08-17 00:00,0.0007037600
2018-08-18 00:00,0.0006585700
2018-08-19 00:00,0.0006125800
2018-08-20 00:00,0.0006236900
2018-08-21 00:00,0.0014956700
2018-08-22 00:00,0.0009989700
2018-08-23 00:00,0.0017719300
2018-08-24 00:00,0.0005778200
2018-08-25 00:00,0.0016610400
2018-08-26 00:00,0.0005828300
2018-08-27 00:00,0.0006200100
2018-08-28 00:00,0.0009725300
2018-08-29 00:00,0.0007432900
2018-08-30 00:00,0.0007773800
2018-08-31 00:00,0.0005504500
2018-09-01 00:00,0.0005349100
2018-09-02 00:00,0.0005899300
2018-09-03 00:00,0.0007799000
2018-09-04 00:00,0.0005784000
2018-09-05 00:00,0.0008681400
2018-09-06 00:00,0.0008707300
2018-09-07 00:00,0.0007454800
2018-09-08 00:00,0.0007655700
2018-09-09 00:00,0.0007980100
2018-09-10 00:00,0.0009147700
2018-09-11 00:00,0.0009110400
2018-09-12 00:00,0.0009647300
2018-09-13 00:00,0.0007626300
2018-09-14 00:00,0.0008024900
2018-09-15 00:00,0.0008078000
2018-09-16 00:00,0.0007983600
2018-09-17 00:00,0.0010867800
2018-09-18 00:00,0.0013776400
2018-09-19 00:00,0.0009929800
2018-09-20 00:00,0.0012503800
2018-09-21 00:00,0.0008909700
2018-09-22 00:00,0.0007918800
2018-09-23 00:00,0.0014138300
2018-09-24 00:00,0.0009926800
2018-09-25 00:00,0.0010833200
2018-09-26 00:00,0.0011306800
2018-09-27 00:00,0.0012406700
2018-09-28 00:00,0.0015245100
2018-09-29 00:00,0.0010880200
2018-09-30 00:00,0.0012868100
2018-10-01 00:00,0.0013187000
2018-10-02 00:00,0.0007953200
2018-10-03 00:00,0.0007894400
2018-10-04 00:00,0.0007217000
2018-10-05 00:00,0.0004871600
2018-10-06 00:00,0.0006325000
2018-10-07 00:00,0.0007953700
2018-10-08 00:00,0.0007214000
2018-10-09 00:00,0.0008676200
2018-10-10 00:00,0.0008271800
2018-10-11 00:00,0.0011000200
2018-10-12 00:00,0.0006292200
2018-10-13 00:00,0.0005803300
2018-10-14 00:00,0.0007288600
2018-10-15 00:00,0.0006115400
2018-10-16 00:00,0.0006601400
2018-10-17 00:00,0.0006417400
2018-10-18 00:00,0.0006898800
2018-10-19 00:00,0.0006847600
2018-10-20 00:00,0.0006528700
2018-10-21 00:00,0.0006921200
2018-10-22 00:00,0.0007327800
2018-10-23 00:00,0.0008858500
2018-10-24 00:00,0.0010123400
2018-10-25 00:00,0.0008730700
2018-10-26 00:00,0.0007071200
2018-10-27 00:00,0.0006401300
2018-10-28 00:00,0.0006633100
2018-10-29 00:00,0.0004812400
2018-10-30 00:00,0.0004939300
2018-10-31 00:00,0.0004339700
2018-11-01 00:00,0.0005825600
2018-11-02 00:00,0.0007721800
2018-11-03 00:00,0.0004739200
2018-11-04 00:00,0.0005798200
2018-11-05 00:00,0.0005852800
2018-11-06 00:00,0.0005664100
2018-11-07 00:00,0.0006140000
2018-11-08 00:00,0.0004647600
2018-11-09 00:00,0.0004374000
2018-11-10 00:00,0.0003325200
2018-11-11 00:00,0.0005233000
2018-11-12 00:00,0.0006035000
2018-11-13 00:00,0.0006406400
2018-11-14 00:00,0.0011159300
2018-11-15 00:00,0.0009823400
2018-11-16 00:00,0.0008075500
2018-11-17 00:00,0.0009495900
2018-11-18 00:00,0.0010145800
2018-11-19 00:00,0.0010384600
2018-11-20 00:00,0.0009064400
2018-11-21 00:00,0.0008829700
2018-11-22 00:00,0.0009402200
2018-11-23 00:00,0.0009276400
2018-11-24 00:00,0.0009983200
2018-11-25 00:00,0.0009341100
2018-11-26 00:00,0.0008551100
2018-11-27 00:00,0.0010360000
2018-11-28 00:00,0.0013252000
2018-11-29 00:00,0.0014853600
2018-11-30 00:00,0.0011130300
2018-12-01 00:00,0.0010448000
2018-12-02 00:00,0.0010919000
2018-12-03 00:00,0.0010787500
2018-12-04 00:00,0.0010930000
2018-12-05 00:00,0.0008552200
2018-12-06 00:00,0.0008594200
2018-12-07 00:00,0.0006351600
2018-12-08 00:00,0.0006710100
2018-12-09 00:00,0.0007278900
2018-12-10 00:00,0.0007180900
2018-12-11 00:00,0.0006900300
2018-12-12 00:00,0.0007716300
2018-12-13 00:00,0.0010377300
2018-12-14 00:00,0.0006148600
2018-12-15 00:00,0.0005974700
2018-12-16 00:00,0.0006881800
2018-12-17 00:00,0.0011892500
2018-12-18 00:00,0.0007510200
2018-12-19 00:00,0.0007401700
2018-12-20 00:00,0.0007010500
2018-12-21 00:00,0.0006570600
2018-12-22 00:00,0.0006657300
2018-12-23 00:00,0.0007157800
2018-12-24 00:00,0.0008210500
2018-12-25 00:00,0.0009059000
2018-12-26 00:00,0.0006184200
2018-12-27 00:00,0.0006355900
2018-12-28 00:00,0.0005904500
2018-12-29 00:00,0.0012282400
2018-12-30 00:00,0.0006364500
2018-12-31 00:00,0.0006755000
2019-01-01 00:00,0.0005873800
2019-01-02 00:00,0.0005498300
2019-01-03 00:00,0.0006558500
2019-01-04 00:00,0.0009673200
2019-01-05 00:00,0.0006149700
2019-01-06 00:00,0.0006105400
2019-01-07 00:00,0.0005656100
2019-01-08 00:00,0.0005355600
2019-01-09 00:00,0.0006266100
2019-01-10 00:00,0.0006113300
2019-01-11 00:00,0.0005458400
2019-01-12 00:00,0.0005528500
2019-01-13 00:00,0.0008798300
2019-01-14 00:00,0.0007829900
2019-01-15 00:00,0.0008511500
2019-01-16 00:00,0.0006376500
2019-01-17 00:00,0.0006859500
2019-01-18 00:00,0.0006142300
2019-01-19 00:00,0.0005712300
2019-01-20 00:00,0.0006104300
2019-01-21 00:00,0.0008025900
2019-01-22 00:00,0.0006453700
2019-01-23 00:00,0.0006835800
2019-01-24 00:00,0.0006440000
2019-01-25 00:00,0.0005869400
2019-01-26 00:00,0.0005526800
2019-01-27 00:00,0.0006556400
2019-01-28 00:00,0.0005806600
2019-01-29 00:00,0.0006317600
2019-01-30 00:00,0.0007547400
2019-01-31 00:00,0.0007184800
2019-02-01 00:00,0.0006370600
2019-02-02 00:00,0.0005975200
2019-02-03 00:00,0.0006411200
2019-02-04 00:00,0.0006502300
2019-02-05 00:00,0.0006625100
2019-02-06 00:00,0.0007062100
2019-02-07 00:00,0.0006930500
2019-02-08 00:00,0.0007005200
2019-02-09 00:00,0.0007182800
2019-02-10 00:00,0.0007481800
2019-02-11 00:00,0.0007225000
2019-02-12 00:00,0.0007256600
2019-02-13 00:00,0.0008320100
2019-02-14 00:00,0.0008721900
2019-02-15 00:00,0.0007930100
2019-02-16 00:00,0.0008007200
2019-02-17 00:00,0.0009593900
2019-02-18 00:00,0.0083838100
2019-02-19 00:00,0.0008773200
2019-02-20 00:00,0.0008256900
2019-02-21 00:00,0.0008031900
2019-02-22 00:00,0.0008097800
2019-02-23 00:00,0.0008611100
2019-02-24 00:00,0.0009117800
2019-02-25 00:00,0.0009483600
2019-02-26 00:00,0.0008849000
2019-02-27 00:00,0.0010061500
2019-02-28 00:00,0.0007167900
2019-03-01 00:00,0.0006796300
2019-03-02 00:00,0.0006734500
2019-03-03 00:00,0.0006917400
2019-03-04 00:00,0.0007185000
2019-03-05 00:00,0.0007155200
2019-03-06 00:00,0.0007179500
2019-03-07 00:00,0.0007213100
2019-03-08 00:00,0.0006503200
2019-03-09 00:00,0.0006502300
2019-03-10 00:00,0.0006520500
2019-03-11 00:00,0.0006314800
2019-03-12 00:00,0.0006053300
2019-03-13 00:00,0.0005623300
2019-03-14 00:00,0.0005992800
2019-03-15 00:00,0.0005415600
2019-03-16 00:00,0.0006268000
2019-03-17 00:00,0.0045050600
2019-03-18 00:00,0.0006790100
2019-03-19 00:00,0.0006188500
2019-03-20 00:00,0.0009146600
2019-03-21 00:00,0.0007337200
2019-03-22 00:00,0.0006210500
2019-03-23 00:00,0.0006325100
2019-03-24 00:00,0.0006757200
2019-03-25 00:00,0.0007243300
2019-03-26 00:00,0.0008010000
2019-03-27 00:00,0.0006843600
2019-03-28 00:00,0.0007629900
2019-03-29 00:00,0.0005733900
2019-03-30 00:00,0.0006046100
2019-03-31 00:00,0.0007118000
2019-04-01 00:00,0.0007426100
2019-04-02 00:00,0.0008933600
2019-04-03 00:00,0.0007496200
2019-04-04 00:00,0.0006327100
2019-04-05 00:00,0.0006156800
2019-04-06 00:00,0.0006150700
2019-04-07 00:00,0.0006734000
2019-04-08 00:00,0.0006050800
2019-04-09 00:00,0.0008049800
2019-04-10 00:00,0.0006362800
2019-04-11 00:00,0.0005820200
2019-04-12 00:00,0.0005403300
2019-04-13 00:00,0.0005625700
2019-04-14 00:00,0.0005695300
2019-04-15 00:00,0.0006281300
2019-04-16 00:00,0.0006347300
2019-04-17 00:00,0.0006446900
2019-04-18 00:00,0.0005368700
2019-04-19 00:00,0.0004238700
2019-04-20 00:00,0.0004922200
2019-04-21 00:00,0.0005001100
2019-04-22 00:00,0.0005337300
2019-04-23 00:00,0.0005505300
2019-04-24 00:00,0.0004673100
2019-04-25 00:00,0.0006169600
2019-04-26 00:00,0.0004688500
2019-04-27 00:00,0.0004642100
2019-04-28 00:00,0.0004909600
2019-04-29 00:00,0.0004703700
2019-04-30 00:00,0.0004935600
2019-05-01 00:00,0.0012442500
2019-05-02 00:00,0.0005618600
2019-05-03 00:00,0.0005016300
2019-05-04 00:00,0.0005049500
2019-05-05 00:00,0.0005578200
2019-05-06 00:00,0.0007134300
2019-05-07 00:00,0.0005752000
2019-05-08 00:00,0.0005363600
2019-05-09 00:00,0.0005814000
2019-05-10 00:00,0.0004903900
2019-05-11 00:00,0.0005073600
2019-05-12 00:00,0.0006178300
2019-05-13 00:00,0.0006360400
2019-05-14 00:00,0.0007788700
2019-05-15 00:00,0.0009969900
2019-05-16 00:00,0.0009131600
2019-05-17 00:00,0.0007585500
2019-05-18 00:00,0.0006397000
2019-05-19 00:00,0.0006587300
2019-05-20 00:00,0.0005705200
2019-05-21 00:00,0.0007337400
2019-05-22 00:00,0.0006522000
2019-05-23 00:00,0.0006592300
2019-05-24 00:00,0.0005285000
2019-05-25 00:00,0.0004699900
2019-05-26 00:00,0.0006527700
2019-05-27 00:00,0.0006559700
2019-05-28 00:00,0.0007022300
2019-05-29 00:00,0.0007749200
2019-05-30 00:00,0.0007132000
2019-05-31 00:00,0.0006247200
2019-06-01 00:00,0.0004723500
2019-06-02 00:00,0.0005957100
2019-06-03 00:00,0.0006030500
2019-06-04 00:00,0.0006449600
2019-06-05 00:00,0.0005923500
2019-06-06 00:00,0.0005978100
2019-06-07 00:00,0.0007264300
2019-06-08 00:00,0.0004898500
2019-06-09 00:00,0.0007966900
2019-06-10 00:00,0.0006425000
2019-06-11 00:00,0.0004499100
2019-06-12 00:00,0.0005266100
2019-06-13 00:00,0.0006183500
2019-06-14 00:00,0.0006927400
2019-06-15 00:00,0.0004362200
2019-06-16 00:00,0.0007641500
2019-06-17 00:00,0.0005722800
2019-06-18 00:00,0.0006412600
2019-06-19 00:00,0.0007849500
2019-06-20 00:00,0.0005258400
2019-06-21 00:00,0.0005060700
2019-06-22 00:00,0.0005188600
2019-06-23 00:00,0.0005922400
2019-06-24 00:00,0.0007722600
2019-06-25 00:00,0.0008292600
2019-06-26 00:00,0.0009501300
2019-06-27 00:00,0.0007494000
2019-06-28 00:00,0.0006548800
2019-06-29 00:00,0.0006872800
2019-06-30 00:00,0.0008219500
2019-07-01 00:00,0.0006548500
2019-07-02 00:00,0.0005544400
2019-07-03 00:00,0.0005060700
2019-07-04 00:00,0.0006137400
2019-07-05 00:00,0.0006083600
2019-07-06 00:00,0.0005023500
2019-07-07 00:00,0.0006587600
2019-07-08 00:00,0.0005726000
2019-07-09 00:00,0.0005097300
2019-07-10 00:00,0.0007495100
2019-07-11 00:00,0.0005812000
2019-07-12 00:00,0.0005286300
2019-07-13 00:00,0.0006612300
2019-07-14 00:00,0.0006695900
2019-07-15 00:00,0.0010127300
2019-07-16 00:00,0.0008922500
2019-07-17 00:00,0.0005660900
2019-07-18 00:00,0.0007336000
2019-07-19 00:00,0.0004922100
2019-07-20 00:00,0.0005233500
2019-07-21 00:00,0.0004972300
2019-07-22 00:00,0.0005718100
2019-07-23 00:00,0.0008231000
2019-07-24 00:00,0.0007650300
2019-07-25 00:00,0.0005637900
2019-07-26 00:00,0.0005799100
2019-07-27 00:00,0.0004570500
2019-07-28 00:00,0.0005144700
2019-07-29 00:00,0.0005320800
2019-07-30 00:00,0.0005981900
2019-07-31 00:00,0.0008049600
2019-08-01 00:00,0.0006408900
2019-08-02 00:00,0.0007329200
2019-08-03 00:00,0.0004611500
2019-08-04 00:00,0.0005112300
2019-08-05 00:00,0.0005459800
2019-08-06 00:00,0.0005013300
2019-08-07 00:00,0.0005635000
2019-08-08 00:00,0.0005702300
2019-08-09 00:00,0.0005096300
2019-08-10 00:00,0.0004928800
2019-08-11 00:00,0.0005323200
2019-08-12 00:00,0.0006326700
2019-08-13 00:00,0.0005754200
2019-08-14 00:00,0.0007180700
2019-08-15 00:00,0.0005295700
2019-08-16 00:00,0.0004454900
2019-08-17 00:00,0.0004666800
2019-08-18 00:00,0.0006335300
2019-08-19 00:00,0.0006404900
2019-08-20 00:00,0.0007649700
2019-08-21 00:00,0.0006638300
2019-08-22 00:00,0.0006245200
2019-08-23 00:00,0.0005734000
2019-08-24 00:00,0.0007549900
2019-08-25 00:00,0.0008420900
2019-08-26 00:00,0.0006663800
2019-08-27 00:00,0.0007067400
2019-08-28 00:00,0.0007139900
2019-08-29 00:00,0.0007012600
2019-08-30 00:00,0.0006538700
2019-08-31 00:00,0.0006619700
2019-09-01 00:00,0.0007431000
2019-09-02 00:00,0.0007345500
2019-09-03 00:00,0.0007506000
2019-09-04 00:00,0.0008882400
2019-09-05 00:00,0.0009495200
2019-09-06 00:00,0.0010009000
2019-09-07 00:00,0.0010770200
2019-09-08 00:00,0.0011002200
2019-09-09 00:00,0.0013240900
2019-09-10 00:00,0.0012315400
2019-09-11 00:00,0.0013300000
2019-09-12 00:00,0.0013961700
2019-09-13 00:00,0.0015216800
2019-09-14 00:00,0.0015293600
2019-09-15 00:00,0.0013767100
2019-09-16 00:00,0.0017935100
2019-09-17 00:00,0.0018248700
2019-09-18 00:00,0.0021096200
2019-09-19 00:00,0.0020472800
2019-09-20 00:00,0.0019336400
2019-09-21 00:00,0.0015510900
2019-09-22 00:00,0.0020572100
2019-09-23 00:00,0.0021718000
2019-09-24 00:00,0.0025201500
2019-09-25 00:00,0.0018529100
2019-09-26 00:00,0.0019873100
2019-09-27 00:00,0.0019965300
2019-09-28 00:00,0.0019109300
2019-09-29 00:00,0.0014849700
2019-09-30 00:00,0.0007897300
2019-10-01 00:00,0.0007738000
2019-10-02 00:00,0.0010472500
2019-10-03 00:00,0.0008390600
2019-10-04 00:00,0.0007185700
2019-10-05 00:00,0.0006827600
2019-10-06 00:00,0.0006973300
2019-10-07 00:00,0.0006566400
2019-10-08 00:00,0.0007580700
2019-10-09 00:00,0.0007042200
2019-10-10 00:00,0.0006685400
2019-10-11 00:00,0.0006169700
2019-10-12 00:00,0.0006637600
2019-10-13 00:00,0.0006837200
2019-10-14 00:00,0.0006759900
2019-10-15 00:00,0.0006558700
2019-10-16 00:00,0.0006134700
2019-10-17 00:00,0.0006310600
2019-10-18 00:00,0.0006213200
2019-10-19 00:00,0.0007277300
2019-10-20 00:00,0.0006840400
2019-10-21 00:00,0.0007369400
2019-10-22 00:00,0.0009368500
2019-10-23 00:00,0.0007372100
2019-10-24 00:00,0.0007596600
2019-10-25 00:00,0.0007790300
2019-10-26 00:00,0.0006907200
2019-10-27 00:00,0.0007408000
2019-10-28 00:00,0.0007804200
2019-10-29 00:00,0.0007842900
2019-10-30 00:00,0.0007191500
2019-10-31 00:00,0.0006974300
2019-11-01 00:00,0.0006633300
2019-11-02 00:00,0.0007198100
2019-11-03 00:00,0.0007151900
2019-11-04 00:00,0.0006868800
2019-11-05 00:00,0.0006555000
2019-11-06 00:00,0.0007705200
2019-11-07 00:00,0.0007160300
2019-11-08 00:00,0.0006882000
2019-11-09 00:00,0.0006616200
2019-11-10 00:00,0.0007021200
2019-11-11 00:00,0.0006790300
2019-11-12 00:00,0.0006901500
2019-11-13 00:00,0.0007316100
2019-11-14 00:00,0.0007022800
2019-11-15 00:00,0.0006367400
2019-11-16 00:00,0.0006704300
2019-11-17 00:00,0.0008416300
2019-11-18 00:00,0.0006993100
2019-11-19 00:00,0.0007375100
2019-11-20 00:00,0.0010026100
2019-11-21 00:00,0.0015706100
2019-11-22 00:00,0.0006753200
2019-11-23 00:00,0.0007144500
2019-11-24 00:00,0.0012888500
2019-11-25 00:00,0.0010087800
2019-11-26 00:00,0.0008140600
2019-11-27 00:00,0.0008750300
2019-11-28 00:00,0.0006958500
2019-11-29 00:00,0.0006943700
2019-11-30 00:00,0.0007989600
2019-12-01 00:00,0.0007362700
2019-12-02 00:00,0.0007199700
2019-12-03 00:00,0.0007355800
2019-12-04 00:00,0.0006762200
2019-12-05 00:00,0.0006513000
2019-12-06 00:00,0.0006334000
2019-12-07 00:00,0.0006015000
2019-12-08 00:00,0.0006005900
2019-12-09 00:00,0.0006628700
2019-12-10 00:00,0.0006858900
2019-12-11 00:00,0.0006589800
2019-12-12 00:00,0.0006421500
2019-12-13 00:00,0.0006182600
2019-12-14 00:00,0.0006684300
2019-12-15 00:00,0.0007912500
2019-12-16 00:00,0.0010329800
2019-12-17 00:00,0.0008600000
2019-12-18 00:00,0.0006955600
2019-12-19 00:00,0.0007134400
2019-12-20 00:00,0.0006287300
2019-12-21 00:00,0.0006071300
2019-12-22 00:00,0.0006811900
2019-12-23 00:00,0.0006187800
2019-12-24 00:00,0.0006323500
2019-12-25 00:00,0.0006239100
2019-12-26 00:00,0.0006128500
2019-12-27 00:00,0.0005916100
2019-12-28 00:00,0.0006119200
2019-12-29 00:00,0.0006038800
2019-12-30 00:00,0.0006747400
2019-12-31 00:00,0.0006433400
2020-01-01 00:00,0.0005730400
2020-01-02 00:00,0.0005883700
2020-01-03 00:00,0.0004929500
2020-01-04 00:00,0.0005099200
2020-01-05 00:00,0.0005830600
2020-01-06 00:00,0.0005439200
2020-01-07 00:00,0.0006484700
2020-01-08 00:00,0.0005571700
2020-01-09 00:00,0.0006937700
2020-01-10 00:00,0.0005694500
2020-01-11 00:00,0.0005506400
2020-01-12 00:00,0.0006069700
2020-01-13 00:00,0.0007517100
2020-01-14 00:00,0.0005822200
2020-01-15 00:00,0.0004941500
2020-01-16 00:00,0.0005465000
2020-01-17 00:00,0.0005494600
2020-01-18 00:00,0.0005274400
2020-01-19 00:00,0.0004952000
2020-01-20 00:00,0.0004912100
2020-01-21 00:00,0.0004929200
2020-01-22 00:00,0.0004633000
2020-01-23 00:00,0.0005055900
2020-01-24 00:00,0.0004361000
2020-01-25 00:00,0.0004508600
2020-01-26 00:00,0.0004920900
2020-01-27 00:00,0.0004959400
2020-01-28 00:00,0.0004886100
2020-01-29 00:00,0.0005462200
2020-01-30 00:00,0.0005236600
2020-01-31 00:00,0.0005022100
2020-02-01 00:00,0.0005246300
2020-02-02 00:00,0.0005187000
2020-02-03 00:00,0.0006776900
2020-02-04 00:00,0.0007174200
2020-02-05 00:00,0.0007995900
2020-02-06 00:00,0.0007791400
2020-02-07 00:00,0.0005974100
2020-02-08 00:00,0.0005857600
2020-02-09 00:00,0.0005860700
2020-02-10 00:00,0.0006004400
2020-02-11 00:00,0.0007417100
2020-02-12 00:00,0.0007090400
2020-02-13 00:00,0.0006775200
2020-02-14 00:00,0.0007126800
2020-02-15 00:00,0.0008971900
2020-02-16 00:00,0.0006915600
2020-02-17 00:00,0.0006123600
2020-02-18 00:00,0.0007029300
2020-02-19 00:00,0.0007463200
2020-02-20 00:00,0.0005107100
2020-02-21 00:00,0.0005058200
2020-02-22 00:00,0.0005964100
2020-02-23 00:00,0.0005944900
2020-02-24 00:00,0.0007090200
2020-02-25 00:00,0.0012023500
2020-02-26 00:00,0.0007650500
2020-02-27 00:00,0.0006756000
2020-02-28 00:00,0.0005259200
2020-02-29 00:00,0.0005486100
2020-03-01 00:00,0.0005198900
2020-03-02 00:00,0.0005653100
2020-03-03 00:00,0.0005684600
2020-03-04 00:00,0.0006036500
2020-03-05 00:00,0.0005935300
2020-03-06 00:00,0.0005854300
2020-03-07 00:00,0.0010281300
2020-03-08 00:00,0.0009530500
2020-03-09 00:00,0.0006187500
2020-03-10 00:00,0.0008233500
2020-03-11 00:00,0.0067199400
2020-03-12 00:00,0.0057855300
2020-03-13 00:00,0.0008583900
2020-03-14 00:00,0.0007951500
2020-03-15 00:00,0.0018611000
2020-03-16 00:00,0.0009962300
2020-03-17 00:00,0.0007987300
2020-03-18 00:00,0.0010283200
2020-03-19 00:00,0.0008804100
2020-03-20 00:00,0.0006039000
2020-03-21 00:00,0.0006700400
2020-03-22 00:00,0.0007365700
2020-03-23 00:00,0.0007087400
2020-03-24 00:00,0.0007145200
2020-03-25 00:00,0.0006821600
2020-03-26 00:00,0.0006554700
2020-03-27 00:00,0.0006025300
2020-03-28 00:00,0.0005796000
2020-03-29 00:00,0.0006266000
2020-03-30 00:00,0.0006839100
2020-03-31 00:00,0.0006699600
2020-04-01 00:00,0.0007244400
2020-04-02 00:00,0.0006732100
2020-04-03 00:00,0.0005815100
2020-04-04 00:00,0.0005737300
2020-04-05 00:00,0.0008310600
2020-04-06 00:00,0.0007429300
2020-04-07 00:00,0.0006155200
2020-04-08 00:00,0.0006735400
2020-04-09 00:00,0.0006987700
2020-04-10 00:00,0.0005863900
2020-04-11 00:00,0.0005415200
2020-04-12 00:00,0.0006662600
2020-04-13 00:00,0.0006444500
2020-04-14 00:00,0.0006227100
2020-04-15 00:00,0.0008765600
2020-04-16 00:00,0.0006728300
2020-04-17 00:00,0.0007465400
2020-04-18 00:00,0.0006924400
2020-04-19 00:00,0.0007979600
2020-04-20 00:00,0.0008571000
2020-04-21 00:00,0.0008320900
2020-04-22 00:00,0.0008384400
2020-04-23 00:00,0.0007828000
2020-04-24 00:00,0.0007183300
2020-04-25 00:00,0.0007927100
2020-04-26 00:00,0.0007748000
2020-04-27 00:00,0.0007133100
2020-04-28 00:00,0.0010893900
2020-04-29 00:00,0.0014187000
2020-04-30 00:00,0.0008242900
2020-05-01 00:00,0.0006774100
2020-05-02 00:00,0.0007624100
2020-05-03 00:00,0.0009601300
2020-05-04 00:00,0.0009925200
2020-05-05 00:00,0.0011297000
2020-05-06 00:00,0.0013294500
2020-05-07 00:00,0.0012875600
2020-05-08 00:00,0.0010533900
2020-05-09 00:00,0.0019369900
2020-05-10 00:00,0.0014657700
2020-05-11 00:00,0.0016622200
2020-05-12 00:00,0.0021659000
2020-05-13 00:00,0.0027431000
2020-05-14 00:00,0.0019189300
2020-05-15 00:00,0.0015801200
2020-05-16 00:00,0.0018355400
2020-05-17 00:00,0.0023330600
2020-05-18 00:00,0.0021047200
2020-05-19 00:00,0.0024138700
2020-05-20 00:00,0.0032363700
2020-05-21 00:00,0.0021119000
2020-05-22 00:00,0.0014161200
2020-05-23 00:00,0.0019567100
2020-05-24 00:00,0.0023821300
2020-05-25 00:00,0.0023340000
2020-05-26 00:00,0.0025946100
2020-05-27 00:00,0.0024876800
2020-05-28 00:00,0.0020666300
2020-05-29 00:00,0.0021505600
2020-05-30 00:00,0.0018503800
2020-05-31 00:00,0.0019350900
2020-06-01 00:00,0.0021252500
2020-06-02 00:00,0.0018041500
2020-06-03 00:00,0.0018684300
2020-06-04 00:00,0.0020197300
2020-06-05 00:00,0.0021780300
2020-06-06 00:00,0.0023776400
2020-06-07 00:00,0.0023497800
2020-06-08 00:00,0.0023305400
2020-06-09 00:00,0.0138605500
2020-06-10 00:00,0.0166195500
2020-06-11 00:00,0.0023045300
2020-06-12 00:00,0.0019085000
2020-06-13 00:00,0.0017069400
2020-06-14 00:00,0.0027758800
2020-06-15 00:00,0.0025498900
2020-06-16 00:00,0.0027550600
2020-06-17 00:00,0.0024367100
2020-06-18 00:00,0.0026172500
2020-06-19 00:00,0.0020721300
2020-06-20 00:00,0.0020166000
2020-06-21 00:00,0.0026044500
2020-06-22 00:00,0.0028543900
2020-06-23 00:00,0.0030900500
2020-06-24 00:00,0.0028278000
2020-06-25 00:00,0.0026447200
2020-06-26 00:00,0.0024751400
2020-06-27 00:00,0.0024277600
2020-06-28 00:00,0.0025532700
2020-06-29 00:00,0.0032433800
2020-06-30 00:00,0.0030862300
2020-07-01 00:00,0.0027962700
2020-07-02 00:00,0.0029587700
2020-07-03 00:00,0.0023759100
2020-07-04 00:00,0.0023921200
2020-07-05 00:00,0.0026737500
2020-07-06 00:00,0.0025963500
2020-07-07 00:00,0.0032944100
2020-07-08 00:00,0.0030493000
2020-07-09 00:00,0.0024707200
2020-07-10 00:00,0.0022881800
2020-07-11 00:00,0.0021140800
2020-07-12 00:00,0.0031291700
2020-07-13 00:00,0.0027234500
2020-07-14 00:00,0.0032283200
2020-07-15 00:00,0.0036198900
2020-07-16 00:00,0.0036871300
2020-07-17 00:00,0.0033990000
2020-07-18 00:00,0.0036434400
2020-07-19 00:00,0.0044408500
2020-07-20 00:00,0.0047564700
2020-07-21 00:00,0.0045580900
2020-07-22 00:00,0.0052198900
2020-07-23 00:00,0.0049018100
2020-07-24 00:00,0.0052346600
2020-07-25 00:00,0.0048179000
2020-07-26 00:00,0.0058719100
2020-07-27 00:00,0.0044122300
2020-07-28 00:00,0.0048248800
2020-07-29 00:00,0.0045191200
2020-07-30 00:00,0.0048620400
2020-07-31 00:00,0.0040882700
2020-08-01 00:00,0.0052130900
2020-08-02 00:00,0.0044520800
2020-08-03 00:00,0.0037494400
2020-08-04 00:00,0.0034460400
2020-08-05 00:00,0.0036763900
2020-08-06 00:00,0.0045514200
2020-08-07 00:00,0.0043561200
2020-08-08 00:00,0.0049499800
2020-08-09 00:00,0.0072313000
2020-08-10 00:00,0.0079549300
2020-08-11 00:00,0.0144434900
2020-08-12 00:00,0.0167737700
2020-08-13 00:00,0.0136476900
2020-08-14 00:00,0.0082215700
2020-08-15 00:00,0.0068507300
2020-08-16 00:00,0.0072905600
2020-08-17 00:00,0.0083714900
2020-08-18 00:00,0.0088373300
2020-08-19 00:00,0.0077042600
2020-08-20 00:00,0.0099741000
2020-08-21 00:00,0.0072447500
2020-08-22 00:00,0.0058291700
2020-08-23 00:00,0.0066588900
2020-08-24 00:00,0.0073614000
2020-08-25 00:00,0.0061545800
2020-08-26 00:00,0.0064683900
2020-08-27 00:00,0.0063596700
2020-08-28 00:00,0.0069350700
2020-08-29 00:00,0.0145295800
2020-08-30 00:00,0.0152920100
2020-08-31 00:00,0.0285242700
2020-09-01 00:00,0.0321634700
2020-09-02 00:00,0.0269640100
2020-09-03 00:00,0.0157852800
2020-09-04 00:00,0.0209629100
2020-09-05 00:00,0.0097789400
2020-09-06 00:00,0.0082425100
2020-09-07 00:00,0.0077893200
2020-09-08 00:00,0.0087752500
2020-09-09 00:00,0.0123981000
2020-09-10 00:00,0.0107381000
2020-09-11 00:00,0.0079391900
2020-09-12 00:00,0.0089385700
2020-09-13 00:00,0.0143938000
2020-09-14 00:00,0.0135368900
2020-09-15 00:00,0.0112613800
2020-09-16 00:00,0.0304180900
2020-09-17 00:00,0.0198703000
2020-09-18 00:00,0.0124269200
2020-09-19 00:00,0.0092741600
2020-09-20 00:00,0.0119490200
2020-09-21 00:00,0.0112363900
2020-09-22 00:00,0.0092823500
2020-09-23 00:00,0.0077957800
2020-09-24 00:00,0.0074302300
2020-09-25 00:00,0.0063777200
2020-09-26 00:00,0.0065980400
2020-09-27 00:00,0.0083770000
2020-09-28 00:00,0.0103651200
2020-09-29 00:00,0.0081964100
2020-09-30 00:00,0.0073081700
2020-10-01 00:00,0.0068088000
2020-10-02 00:00,0.0058155700
2020-10-03 00:00,0.0059867400
2020-10-04 00:00,0.0062953900
2020-10-05 00:00,0.0076759400
2020-10-06 00:00,0.0059135300
2020-10-07 00:00,0.0058724900
2020-10-08 00:00,0.0054814300
2020-10-09 00:00,0.0043374300
2020-10-10 00:00,0.0035677400
2020-10-11 00:00,0.0050521500
2020-10-12 00:00,0.0050603700
2020-10-13 00:00,0.0054275200
2020-10-14 00:00,0.0046597100
2020-10-15 00:00,0.0040831200
2020-10-16 00:00,0.0024624400
2020-10-17 00:00,0.0027556700
2020-10-18 00:00,0.0037031800
2020-10-19 00:00,0.0040989600
2020-10-20 00:00,0.0049557600
2020-10-21 00:00,0.0040778900
2020-10-22 00:00,0.0038862700
2020-10-23 00:00,0.0022338500
2020-10-24 00:00,0.0024314600
2020-10-25 00:00,0.0040676700
2020-10-26 00:00,0.0029197100
2020-10-27 00:00,0.0042563100
2020-10-28 00:00,0.0045991000
2020-10-29 00:00,0.0041574100
2020-10-30 00:00,0.0027491900
2020-10-31 00:00,0.0022969100
2020-11-01 00:00,0.0038009500
2020-11-02 00:00,0.0029931300
2020-11-03 00:00,0.0024383900
2020-11-04 00:00,0.0033339600
2020-11-05 00:00,0.0038574600
2020-11-06 00:00,0.0037734600
2020-11-07 00:00,0.0020955700
2020-11-08 00:00,0.0027718900
2020-11-09 00:00,0.0032614500
2020-11-10 00:00,0.0034210800
2020-11-11 00:00,0.0037992300
2020-11-12 00:00,0.0035537000
2020-11-13 00:00,0.0026162000
2020-11-14 00:00,0.0024301500
2020-11-15 00:00,0.0032029400
2020-11-16 00:00,0.0050120600
2020-11-17 00:00,0.0056851400
2020-11-18 00:00,0.0034654500
2020-11-19 00:00,0.0043871000
2020-11-20 00:00,0.0043266600
2020-11-21 00:00,0.0042287500
2020-11-22 00:00,0.0047989500
2020-11-23 00:00,0.0057799700
2020-11-24 00:00,0.0037975000
2020-11-25 00:00,0.0095474800
2020-11-26 00:00,0.0028330700
2020-11-27 00:00,0.0022618400
2020-11-28 00:00,0.0019735000
2020-11-29 00:00,0.0050849200
2020-11-30 00:00,0.0055810100
2020-12-01 00:00,0.0029450900
2020-12-02 00:00,0.0031379900
2020-12-03 00:00,0.0034741800
2020-12-04 00:00,0.0025225100
2020-12-05 00:00,0.0025597700
2020-12-06 00:00,0.0032393200
2020-12-07 00:00,0.0042121500
2020-12-08 00:00,0.0043656200
2020-12-09 00:00,0.0038905400
2020-12-10 00:00,0.0043013100
2020-12-11 00:00,0.0028466000
2020-12-12 00:00,0.0029075500
2020-12-13 00:00,0.0038254900
2020-12-14 00:00,0.0053696900
2020-12-15 00:00,0.0050832200
2020-12-16 00:00,0.0082175600
2020-12-17 00:00,0.0046574700
2020-12-18 00:00,0.0042029400
2020-12-19 00:00,0.0031811500
2020-12-20 00:00,0.0053868800
2020-12-21 00:00,0.0045484800
2020-12-22 00:00,0.0071546600
2020-12-23 00:00,0.0058409000
2020-12-24 00:00,0.0062278700
2020-12-25 00:00,0.0045680600
2020-12-26 00:00,0.0064193600
2020-12-27 00:00,0.0070679300
2020-12-28 00:00,0.0061480200
2020-12-29 00:00,0.0073164800
2020-12-30 00:00,0.0066730800
2020-12-31 00:00,0.0045642400
2021-01-01 00:00,0.0068456300
2021-01-02 00:00,0.0105438300
2021-01-03 00:00,0.0157945000
2021-01-04 00:00,0.0087090000
2021-01-05 00:00,0.0076234400
2021-01-06 00:00,0.0081917400
2021-01-07 00:00,0.0086850900
2021-01-08 00:00,0.0058461100
2021-01-09 00:00,0.0057666300
2021-01-10 00:00,0.0154308800
2021-01-11 00:00,0.0058108900
2021-01-12 00:00,0.0047714000
2021-01-13 00:00,0.0054892300
2021-01-14 00:00,0.0060470100
2021-01-15 00:00,0.0052827000
2021-01-16 00:00,0.0043007700
2021-01-17 00:00,0.0047632000
2021-01-18 00:00,0.0063542600
2021-01-19 00:00,0.0054889500
2021-01-20 00:00,0.0082664700
2021-01-21 00:00,0.0087744700
2021-01-22 00:00,0.0055529300
2021-01-23 00:00,0.0057225000
2021-01-24 00:00,0.0071330100
2021-01-25 00:00,0.0055993900
2021-01-26 00:00,0.0067816500
2021-01-27 00:00,0.0061553100
2021-01-28 00:00,0.0084236200
2021-01-29 00:00,0.0070917500
2021-01-30 00:00,0.0082443500
2021-01-31 00:00,0.0093327900
2021-02-01 00:00,0.0105687700
2021-02-02 00:00,0.0104296500
2021-02-03 00:00,0.0143427400
2021-02-04 00:00,0.0149906300
2021-02-05 00:00,0.0114629200
2021-02-06 00:00,0.0102262900
2021-02-07 00:00,0.0129433300
2021-02-08 00:00,0.0138250800
2021-02-09 00:00,0.0128409700
2021-02-10 00:00,0.0107047800
2021-02-11 00:00,0.0108736100
2021-02-12 00:00,0.0115944700
2021-02-13 00:00,0.0096834800
2021-02-14 00:00,0.0117969100
2021-02-15 00:00,0.0110530600
2021-02-16 00:00,0.0109960300
2021-02-17 00:00,0.0110918900
2021-02-18 00:00,0.0112960700
2021-02-19 00:00,0.0119088000
2021-02-20 00:00,0.0091942300
2021-02-21 00:00,0.0170538300
2021-02-22 00:00,0.0243393500
2021-02-23 00:00,0.0126875300
2021-02-24 00:00,0.0106580600
2021-02-25 00:00,0.0102954600
2021-02-26 00:00,0.0078907300
2021-02-27 00:00,0.0081309200
2021-02-28 00:00,0.0078214600
2021-03-01 00:00,0.0080082200
2021-03-02 00:00,0.0082484100
2021-03-03 00:00,0.0072420700
2021-03-04 00:00,0.0091091900
2021-03-05 00:00,0.0067638800
2021-03-06 00:00,0.0088648300
2021-03-07 00:00,0.0089327500
2021-03-08 00:00,0.0086308700
2021-03-09 00:00,0.0085375500
2021-03-10 00:00,0.0082808000
2021-03-11 00:00,0.0102623600
2021-03-12 00:00,0.0100500900
2021-03-13 00:00,0.0093310100
2021-03-14 00:00,0.0113738700
2021-03-15 00:00,0.0114135500
2021-03-16 00:00,0.0121843200
2021-03-17 00:00,0.0110486900
2021-03-18 00:00,0.0097698400
2021-03-19 00:00,0.0089138400
2021-03-20 00:00,0.0089768900
2021-03-21 00:00,0.0114723000
2021-03-22 00:00,0.0100569900
2021-03-23 00:00,0.0107151000
2021-03-24 00:00,0.0107707800
2021-03-25 00:00,0.0092007100
2021-03-26 00:00,0.0076295300
2021-03-27 00:00,0.0081043500
2021-03-28 00:00,0.0093620600
2021-03-29 00:00,0.0102048100
2021-03-30 00:00,0.0124441300
2021-03-31 00:00,0.0113525600
2021-04-01 00:00,0.0107641400
2021-04-02 00:00,0.0091013200
2021-04-03 00:00,0.0073964500
2021-04-04 00:00,0.0090377200
2021-04-05 00:00,0.0091564500
2021-04-06 00:00,0.0093153300
2021-04-07 00:00,0.0074842500
2021-04-08 00:00,0.0071829300
2021-04-09 00:00,0.0060774500
2021-04-10 00:00,0.0053257400
2021-04-11 00:00,0.0064068700
2021-04-12 00:00,0.0069649900
2021-04-13 00:00,0.0078363200
2021-04-14 00:00,0.0065846200
2021-04-15 00:00,0.0100394500
2021-04-16 00:00,0.0080520100
2021-04-17 00:00,0.0100228400
2021-04-18 00:00,0.0104252900
2021-04-19 00:00,0.0139190800
2021-04-20 00:00,0.0095068100
2021-04-21 00:00,0.0083434000
2021-04-22 00:00,0.0074744700
2021-04-23 00:00,0.0045724800
2021-04-24 00:00,0.0037189200
2021-04-25 00:00,0.0039341800
2021-04-26 00:00,0.0041722200
2021-04-27 00:00,0.0047711500
2021-04-28 00:00,0.0043478200
2021-04-29 00:00,0.0036134100
2021-04-30 00:00,0.0034370400
2021-05-01 00:00,0.0027258700
2021-05-02 00:00,0.0041406700
2021-05-03 00:00,0.0041681300
2021-05-04 00:00,0.0036729900
2021-05-05 00:00,0.0040091100
2021-05-06 00:00,0.0041546900
2021-05-07 00:00,0.0076703700
2021-05-08 00:00,0.0070760000
2021-05-09 00:00,0.0131210300
2021-05-10 00:00,0.0164352700
2021-05-11 00:00,0.0165885300
2021-05-12 00:00,0.0103791700
2021-05-13 00:00,0.0079808900
2021-05-14 00:00,0.0060602500
2021-05-15 00:00,0.0054194500
2021-05-16 00:00,0.0061854500
2021-05-17 00:00,0.0057903700
2021-05-18 00:00,0.0211159600
2021-05-19 00:00,0.0084496500
2021-05-20 00:00,0.0080241500
2021-05-21 00:00,0.0041307200
2021-05-22 00:00,0.0108074800
2021-05-23 00:00,0.0048404500
2021-05-24 00:00,0.0037036400
2021-05-25 00:00,0.0034645900
2021-05-26 00:00,0.0028153000
2021-05-27 00:00,0.0028843000
2021-05-28 00:00,0.0023962200
2021-05-29 00:00,0.0020685000
2021-05-30 00:00,0.0023693100
2021-05-31 00:00,0.0022237000
2021-06-01 00:00,0.0022567200
2021-06-02 00:00,0.0022853300
2021-06-03 00:00,0.0020046400
2021-06-04 00:00,0.0015593700
2021-06-05 00:00,0.0013735700
2021-06-06 00:00,0.0017156700
2021-06-07 00:00,0.0023364700
2021-06-08 00:00,0.0019887900
2021-06-09 00:00,0.0016838100
2021-06-10 00:00,0.0019243600
2021-06-11 00:00,0.0016902900
2021-06-12 00:00,0.0013037100
2021-06-13 00:00,0.0016225900
2021-06-14 00:00,0.0016627700
2021-06-15 00:00,0.0016121900
2021-06-16 00:00,0.0017350600
2021-06-17 00:00,0.0017806200
2021-06-18 00:00,0.0014159900
2021-06-19 00:00,0.0016188800
2021-06-20 00:00,0.0034158600
2021-06-21 00:00,0.0050895300
2021-06-22 00:00,0.0017927400
2021-06-23 00:00,0.0015818100
2021-06-24 00:00,0.0020067600
2021-06-25 00:00,0.0012930900
2021-06-26 00:00,0.0022528800
2021-06-27 00:00,0.0016103500
2021-06-28 00:00,0.0017764400
2021-06-29 00:00,0.0025195600
2021-06-30 00:00,0.0017730000
2021-07-01 00:00,0.0014250500
2021-07-02 00:00,0.0013547500
2021-07-03 00:00,0.0011570400
2021-07-04 00:00,0.0015307100
2021-07-05 00:00,0.0035474100
2021-07-06 00:00,0.0028504000
2021-07-07 00:00,0.0027395600
2021-07-08 00:00,0.0021512900
2021-07-09 00:00,0.0014293900
2021-07-10 00:00,0.0011376700
2021-07-11 00:00,0.0022489100
2021-07-12 00:00,0.0024698500
2021-07-13 00:00,0.0035539700
2021-07-14 00:00,0.0033220800
2021-07-15 00:00,0.0032772600
2021-07-16 00:00,0.0022902800
2021-07-17 00:00,0.0021931100
2021-07-18 00:00,0.0023024400
2021-07-19 00:00,0.0026286500
2021-07-20 00:00,0.0020811000
2021-07-21 00:00,0.0026278700
2021-07-22 00:00,0.0030766600
2021-07-23 00:00,0.0018081000
2021-07-24 00:00,0.0017614200
2021-07-25 00:00,0.0030772600
2021-07-26 00:00,0.0036899400
2021-07-27 00:00,0.0039796400
2021-07-28 00:00,0.0023935400
2021-07-29 00:00,0.0028452800
2021-07-30 00:00,0.0040005000
2021-07-31 00:00,0.0031034300
2021-08-01 00:00,0.0032371100
2021-08-02 00:00,0.0040353000
2021-08-03 00:00,0.0034222400
2021-08-04 00:00,0.0027591700
2021-08-05 00:00,0.0009943200
2021-08-06 00:00,0.0009745000
2021-08-07 00:00,0.0010838200
2021-08-08 00:00,0.0018045500
2021-08-09 00:00,0.0019248600
2021-08-10 00:00,0.0012573600
2021-08-11 00:00,0.0013135200
2021-08-12 00:00,0.0017720100
2021-08-13 00:00,0.0015973900
2021-08-14 00:00,0.0020989000
2021-08-15 00:00,0.0010457100
2021-08-16 00:00,0.0011316400
2021-08-17 00:00,0.0011736400
2021-08-18 00:00,0.0021074100
2021-08-19 00:00,0.0009784200
2021-08-20 00:00,0.0008053300
2021-08-21 00:00,0.0007589800
2021-08-22 00:00,0.0010138800
2021-08-23 00:00,0.0012863700
2021-08-24 00:00,0.0014538500
2021-08-25 00:00,0.0014311300
2021-08-26 00:00,0.0021403800
2021-08-27 00:00,0.0020153200
2021-08-28 00:00,0.0023330700
2021-08-29 00:00,0.0019257300
2021-08-30 00:00,0.0021736000
2021-08-31 00:00,0.0029897100
2021-09-01 00:00,0.0012028700
2021-09-02 00:00,0.0018117100
2021-09-03 00:00,0.0015153000
2021-09-04 00:00,0.0014852000
2021-09-05 00:00,0.0014318600
2021-09-06 00:00,0.0052544100
2021-09-07 00:00,0.0019448100
2021-09-08 00:00,0.0028395500
2021-09-09 00:00,0.0018080400
2021-09-10 00:00,0.0007806300
2021-09-11 00:00,0.0007074100
2021-09-12 00:00,0.0014942700
2021-09-13 00:00,0.0017025100
2021-09-14 00:00,0.0009255800
2021-09-15 00:00,0.0013524000
2021-09-16 00:00,0.0008526900
2021-09-17 00:00,0.0006530600
2021-09-18 00:00,0.0019831200
2021-09-19 00:00,0.0012240400
2021-09-20 00:00,0.0013039000
2021-09-21 00:00,0.0009030500
2021-09-22 00:00,0.0024322000
2021-09-23 00:00,0.0009271500
2021-09-24 00:00,0.0006219800
2021-09-25 00:00,0.0014337200
2021-09-26 00:00,0.0083330200
2021-09-27 00:00,0.0013027100
2021-09-28 00:00,0.0009431600
2021-09-29 00:00,0.0013759700
2021-09-30 00:00,0.0009149500
2021-10-01 00:00,0.0010311700
2021-10-02 00:00,0.0007163600
2021-10-03 00:00,0.0011177400
2021-10-04 00:00,0.0018623400
2021-10-05 00:00,0.0012856000
2021-10-06 00:00,0.0015496900
2021-10-07 00:00,0.0012237900
2021-10-08 00:00,0.0007196900
2021-10-09 00:00,0.0011761900
2021-10-10 00:00,0.0012188800
2021-10-11 00:00,0.0010427600
2021-10-12 00:00,0.0011969400
2021-10-13 00:00,0.0013855000
2021-10-14 00:00,0.0029942300
2021-10-15 00:00,0.0007994200
2021-10-16 00:00,0.0007933600
2021-10-17 00:00,0.0039111600
2021-10-18 00:00,0.0008653800
2021-10-19 00:00,0.0008246700
2021-10-20 00:00,0.0011311700
2021-10-21 00:00,0.0009312700
2021-10-22 00:00,0.0007738700
2021-10-23 00:00,0.0008571300
2021-10-24 00:00,0.0010478600
2021-10-25 00:00,0.0011560900
2021-10-26 00:00,0.0017120600
2021-10-27 00:00,0.0015352500
2021-10-28 00:00,0.0014086100
2021-10-29 00:00,0.0014651100