date,on_chain_transaction_vol
2015-08-06 00:00,2008655.8488454700
2015-08-07 00:00,13583036.6363449100
2015-08-08 00:00,1165462.1735452500
2015-08-09 00:00,1670915.0737049500
2015-08-10 00:00,1485707.8450512000
2015-08-11 00:00,747480.0360153800
2015-08-12 00:00,1787824.7831727500
2015-08-13 00:00,2295437.4349358600
2015-08-14 00:00,4631237.7975450700
2015-08-15 00:00,1708595.5729698600
2015-08-16 00:00,2244770.1575813700
2015-08-17 00:00,1548730.8210925800
2015-08-18 00:00,1149597.1832496800
2015-08-19 00:00,417350.8194742600
2015-08-20 00:00,586795.4513295800
2015-08-21 00:00,494505.8022713300
2015-08-22 00:00,497843.0085353800
2015-08-23 00:00,462299.5395611800
2015-08-24 00:00,406462.9701683400
2015-08-25 00:00,439395.9441922500
2015-08-26 00:00,272780.4508757800
2015-08-27 00:00,300462.0537930300
2015-08-28 00:00,430450.5632324100
2015-08-29 00:00,415922.7336635500
2015-08-30 00:00,384856.6478992600
2015-08-31 00:00,1419836.8177510000
2015-09-01 00:00,277560.6624463500
2015-09-02 00:00,556789.6257843200
2015-09-03 00:00,176558.0679387500
2015-09-04 00:00,167485.0142490100
2015-09-05 00:00,296242.5564065600
2015-09-06 00:00,202531.6522957700
2015-09-07 00:00,263691.7736334900
2015-09-08 00:00,1145845.8830856800
2015-09-09 00:00,206011.4866585700
2015-09-10 00:00,726449.7866812400
2015-09-11 00:00,217744.5246790000
2015-09-12 00:00,224192.6184853300
2015-09-13 00:00,267436.1414351400
2015-09-14 00:00,603445.7895408000
2015-09-15 00:00,555288.9906304900
2015-09-16 00:00,295744.2127858800
2015-09-17 00:00,407818.2501988100
2015-09-18 00:00,390749.9322659100
2015-09-19 00:00,131582.4529694700
2015-09-20 00:00,157720.6985295700
2015-09-21 00:00,194639.3985317000
2015-09-22 00:00,131118.9177107200
2015-09-23 00:00,306733.5181282500
2015-09-24 00:00,661625.3918466600
2015-09-25 00:00,251352.7009656100
2015-09-26 00:00,382909.8419898800
2015-09-27 00:00,713763.0938773800
2015-09-28 00:00,404225.6246705800
2015-09-29 00:00,509768.0448994800
2015-09-30 00:00,538507.9221844700
2015-10-01 00:00,148855.2878559000
2015-10-02 00:00,122983.3456505800
2015-10-03 00:00,277548.7727494700
2015-10-04 00:00,163926.1045266500
2015-10-05 00:00,506651.1588253800
2015-10-06 00:00,310207.9920080600
2015-10-07 00:00,313438.5813740900
2015-10-08 00:00,224260.3604356300
2015-10-09 00:00,128500.4636355700
2015-10-10 00:00,152917.9772988900
2015-10-11 00:00,270884.6299066000
2015-10-12 00:00,411216.6553056500
2015-10-13 00:00,992513.6880181500
2015-10-14 00:00,799857.2724872000
2015-10-15 00:00,360139.7604293400
2015-10-16 00:00,243865.2615633900
2015-10-17 00:00,181329.2849583100
2015-10-18 00:00,514725.1630243400
2015-10-19 00:00,501608.7859379400
2015-10-20 00:00,697044.2089749600
2015-10-21 00:00,619266.1066899700
2015-10-22 00:00,772955.1259463100
2015-10-23 00:00,99864.2852649600
2015-10-24 00:00,261617.6252863300
2015-10-25 00:00,715471.7457636100
2015-10-26 00:00,1893412.0973172200
2015-10-27 00:00,976148.6603797600
2015-10-28 00:00,517744.6168134100
2015-10-29 00:00,1209385.9305194000
2015-10-30 00:00,276433.0481582300
2015-10-31 00:00,145540.5439243100
2015-11-01 00:00,351741.0512697800
2015-11-02 00:00,594734.2869263000
2015-11-03 00:00,805288.6738308900
2015-11-04 00:00,344187.8084994700
2015-11-05 00:00,938192.5687972800
2015-11-06 00:00,426000.4990315300
2015-11-07 00:00,896718.2421737700
2015-11-08 00:00,946983.7817781900
2015-11-09 00:00,891147.8521725300
2015-11-10 00:00,301427.0569057800
2015-11-11 00:00,280954.0688366100
2015-11-12 00:00,466124.6138399800
2015-11-13 00:00,283631.4476886300
2015-11-14 00:00,175569.8049713500
2015-11-15 00:00,435428.4366039900
2015-11-16 00:00,1157265.0472353100
2015-11-17 00:00,199021.7962513100
2015-11-18 00:00,274444.9449121100
2015-11-19 00:00,194586.8582097400
2015-11-20 00:00,134105.7147975700
2015-11-21 00:00,256043.9533415900
2015-11-22 00:00,684605.2702062300
2015-11-23 00:00,393650.3398675400
2015-11-24 00:00,188362.6900449000
2015-11-25 00:00,970692.0184049300
2015-11-26 00:00,679074.4316016000
2015-11-27 00:00,120708.4542317000
2015-11-28 00:00,190346.0674597600
2015-11-29 00:00,235641.3758422700
2015-11-30 00:00,223161.4435038500
2015-12-01 00:00,294742.9645180100
2015-12-02 00:00,221309.2106051800
2015-12-03 00:00,167920.0277357800
2015-12-04 00:00,143953.2954349900
2015-12-05 00:00,239360.0459947700
2015-12-06 00:00,451676.4767103800
2015-12-07 00:00,177352.7053823100
2015-12-08 00:00,245125.7200418500
2015-12-09 00:00,216579.1637297500
2015-12-10 00:00,319155.7210831900
2015-12-11 00:00,484631.1592777900
2015-12-12 00:00,323476.8820199000
2015-12-13 00:00,308797.7018928000
2015-12-14 00:00,535300.0340560400
2015-12-15 00:00,1458720.5601113300
2015-12-16 00:00,439487.6464520100
2015-12-17 00:00,237335.7728508200
2015-12-18 00:00,227897.5800570600
2015-12-19 00:00,205526.6756524900
2015-12-20 00:00,234237.6731808100
2015-12-21 00:00,237699.9286702600
2015-12-22 00:00,143518.3160086900
2015-12-23 00:00,125625.6095994100
2015-12-24 00:00,68633.9633882300
2015-12-25 00:00,145271.1736478900
2015-12-26 00:00,79481.0435629500
2015-12-27 00:00,441986.9775440600
2015-12-28 00:00,286284.5909191500
2015-12-29 00:00,215262.7909226400
2015-12-30 00:00,389572.1034961400
2015-12-31 00:00,344563.4075245700
2016-01-01 00:00,259259.3697808700
2016-01-02 00:00,370839.4418146500
2016-01-03 00:00,154146.7823646500
2016-01-04 00:00,1036350.9913523300
2016-01-05 00:00,261940.5577414000
2016-01-06 00:00,350295.3356066800
2016-01-07 00:00,196319.5401039700
2016-01-08 00:00,210817.9726976800
2016-01-09 00:00,140928.2235112100
2016-01-10 00:00,504583.0362632200
2016-01-11 00:00,990482.1848875800
2016-01-12 00:00,423286.0552534300
2016-01-13 00:00,332525.8243713600
2016-01-14 00:00,945400.9348616300
2016-01-15 00:00,571239.4336821100
2016-01-16 00:00,370972.3182306400
2016-01-17 00:00,2265969.4156801300
2016-01-18 00:00,1240760.9464523600
2016-01-19 00:00,600186.3292948000
2016-01-20 00:00,495039.4137927900
2016-01-21 00:00,919055.9474560600
2016-01-22 00:00,1143847.8562229100
2016-01-23 00:00,1920518.0144389800
2016-01-24 00:00,2139422.7107129200
2016-01-25 00:00,1445149.4698616800
2016-01-26 00:00,1177826.4360769200
2016-01-27 00:00,921959.1623588600
2016-01-28 00:00,863517.7343712200
2016-01-29 00:00,989841.6764454200
2016-01-30 00:00,1095095.0573379100
2016-01-31 00:00,599951.4150722800
2016-02-01 00:00,619294.7474630200
2016-02-02 00:00,620394.5581585500
2016-02-03 00:00,329962.6522173700
2016-02-04 00:00,576522.5973015900
2016-02-05 00:00,234252.5703955700
2016-02-06 00:00,895501.5867233600
2016-02-07 00:00,1473225.7676047800
2016-02-08 00:00,1566635.1927805000
2016-02-09 00:00,1936786.0916980000
2016-02-10 00:00,1796930.0463177200
2016-02-11 00:00,2102348.5527756700
2016-02-12 00:00,1291954.0234015000
2016-02-13 00:00,919543.3277820200
2016-02-14 00:00,732592.8641838100
2016-02-15 00:00,1299475.7526505600
2016-02-16 00:00,753944.6704650500
2016-02-17 00:00,1126192.1486958300
2016-02-18 00:00,493989.7068960900
2016-02-19 00:00,1191875.6118100800
2016-02-20 00:00,477052.2026468500
2016-02-21 00:00,804434.5857082000
2016-02-22 00:00,1550365.3870964900
2016-02-23 00:00,2094759.2427030800
2016-02-24 00:00,922770.4166456700
2016-02-25 00:00,4011464.1594919200
2016-02-26 00:00,2172725.9073360600
2016-02-27 00:00,779366.5656141300
2016-02-28 00:00,711541.9714998000
2016-02-29 00:00,1303708.8477344600
2016-03-01 00:00,3558487.1058766100
2016-03-02 00:00,2098559.0769562000
2016-03-03 00:00,1511212.8541521500
2016-03-04 00:00,2863769.2815944100
2016-03-05 00:00,1613158.8429673400
2016-03-06 00:00,1479003.9910379100
2016-03-07 00:00,2147065.4130416700
2016-03-08 00:00,1124809.1623671900
2016-03-09 00:00,857259.2728471500
2016-03-10 00:00,939814.5448277000
2016-03-11 00:00,1522161.9909867900
2016-03-12 00:00,1982248.4256134500
2016-03-13 00:00,1632686.8651991800
2016-03-14 00:00,1289709.1671354500
2016-03-15 00:00,1106232.1326191700
2016-03-16 00:00,1743841.7719179600
2016-03-17 00:00,2355468.1550245100
2016-03-18 00:00,791565.9187641700
2016-03-19 00:00,555695.0198218000
2016-03-20 00:00,890515.2185719900
2016-03-21 00:00,684591.2578881400
2016-03-22 00:00,573281.0795419400
2016-03-23 00:00,954185.1549155100
2016-03-24 00:00,554279.7288545300
2016-03-25 00:00,333286.0049645200
2016-03-26 00:00,1173341.4082974700
2016-03-27 00:00,793254.4436217600
2016-03-28 00:00,1289804.3301817000
2016-03-29 00:00,1347553.5903960200
2016-03-30 00:00,895883.7549398100
2016-03-31 00:00,382132.4872777100
2016-04-01 00:00,375145.5194034200
2016-04-02 00:00,218411.6251435900
2016-04-03 00:00,439268.0188991600
2016-04-04 00:00,689147.0421475100
2016-04-05 00:00,588867.9576256700
2016-04-06 00:00,724062.2329583100
2016-04-07 00:00,549966.8434033200
2016-04-08 00:00,1306933.3337044100
2016-04-09 00:00,1178296.9148265500
2016-04-10 00:00,623491.9297913700
2016-04-11 00:00,1090455.3945304500
2016-04-12 00:00,1138031.5437093500
2016-04-13 00:00,943933.9498878400
2016-04-14 00:00,591143.2206803700
2016-04-15 00:00,433493.2770802900
2016-04-16 00:00,824841.7839136800
2016-04-17 00:00,638555.1117947900
2016-04-18 00:00,408633.5131051200
2016-04-19 00:00,674679.1146952900
2016-04-20 00:00,473361.4716577100
2016-04-21 00:00,754248.2342026100
2016-04-22 00:00,1014181.7333951100
2016-04-23 00:00,375229.6731076000
2016-04-24 00:00,712843.1169304900
2016-04-25 00:00,1163251.1559193500
2016-04-26 00:00,778592.0142258300
2016-04-27 00:00,767233.1739410500
2016-04-28 00:00,585268.6711322900
2016-04-29 00:00,2643665.7707409700
2016-04-30 00:00,1699801.6719913400
2016-05-01 00:00,1859346.6983796500
2016-05-02 00:00,1335204.8920034100
2016-05-03 00:00,1084654.4497498600
2016-05-04 00:00,1089474.2181406200
2016-05-05 00:00,2019571.4461030000
2016-05-06 00:00,1507127.4104321200
2016-05-07 00:00,1399476.6080598800
2016-05-08 00:00,1962537.9177039100
2016-05-09 00:00,2014582.2371732900
2016-05-10 00:00,2985528.6327230700
2016-05-11 00:00,3178787.0145362100
2016-05-12 00:00,7932833.6143321700
2016-05-13 00:00,5844898.3166480600
2016-05-14 00:00,1469698.5874664300
2016-05-15 00:00,1474212.8068545000
2016-05-16 00:00,1309467.7651253500
2016-05-17 00:00,1811546.5880127800
2016-05-18 00:00,2654224.5686878500
2016-05-19 00:00,2251170.2984891700
2016-05-20 00:00,991902.3478006800
2016-05-21 00:00,665272.1033512400
2016-05-22 00:00,1245202.5306655900
2016-05-23 00:00,1757916.9582412400
2016-05-24 00:00,1707781.5157814700
2016-05-25 00:00,1273188.6887076600
2016-05-26 00:00,2575379.7421407400
2016-05-27 00:00,2198978.9445408600
2016-05-28 00:00,1005279.0011145200
2016-05-29 00:00,1012377.1395389700
2016-05-30 00:00,1021010.4072151700
2016-05-31 00:00,787950.6823684000
2016-06-01 00:00,499534.8487614200
2016-06-02 00:00,626476.8426615700
2016-06-03 00:00,465207.9401720700
2016-06-04 00:00,455036.0204010100
2016-06-05 00:00,480242.0318958800
2016-06-06 00:00,1000293.9710819200
2016-06-07 00:00,2152102.0525027700
2016-06-08 00:00,462183.6620259600
2016-06-09 00:00,895173.8766332500
2016-06-10 00:00,527071.3780129900
2016-06-11 00:00,1100016.2992934800
2016-06-12 00:00,1180300.5745240300
2016-06-13 00:00,1414098.3019654000
2016-06-14 00:00,916536.1414467800
2016-06-15 00:00,1482096.0873977200
2016-06-16 00:00,4205734.8390877100
2016-06-17 00:00,5143789.2224691800
2016-06-18 00:00,1814573.9031736900
2016-06-19 00:00,2614770.6219778800
2016-06-20 00:00,1786991.4032060600
2016-06-21 00:00,2062570.9341163800
2016-06-22 00:00,1776397.0421151800
2016-06-23 00:00,1123234.3036342300
2016-06-24 00:00,1257356.8237563100
2016-06-25 00:00,622576.5529588400
2016-06-26 00:00,652689.0574536500
2016-06-27 00:00,1559169.7403188100
2016-06-28 00:00,1266289.8764677500
2016-06-29 00:00,867930.2782494500
2016-06-30 00:00,859866.5288565500
2016-07-01 00:00,462898.6122835400
2016-07-02 00:00,514003.3213713700
2016-07-03 00:00,1169967.6492869700
2016-07-04 00:00,3549616.5478709200
2016-07-05 00:00,1061796.6097850500
2016-07-06 00:00,985972.2722422200
2016-07-07 00:00,689362.9051004400
2016-07-08 00:00,592197.9083273000
2016-07-09 00:00,664318.8719980400
2016-07-10 00:00,806122.8643363800
2016-07-11 00:00,865779.6249223300
2016-07-12 00:00,942457.9094156400
2016-07-13 00:00,929976.9950688500
2016-07-14 00:00,3905603.2479241100
2016-07-15 00:00,781977.7715339400
2016-07-16 00:00,764347.4976921100
2016-07-17 00:00,2860565.5744758900
2016-07-18 00:00,9752094.7447659900
2016-07-19 00:00,14045609.2225840600
2016-07-20 00:00,1758769.1304607900
2016-07-21 00:00,3021146.9137187200
2016-07-22 00:00,2628889.3455421800
2016-07-23 00:00,12465370.1175281700
2016-07-24 00:00,9712823.9227770800
2016-07-25 00:00,20749789.0875701400
2016-07-26 00:00,12384938.6989014700
2016-07-27 00:00,7431863.9816508300
2016-07-28 00:00,5318470.5043921800
2016-07-29 00:00,3547139.2909044700
2016-07-30 00:00,3623264.2036529900
2016-07-31 00:00,5348717.7800811900
2016-08-01 00:00,10150259.7437998800
2016-08-02 00:00,8755915.2749774000
2016-08-03 00:00,3683331.8346838300
2016-08-04 00:00,4194852.5110035500
2016-08-05 00:00,1805446.2171311300
2016-08-06 00:00,2096573.4736410800
2016-08-07 00:00,2104413.3635509000
2016-08-08 00:00,3168073.3599817000
2016-08-09 00:00,4821309.8801604200
2016-08-10 00:00,3890394.4756948000
2016-08-11 00:00,2295394.2012664500
2016-08-12 00:00,1996862.9550440800
2016-08-13 00:00,1610545.1616366100
2016-08-14 00:00,1431533.7578387100
2016-08-15 00:00,933805.4262868900
2016-08-16 00:00,1765012.8126029300
2016-08-17 00:00,1167743.8490128300
2016-08-18 00:00,1024535.0856086500
2016-08-19 00:00,1548186.4341837700
2016-08-20 00:00,3552737.9372598800
2016-08-21 00:00,2227048.9284381100
2016-08-22 00:00,4477997.1332188800
2016-08-23 00:00,1000850.5953723800
2016-08-24 00:00,889419.6001514200
2016-08-25 00:00,1911042.8594534400
2016-08-26 00:00,895334.1645585400
2016-08-27 00:00,750381.5189399600
2016-08-28 00:00,1112508.3467674600
2016-08-29 00:00,778447.3231303000
2016-08-30 00:00,1009890.8792069700
2016-08-31 00:00,1901546.7702794600
2016-09-01 00:00,1676713.8403741800
2016-09-02 00:00,1163029.8776551000
2016-09-03 00:00,1388103.3550198700
2016-09-04 00:00,733576.3363758500
2016-09-05 00:00,868497.2679888700
2016-09-06 00:00,802593.7932659100
2016-09-07 00:00,1437422.5408361300
2016-09-08 00:00,616767.7093841300
2016-09-09 00:00,588626.5133590500
2016-09-10 00:00,766814.3183952400
2016-09-11 00:00,901585.8334201400
2016-09-12 00:00,956796.9791361900
2016-09-13 00:00,752526.4049338700
2016-09-14 00:00,616608.6585357600
2016-09-15 00:00,2269503.9740300900
2016-09-16 00:00,798878.5921648700
2016-09-17 00:00,1565712.0540661200
2016-09-18 00:00,917294.2096006400
2016-09-19 00:00,3685774.5704534500
2016-09-20 00:00,4006256.0925393900
2016-09-21 00:00,1871932.9597839500
2016-09-22 00:00,2000256.9972266900
2016-09-23 00:00,1338922.1928974500
2016-09-24 00:00,2416626.4029853000
2016-09-25 00:00,987440.9096301100
2016-09-26 00:00,1130463.0491229800
2016-09-27 00:00,2492796.2824244200
2016-09-28 00:00,2106925.5692087300
2016-09-29 00:00,909859.5626343400
2016-09-30 00:00,821508.3832418000
2016-10-01 00:00,1751212.6463946300
2016-10-02 00:00,610456.4119842900
2016-10-03 00:00,700052.3332522600
2016-10-04 00:00,968897.1435534300
2016-10-05 00:00,931472.2943042600
2016-10-06 00:00,935783.5334569000
2016-10-07 00:00,1051652.5696150300
2016-10-08 00:00,2585104.4783834200
2016-10-09 00:00,2585079.1722158400
2016-10-10 00:00,2300430.6462311200
2016-10-11 00:00,2628598.2815136200
2016-10-12 00:00,1020459.9038421400
2016-10-13 00:00,2626704.6356338900
2016-10-14 00:00,976407.4110625500
2016-10-15 00:00,1598695.1053124500
2016-10-16 00:00,1830179.7175627900
2016-10-17 00:00,2767225.4252903000
2016-10-18 00:00,664798.1823463100
2016-10-19 00:00,726469.0244634400
2016-10-20 00:00,619972.5477828800
2016-10-21 00:00,501764.6453623900
2016-10-22 00:00,432769.7838877800
2016-10-23 00:00,651107.5872147400
2016-10-24 00:00,1105480.0621678900
2016-10-25 00:00,931739.9336741300
2016-10-26 00:00,922721.7985117900
2016-10-27 00:00,1540893.6768673400
2016-10-28 00:00,1867747.2929532700
2016-10-29 00:00,2428072.8578125900
2016-10-30 00:00,1227428.3107737200
2016-10-31 00:00,2874365.0873041000
2016-11-01 00:00,4310131.0925149000
2016-11-02 00:00,9943487.0475101100
2016-11-03 00:00,1198338.2547481700
2016-11-04 00:00,863546.3839493200
2016-11-05 00:00,511648.2885022700
2016-11-06 00:00,641446.8629776300
2016-11-07 00:00,675462.4973022900
2016-11-08 00:00,2036201.5346635900
2016-11-09 00:00,1020908.6742364200
2016-11-10 00:00,3569523.7572329300
2016-11-11 00:00,1242534.9874591600
2016-11-12 00:00,1266462.8562390700
2016-11-13 00:00,534324.7650348500
2016-11-14 00:00,1030288.2189459000
2016-11-15 00:00,1081266.7557930700
2016-11-16 00:00,3211404.5395309000
2016-11-17 00:00,1081696.4138185700
2016-11-18 00:00,860631.6221948800
2016-11-19 00:00,637572.1434015600
2016-11-20 00:00,660631.6512114100
2016-11-21 00:00,2588993.5015767600
2016-11-22 00:00,2426682.1153622000
2016-11-23 00:00,836752.6560822000
2016-11-24 00:00,1515055.5819134000
2016-11-25 00:00,703048.5063966700
2016-11-26 00:00,712688.4718669900
2016-11-27 00:00,795181.5519162100
2016-11-28 00:00,1317959.7563980200
2016-11-29 00:00,1186543.5419851400
2016-11-30 00:00,1037318.2080673400
2016-12-01 00:00,3315308.2759233000
2016-12-02 00:00,4826006.2211648100
2016-12-03 00:00,1692332.8366088000
2016-12-04 00:00,3643166.5021427100
2016-12-05 00:00,6260393.5141904800
2016-12-06 00:00,2444063.2836522500
2016-12-07 00:00,2505935.8403381900
2016-12-08 00:00,2526956.0140232000
2016-12-09 00:00,1412853.7364517000
2016-12-10 00:00,1947047.1075832500
2016-12-11 00:00,1064201.4132832600
2016-12-12 00:00,1106479.2370728400
2016-12-13 00:00,1052678.9978833200
2016-12-14 00:00,2119917.2016025600
2016-12-15 00:00,1379378.9745197000
2016-12-16 00:00,3105268.3718826600
2016-12-17 00:00,2159798.9941197300
2016-12-18 00:00,1382432.4883383200
2016-12-19 00:00,1392257.2523246900
2016-12-20 00:00,2078931.2462062200
2016-12-21 00:00,3335131.9777981900
2016-12-22 00:00,6254100.4430930200
2016-12-23 00:00,2353322.6692231300
2016-12-24 00:00,1059748.2210958900
2016-12-25 00:00,831218.8666063900
2016-12-26 00:00,1416672.9619921900
2016-12-27 00:00,2901201.0731418400
2016-12-28 00:00,4563323.9103119400
2016-12-29 00:00,3278541.9496131200
2016-12-30 00:00,6360000.9949265000
2016-12-31 00:00,1818155.8787657600
2017-01-01 00:00,2857225.0738318100
2017-01-02 00:00,5066955.2882840400
2017-01-03 00:00,7864406.9660947000
2017-01-04 00:00,8078485.5242001000
2017-01-05 00:00,7418417.1259799100
2017-01-06 00:00,4401856.3364854300
2017-01-07 00:00,2502166.9016995000
2017-01-08 00:00,4412018.8833955800
2017-01-09 00:00,4590352.9462806800
2017-01-10 00:00,4615585.7792506000
2017-01-11 00:00,4551320.8674606400
2017-01-12 00:00,2495599.5295652800
2017-01-13 00:00,937724.7395186300
2017-01-14 00:00,585191.9492845200
2017-01-15 00:00,804381.3874447700
2017-01-16 00:00,1557503.2836692300
2017-01-17 00:00,872882.4582564000
2017-01-18 00:00,1002430.8807170100
2017-01-19 00:00,2698676.5934559500
2017-01-20 00:00,945909.7828935200
2017-01-21 00:00,979911.6258439900
2017-01-22 00:00,882385.5675729200
2017-01-23 00:00,789014.6875183900
2017-01-24 00:00,947402.2649284300
2017-01-25 00:00,1069294.8829551400
2017-01-26 00:00,1025233.4345294400
2017-01-27 00:00,599858.6844559700
2017-01-28 00:00,871102.9385090600
2017-01-29 00:00,696747.7381474900
2017-01-30 00:00,1277404.9520651400
2017-01-31 00:00,1269728.4655005400
2017-02-01 00:00,1230255.7639800700
2017-02-02 00:00,1638945.8407523400
2017-02-03 00:00,1769249.3678307800
2017-02-04 00:00,745134.9241676600
2017-02-05 00:00,1343920.0209497800
2017-02-06 00:00,1276107.1336295200
2017-02-07 00:00,1194739.3902447900
2017-02-08 00:00,1337705.0361614400
2017-02-09 00:00,1644259.0294973500
2017-02-10 00:00,933120.5893852500
2017-02-11 00:00,1211285.7456413800
2017-02-12 00:00,1204646.4648989300
2017-02-13 00:00,3489993.2749582000
2017-02-14 00:00,3956396.9562344300
2017-02-15 00:00,2384630.9729114100
2017-02-16 00:00,2585770.8270933700
2017-02-17 00:00,2382340.4529486800
2017-02-18 00:00,2343878.3609087400
2017-02-19 00:00,2452325.6455601700
2017-02-20 00:00,3791568.4705898200
2017-02-21 00:00,2695545.5024081300
2017-02-22 00:00,2600099.4350271200
2017-02-23 00:00,5121386.9179469200
2017-02-24 00:00,3188530.0723299800
2017-02-25 00:00,3848017.5945426600
2017-02-26 00:00,9134196.4182876200
2017-02-27 00:00,11310108.7878410600
2017-02-28 00:00,11794071.3489537400
2017-03-01 00:00,17308310.0371106200
2017-03-02 00:00,16473667.0171052600
2017-03-03 00:00,10685069.5072212600
2017-03-04 00:00,9159809.5497461700
2017-03-05 00:00,15317072.6805271100
2017-03-06 00:00,10370353.8081799400
2017-03-07 00:00,11254338.8672979100
2017-03-08 00:00,14873240.8886317900
2017-03-09 00:00,13513639.0377897600
2017-03-10 00:00,15916322.5957777100
2017-03-11 00:00,24131517.6846015800
2017-03-12 00:00,18839044.1905849200
2017-03-13 00:00,7877762.3464302900
2017-03-14 00:00,7858523.0667751100
2017-03-15 00:00,31583603.1500774000
2017-03-16 00:00,16091860.9698080900
2017-03-17 00:00,23550287.0620409200
2017-03-18 00:00,5215449.6269721800
2017-03-19 00:00,6595750.7312121200
2017-03-20 00:00,13135405.5878121400
2017-03-21 00:00,11414117.8724288000
2017-03-22 00:00,11598879.8411508000
2017-03-23 00:00,15941192.5197951100
2017-03-24 00:00,12107125.9848295900
2017-03-25 00:00,9610480.5152095600
2017-03-26 00:00,11032102.2576628900
2017-03-27 00:00,11010741.7531498300
2017-03-28 00:00,13273431.2889505700
2017-03-29 00:00,17260980.6424607200
2017-03-30 00:00,14676378.4062696200
2017-03-31 00:00,9648472.5474926800
2017-04-01 00:00,15169907.0580507800
2017-04-02 00:00,17011858.7079427700
2017-04-03 00:00,8434140.2620358000
2017-04-04 00:00,12184084.6160436600
2017-04-05 00:00,17281341.4290878800
2017-04-06 00:00,5141192.6975566300
2017-04-07 00:00,6764822.6272041900
2017-04-08 00:00,6786054.0487642700
2017-04-09 00:00,8607368.4812836600
2017-04-10 00:00,8539858.3466660600
2017-04-11 00:00,7952242.5914722900
2017-04-12 00:00,5874265.5041567400
2017-04-13 00:00,7147430.4479062400
2017-04-14 00:00,3546414.7773274900
2017-04-15 00:00,1798754.1152019400
2017-04-16 00:00,2397604.6016379500
2017-04-17 00:00,8528677.9805569600
2017-04-18 00:00,9505270.3354268500
2017-04-19 00:00,11012858.1442569500
2017-04-20 00:00,7754760.4198957700
2017-04-21 00:00,6948057.5476854400
2017-04-22 00:00,7001101.7026144300
2017-04-23 00:00,8525079.4834449000
2017-04-24 00:00,7856874.6261126700
2017-04-25 00:00,11164146.0037669100
2017-04-26 00:00,15263572.4281511400
2017-04-27 00:00,14523660.8942629700
2017-04-28 00:00,14030834.7974075100
2017-04-29 00:00,16132604.5457295300
2017-04-30 00:00,24426856.9696891400
2017-05-01 00:00,20178058.9578272400
2017-05-02 00:00,22560168.9248740600
2017-05-03 00:00,22914705.4725581000
2017-05-04 00:00,23284489.3683818600
2017-05-05 00:00,15506196.2530343800
2017-05-06 00:00,19880986.2426472400
2017-05-07 00:00,19478229.9261747600
2017-05-08 00:00,19514661.4769603800
2017-05-09 00:00,18656746.9224710800
2017-05-10 00:00,22839624.4860519500
2017-05-11 00:00,18121460.0114324600
2017-05-12 00:00,13411321.8656119000
2017-05-13 00:00,12541730.9416819800
2017-05-14 00:00,16971971.3451298500
2017-05-15 00:00,21748294.8078154800
2017-05-16 00:00,14164785.7317829800
2017-05-17 00:00,9458892.6219931500
2017-05-18 00:00,15045095.0597091900
2017-05-19 00:00,9668385.9490908600
2017-05-20 00:00,12859017.0497112600
2017-05-21 00:00,26229770.2302979900
2017-05-22 00:00,16148283.2125099700
2017-05-23 00:00,15614783.5870311400
2017-05-24 00:00,14570143.5047014400
2017-05-25 00:00,16436791.2932815900
2017-05-26 00:00,12048111.3036049700
2017-05-27 00:00,9895331.9042307700
2017-05-28 00:00,10426436.6358330100
2017-05-29 00:00,11959118.2840044600
2017-05-30 00:00,22324041.0410359200
2017-05-31 00:00,16559029.5134460200
2017-06-01 00:00,16298187.9484382400
2017-06-02 00:00,15444768.9478835200
2017-06-03 00:00,13690251.0636863900
2017-06-04 00:00,17076115.4131711400
2017-06-05 00:00,20314814.3299823600
2017-06-06 00:00,17921883.0617094600
2017-06-07 00:00,15512180.3666055500
2017-06-08 00:00,16040634.9369917500
2017-06-09 00:00,11220719.2944644600
2017-06-10 00:00,12176227.0219100800
2017-06-11 00:00,26008842.8705005400
2017-06-12 00:00,21397906.8663001900
2017-06-13 00:00,13305073.6800709200
2017-06-14 00:00,20726540.6064229200
2017-06-15 00:00,18255558.4260168700
2017-06-16 00:00,10255868.9330691900
2017-06-17 00:00,9462754.9728105300
2017-06-18 00:00,11091300.3567879800
2017-06-19 00:00,14050037.1325476600
2017-06-20 00:00,4992814.3331062700
2017-06-21 00:00,8280208.8924144800
2017-06-22 00:00,10154364.0150340400
2017-06-23 00:00,11207501.0342391900
2017-06-24 00:00,4058060.6454173900
2017-06-25 00:00,10217850.9527139000
2017-06-26 00:00,11672955.1524451300
2017-06-27 00:00,10540191.0169618200
2017-06-28 00:00,11159618.8526826200
2017-06-29 00:00,9951965.8094303400
2017-06-30 00:00,9011319.9905517900
2017-07-01 00:00,7073760.3117188700
2017-07-02 00:00,24668991.8803418600
2017-07-03 00:00,20125310.0342347700
2017-07-04 00:00,7009984.6319303200
2017-07-05 00:00,8330433.1257911000
2017-07-06 00:00,9110234.8550855500
2017-07-07 00:00,7492690.3862294000
2017-07-08 00:00,3431306.3009064400
2017-07-09 00:00,10675679.2008428500
2017-07-10 00:00,12841108.3099745100
2017-07-11 00:00,12808054.3284902000
2017-07-12 00:00,21675864.3405959100
2017-07-13 00:00,25092405.0150785200
2017-07-14 00:00,24525701.0444737500
2017-07-15 00:00,25568445.4936841000
2017-07-16 00:00,22926745.3244474600
2017-07-17 00:00,26519375.1678440400
2017-07-18 00:00,23336882.3421033400
2017-07-19 00:00,20589464.3267887300
2017-07-20 00:00,21008969.8282549500
2017-07-21 00:00,4572526.9477192100
2017-07-22 00:00,6945948.1466333400
2017-07-23 00:00,20893379.0597698400
2017-07-24 00:00,23154228.3865718500
2017-07-25 00:00,18944482.9719503200
2017-07-26 00:00,21061086.7459550200
2017-07-27 00:00,24440915.1012879200
2017-07-28 00:00,22141506.4914880100
2017-07-29 00:00,14210917.6327122600
2017-07-30 00:00,8740211.2434113700
2017-07-31 00:00,9529783.2261563600
2017-08-01 00:00,8950581.1380994500
2017-08-02 00:00,7571325.1722640700
2017-08-03 00:00,7793899.2698037500
2017-08-04 00:00,9114008.4157483700
2017-08-05 00:00,8660976.8802279000
2017-08-06 00:00,9784211.0640969300
2017-08-07 00:00,10942659.8506304600
2017-08-08 00:00,11091978.1543447900
2017-08-09 00:00,23184215.6493925800
2017-08-10 00:00,46488877.7646410400
2017-08-11 00:00,27700085.3497285000
2017-08-12 00:00,30384269.8204207600
2017-08-13 00:00,24180984.9173869800
2017-08-14 00:00,19320192.8082447400
2017-08-15 00:00,15359268.0380386300
2017-08-16 00:00,14998278.8483561300
2017-08-17 00:00,15544723.1549322800
2017-08-18 00:00,11749873.0610638200
2017-08-19 00:00,10083784.6013703200
2017-08-20 00:00,12407570.9570088200
2017-08-21 00:00,11345689.6176375900
2017-08-22 00:00,13026380.7070019800
2017-08-23 00:00,11848578.8422588800
2017-08-24 00:00,10333401.1400978000
2017-08-25 00:00,5349808.4897036900
2017-08-26 00:00,19555295.3731951400
2017-08-27 00:00,28079283.7547771000
2017-08-28 00:00,20965756.3590666400
2017-08-29 00:00,35607846.0893207100
2017-08-30 00:00,16426827.5973549700
2017-08-31 00:00,15492722.9912389100
2017-09-01 00:00,13655402.8592920500
2017-09-02 00:00,10544887.6378710100
2017-09-03 00:00,16065216.0320334700
2017-09-04 00:00,15510678.9931363500
2017-09-05 00:00,15910682.4667849600
2017-09-06 00:00,11402479.7632633200
2017-09-07 00:00,13166053.2410102600
2017-09-08 00:00,19650316.8468623300
2017-09-09 00:00,16953321.9670489800
2017-09-10 00:00,14879221.0871288500
2017-09-11 00:00,15061600.9567872600
2017-09-12 00:00,9625837.9189446800
2017-09-13 00:00,14833977.5595281200
2017-09-14 00:00,17616144.3283142400
2017-09-15 00:00,9473658.3413144300
2017-09-16 00:00,11842481.7347393200
2017-09-17 00:00,18349801.4252003600
2017-09-18 00:00,14702746.0060886900
2017-09-19 00:00,9527543.9988537100
2017-09-20 00:00,9219440.2036907700
2017-09-21 00:00,8357682.6881496600
2017-09-22 00:00,7416165.5425821100
2017-09-23 00:00,6523731.4825925300
2017-09-24 00:00,8266324.0748470700
2017-09-25 00:00,8509303.3765289200
2017-09-26 00:00,9004733.0246004400
2017-09-27 00:00,9572749.9513552000
2017-09-28 00:00,8160786.7829788400
2017-09-29 00:00,6386170.5189057600
2017-09-30 00:00,4473127.3146721300
2017-10-01 00:00,7015413.5676798500
2017-10-02 00:00,22462060.2918993200
2017-10-03 00:00,14877509.3095428400
2017-10-04 00:00,9371351.7963363900
2017-10-05 00:00,9383953.4888035100
2017-10-06 00:00,7473237.9950267900
2017-10-07 00:00,8471492.7124736400
2017-10-08 00:00,10288266.7674516000
2017-10-09 00:00,11036260.1974133100
2017-10-10 00:00,9776520.0501317000
2017-10-11 00:00,10864503.1468879700
2017-10-12 00:00,13870308.8500179800
2017-10-13 00:00,10007905.7125112100
2017-10-14 00:00,9194415.4372322000
2017-10-15 00:00,7406828.3420251800
2017-10-16 00:00,11092367.6409951800
2017-10-17 00:00,14598385.2618499000
2017-10-18 00:00,12364647.9770007300
2017-10-19 00:00,11356900.3133160000
2017-10-20 00:00,10432906.1886042100
2017-10-21 00:00,9254861.5799678400
2017-10-22 00:00,12794713.7333180400
2017-10-23 00:00,12528052.1961990300
2017-10-24 00:00,10166982.5090930600
2017-10-25 00:00,9730337.7414511100
2017-10-26 00:00,10301420.7727751300
2017-10-27 00:00,12578806.7488244200
2017-10-28 00:00,11484423.7957006600
2017-10-29 00:00,10818982.5082656700
2017-10-30 00:00,11476509.0033670700
2017-10-31 00:00,13990412.8759281900
2017-11-01 00:00,15705026.9323958500
2017-11-02 00:00,12431854.0304618800
2017-11-03 00:00,8446403.5876238400
2017-11-04 00:00,7937609.1603373200
2017-11-05 00:00,9640889.4021066800
2017-11-06 00:00,7962946.2301878200
2017-11-07 00:00,11317170.8842891500
2017-11-08 00:00,18434861.9222911800
2017-11-09 00:00,13527489.9184194800
2017-11-10 00:00,12526707.0464795800
2017-11-11 00:00,17207356.8312198800
2017-11-12 00:00,11219172.1864050600
2017-11-13 00:00,10923064.1996209500
2017-11-14 00:00,16648436.2033138500
2017-11-15 00:00,15308285.6763808400
2017-11-16 00:00,15414053.9957201000
2017-11-17 00:00,12770911.0405427000
2017-11-18 00:00,12671381.0800866800
2017-11-19 00:00,16800468.4624547900
2017-11-20 00:00,16364158.8824031800
2017-11-21 00:00,16656807.2302791600
2017-11-22 00:00,16144200.8073008000
2017-11-23 00:00,13772706.3288959000
2017-11-24 00:00,16138531.9604584300
2017-11-25 00:00,15640832.9908895400
2017-11-26 00:00,19737886.5525141800
2017-11-27 00:00,24224152.5620931300
2017-11-28 00:00,27569100.9470067400
2017-11-29 00:00,25780834.3850172200
2017-11-30 00:00,21295319.0282116900
2017-12-01 00:00,22408339.3389838900
2017-12-02 00:00,21195304.9812307800
2017-12-03 00:00,20586878.7345338500
2017-12-04 00:00,9830934.7060004800
2017-12-05 00:00,14216187.8406808500
2017-12-06 00:00,10884724.5079657900
2017-12-07 00:00,9017654.8754317500
2017-12-08 00:00,6411988.3601473400
2017-12-09 00:00,6371073.0374089800
2017-12-10 00:00,6554992.0355280400
2017-12-11 00:00,12982227.3530845900
2017-12-12 00:00,10520432.9219983300
2017-12-13 00:00,12117506.8234105800
2017-12-14 00:00,10093596.6280009000
2017-12-15 00:00,8171612.0767404300
2017-12-16 00:00,8064114.6432466100
2017-12-17 00:00,8676277.9723802200
2017-12-18 00:00,11264459.2852043600
2017-12-19 00:00,13015952.6460929200
2017-12-20 00:00,13240587.1388159400
2017-12-21 00:00,14327757.0069591200
2017-12-22 00:00,9513086.3388080400
2017-12-23 00:00,7425433.3441560000
2017-12-24 00:00,6261184.8829442900
2017-12-25 00:00,8851697.4768695300
2017-12-26 00:00,10139162.7669916500
2017-12-27 00:00,12627337.5853218400
2017-12-28 00:00,14682307.7914735500
2017-12-29 00:00,16317817.3689522500
2017-12-30 00:00,9046296.5989952200
2017-12-31 00:00,8247639.5078002600
2018-01-01 00:00,13985833.8281160300
2018-01-02 00:00,13976829.1457616200
2018-01-03 00:00,20233245.6393058500
2018-01-04 00:00,18520870.7172993500
2018-01-05 00:00,15411684.7462766200
2018-01-06 00:00,12283455.4721198700
2018-01-07 00:00,15142481.1197777800
2018-01-08 00:00,16116032.3403232700
2018-01-09 00:00,17359598.9655549400
2018-01-10 00:00,15775380.0411421500
2018-01-11 00:00,12474698.7680720500
2018-01-12 00:00,9563418.1706720700
2018-01-13 00:00,24863513.8436682700
2018-01-14 00:00,11706746.6688034600
2018-01-15 00:00,15171081.2251572200
2018-01-16 00:00,15952918.5914919600
2018-01-17 00:00,13781920.2793730300
2018-01-18 00:00,9098383.8323230500
2018-01-19 00:00,7792233.3953908100
2018-01-20 00:00,7451637.8260687000
2018-01-21 00:00,8921198.9367555300
2018-01-22 00:00,8580074.7661051400
2018-01-23 00:00,8605673.5845046000
2018-01-24 00:00,4093477.7098104100
2018-01-25 00:00,9955230.8534333300
2018-01-26 00:00,6417686.9903072300
2018-01-27 00:00,7313074.5438315500
2018-01-28 00:00,7893837.1255405100
2018-01-29 00:00,8482151.0874538500
2018-01-30 00:00,8213747.6643247300
2018-01-31 00:00,8202283.4043195800
2018-02-01 00:00,11084118.7568015100
2018-02-02 00:00,6209233.5707524900
2018-02-03 00:00,5077144.7623505700
2018-02-04 00:00,7179902.6599926800
2018-02-05 00:00,8903070.2666420100
2018-02-06 00:00,7028321.2985144200
2018-02-07 00:00,3635838.4996125400
2018-02-08 00:00,5143593.7472312200
2018-02-09 00:00,5767353.0616066300
2018-02-10 00:00,3987962.5233081700
2018-02-11 00:00,4654053.8278484000
2018-02-12 00:00,6418599.7935890600
2018-02-13 00:00,4873418.1203021800
2018-02-14 00:00,5489918.2239291800
2018-02-15 00:00,4344807.0621237100
2018-02-16 00:00,4187372.9383039800
2018-02-17 00:00,4142414.7893946000
2018-02-18 00:00,3803350.4800778600
2018-02-19 00:00,4443040.6114750500
2018-02-20 00:00,4336150.4117387800
2018-02-21 00:00,5660138.9186666800
2018-02-22 00:00,3150657.3064833700
2018-02-23 00:00,2906262.7854790100
2018-02-24 00:00,1878841.5400051300
2018-02-25 00:00,2456759.6926520700
2018-02-26 00:00,1540681.9245820800
2018-02-27 00:00,1552470.8661286200
2018-02-28 00:00,1689562.5641699000
2018-03-01 00:00,1548029.4337542000
2018-03-02 00:00,1035912.9507942200
2018-03-03 00:00,1071985.0157705700
2018-03-04 00:00,1568084.4075385200
2018-03-05 00:00,1949504.7074990800
2018-03-06 00:00,1985648.2145579700
2018-03-07 00:00,1671358.1238639400
2018-03-08 00:00,1814702.0937001700
2018-03-09 00:00,1140058.7495370400
2018-03-10 00:00,1088700.7130985700
2018-03-11 00:00,1482782.6161573700
2018-03-12 00:00,2723735.9436058600
2018-03-13 00:00,1921955.7826657100
2018-03-14 00:00,1878190.7445894900
2018-03-15 00:00,1384930.8509027000
2018-03-16 00:00,1232352.6021618300
2018-03-17 00:00,2858874.7780188700
2018-03-18 00:00,2327030.9250205900
2018-03-19 00:00,1897636.6070766100
2018-03-20 00:00,1773248.3889053000
2018-03-21 00:00,1544672.1736180200
2018-03-22 00:00,2019079.0716425800
2018-03-23 00:00,1189694.0842560400
2018-03-24 00:00,987950.4615793900
2018-03-25 00:00,1951656.5637855300
2018-03-26 00:00,2482127.0880743100
2018-03-27 00:00,2459715.7559467600
2018-03-28 00:00,2564685.7860846900
2018-03-29 00:00,2318160.7132045100
2018-03-30 00:00,1493989.5060795800
2018-03-31 00:00,1252022.4171249700
2018-04-01 00:00,1423147.4023953900
2018-04-02 00:00,1665105.7667993700
2018-04-03 00:00,1566770.8437603300
2018-04-04 00:00,1293894.0043701700
2018-04-05 00:00,1314710.2986443700
2018-04-06 00:00,878940.8075484600
2018-04-07 00:00,1247738.7533694300
2018-04-08 00:00,1555854.0858868500
2018-04-09 00:00,1260858.1157404100
2018-04-10 00:00,1482551.8588732700
2018-04-11 00:00,2262209.4953690600
2018-04-12 00:00,2219857.8242774200
2018-04-13 00:00,967332.9839262400
2018-04-14 00:00,1167064.5562537300
2018-04-15 00:00,1392763.9067938600
2018-04-16 00:00,1442565.3281997200
2018-04-17 00:00,1727895.7028083000
2018-04-18 00:00,1807333.9447101400
2018-04-19 00:00,2167845.9240139900
2018-04-20 00:00,1697036.5718689700
2018-04-21 00:00,1257041.7743673500
2018-04-22 00:00,3083265.0129403300
2018-04-23 00:00,2712408.0764361800
2018-04-24 00:00,2515089.2604943500
2018-04-25 00:00,2021703.6703123700
2018-04-26 00:00,2101174.4914983100
2018-04-27 00:00,1791267.3787407300
2018-04-28 00:00,1656090.0056627700
2018-04-29 00:00,2006608.6604055100
2018-04-30 00:00,1873431.6760176400
2018-05-01 00:00,2661594.1541633500
2018-05-02 00:00,2698317.0117810000
2018-05-03 00:00,2548335.9896416100
2018-05-04 00:00,1734713.9540348000
2018-05-05 00:00,1525404.3325101800
2018-05-06 00:00,2952972.8814155700
2018-05-07 00:00,2103580.6312577100
2018-05-08 00:00,2228820.0149171400
2018-05-09 00:00,2138960.7166348800
2018-05-10 00:00,2187251.7514481400
2018-05-11 00:00,1602325.1784816200
2018-05-12 00:00,1184954.0947998200
2018-05-13 00:00,2166009.3289763600
2018-05-14 00:00,1968843.7962482000
2018-05-15 00:00,1666577.1647509500
2018-05-16 00:00,1692565.5451082500
2018-05-17 00:00,1648203.6350457700
2018-05-18 00:00,1207948.7949615200
2018-05-19 00:00,1262492.3283745600
2018-05-20 00:00,1645868.2487266300
2018-05-21 00:00,2198895.5356194000
2018-05-22 00:00,2638704.1740479300
2018-05-23 00:00,2111958.4431134100
2018-05-24 00:00,1807196.6104769400
2018-05-25 00:00,1325638.9306842400
2018-05-26 00:00,1952237.6530391400
2018-05-27 00:00,2726946.1267514800
2018-05-28 00:00,2234711.3321381400
2018-05-29 00:00,2167930.6670372600
2018-05-30 00:00,2253058.9427039700
2018-05-31 00:00,2467384.7215176800
2018-06-01 00:00,1296093.3755491800
2018-06-02 00:00,1110178.7766476200
2018-06-03 00:00,2029139.0429933900
2018-06-04 00:00,2072053.4178633800
2018-06-05 00:00,2244345.0698700200
2018-06-06 00:00,2150451.0426791600
2018-06-07 00:00,2315262.2496046800
2018-06-08 00:00,1194530.8376981200
2018-06-09 00:00,1798407.8904405400
2018-06-10 00:00,2187494.1481304700
2018-06-11 00:00,2979799.0369630800
2018-06-12 00:00,4097688.1851699800
2018-06-13 00:00,4071635.9729603400
2018-06-14 00:00,3584187.9147185500
2018-06-15 00:00,1561087.2768353200
2018-06-16 00:00,1180857.8771477400
2018-06-17 00:00,1587870.6151987400
2018-06-18 00:00,1899245.1598355400
2018-06-19 00:00,2069731.4343381000
2018-06-20 00:00,1859104.5580835200
2018-06-21 00:00,2400034.8473877900
2018-06-22 00:00,1286660.7874787200
2018-06-23 00:00,1961550.8618868600
2018-06-24 00:00,2341730.0602708500
2018-06-25 00:00,1938630.9082675700
2018-06-26 00:00,1929840.2739346800
2018-06-27 00:00,1798890.7890926200
2018-06-28 00:00,2164887.9273632700
2018-06-29 00:00,1243160.5796013800
2018-06-30 00:00,1006584.4324827100
2018-07-01 00:00,1421853.4170806600
2018-07-02 00:00,1803005.5014703000
2018-07-03 00:00,1541034.4088616600
2018-07-04 00:00,1649713.4094767200
2018-07-05 00:00,1580813.2896504100
2018-07-06 00:00,1117012.7144465600
2018-07-07 00:00,1268372.7082034000
2018-07-08 00:00,1747130.0596458000
2018-07-09 00:00,1910132.3756715300
2018-07-10 00:00,1422500.3966653900
2018-07-11 00:00,1303158.4730513400
2018-07-12 00:00,1246329.6598690700
2018-07-13 00:00,931178.6807655600
2018-07-14 00:00,794884.6501836800
2018-07-15 00:00,1726274.5509635300
2018-07-16 00:00,1782157.5935609800
2018-07-17 00:00,2030429.7561824200
2018-07-18 00:00,1657529.4787112700
2018-07-19 00:00,1761511.9319941200
2018-07-20 00:00,1081733.4690242500
2018-07-21 00:00,1035702.1090738800
2018-07-22 00:00,1632628.7064551100
2018-07-23 00:00,1731677.7616956600
2018-07-24 00:00,1520782.8084552800
2018-07-25 00:00,1234565.6432042600
2018-07-26 00:00,1359218.6181436800
2018-07-27 00:00,793398.6279591700
2018-07-28 00:00,767714.9724617200
2018-07-29 00:00,1558135.6598984000
2018-07-30 00:00,2837109.8634471300
2018-07-31 00:00,1512449.4182283500
2018-08-01 00:00,1583880.2349282500
2018-08-02 00:00,1317989.5800107400
2018-08-03 00:00,943641.1626833300
2018-08-04 00:00,887722.3049043100
2018-08-05 00:00,1223238.0711197400
2018-08-06 00:00,1374667.6195456600
2018-08-07 00:00,2065127.6976095300
2018-08-08 00:00,1609584.6000587500
2018-08-09 00:00,1821250.7283139700
2018-08-10 00:00,1654097.4222975300
2018-08-11 00:00,1011181.2737052100
2018-08-12 00:00,2493437.1306528700
2018-08-13 00:00,3134811.3508007800
2018-08-14 00:00,2331173.2873615700
2018-08-15 00:00,1541521.7054737100
2018-08-16 00:00,1866785.0514430000
2018-08-17 00:00,1111567.2383080100
2018-08-18 00:00,786372.3422543400
2018-08-19 00:00,1454266.8356221600
2018-08-20 00:00,1468703.7529284700
2018-08-21 00:00,1736364.9010384800
2018-08-22 00:00,1464949.5541125300
2018-08-23 00:00,1424756.6094793000
2018-08-24 00:00,1076418.6530998700
2018-08-25 00:00,998773.8750009800
2018-08-26 00:00,1616299.9783261000
2018-08-27 00:00,1454788.1604269900
2018-08-28 00:00,1559279.0349087400
2018-08-29 00:00,1423190.0935373900
2018-08-30 00:00,1503419.0686312900
2018-08-31 00:00,1145039.4654422100
2018-09-01 00:00,911774.2358071800
2018-09-02 00:00,1789921.6648858400
2018-09-03 00:00,2899220.2136909700
2018-09-04 00:00,2466631.7452970200
2018-09-05 00:00,3022016.5314600500
2018-09-06 00:00,2565296.1457112000
2018-09-07 00:00,2104371.7802551300
2018-09-08 00:00,2169831.5477683800
2018-09-09 00:00,2462209.8669961800
2018-09-10 00:00,2458399.1184295500
2018-09-11 00:00,3764925.6894698300
2018-09-12 00:00,2363923.0842040400
2018-09-13 00:00,2134111.6310395800
2018-09-14 00:00,1431922.6066385500
2018-09-15 00:00,1217624.4262802700
2018-09-16 00:00,1943129.2965775100
2018-09-17 00:00,1818208.2190401800
2018-09-18 00:00,1548035.4995515000
2018-09-19 00:00,1888698.9308751800
2018-09-20 00:00,2910347.5264773400
2018-09-21 00:00,1568293.2685398300
2018-09-22 00:00,1382596.8658669000
2018-09-23 00:00,1885843.3003317200
2018-09-24 00:00,1878448.9153253100
2018-09-25 00:00,1845981.4813830400
2018-09-26 00:00,1663757.9824372800
2018-09-27 00:00,1691587.5463588100
2018-09-28 00:00,1426118.3420441600
2018-09-29 00:00,1350676.4307715300
2018-09-30 00:00,1251000.2508441200
2018-10-01 00:00,1094550.5932987500
2018-10-02 00:00,1600608.1623198200
2018-10-03 00:00,1597171.1004571900
2018-10-04 00:00,1478364.7140167700
2018-10-05 00:00,1061365.4621160900
2018-10-06 00:00,973764.2062370500
2018-10-07 00:00,1625401.7139073900
2018-10-08 00:00,1419581.4238543200
2018-10-09 00:00,1479965.4657212400
2018-10-10 00:00,3085627.8793387300
2018-10-11 00:00,2018937.0310759600
2018-10-12 00:00,1191877.1048444800
2018-10-13 00:00,1150707.7536894100
2018-10-14 00:00,3347356.8572030000
2018-10-15 00:00,2240540.2559788700
2018-10-16 00:00,1917285.5944392600
2018-10-17 00:00,2347803.0914235300
2018-10-18 00:00,1677598.3331201500
2018-10-19 00:00,1434973.8390959200
2018-10-20 00:00,1963437.0989135800
2018-10-21 00:00,1604513.5351067100
2018-10-22 00:00,1710464.8671541800
2018-10-23 00:00,1636016.0473745800
2018-10-24 00:00,2217823.1573607900
2018-10-25 00:00,1720982.8050834300
2018-10-26 00:00,993700.4289933700
2018-10-27 00:00,1014517.7839725400
2018-10-28 00:00,1984654.5424155200
2018-10-29 00:00,1674776.8417653200
2018-10-30 00:00,1743380.4264389300
2018-10-31 00:00,1622083.0634023000
2018-11-01 00:00,1881757.0157738300
2018-11-02 00:00,1092616.8213055100
2018-11-03 00:00,1530609.9951111800
2018-11-04 00:00,2362078.2341670000
2018-11-05 00:00,1865749.9642308400
2018-11-06 00:00,2124572.2705359800
2018-11-07 00:00,1725588.0564903900
2018-11-08 00:00,1654738.3331966000
2018-11-09 00:00,1108410.1765449200
2018-11-10 00:00,1119581.7343561100
2018-11-11 00:00,1867574.3768891100
2018-11-12 00:00,1699861.8576386800
2018-11-13 00:00,2988276.4073845100
2018-11-14 00:00,3160761.5912061800
2018-11-15 00:00,2245846.8532932400
2018-11-16 00:00,1400800.2561234000
2018-11-17 00:00,1896227.3694200800
2018-11-18 00:00,4835824.4934874600
2018-11-19 00:00,5668970.3511289200
2018-11-20 00:00,3816254.4357576700
2018-11-21 00:00,2659141.7614428800
2018-11-22 00:00,3055050.8817473000
2018-11-23 00:00,2267909.8307806300
2018-11-24 00:00,3954492.1335461700
2018-11-25 00:00,3414292.9080343200
2018-11-26 00:00,2857105.3908444500
2018-11-27 00:00,3377882.3739366000
2018-11-28 00:00,3622676.1062105800
2018-11-29 00:00,17444117.8265251200
2018-11-30 00:00,15056993.0083256200
2018-12-01 00:00,1418884.5194525900
2018-12-02 00:00,2275264.9319304000
2018-12-03 00:00,2280698.5682660300
2018-12-04 00:00,2875231.9169839600
2018-12-05 00:00,3814294.3364386200
2018-12-06 00:00,4893099.0913895300
2018-12-07 00:00,2710195.9285049200
2018-12-08 00:00,2369621.8234814300
2018-12-09 00:00,2488181.6828734800
2018-12-10 00:00,2573334.3572490000
2018-12-11 00:00,2327490.1335876500
2018-12-12 00:00,2995971.5849992700
2018-12-13 00:00,2703996.8611368700
2018-12-14 00:00,1821237.8979353600
2018-12-15 00:00,1828129.8040997800
2018-12-16 00:00,3457459.8874142700
2018-12-17 00:00,3232928.6182962600
2018-12-18 00:00,4338096.8838806600
2018-12-19 00:00,4425331.0349962300
2018-12-20 00:00,4502979.6253593600
2018-12-21 00:00,2107382.5666269800
2018-12-22 00:00,2955331.8876267700
2018-12-23 00:00,3920086.2919348100
2018-12-24 00:00,2415494.0409184400
2018-12-25 00:00,2141568.7613800300
2018-12-26 00:00,2829084.8674118800
2018-12-27 00:00,2981550.2382850100
2018-12-28 00:00,3777948.9732867000
2018-12-29 00:00,1623330.7700232800
2018-12-30 00:00,2097419.7531014700
2018-12-31 00:00,1663220.9465765400
2019-01-01 00:00,2742008.4291465800
2019-01-02 00:00,2496201.6649235500
2019-01-03 00:00,3822117.5534060500
2019-01-04 00:00,4174004.3413525500
2019-01-05 00:00,2404617.8498409200
2019-01-06 00:00,2624974.4832410400
2019-01-07 00:00,2341804.9220136400
2019-01-08 00:00,2193748.4527440700
2019-01-09 00:00,3152601.5497564500
2019-01-10 00:00,3884310.5622643000
2019-01-11 00:00,1485545.5279077500
2019-01-12 00:00,1773340.9847314600
2019-01-13 00:00,3458080.8144503600
2019-01-14 00:00,2383768.1446273200
2019-01-15 00:00,2648468.3739686100
2019-01-16 00:00,2157154.0063640500
2019-01-17 00:00,1767528.8289694400
2019-01-18 00:00,1458592.1983947200
2019-01-19 00:00,1719767.7682281500
2019-01-20 00:00,1836706.7154650300
2019-01-21 00:00,1842306.6710717800
2019-01-22 00:00,1990636.3091228000
2019-01-23 00:00,2378625.5651969700
2019-01-24 00:00,1971436.9935999200
2019-01-25 00:00,1290249.4632941600
2019-01-26 00:00,1869090.0620120300
2019-01-27 00:00,3249535.5629019000
2019-01-28 00:00,2283474.6833933000
2019-01-29 00:00,2366180.3566491800
2019-01-30 00:00,2356700.2432299200
2019-01-31 00:00,1955694.9025815400
2019-02-01 00:00,1218731.0461093500
2019-02-02 00:00,1299699.5262276400
2019-02-03 00:00,1027598.7689990500
2019-02-04 00:00,990290.7533989000
2019-02-05 00:00,1754603.0827788700
2019-02-06 00:00,1450070.5491919400
2019-02-07 00:00,2153096.3283788300
2019-02-08 00:00,1158402.8261021400
2019-02-09 00:00,1448808.1389844700
2019-02-10 00:00,1909262.7893281900
2019-02-11 00:00,1535412.4739122000
2019-02-12 00:00,1804430.2378644200
2019-02-13 00:00,1666614.5183479200
2019-02-14 00:00,1556760.8599924400
2019-02-15 00:00,1079090.8964509400
2019-02-16 00:00,1757046.1006011900
2019-02-17 00:00,3013046.5579479500
2019-02-18 00:00,2777423.9869083300
2019-02-19 00:00,2226522.7863007800
2019-02-20 00:00,2148847.3987524100
2019-02-21 00:00,2111156.8879264300
2019-02-22 00:00,1531872.6697707100
2019-02-23 00:00,2876372.1111572400
2019-02-24 00:00,3724676.3677363100
2019-02-25 00:00,1885230.0503677000
2019-02-26 00:00,2925709.6974378000
2019-02-27 00:00,2355931.7285975800
2019-02-28 00:00,1860507.3481659500
2019-03-01 00:00,1490570.5944488400
2019-03-02 00:00,1700420.0030071700
2019-03-03 00:00,2501269.9826894000
2019-03-04 00:00,2338021.8377371400
2019-03-05 00:00,2206409.1742879200
2019-03-06 00:00,2139380.3944931800
2019-03-07 00:00,2409746.0595161100
2019-03-08 00:00,1827981.2848499900
2019-03-09 00:00,1716402.6835182000
2019-03-10 00:00,2469461.2666605800
2019-03-11 00:00,2369168.2017207200
2019-03-12 00:00,2073097.8565124700
2019-03-13 00:00,2285826.4911567500
2019-03-14 00:00,2202612.2619509000
2019-03-15 00:00,1924366.9398958200
2019-03-16 00:00,1753845.6885993100
2019-03-17 00:00,2595749.5080252600
2019-03-18 00:00,1901124.7854226500
2019-03-19 00:00,2892643.8978126700
2019-03-20 00:00,2499652.1403851000
2019-03-21 00:00,2076679.2459602300
2019-03-22 00:00,2571875.6076872200
2019-03-23 00:00,1785984.6994652200
2019-03-24 00:00,2877417.1268116600
2019-03-25 00:00,2554971.1641950600
2019-03-26 00:00,2297827.5608232500
2019-03-27 00:00,2338543.1953183800
2019-03-28 00:00,2592731.0232512100
2019-03-29 00:00,2517297.1883596200
2019-03-30 00:00,2182034.4821529800
2019-03-31 00:00,2446866.3342538400
2019-04-01 00:00,4118770.3018368800
2019-04-02 00:00,4184739.1098462100
2019-04-03 00:00,2909181.1617471100
2019-04-04 00:00,2696609.6565339500
2019-04-05 00:00,1864086.0621127900
2019-04-06 00:00,2408224.8599843300
2019-04-07 00:00,3791987.1217954500
2019-04-08 00:00,3348679.7250393600
2019-04-09 00:00,2861163.3440121000
2019-04-10 00:00,2937600.3357663800
2019-04-11 00:00,2517051.7110159100
2019-04-12 00:00,1529212.9504208900
2019-04-13 00:00,1742540.1794883100
2019-04-14 00:00,2557170.3526792800
2019-04-15 00:00,2219684.6669712200
2019-04-16 00:00,2229322.3304187000
2019-04-17 00:00,2632801.2462549900
2019-04-18 00:00,2313734.2311355700
2019-04-19 00:00,1878097.1794435000
2019-04-20 00:00,2005704.7371638800
2019-04-21 00:00,2407467.8912771000
2019-04-22 00:00,2774954.5178367400
2019-04-23 00:00,3482929.6925214300
2019-04-24 00:00,3154446.8260210100
2019-04-25 00:00,4521996.7193939900
2019-04-26 00:00,1917200.3271815000
2019-04-27 00:00,2320797.5260805100
2019-04-28 00:00,3086454.6264122600
2019-04-29 00:00,2963662.8901896900
2019-04-30 00:00,2620421.3621080300
2019-05-01 00:00,2104888.8476340800
2019-05-02 00:00,2525388.4560798000
2019-05-03 00:00,1986201.5609134400
2019-05-04 00:00,1854079.9759800700
2019-05-05 00:00,3006866.8355053800
2019-05-06 00:00,3393020.0552789400
2019-05-07 00:00,3109613.9645293000
2019-05-08 00:00,2845516.7210566200
2019-05-09 00:00,2855455.9391664100
2019-05-10 00:00,4518816.1678212300
2019-05-11 00:00,2865843.8771618400
2019-05-12 00:00,3970226.9070232900
2019-05-13 00:00,3517882.9954214200
2019-05-14 00:00,4388979.3911917700
2019-05-15 00:00,7046631.6590103400
2019-05-16 00:00,4598948.7377881000
2019-05-17 00:00,2281948.7457475600
2019-05-18 00:00,2389910.6066284900
2019-05-19 00:00,3154540.8038117700
2019-05-20 00:00,2831887.9080330300
2019-05-21 00:00,2883891.1158007600
2019-05-22 00:00,3081392.0501099700
2019-05-23 00:00,2501676.8166313800
2019-05-24 00:00,1869079.9745739400
2019-05-25 00:00,2433157.8277059100
2019-05-26 00:00,3267986.9790071800
2019-05-27 00:00,2477921.7023183900
2019-05-28 00:00,3823726.8668178900
2019-05-29 00:00,3641703.6121012700
2019-05-30 00:00,3484173.8970918900
2019-05-31 00:00,1874209.5592715600
2019-06-01 00:00,1601813.6050997900
2019-06-02 00:00,2868178.3256102800
2019-06-03 00:00,3284932.3601096000
2019-06-04 00:00,3422458.1974263000
2019-06-05 00:00,2036189.4145693000
2019-06-06 00:00,2042810.9188443800
2019-06-07 00:00,1262998.6114591200
2019-06-08 00:00,1804366.9975073800
2019-06-09 00:00,2496532.4345230500
2019-06-10 00:00,2196441.5866627200
2019-06-11 00:00,2405482.9857836700
2019-06-12 00:00,2695064.5217113400
2019-06-13 00:00,2720030.5724796600
2019-06-14 00:00,3559511.2705830000
2019-06-15 00:00,2915236.7860652600
2019-06-16 00:00,1282085.4095997200
2019-06-17 00:00,2843384.4624083100
2019-06-18 00:00,2996856.5033979200
2019-06-19 00:00,2218650.3763351700
2019-06-20 00:00,3018823.8589196300
2019-06-21 00:00,2816144.0941902600
2019-06-22 00:00,2143749.7630455600
2019-06-23 00:00,2497094.7520159700
2019-06-24 00:00,2865844.3115076600
2019-06-25 00:00,3729842.2904330100
2019-06-26 00:00,3700842.6787768000
2019-06-27 00:00,2696923.0042992200
2019-06-28 00:00,2565542.9802277800
2019-06-29 00:00,1967893.5606076800
2019-06-30 00:00,2444378.2353677700
2019-07-01 00:00,2300301.2785934500
2019-07-02 00:00,2062021.7155213700
2019-07-03 00:00,1744039.7466600000
2019-07-04 00:00,1635974.3197707000
2019-07-05 00:00,1142207.2556967000
2019-07-06 00:00,1423743.6874429400
2019-07-07 00:00,1774532.3080412500
2019-07-08 00:00,4254103.8853967600
2019-07-09 00:00,2472117.7137226200
2019-07-10 00:00,3734948.6664653500
2019-07-11 00:00,1854215.7950942100
2019-07-12 00:00,1037947.9893332900
2019-07-13 00:00,2216831.7880456500
2019-07-14 00:00,3047156.1489334200
2019-07-15 00:00,2549799.6676483100
2019-07-16 00:00,2907332.7119779100
2019-07-17 00:00,2398537.1987346700
2019-07-18 00:00,1979763.8792255100
2019-07-19 00:00,1378882.3382076900
2019-07-20 00:00,1110689.3077431900
2019-07-21 00:00,1643687.4408962100
2019-07-22 00:00,1567995.2580769200
2019-07-23 00:00,1568586.9885292100
2019-07-24 00:00,1651897.8276696900
2019-07-25 00:00,2553563.0478608000
2019-07-26 00:00,1149445.4355771300
2019-07-27 00:00,975568.1307735100
2019-07-28 00:00,1719555.2755042400
2019-07-29 00:00,1716480.4480758900
2019-07-30 00:00,1682851.0170614900
2019-07-31 00:00,2919157.1228211900
2019-08-01 00:00,1916418.7193096100
2019-08-02 00:00,1258149.8310993200
2019-08-03 00:00,969900.4811303200
2019-08-04 00:00,2830783.1493714500
2019-08-05 00:00,2276789.2926395900
2019-08-06 00:00,1781294.0544080500
2019-08-07 00:00,2147849.8755578100
2019-08-08 00:00,1869514.0473035200
2019-08-09 00:00,1374857.5664927900
2019-08-10 00:00,1189433.7503447600
2019-08-11 00:00,1516357.1413516300
2019-08-12 00:00,1649808.1966689100
2019-08-13 00:00,2269633.3334197000
2019-08-14 00:00,2615672.2036486700
2019-08-15 00:00,2062046.8851035500
2019-08-16 00:00,1230198.2205209600
2019-08-17 00:00,1239127.5236286200
2019-08-18 00:00,1720793.1784672400
2019-08-19 00:00,2414142.6848586200
2019-08-20 00:00,1781907.4749853800
2019-08-21 00:00,1797506.1961816800
2019-08-22 00:00,1806803.2819577500
2019-08-23 00:00,1256795.1844955600
2019-08-24 00:00,1234821.6611512700
2019-08-25 00:00,1872622.8486793800
2019-08-26 00:00,1607868.5848861000
2019-08-27 00:00,1907020.9274044900
2019-08-28 00:00,2023778.3729454800
2019-08-29 00:00,2030029.5261243100
2019-08-30 00:00,2466853.0807410000
2019-08-31 00:00,1219585.4301376300
2019-09-01 00:00,1786516.5040867600
2019-09-02 00:00,2591203.6784965200
2019-09-03 00:00,1913413.4137578900
2019-09-04 00:00,1688970.5430071100
2019-09-05 00:00,1821217.9556750600
2019-09-06 00:00,1900259.7742921400
2019-09-07 00:00,1549695.6640498000
2019-09-08 00:00,1943467.8231873600
2019-09-09 00:00,1481490.3450491500
2019-09-10 00:00,1859361.6954250800
2019-09-11 00:00,1554651.5745531700
2019-09-12 00:00,1955988.0787361100
2019-09-13 00:00,1184486.8776807100
2019-09-14 00:00,1324190.5155890900
2019-09-15 00:00,2343628.0970790500
2019-09-16 00:00,2412951.8461781500
2019-09-17 00:00,2604106.2209207200
2019-09-18 00:00,1948800.1931049600
2019-09-19 00:00,1885886.5576983700
2019-09-20 00:00,1053593.3088023000
2019-09-21 00:00,1055966.3140630700
2019-09-22 00:00,1793264.0558888000
2019-09-23 00:00,3329383.0347825100
2019-09-24 00:00,2771753.2880606200
2019-09-25 00:00,2750587.9025926400
2019-09-26 00:00,2180978.8857708900
2019-09-27 00:00,1587837.5234839000
2019-09-28 00:00,1279604.5308603000
2019-09-29 00:00,2625347.9719504800
2019-09-30 00:00,1693312.1628472200
2019-10-01 00:00,1247731.3185314800
2019-10-02 00:00,1003700.9610989700
2019-10-03 00:00,1125119.9097293800
2019-10-04 00:00,860486.2917050400
2019-10-05 00:00,959674.0548826200
2019-10-06 00:00,1426501.3389536200
2019-10-07 00:00,1641597.8891310500
2019-10-08 00:00,1852291.3654500300
2019-10-09 00:00,1396675.5732977700
2019-10-10 00:00,1471101.4146736100
2019-10-11 00:00,1220823.4538420300
2019-10-12 00:00,815538.7538824200
2019-10-13 00:00,2080218.2025410500
2019-10-14 00:00,1339152.2286298000
2019-10-15 00:00,1481981.0995880800
2019-10-16 00:00,1204187.6963619800
2019-10-17 00:00,1697470.1448274800
2019-10-18 00:00,880528.5013170300
2019-10-19 00:00,1201009.2427330400
2019-10-20 00:00,1358457.1583659000
2019-10-21 00:00,1342625.4171761300
2019-10-22 00:00,2556773.9790460600
2019-10-23 00:00,2467396.6253396300
2019-10-24 00:00,1975379.6437271500
2019-10-25 00:00,2314230.0229570900
2019-10-26 00:00,1213105.0093680400
2019-10-27 00:00,3126825.1679745600
2019-10-28 00:00,1980691.1940186300
2019-10-29 00:00,1746424.1034775500
2019-10-30 00:00,1717755.2652527000
2019-10-31 00:00,1399245.0465809200
2019-11-01 00:00,937994.3272032700
2019-11-02 00:00,1056567.9956382800
2019-11-03 00:00,1797762.8257634500
2019-11-04 00:00,2249870.3391056400
2019-11-05 00:00,1352191.2520798200
2019-11-06 00:00,1210878.3660750400
2019-11-07 00:00,1445294.0762570400
2019-11-08 00:00,844928.5081793700
2019-11-09 00:00,804202.9078345000
2019-11-10 00:00,1239795.0182226500
2019-11-11 00:00,1678087.9283542200
2019-11-12 00:00,1297127.3952724900
2019-11-13 00:00,1128505.5104096000
2019-11-14 00:00,1489997.3920635100
2019-11-15 00:00,851126.5351564000
2019-11-16 00:00,791855.7360721400
2019-11-17 00:00,1391229.1651905500
2019-11-18 00:00,1460478.5316799800
2019-11-19 00:00,1334281.6520130900
2019-11-20 00:00,1928106.4252877000
2019-11-21 00:00,3355561.8154823100
2019-11-22 00:00,1236724.6021936500
2019-11-23 00:00,1059064.1351622000
2019-11-24 00:00,2914215.1135078600
2019-11-25 00:00,1349502.2006381100
2019-11-26 00:00,2250277.1039020000
2019-11-27 00:00,2050401.1172082100
2019-11-28 00:00,1387581.1998964800
2019-11-29 00:00,1308249.6342329100
2019-11-30 00:00,836737.5210082700
2019-12-01 00:00,1703765.3447843600
2019-12-02 00:00,976571.5135735400
2019-12-03 00:00,1398034.6809505700
2019-12-04 00:00,1379274.6855294300
2019-12-05 00:00,1350043.4446016900
2019-12-06 00:00,747696.3741519100
2019-12-07 00:00,558284.9473963200
2019-12-08 00:00,1158211.3135175400
2019-12-09 00:00,1558705.4724579500
2019-12-10 00:00,891934.5875738600
2019-12-11 00:00,1182491.4905348500
2019-12-12 00:00,1093842.7313082900
2019-12-13 00:00,799171.3172912300
2019-12-14 00:00,651202.9687578800
2019-12-15 00:00,1557891.6140895200
2019-12-16 00:00,2672187.7448997400
2019-12-17 00:00,3078072.9982277400
2019-12-18 00:00,3259791.0856976300
2019-12-19 00:00,1369119.0835570800
2019-12-20 00:00,853364.3606803500
2019-12-21 00:00,814715.2799324400
2019-12-22 00:00,1804486.7841182500
2019-12-23 00:00,1213112.5137215600
2019-12-24 00:00,1461918.0050162700
2019-12-25 00:00,1169763.7754839100
2019-12-26 00:00,1258463.0927713100
2019-12-27 00:00,990207.1436057200
2019-12-28 00:00,1017221.4017898300
2019-12-29 00:00,1466476.8212759800
2019-12-30 00:00,2075969.5724319900
2019-12-31 00:00,621340.6351381900
2020-01-01 00:00,1115197.5168957400
2020-01-02 00:00,1844572.7603935700
2020-01-03 00:00,1146884.7924247700
2020-01-04 00:00,897801.7040404700
2020-01-05 00:00,1670128.5812038100
2020-01-06 00:00,1403762.7338716700
2020-01-07 00:00,1941054.9049802400
2020-01-08 00:00,1340908.2742771000
2020-01-09 00:00,1274865.9149009400
2020-01-10 00:00,1352950.2880358900
2020-01-11 00:00,1002908.8566663200
2020-01-12 00:00,1435644.4125638100
2020-01-13 00:00,2605130.1987083200
2020-01-14 00:00,2101876.4866150400
2020-01-15 00:00,1690942.0975128100
2020-01-16 00:00,1586057.0552459400
2020-01-17 00:00,1734177.1463031300
2020-01-18 00:00,1186020.2043255900
2020-01-19 00:00,1065561.7718692100
2020-01-20 00:00,988353.9131107900
2020-01-21 00:00,922554.6702734900
2020-01-22 00:00,1110879.1554622300
2020-01-23 00:00,1495308.1489485500
2020-01-24 00:00,449477.1364734700
2020-01-25 00:00,612774.7823344800
2020-01-26 00:00,1079997.2719273500
2020-01-27 00:00,1185795.9213580500
2020-01-28 00:00,1278851.1240273300
2020-01-29 00:00,1356802.4895784600
2020-01-30 00:00,1913811.4105223500
2020-01-31 00:00,1091908.6620764900
2020-02-01 00:00,1099085.2873119700
2020-02-02 00:00,1316218.9146114600
2020-02-03 00:00,1569297.6965957200
2020-02-04 00:00,1577029.8237763000
2020-02-05 00:00,2317172.1446762700
2020-02-06 00:00,2404786.7567973200
2020-02-07 00:00,1284008.5845272200
2020-02-08 00:00,1313865.7883322000
2020-02-09 00:00,1809925.7686156000
2020-02-10 00:00,1434432.0673107300
2020-02-11 00:00,2760685.2379384500
2020-02-12 00:00,2302548.4665772700
2020-02-13 00:00,1909022.3745181800
2020-02-14 00:00,1879607.3570077500
2020-02-15 00:00,1672435.5143389500
2020-02-16 00:00,2660117.8610343200
2020-02-17 00:00,2256066.2470568800
2020-02-18 00:00,1765364.7846373100
2020-02-19 00:00,2262372.4128542000
2020-02-20 00:00,1705535.5054752900
2020-02-21 00:00,929874.0979707200
2020-02-22 00:00,1242211.5551744300
2020-02-23 00:00,1701655.5917994800
2020-02-24 00:00,1869689.5476172000
2020-02-25 00:00,2837743.6324929400
2020-02-26 00:00,2672006.7599152600
2020-02-27 00:00,1788333.8306730900
2020-02-28 00:00,1151797.0651520400
2020-02-29 00:00,1651573.8600903400
2020-03-01 00:00,2570660.0217569900
2020-03-02 00:00,1757933.5634803700
2020-03-03 00:00,1477816.5541275700
2020-03-04 00:00,1734948.8661955600
2020-03-05 00:00,1888272.1761340400
2020-03-06 00:00,1185987.7928233500
2020-03-07 00:00,1869348.3559212900
2020-03-08 00:00,3831028.5091303300
2020-03-09 00:00,2622071.1689274900
2020-03-10 00:00,2438777.2331573900
2020-03-11 00:00,9261760.2116321800
2020-03-12 00:00,8173935.8271122800
2020-03-13 00:00,3159401.9709831500
2020-03-14 00:00,3137812.7553997600
2020-03-15 00:00,6249897.8832350100
2020-03-16 00:00,3318930.3527816800
2020-03-17 00:00,2767603.3670941400
2020-03-18 00:00,3809011.2669293300
2020-03-19 00:00,3743923.4788977600
2020-03-20 00:00,1684280.4790141800
2020-03-21 00:00,1741480.6501449400
2020-03-22 00:00,2617776.0170034900
2020-03-23 00:00,4373591.7519884700
2020-03-24 00:00,2302731.1315259100
2020-03-25 00:00,2112343.8537096100
2020-03-26 00:00,1722884.3309523400
2020-03-27 00:00,1870116.4586064800
2020-03-28 00:00,1216900.4571057900
2020-03-29 00:00,1633024.6273127200
2020-03-30 00:00,2086289.5047212300
2020-03-31 00:00,1426840.8176277400
2020-04-01 00:00,2228325.6515437500
2020-04-02 00:00,2194215.9548139300
2020-04-03 00:00,1190021.9318750400
2020-04-04 00:00,957678.2035858400
2020-04-05 00:00,2687078.8391838600
2020-04-06 00:00,2814904.5672656800
2020-04-07 00:00,1829722.1615995100
2020-04-08 00:00,1524717.5653443400
2020-04-09 00:00,3089935.9852355200
2020-04-10 00:00,995203.7558011600
2020-04-11 00:00,1073846.8826228000
2020-04-12 00:00,2123711.7323770800
2020-04-13 00:00,1364604.7931277700
2020-04-14 00:00,1377288.8362479100
2020-04-15 00:00,2729273.2233581400
2020-04-16 00:00,1682277.5798938200
2020-04-17 00:00,1733572.5425145100
2020-04-18 00:00,1431517.1809763400
2020-04-19 00:00,2546095.5113101100
2020-04-20 00:00,2120997.5242849700
2020-04-21 00:00,1966288.7317422300
2020-04-22 00:00,2160235.9518489400
2020-04-23 00:00,3367047.8637028500
2020-04-24 00:00,1453475.3754301800
2020-04-25 00:00,1359248.4670645800
2020-04-26 00:00,2069714.7640401700
2020-04-27 00:00,1294935.6018321800
2020-04-28 00:00,2661487.8851867900
2020-04-29 00:00,3123455.7424281500
2020-04-30 00:00,1458208.4540783100
2020-05-01 00:00,1220964.9951753700
2020-05-02 00:00,1244364.2328923500
2020-05-03 00:00,1678121.3716263000
2020-05-04 00:00,1625778.2357354400
2020-05-05 00:00,2172685.8976521100
2020-05-06 00:00,2986125.4236708700
2020-05-07 00:00,2186997.1369318600
2020-05-08 00:00,1463027.8925672900
2020-05-09 00:00,3212424.5126283700
2020-05-10 00:00,2391190.3298836800
2020-05-11 00:00,2424630.4445800400
2020-05-12 00:00,2482141.4617494100
2020-05-13 00:00,2262668.4151124800
2020-05-14 00:00,1936511.7837589300
2020-05-15 00:00,1259185.9920560100
2020-05-16 00:00,1345355.8967351400
2020-05-17 00:00,2095237.5597223800
2020-05-18 00:00,1580767.3465090000
2020-05-19 00:00,1661874.6629317700
2020-05-20 00:00,2008356.5092545200
2020-05-21 00:00,1856043.8971614700
2020-05-22 00:00,1654490.4451203400
2020-05-23 00:00,1238232.9011104600
2020-05-24 00:00,1526132.6578227700
2020-05-25 00:00,1895985.6564530000
2020-05-26 00:00,1525928.4657998300
2020-05-27 00:00,2097726.5911375400
2020-05-28 00:00,2623623.5456125700
2020-05-29 00:00,2429727.5678385000
2020-05-30 00:00,2169151.6364589300
2020-05-31 00:00,2092682.3738299600
2020-06-01 00:00,3734431.5888047000
2020-06-02 00:00,1509970.6671871500
2020-06-03 00:00,1578141.4633735500
2020-06-04 00:00,1887817.9242611000
2020-06-05 00:00,906374.2851434500
2020-06-06 00:00,1136298.6752953400
2020-06-07 00:00,1565967.2655270900
2020-06-08 00:00,1628999.5548488400
2020-06-09 00:00,1854046.0856705200
2020-06-10 00:00,2389376.2019605400
2020-06-11 00:00,1629946.2549404000
2020-06-12 00:00,840289.5446994500
2020-06-13 00:00,1006949.1495591000
2020-06-14 00:00,2618488.3918539000
2020-06-15 00:00,1639904.6871894000
2020-06-16 00:00,1620632.5134893300
2020-06-17 00:00,1833422.5371162000
2020-06-18 00:00,1919109.0585592300
2020-06-19 00:00,1037739.5515652200
2020-06-20 00:00,1507277.5133681000
2020-06-21 00:00,2500966.8885551500
2020-06-22 00:00,2367569.4455634600
2020-06-23 00:00,4181727.9596934800
2020-06-24 00:00,5530577.2947360800
2020-06-25 00:00,2795779.7836607800
2020-06-26 00:00,1809875.1928862200
2020-06-27 00:00,1336871.2546248500
2020-06-28 00:00,1559098.2337955800
2020-06-29 00:00,1991475.9529703700
2020-06-30 00:00,1825884.4850646400
2020-07-01 00:00,1806203.0048843400
2020-07-02 00:00,1775379.4772177700
2020-07-03 00:00,1192580.9072708800
2020-07-04 00:00,1016467.3147712600
2020-07-05 00:00,2255445.2336574300
2020-07-06 00:00,2259226.1819735100
2020-07-07 00:00,3164163.0512417500
2020-07-08 00:00,2422374.9878012700
2020-07-09 00:00,2446642.6771668300
2020-07-10 00:00,1088690.7088375900
2020-07-11 00:00,1225615.3937520200
2020-07-12 00:00,2482855.4768923800
2020-07-13 00:00,3170951.8452917000
2020-07-14 00:00,1866033.0780567100
2020-07-15 00:00,2186452.6950661800
2020-07-16 00:00,1866907.0124412500
2020-07-17 00:00,1319900.9208206800
2020-07-18 00:00,1597555.3192905600
2020-07-19 00:00,2207698.2334934800
2020-07-20 00:00,2327923.5299409200
2020-07-21 00:00,2903443.9203122400
2020-07-22 00:00,5081199.3397498700
2020-07-23 00:00,3027277.5627379400
2020-07-24 00:00,2820024.4604483600
2020-07-25 00:00,3343289.4131568400
2020-07-26 00:00,4849421.5514476800
2020-07-27 00:00,3224583.3280248500
2020-07-28 00:00,3022422.4296532700
2020-07-29 00:00,3183093.7837411800
2020-07-30 00:00,3325987.6733784000
2020-07-31 00:00,3053650.5769090700
2020-08-01 00:00,3290863.3167082500
2020-08-02 00:00,3202331.2143669400
2020-08-03 00:00,3279363.8128589000
2020-08-04 00:00,2415271.8551841800
2020-08-05 00:00,2445042.7329623700
2020-08-06 00:00,2835088.4203285900
2020-08-07 00:00,1607211.0471238400
2020-08-08 00:00,1837119.3658884900
2020-08-09 00:00,3201744.3547824700
2020-08-10 00:00,3013349.2253542800
2020-08-11 00:00,4118019.8784226700
2020-08-12 00:00,3879701.6402191200
2020-08-13 00:00,4473632.9923772500
2020-08-14 00:00,2183036.0359560500
2020-08-15 00:00,2050408.7420816600
2020-08-16 00:00,2929922.3840988700
2020-08-17 00:00,2883483.7609010300
2020-08-18 00:00,2930330.0260350700
2020-08-19 00:00,2980042.7864127300
2020-08-20 00:00,3103108.1033709800
2020-08-21 00:00,2128704.6849186700
2020-08-22 00:00,1476812.1737913000
2020-08-23 00:00,2820425.5347250800
2020-08-24 00:00,2755860.2111561700
2020-08-25 00:00,2786447.6155266900
2020-08-26 00:00,2260961.4719402700
2020-08-27 00:00,3364776.1809868600
2020-08-28 00:00,2647759.3796714800
2020-08-29 00:00,3343105.2818688300
2020-08-30 00:00,5323260.4976184700
2020-08-31 00:00,6601765.2262888400
2020-09-01 00:00,6399545.1291677800
2020-09-02 00:00,6266034.0402308000
2020-09-03 00:00,6371010.2338880000
2020-09-04 00:00,6181411.3863727500
2020-09-05 00:00,5059136.3941318600
2020-09-06 00:00,4118771.0390009000
2020-09-07 00:00,3835176.9255277500
2020-09-08 00:00,4250869.8658685500
2020-09-09 00:00,5607881.8659559200
2020-09-10 00:00,4838721.6925974000
2020-09-11 00:00,4234967.9609110100
2020-09-12 00:00,4195255.0463927200
2020-09-13 00:00,5343508.5136700200
2020-09-14 00:00,4298488.3837956200
2020-09-15 00:00,4688210.4846894300
2020-09-16 00:00,5845176.2200792300
2020-09-17 00:00,6551285.1038665900
2020-09-18 00:00,3431902.8525646800
2020-09-19 00:00,3413195.0563654200
2020-09-20 00:00,4961834.0681472600
2020-09-21 00:00,3635380.3140492700
2020-09-22 00:00,4271299.9163386200
2020-09-23 00:00,3506805.2463565600
2020-09-24 00:00,3017114.2660629100
2020-09-25 00:00,2284078.4978445100
2020-09-26 00:00,2534543.5363133700
2020-09-27 00:00,3184793.8288975900
2020-09-28 00:00,3490501.5833270300
2020-09-29 00:00,3686168.0744711100
2020-09-30 00:00,3732161.9163804000
2020-10-01 00:00,3308696.4574583300
2020-10-02 00:00,1796289.9732691900
2020-10-03 00:00,1670698.8054466900
2020-10-04 00:00,2466123.6552036500
2020-10-05 00:00,2526374.6399140800
2020-10-06 00:00,3401395.3000528800
2020-10-07 00:00,2906985.3158260900
2020-10-08 00:00,3205848.3678932400
2020-10-09 00:00,2284708.0832525700
2020-10-10 00:00,1878756.5764552700
2020-10-11 00:00,2980105.4746833200
2020-10-12 00:00,2510849.8714522300
2020-10-13 00:00,3403784.3855154800
2020-10-14 00:00,2414244.2664364000
2020-10-15 00:00,2882664.6857508200
2020-10-16 00:00,1449630.3387911600
2020-10-17 00:00,1379462.5589258300
2020-10-18 00:00,2214875.1587357600
2020-10-19 00:00,2273550.4224030000
2020-10-20 00:00,3704632.1773750200
2020-10-21 00:00,3714301.2419713800
2020-10-22 00:00,2867745.8676586100
2020-10-23 00:00,1785165.0478130200
2020-10-24 00:00,1388563.7829776100
2020-10-25 00:00,3247773.9429642000
2020-10-26 00:00,2705025.8540218700
2020-10-27 00:00,3388737.5949241400
2020-10-28 00:00,2176642.6771556900
2020-10-29 00:00,3205998.2225646700
2020-10-30 00:00,1925399.2466044100
2020-10-31 00:00,1500209.2745686900
2020-11-01 00:00,3286727.4710659500
2020-11-02 00:00,2867643.4922842200
2020-11-03 00:00,3316641.6447190000
2020-11-04 00:00,3908848.3361759300
2020-11-05 00:00,4221057.1923893600
2020-11-06 00:00,3550181.4538129000
2020-11-07 00:00,1557935.1146917500
2020-11-08 00:00,2718134.9644304800
2020-11-09 00:00,2521813.2818529700
2020-11-10 00:00,3058484.6738198900
2020-11-11 00:00,3888023.8923507000
2020-11-12 00:00,3167378.3213812200
2020-11-13 00:00,1845922.5106510100
2020-11-14 00:00,1619489.1296004800
2020-11-15 00:00,2559550.1528433600
2020-11-16 00:00,4011244.3922502400
2020-11-17 00:00,4088822.2778805700
2020-11-18 00:00,2942343.4878672800
2020-11-19 00:00,3558982.3925845300
2020-11-20 00:00,4280150.7051401600
2020-11-21 00:00,3403164.1752270500
2020-11-22 00:00,4408622.4771030600
2020-11-23 00:00,5015910.7801562700
2020-11-24 00:00,2866157.6142467100
2020-11-25 00:00,4936012.4147638300
2020-11-26 00:00,3180971.0298602500
2020-11-27 00:00,1681323.9685867500
2020-11-28 00:00,1750073.7777697000
2020-11-29 00:00,3239118.0512278600
2020-11-30 00:00,4027111.7150089100
2020-12-01 00:00,2410970.7166559500
2020-12-02 00:00,2353252.1688756100
2020-12-03 00:00,2580139.7778318200
2020-12-04 00:00,1775569.4046531500
2020-12-05 00:00,1536388.4027973500
2020-12-06 00:00,2702858.8569150700
2020-12-07 00:00,2495847.7815827300
2020-12-08 00:00,3317173.3454625700
2020-12-09 00:00,2958305.8869498600
2020-12-10 00:00,2910279.7063333200
2020-12-11 00:00,1723965.1031049500
2020-12-12 00:00,1641055.8805443500
2020-12-13 00:00,2084363.8153975700
2020-12-14 00:00,2395017.4130043400
2020-12-15 00:00,3229329.2928463200
2020-12-16 00:00,4811887.9113572000
2020-12-17 00:00,3012237.0844147800
2020-12-18 00:00,2961109.5282602600
2020-12-19 00:00,1742247.0229534300
2020-12-20 00:00,3394746.5289068600
2020-12-21 00:00,3019119.6204322200
2020-12-22 00:00,2790800.5434470900
2020-12-23 00:00,2833884.3007367300
2020-12-24 00:00,1730262.6797473900
2020-12-25 00:00,1952821.0237665300
2020-12-26 00:00,3339940.2846503200
2020-12-27 00:00,3556077.7702344800
2020-12-28 00:00,4101719.7927571100
2020-12-29 00:00,3631796.3565818200
2020-12-30 00:00,3010460.8073619400
2020-12-31 00:00,2484638.8514083700
2021-01-01 00:00,2534455.9146719700
2021-01-02 00:00,5779956.7105928000
2021-01-03 00:00,7577167.9708690000
2021-01-04 00:00,4720236.0854694400
2021-01-05 00:00,5578526.7804601800
2021-01-06 00:00,5611434.4172546200
2021-01-07 00:00,5898894.2123080800
2021-01-08 00:00,3176433.6260910600
2021-01-09 00:00,3342907.4783716800
2021-01-10 00:00,6687421.7133956600
2021-01-11 00:00,3620203.1388137200
2021-01-12 00:00,3850728.7788436800
2021-01-13 00:00,8099976.7042757700
2021-01-14 00:00,3679051.4298334600
2021-01-15 00:00,2837947.4815269900
2021-01-16 00:00,2380150.3172526300
2021-01-17 00:00,2858576.0409157600
2021-01-18 00:00,5405635.9660074200
2021-01-19 00:00,5743671.7767818700
2021-01-20 00:00,4343600.3938551300
2021-01-21 00:00,4603529.5649849700
2021-01-22 00:00,2423284.0509461100
2021-01-23 00:00,3071550.9232972400
2021-01-24 00:00,3966375.9340934000
2021-01-25 00:00,3968784.9226416100
2021-01-26 00:00,3920709.2150026400
2021-01-27 00:00,3381013.2302218800
2021-01-28 00:00,5230745.3408077600
2021-01-29 00:00,3229303.3141992400
2021-01-30 00:00,2970261.0208087300
2021-01-31 00:00,3139621.9183998400
2021-02-01 00:00,4981397.4741833100
2021-02-02 00:00,4686965.9980628700
2021-02-03 00:00,5018221.6183922800
2021-02-04 00:00,4241404.7535511300
2021-02-05 00:00,3439830.8820478400
2021-02-06 00:00,2934560.7325864500
2021-02-07 00:00,3984782.5217444900
2021-02-08 00:00,3575268.9101074500
2021-02-09 00:00,3571783.5372791700
2021-02-10 00:00,2995575.5582196900
2021-02-11 00:00,3297817.5584083400
2021-02-12 00:00,2200764.8753984900
2021-02-13 00:00,2133225.8488281100
2021-02-14 00:00,2727075.8964331400
2021-02-15 00:00,2801506.9799988900
2021-02-16 00:00,3130066.7459950900
2021-02-17 00:00,3726110.6073748900
2021-02-18 00:00,3001526.0041136800
2021-02-19 00:00,3515543.5884541100
2021-02-20 00:00,2310096.2617617300
2021-02-21 00:00,4139927.1060479800
2021-02-22 00:00,6970524.0415674800
2021-02-23 00:00,3880190.1147877700
2021-02-24 00:00,3315944.7797446400
2021-02-25 00:00,4148106.4632564400
2021-02-26 00:00,2555530.1750035900
2021-02-27 00:00,3341537.2951141100
2021-02-28 00:00,3323433.1709938500
2021-03-01 00:00,3124460.3043059800
2021-03-02 00:00,2668911.7039624300
2021-03-03 00:00,3069994.0727856000
2021-03-04 00:00,2757515.9544788800
2021-03-05 00:00,2717911.0297748000
2021-03-06 00:00,5168935.0913869100
2021-03-07 00:00,3193256.5374950400
2021-03-08 00:00,3145715.7792699200
2021-03-09 00:00,3007570.0754527300
2021-03-10 00:00,3090329.7882482000
2021-03-11 00:00,3860795.7264057100
2021-03-12 00:00,2375295.4284963600
2021-03-13 00:00,1704675.6521617500
2021-03-14 00:00,3591410.7187323500
2021-03-15 00:00,3071138.1847599800
2021-03-16 00:00,2830695.8338688300
2021-03-17 00:00,2556626.6990511300
2021-03-18 00:00,2186740.5742233700
2021-03-19 00:00,1786181.6137462500
2021-03-20 00:00,1957645.7172850700
2021-03-21 00:00,2718705.7974139000
2021-03-22 00:00,2495659.1403088200
2021-03-23 00:00,2498265.6380051100
2021-03-24 00:00,4199632.3877353400
2021-03-25 00:00,2838044.1921238900
2021-03-26 00:00,1890872.1618703900
2021-03-27 00:00,1630696.5219557900
2021-03-28 00:00,3024434.5734982400
2021-03-29 00:00,3315977.4780762600
2021-03-30 00:00,3476101.6007984300
2021-03-31 00:00,2976445.1341154800
2021-04-01 00:00,4200209.1337297300
2021-04-02 00:00,4228692.2675947700
2021-04-03 00:00,2110183.3216550700
2021-04-04 00:00,3548547.3480460100
2021-04-05 00:00,2857486.6961024400
2021-04-06 00:00,2992776.0853190000
2021-04-07 00:00,2701554.1945680700
2021-04-08 00:00,2517721.5548026500
2021-04-09 00:00,2490965.6691827100
2021-04-10 00:00,1820097.6497542300
2021-04-11 00:00,2584220.3978730300
2021-04-12 00:00,3371850.4870087900
2021-04-13 00:00,3837216.5533263200
2021-04-14 00:00,2460989.8677879700
2021-04-15 00:00,3679416.1194323500
2021-04-16 00:00,2605635.7120918300
2021-04-17 00:00,5508303.1542152400
2021-04-18 00:00,3191399.2428783700
2021-04-19 00:00,2870577.0304663800
2021-04-20 00:00,3417845.9873700400
2021-04-21 00:00,4983454.0973465200
2021-04-22 00:00,4398951.6226112900
2021-04-23 00:00,2162809.4020467800
2021-04-24 00:00,1968217.9969800600
2021-04-25 00:00,2908756.4677846600
2021-04-26 00:00,3107763.5306555500
2021-04-27 00:00,3455064.7325049500
2021-04-28 00:00,3194719.5193436000
2021-04-29 00:00,3076095.2146729600
2021-04-30 00:00,2336489.7044073200
2021-05-01 00:00,1741034.0067640300
2021-05-02 00:00,4035987.7973212200
2021-05-03 00:00,4778883.7702885200
2021-05-04 00:00,3613014.0317693600
2021-05-05 00:00,2963305.8354222900
2021-05-06 00:00,3635657.8397909000
2021-05-07 00:00,3345054.7717596400
2021-05-08 00:00,2610262.5025454500
2021-05-09 00:00,4914299.0302760100
2021-05-10 00:00,4488664.8960963100
2021-05-11 00:00,4555805.3385795600
2021-05-12 00:00,5493248.3594317200
2021-05-13 00:00,3316120.0222174400
2021-05-14 00:00,2337107.5683482200
2021-05-15 00:00,2798441.8619788900
2021-05-16 00:00,4398278.9605679100
2021-05-17 00:00,3285165.2373729800
2021-05-18 00:00,9770996.7678704300
2021-05-19 00:00,7769697.3178445300
2021-05-20 00:00,5327379.2590980500
2021-05-21 00:00,4009690.0360976700
2021-05-22 00:00,6621696.2132010500
2021-05-23 00:00,6134602.2407133300
2021-05-24 00:00,5119729.7414692300
2021-05-25 00:00,4290129.6555111900
2021-05-26 00:00,4406821.7032237200
2021-05-27 00:00,3954385.9782306600
2021-05-28 00:00,3453913.0660661200
2021-05-29 00:00,2676511.9098762600
2021-05-30 00:00,2250545.3537354600
2021-05-31 00:00,3348189.7137110400
2021-06-01 00:00,2601269.6999200900
2021-06-02 00:00,2705543.3704839700
2021-06-03 00:00,2679416.2716421400
2021-06-04 00:00,1701713.0199212100
2021-06-05 00:00,1165818.8457382500
2021-06-06 00:00,2021533.6982223500
2021-06-07 00:00,3841797.4187179300
2021-06-08 00:00,3260290.4612572400
2021-06-09 00:00,1853702.1864433400
2021-06-10 00:00,1974953.4109927600
2021-06-11 00:00,1471430.6887660300
2021-06-12 00:00,1224445.2630189000
2021-06-13 00:00,2295481.5550796400
2021-06-14 00:00,1865809.3143411400
2021-06-15 00:00,2795267.1431009000
2021-06-16 00:00,2236027.2492241100
2021-06-17 00:00,2655132.9842540600
2021-06-18 00:00,1172515.6226866800
2021-06-19 00:00,1458931.9991659500
2021-06-20 00:00,3878856.0664439000
2021-06-21 00:00,5266460.5852830300
2021-06-22 00:00,2279389.8293014800
2021-06-23 00:00,2546547.9429963300
2021-06-24 00:00,2980687.5535212600
2021-06-25 00:00,1435071.3665611800
2021-06-26 00:00,1496478.1022875000
2021-06-27 00:00,2519108.6481325200
2021-06-28 00:00,2473003.4927291700
2021-06-29 00:00,2039080.8389933600
2021-06-30 00:00,2955032.1446959100
2021-07-01 00:00,2823268.2962906800
2021-07-02 00:00,974099.4550197000
2021-07-03 00:00,1047620.0012058200
2021-07-04 00:00,1573776.5893457700
2021-07-05 00:00,2026334.5489042300
2021-07-06 00:00,2203696.7536646500
2021-07-07 00:00,3218450.8307321100
2021-07-08 00:00,2415655.3745324600
2021-07-09 00:00,1441009.3189649600
2021-07-10 00:00,753768.9989001900
2021-07-11 00:00,2474460.7792272200
2021-07-12 00:00,2132036.3594444000
2021-07-13 00:00,2563853.7481020000
2021-07-14 00:00,2011295.0208308200
2021-07-15 00:00,2774057.4850672700
2021-07-16 00:00,1171109.2940318300
2021-07-17 00:00,1138126.0401398900
2021-07-18 00:00,2172115.6482013400
2021-07-19 00:00,2174070.1907617100
2021-07-20 00:00,2710653.6104997900
2021-07-21 00:00,2159329.9990654800
2021-07-22 00:00,1842829.6410506100
2021-07-23 00:00,1369816.8233138200
2021-07-24 00:00,917285.6484905700
2021-07-25 00:00,3001287.3407165900
2021-07-26 00:00,2289967.2271939400
2021-07-27 00:00,1888727.2929997900
2021-07-28 00:00,2206453.8061514200
2021-07-29 00:00,2126832.6067234300
2021-07-30 00:00,2040779.2234480200
2021-07-31 00:00,1633751.1776672100
2021-08-01 00:00,1757256.3884508500
2021-08-02 00:00,2223304.4529068000
2021-08-03 00:00,2433743.8290486000
2021-08-04 00:00,2350920.8568782500
2021-08-05 00:00,2354536.0619890100
2021-08-06 00:00,1902578.8883674100
2021-08-07 00:00,1544036.1927343700
2021-08-08 00:00,2800596.2139552900
2021-08-09 00:00,2043036.7559279500
2021-08-10 00:00,1718843.8625718500
2021-08-11 00:00,1786050.1544079600
2021-08-12 00:00,2018175.4386868200
2021-08-13 00:00,1411660.0099254900
2021-08-14 00:00,1402811.5410475400
2021-08-15 00:00,2544830.3032896100
2021-08-16 00:00,2077236.5786118000
2021-08-17 00:00,2111890.4991394500
2021-08-18 00:00,1810561.5143959100
2021-08-19 00:00,2326721.2007212400
2021-08-20 00:00,1224979.9156959600
2021-08-21 00:00,1228356.8666020000
2021-08-22 00:00,2399818.7020736000
2021-08-23 00:00,2849501.5000663700
2021-08-24 00:00,2307266.6639609300
2021-08-25 00:00,1694465.9366613000
2021-08-26 00:00,2065017.7802312500
2021-08-27 00:00,1402621.9445021300
2021-08-28 00:00,1520422.6098479100
2021-08-29 00:00,2117678.5255217900
2021-08-30 00:00,2871813.6583592500
2021-08-31 00:00,2761775.3736115600
2021-09-01 00:00,3130859.4555741300
2021-09-02 00:00,2460373.5814936400
2021-09-03 00:00,1531616.9680248200
2021-09-04 00:00,1183793.2338374700
2021-09-05 00:00,1798996.8376732100
2021-09-06 00:00,3252872.2235672600
2021-09-07 00:00,2533993.9415222000
2021-09-08 00:00,2446108.2678906700
2021-09-09 00:00,2360107.3736085700
2021-09-10 00:00,2222099.9192216100
2021-09-11 00:00,1222360.3231955800
2021-09-12 00:00,1904602.5045989000
2021-09-13 00:00,1594605.3900318500
2021-09-14 00:00,2790640.2483450300
2021-09-15 00:00,1643242.3008510300
2021-09-16 00:00,2270966.7995346000
2021-09-17 00:00,1442558.1596167800
2021-09-18 00:00,1124376.9766805400
2021-09-19 00:00,2777018.4710977400
2021-09-20 00:00,2749029.3276974500
2021-09-21 00:00,2437430.8608930900
2021-09-22 00:00,2039711.6541752600
2021-09-23 00:00,3638204.8092898400
2021-09-24 00:00,1063529.4484145600
2021-09-25 00:00,3499565.4336482200
2021-09-26 00:00,1708615.4303593700
2021-09-27 00:00,1557066.2965421000
2021-09-28 00:00,1473829.3442442100
2021-09-29 00:00,1467879.1550331300
2021-09-30 00:00,1945095.6373197800
2021-10-01 00:00,1283449.1597113500
2021-10-02 00:00,1097737.3636511400
2021-10-03 00:00,1650138.3116365400
2021-10-04 00:00,2449404.1599226700
2021-10-05 00:00,2291792.8564364800
2021-10-06 00:00,2295452.7576350600
2021-10-07 00:00,2227654.3233991700
2021-10-08 00:00,967256.2939517700
2021-10-09 00:00,1118406.1333004800
2021-10-10 00:00,1468602.5265129700
2021-10-11 00:00,1587255.5835121500
2021-10-12 00:00,2005456.4986080800
2021-10-13 00:00,3623573.5365064500
2021-10-14 00:00,2785772.7475641100
2021-10-15 00:00,1760209.4018092500
2021-10-16 00:00,1453329.3854791700
2021-10-17 00:00,1929702.0258917600
2021-10-18 00:00,1734928.1655398300
2021-10-19 00:00,2095200.6887557200
2021-10-20 00:00,2903726.2071289700
2021-10-21 00:00,2236410.6075419200
2021-10-22 00:00,1267757.0113094200
2021-10-23 00:00,955105.5678163900
2021-10-24 00:00,1568575.4472469700
2021-10-25 00:00,1684853.0620977000
2021-10-26 00:00,2776965.5985720600
2021-10-27 00:00,1804725.4375648000
2021-10-28 00:00,2972657.5671319800
2021-10-29 00:00,1313642.6907159400