date,block_count
2015-08-06 00:00,5189.0000000000
2015-08-07 00:00,5256.0000000000
2015-08-08 00:00,5123.0000000000
2015-08-09 00:00,5255.0000000000
2015-08-10 00:00,5280.0000000000
2015-08-11 00:00,5124.0000000000
2015-08-12 00:00,5286.0000000000
2015-08-13 00:00,5809.0000000000
2015-08-14 00:00,5382.0000000000
2015-08-15 00:00,5132.0000000000
2015-08-16 00:00,5347.0000000000
2015-08-17 00:00,4948.0000000000
2015-08-18 00:00,5192.0000000000
2015-08-19 00:00,4024.0000000000
2015-08-20 00:00,5088.0000000000
2015-08-21 00:00,5271.0000000000
2015-08-22 00:00,5013.0000000000
2015-08-23 00:00,5184.0000000000
2015-08-24 00:00,5097.0000000000
2015-08-25 00:00,5003.0000000000
2015-08-26 00:00,4708.0000000000
2015-08-27 00:00,4653.0000000000
2015-08-28 00:00,4329.0000000000
2015-08-29 00:00,4155.0000000000
2015-08-30 00:00,4122.0000000000
2015-08-31 00:00,3938.0000000000
2015-09-01 00:00,3577.0000000000
2015-09-02 00:00,3383.0000000000
2015-09-03 00:00,4443.0000000000
2015-09-04 00:00,4921.0000000000
2015-09-05 00:00,4978.0000000000
2015-09-06 00:00,4834.0000000000
2015-09-07 00:00,4923.0000000000
2015-09-08 00:00,5035.0000000000
2015-09-09 00:00,5003.0000000000
2015-09-10 00:00,5141.0000000000
2015-09-11 00:00,5026.0000000000
2015-09-12 00:00,4971.0000000000
2015-09-13 00:00,4851.0000000000
2015-09-14 00:00,4842.0000000000
2015-09-15 00:00,4956.0000000000
2015-09-16 00:00,4808.0000000000
2015-09-17 00:00,4889.0000000000
2015-09-18 00:00,5078.0000000000
2015-09-19 00:00,5305.0000000000
2015-09-20 00:00,5075.0000000000
2015-09-21 00:00,5051.0000000000
2015-09-22 00:00,5165.0000000000
2015-09-23 00:00,5021.0000000000
2015-09-24 00:00,5126.0000000000
2015-09-25 00:00,4930.0000000000
2015-09-26 00:00,4773.0000000000
2015-09-27 00:00,4738.0000000000
2015-09-28 00:00,4640.0000000000
2015-09-29 00:00,4757.0000000000
2015-09-30 00:00,5210.0000000000
2015-10-01 00:00,5143.0000000000
2015-10-02 00:00,5077.0000000000
2015-10-03 00:00,4886.0000000000
2015-10-04 00:00,5009.0000000000
2015-10-05 00:00,4806.0000000000
2015-10-06 00:00,5004.0000000000
2015-10-07 00:00,5152.0000000000
2015-10-08 00:00,4905.0000000000
2015-10-09 00:00,4896.0000000000
2015-10-10 00:00,5073.0000000000
2015-10-11 00:00,5148.0000000000
2015-10-12 00:00,5108.0000000000
2015-10-13 00:00,4934.0000000000
2015-10-14 00:00,4926.0000000000
2015-10-15 00:00,4883.0000000000
2015-10-16 00:00,5056.0000000000
2015-10-17 00:00,4945.0000000000
2015-10-18 00:00,4975.0000000000
2015-10-19 00:00,4990.0000000000
2015-10-20 00:00,4990.0000000000
2015-10-21 00:00,4835.0000000000
2015-10-22 00:00,5263.0000000000
2015-10-23 00:00,5171.0000000000
2015-10-24 00:00,5096.0000000000
2015-10-25 00:00,4908.0000000000
2015-10-26 00:00,5220.0000000000
2015-10-27 00:00,4967.0000000000
2015-10-28 00:00,5158.0000000000
2015-10-29 00:00,5232.0000000000
2015-10-30 00:00,5129.0000000000
2015-10-31 00:00,5158.0000000000
2015-11-01 00:00,5024.0000000000
2015-11-02 00:00,5085.0000000000
2015-11-03 00:00,5125.0000000000
2015-11-04 00:00,5103.0000000000
2015-11-05 00:00,5142.0000000000
2015-11-06 00:00,4922.0000000000
2015-11-07 00:00,5021.0000000000
2015-11-08 00:00,5024.0000000000
2015-11-09 00:00,5053.0000000000
2015-11-10 00:00,5028.0000000000
2015-11-11 00:00,5079.0000000000
2015-11-12 00:00,5119.0000000000
2015-11-13 00:00,5127.0000000000
2015-11-14 00:00,5195.0000000000
2015-11-15 00:00,5039.0000000000
2015-11-16 00:00,5163.0000000000
2015-11-17 00:00,5075.0000000000
2015-11-18 00:00,4977.0000000000
2015-11-19 00:00,4721.0000000000
2015-11-20 00:00,5035.0000000000
2015-11-21 00:00,5049.0000000000
2015-11-22 00:00,5089.0000000000
2015-11-23 00:00,5001.0000000000
2015-11-24 00:00,4940.0000000000
2015-11-25 00:00,4940.0000000000
2015-11-26 00:00,5174.0000000000
2015-11-27 00:00,5008.0000000000
2015-11-28 00:00,5050.0000000000
2015-11-29 00:00,5080.0000000000
2015-11-30 00:00,5078.0000000000
2015-12-01 00:00,4824.0000000000
2015-12-02 00:00,5205.0000000000
2015-12-03 00:00,5008.0000000000
2015-12-04 00:00,5006.0000000000
2015-12-05 00:00,4913.0000000000
2015-12-06 00:00,4971.0000000000
2015-12-07 00:00,4911.0000000000
2015-12-08 00:00,5208.0000000000
2015-12-09 00:00,5144.0000000000
2015-12-10 00:00,5062.0000000000
2015-12-11 00:00,5076.0000000000
2015-12-12 00:00,5280.0000000000
2015-12-13 00:00,4999.0000000000
2015-12-14 00:00,5070.0000000000
2015-12-15 00:00,4982.0000000000
2015-12-16 00:00,5060.0000000000
2015-12-17 00:00,5020.0000000000
2015-12-18 00:00,5038.0000000000
2015-12-19 00:00,4947.0000000000
2015-12-20 00:00,4976.0000000000
2015-12-21 00:00,5129.0000000000
2015-12-22 00:00,5112.0000000000
2015-12-23 00:00,5018.0000000000
2015-12-24 00:00,5080.0000000000
2015-12-25 00:00,5004.0000000000
2015-12-26 00:00,5018.0000000000
2015-12-27 00:00,5081.0000000000
2015-12-28 00:00,4981.0000000000
2015-12-29 00:00,5028.0000000000
2015-12-30 00:00,5040.0000000000
2015-12-31 00:00,4885.0000000000
2016-01-01 00:00,5095.0000000000
2016-01-02 00:00,5134.0000000000
2016-01-03 00:00,5096.0000000000
2016-01-04 00:00,5126.0000000000
2016-01-05 00:00,5090.0000000000
2016-01-06 00:00,4981.0000000000
2016-01-07 00:00,5176.0000000000
2016-01-08 00:00,5099.0000000000
2016-01-09 00:00,5093.0000000000
2016-01-10 00:00,5107.0000000000
2016-01-11 00:00,4930.0000000000
2016-01-12 00:00,5002.0000000000
2016-01-13 00:00,5090.0000000000
2016-01-14 00:00,5084.0000000000
2016-01-15 00:00,5046.0000000000
2016-01-16 00:00,5036.0000000000
2016-01-17 00:00,5072.0000000000
2016-01-18 00:00,4972.0000000000
2016-01-19 00:00,5038.0000000000
2016-01-20 00:00,4963.0000000000
2016-01-21 00:00,5007.0000000000
2016-01-22 00:00,4928.0000000000
2016-01-23 00:00,5168.0000000000
2016-01-24 00:00,4881.0000000000
2016-01-25 00:00,5152.0000000000
2016-01-26 00:00,4983.0000000000
2016-01-27 00:00,5059.0000000000
2016-01-28 00:00,4981.0000000000
2016-01-29 00:00,5017.0000000000
2016-01-30 00:00,4872.0000000000
2016-01-31 00:00,5015.0000000000
2016-02-01 00:00,4955.0000000000
2016-02-02 00:00,5199.0000000000
2016-02-03 00:00,5062.0000000000
2016-02-04 00:00,5046.0000000000
2016-02-05 00:00,4987.0000000000
2016-02-06 00:00,5087.0000000000
2016-02-07 00:00,5071.0000000000
2016-02-08 00:00,5055.0000000000
2016-02-09 00:00,4961.0000000000
2016-02-10 00:00,5019.0000000000
2016-02-11 00:00,5033.0000000000
2016-02-12 00:00,5093.0000000000
2016-02-13 00:00,4990.0000000000
2016-02-14 00:00,4975.0000000000
2016-02-15 00:00,5025.0000000000
2016-02-16 00:00,4857.0000000000
2016-02-17 00:00,4999.0000000000
2016-02-18 00:00,5033.0000000000
2016-02-19 00:00,5051.0000000000
2016-02-20 00:00,5055.0000000000
2016-02-21 00:00,5103.0000000000
2016-02-22 00:00,4969.0000000000
2016-02-23 00:00,5029.0000000000
2016-02-24 00:00,5128.0000000000
2016-02-25 00:00,5055.0000000000
2016-02-26 00:00,4992.0000000000
2016-02-27 00:00,5029.0000000000
2016-02-28 00:00,4820.0000000000
2016-02-29 00:00,5052.0000000000
2016-03-01 00:00,5086.0000000000
2016-03-02 00:00,5014.0000000000
2016-03-03 00:00,4994.0000000000
2016-03-04 00:00,5138.0000000000
2016-03-05 00:00,4907.0000000000
2016-03-06 00:00,5026.0000000000
2016-03-07 00:00,5017.0000000000
2016-03-08 00:00,4989.0000000000
2016-03-09 00:00,5196.0000000000
2016-03-10 00:00,5065.0000000000
2016-03-11 00:00,5023.0000000000
2016-03-12 00:00,5186.0000000000
2016-03-13 00:00,5108.0000000000
2016-03-14 00:00,5979.0000000000
2016-03-15 00:00,6025.0000000000
2016-03-16 00:00,6082.0000000000
2016-03-17 00:00,5962.0000000000
2016-03-18 00:00,6082.0000000000
2016-03-19 00:00,6027.0000000000
2016-03-20 00:00,5994.0000000000
2016-03-21 00:00,6071.0000000000
2016-03-22 00:00,5974.0000000000
2016-03-23 00:00,6101.0000000000
2016-03-24 00:00,6066.0000000000
2016-03-25 00:00,6095.0000000000
2016-03-26 00:00,6046.0000000000
2016-03-27 00:00,5999.0000000000
2016-03-28 00:00,6010.0000000000
2016-03-29 00:00,6047.0000000000
2016-03-30 00:00,6021.0000000000
2016-03-31 00:00,6081.0000000000
2016-04-01 00:00,5936.0000000000
2016-04-02 00:00,6035.0000000000
2016-04-03 00:00,6086.0000000000
2016-04-04 00:00,6033.0000000000
2016-04-05 00:00,6004.0000000000
2016-04-06 00:00,5953.0000000000
2016-04-07 00:00,6102.0000000000
2016-04-08 00:00,5933.0000000000
2016-04-09 00:00,6065.0000000000
2016-04-10 00:00,5937.0000000000
2016-04-11 00:00,6015.0000000000
2016-04-12 00:00,6015.0000000000
2016-04-13 00:00,6021.0000000000
2016-04-14 00:00,6059.0000000000
2016-04-15 00:00,6019.0000000000
2016-04-16 00:00,6015.0000000000
2016-04-17 00:00,6055.0000000000
2016-04-18 00:00,5969.0000000000
2016-04-19 00:00,6050.0000000000
2016-04-20 00:00,5990.0000000000
2016-04-21 00:00,6031.0000000000
2016-04-22 00:00,6051.0000000000
2016-04-23 00:00,5981.0000000000
2016-04-24 00:00,6104.0000000000
2016-04-25 00:00,5952.0000000000
2016-04-26 00:00,6062.0000000000
2016-04-27 00:00,6030.0000000000
2016-04-28 00:00,6030.0000000000
2016-04-29 00:00,6058.0000000000
2016-04-30 00:00,5942.0000000000
2016-05-01 00:00,6080.0000000000
2016-05-02 00:00,6054.0000000000
2016-05-03 00:00,5980.0000000000
2016-05-04 00:00,6037.0000000000
2016-05-05 00:00,6022.0000000000
2016-05-06 00:00,5988.0000000000
2016-05-07 00:00,6051.0000000000
2016-05-08 00:00,6044.0000000000
2016-05-09 00:00,6012.0000000000
2016-05-10 00:00,5914.0000000000
2016-05-11 00:00,6099.0000000000
2016-05-12 00:00,6064.0000000000
2016-05-13 00:00,5958.0000000000
2016-05-14 00:00,6015.0000000000
2016-05-15 00:00,5961.0000000000
2016-05-16 00:00,6071.0000000000
2016-05-17 00:00,6063.0000000000
2016-05-18 00:00,6011.0000000000
2016-05-19 00:00,6037.0000000000
2016-05-20 00:00,5981.0000000000
2016-05-21 00:00,6084.0000000000
2016-05-22 00:00,6013.0000000000
2016-05-23 00:00,6010.0000000000
2016-05-24 00:00,6029.0000000000
2016-05-25 00:00,6019.0000000000
2016-05-26 00:00,6045.0000000000
2016-05-27 00:00,6019.0000000000
2016-05-28 00:00,6001.0000000000
2016-05-29 00:00,6007.0000000000
2016-05-30 00:00,5936.0000000000
2016-05-31 00:00,6039.0000000000
2016-06-01 00:00,6072.0000000000
2016-06-02 00:00,6029.0000000000
2016-06-03 00:00,6016.0000000000
2016-06-04 00:00,5963.0000000000
2016-06-05 00:00,6108.0000000000
2016-06-06 00:00,5990.0000000000
2016-06-07 00:00,6091.0000000000
2016-06-08 00:00,6092.0000000000
2016-06-09 00:00,5902.0000000000
2016-06-10 00:00,6114.0000000000
2016-06-11 00:00,6065.0000000000
2016-06-12 00:00,6084.0000000000
2016-06-13 00:00,6035.0000000000
2016-06-14 00:00,6007.0000000000
2016-06-15 00:00,6015.0000000000
2016-06-16 00:00,5849.0000000000
2016-06-17 00:00,5889.0000000000
2016-06-18 00:00,6222.0000000000
2016-06-19 00:00,5949.0000000000
2016-06-20 00:00,5999.0000000000
2016-06-21 00:00,6139.0000000000
2016-06-22 00:00,6003.0000000000
2016-06-23 00:00,6042.0000000000
2016-06-24 00:00,5998.0000000000
2016-06-25 00:00,6052.0000000000
2016-06-26 00:00,6052.0000000000
2016-06-27 00:00,6067.0000000000
2016-06-28 00:00,5991.0000000000
2016-06-29 00:00,5985.0000000000
2016-06-30 00:00,6127.0000000000
2016-07-01 00:00,6003.0000000000
2016-07-02 00:00,6045.0000000000
2016-07-03 00:00,6067.0000000000
2016-07-04 00:00,5949.0000000000
2016-07-05 00:00,6088.0000000000
2016-07-06 00:00,6036.0000000000
2016-07-07 00:00,5996.0000000000
2016-07-08 00:00,6126.0000000000
2016-07-09 00:00,6046.0000000000
2016-07-10 00:00,6029.0000000000
2016-07-11 00:00,6006.0000000000
2016-07-12 00:00,6086.0000000000
2016-07-13 00:00,6001.0000000000
2016-07-14 00:00,5988.0000000000
2016-07-15 00:00,6081.0000000000
2016-07-16 00:00,6029.0000000000
2016-07-17 00:00,6109.0000000000
2016-07-18 00:00,5970.0000000000
2016-07-19 00:00,5946.0000000000
2016-07-20 00:00,6154.0000000000
2016-07-21 00:00,5957.0000000000
2016-07-22 00:00,6093.0000000000
2016-07-23 00:00,5937.0000000000
2016-07-24 00:00,6030.0000000000
2016-07-25 00:00,5809.0000000000
2016-07-26 00:00,6175.0000000000
2016-07-27 00:00,6081.0000000000
2016-07-28 00:00,5979.0000000000
2016-07-29 00:00,5981.0000000000
2016-07-30 00:00,6029.0000000000
2016-07-31 00:00,5961.0000000000
2016-08-01 00:00,5894.0000000000
2016-08-02 00:00,5984.0000000000
2016-08-03 00:00,6192.0000000000
2016-08-04 00:00,6065.0000000000
2016-08-05 00:00,5978.0000000000
2016-08-06 00:00,6077.0000000000
2016-08-07 00:00,6059.0000000000
2016-08-08 00:00,6130.0000000000
2016-08-09 00:00,6054.0000000000
2016-08-10 00:00,6068.0000000000
2016-08-11 00:00,6014.0000000000
2016-08-12 00:00,6032.0000000000
2016-08-13 00:00,6034.0000000000
2016-08-14 00:00,6090.0000000000
2016-08-15 00:00,6054.0000000000
2016-08-16 00:00,6009.0000000000
2016-08-17 00:00,6100.0000000000
2016-08-18 00:00,6014.0000000000
2016-08-19 00:00,6055.0000000000
2016-08-20 00:00,6084.0000000000
2016-08-21 00:00,6078.0000000000
2016-08-22 00:00,6015.0000000000
2016-08-23 00:00,6053.0000000000
2016-08-24 00:00,6094.0000000000
2016-08-25 00:00,6006.0000000000
2016-08-26 00:00,6076.0000000000
2016-08-27 00:00,6035.0000000000
2016-08-28 00:00,6014.0000000000
2016-08-29 00:00,6026.0000000000
2016-08-30 00:00,6073.0000000000
2016-08-31 00:00,5989.0000000000
2016-09-01 00:00,6088.0000000000
2016-09-02 00:00,5949.0000000000
2016-09-03 00:00,6023.0000000000
2016-09-04 00:00,6076.0000000000
2016-09-05 00:00,5993.0000000000
2016-09-06 00:00,6118.0000000000
2016-09-07 00:00,6016.0000000000
2016-09-08 00:00,6074.0000000000
2016-09-09 00:00,5999.0000000000
2016-09-10 00:00,6093.0000000000
2016-09-11 00:00,6063.0000000000
2016-09-12 00:00,6003.0000000000
2016-09-13 00:00,6091.0000000000
2016-09-14 00:00,6031.0000000000
2016-09-15 00:00,6065.0000000000
2016-09-16 00:00,6044.0000000000
2016-09-17 00:00,5598.0000000000
2016-09-18 00:00,6409.0000000000
2016-09-19 00:00,6167.0000000000
2016-09-20 00:00,6062.0000000000
2016-09-21 00:00,5746.0000000000
2016-09-22 00:00,6226.0000000000
2016-09-23 00:00,5877.0000000000
2016-09-24 00:00,6267.0000000000
2016-09-25 00:00,5843.0000000000
2016-09-26 00:00,6053.0000000000
2016-09-27 00:00,6106.0000000000
2016-09-28 00:00,6126.0000000000
2016-09-29 00:00,6008.0000000000
2016-09-30 00:00,5780.0000000000
2016-10-01 00:00,6068.0000000000
2016-10-02 00:00,6204.0000000000
2016-10-03 00:00,6077.0000000000
2016-10-04 00:00,5817.0000000000
2016-10-05 00:00,5953.0000000000
2016-10-06 00:00,5887.0000000000
2016-10-07 00:00,6200.0000000000
2016-10-08 00:00,6049.0000000000
2016-10-09 00:00,6041.0000000000
2016-10-10 00:00,6050.0000000000
2016-10-11 00:00,5910.0000000000
2016-10-12 00:00,6114.0000000000
2016-10-13 00:00,6079.0000000000
2016-10-14 00:00,6027.0000000000
2016-10-15 00:00,6055.0000000000
2016-10-16 00:00,5959.0000000000
2016-10-17 00:00,6119.0000000000
2016-10-18 00:00,5774.0000000000
2016-10-19 00:00,6298.0000000000
2016-10-20 00:00,6097.0000000000
2016-10-21 00:00,6041.0000000000
2016-10-22 00:00,5993.0000000000
2016-10-23 00:00,6065.0000000000
2016-10-24 00:00,6028.0000000000
2016-10-25 00:00,6096.0000000000
2016-10-26 00:00,6018.0000000000
2016-10-27 00:00,5943.0000000000
2016-10-28 00:00,5668.0000000000
2016-10-29 00:00,6059.0000000000
2016-10-30 00:00,6092.0000000000
2016-10-31 00:00,5839.0000000000
2016-11-01 00:00,5952.0000000000
2016-11-02 00:00,5950.0000000000
2016-11-03 00:00,5904.0000000000
2016-11-04 00:00,5996.0000000000
2016-11-05 00:00,6054.0000000000
2016-11-06 00:00,6315.0000000000
2016-11-07 00:00,6159.0000000000
2016-11-08 00:00,5924.0000000000
2016-11-09 00:00,5966.0000000000
2016-11-10 00:00,5992.0000000000
2016-11-11 00:00,6086.0000000000
2016-11-12 00:00,6203.0000000000
2016-11-13 00:00,6067.0000000000
2016-11-14 00:00,6006.0000000000
2016-11-15 00:00,6045.0000000000
2016-11-16 00:00,5868.0000000000
2016-11-17 00:00,6289.0000000000
2016-11-18 00:00,6150.0000000000
2016-11-19 00:00,6179.0000000000
2016-11-20 00:00,6073.0000000000
2016-11-21 00:00,5922.0000000000
2016-11-22 00:00,5837.0000000000
2016-11-23 00:00,5914.0000000000
2016-11-24 00:00,6111.0000000000
2016-11-25 00:00,5938.0000000000
2016-11-26 00:00,5945.0000000000
2016-11-27 00:00,6042.0000000000
2016-11-28 00:00,5988.0000000000
2016-11-29 00:00,6061.0000000000
2016-11-30 00:00,6057.0000000000
2016-12-01 00:00,6075.0000000000
2016-12-02 00:00,6160.0000000000
2016-12-03 00:00,5983.0000000000
2016-12-04 00:00,6004.0000000000
2016-12-05 00:00,6089.0000000000
2016-12-06 00:00,6073.0000000000
2016-12-07 00:00,6125.0000000000
2016-12-08 00:00,6050.0000000000
2016-12-09 00:00,6075.0000000000
2016-12-10 00:00,6098.0000000000
2016-12-11 00:00,5999.0000000000
2016-12-12 00:00,6070.0000000000
2016-12-13 00:00,6080.0000000000
2016-12-14 00:00,6001.0000000000
2016-12-15 00:00,6075.0000000000
2016-12-16 00:00,6116.0000000000
2016-12-17 00:00,6096.0000000000
2016-12-18 00:00,6032.0000000000
2016-12-19 00:00,6069.0000000000
2016-12-20 00:00,6070.0000000000
2016-12-21 00:00,5956.0000000000
2016-12-22 00:00,5954.0000000000
2016-12-23 00:00,6006.0000000000
2016-12-24 00:00,6127.0000000000
2016-12-25 00:00,6066.0000000000
2016-12-26 00:00,5998.0000000000
2016-12-27 00:00,6056.0000000000
2016-12-28 00:00,6082.0000000000
2016-12-29 00:00,6063.0000000000
2016-12-30 00:00,5993.0000000000
2016-12-31 00:00,6111.0000000000
2017-01-01 00:00,6058.0000000000
2017-01-02 00:00,6035.0000000000
2017-01-03 00:00,6141.0000000000
2017-01-04 00:00,6091.0000000000
2017-01-05 00:00,6009.0000000000
2017-01-06 00:00,6108.0000000000
2017-01-07 00:00,6074.0000000000
2017-01-08 00:00,6082.0000000000
2017-01-09 00:00,6030.0000000000
2017-01-10 00:00,6047.0000000000
2017-01-11 00:00,6056.0000000000
2017-01-12 00:00,6106.0000000000
2017-01-13 00:00,6067.0000000000
2017-01-14 00:00,6085.0000000000
2017-01-15 00:00,6052.0000000000
2017-01-16 00:00,6002.0000000000
2017-01-17 00:00,6065.0000000000
2017-01-18 00:00,6158.0000000000
2017-01-19 00:00,5963.0000000000
2017-01-20 00:00,6046.0000000000
2017-01-21 00:00,6065.0000000000
2017-01-22 00:00,6048.0000000000
2017-01-23 00:00,6037.0000000000
2017-01-24 00:00,6010.0000000000
2017-01-25 00:00,6081.0000000000
2017-01-26 00:00,5985.0000000000
2017-01-27 00:00,6063.0000000000
2017-01-28 00:00,5960.0000000000
2017-01-29 00:00,6094.0000000000
2017-01-30 00:00,6018.0000000000
2017-01-31 00:00,6009.0000000000
2017-02-01 00:00,6047.0000000000
2017-02-02 00:00,5990.0000000000
2017-02-03 00:00,6078.0000000000
2017-02-04 00:00,6077.0000000000
2017-02-05 00:00,6050.0000000000
2017-02-06 00:00,5998.0000000000
2017-02-07 00:00,6067.0000000000
2017-02-08 00:00,6029.0000000000
2017-02-09 00:00,6040.0000000000
2017-02-10 00:00,6038.0000000000
2017-02-11 00:00,6059.0000000000
2017-02-12 00:00,6070.0000000000
2017-02-13 00:00,6023.0000000000
2017-02-14 00:00,6089.0000000000
2017-02-15 00:00,6052.0000000000
2017-02-16 00:00,6012.0000000000
2017-02-17 00:00,5999.0000000000
2017-02-18 00:00,6019.0000000000
2017-02-19 00:00,6015.0000000000
2017-02-20 00:00,6052.0000000000
2017-02-21 00:00,5968.0000000000
2017-02-22 00:00,6019.0000000000
2017-02-23 00:00,6011.0000000000
2017-02-24 00:00,6039.0000000000
2017-02-25 00:00,6089.0000000000
2017-02-26 00:00,5988.0000000000
2017-02-27 00:00,6107.0000000000
2017-02-28 00:00,5958.0000000000
2017-03-01 00:00,6061.0000000000
2017-03-02 00:00,6006.0000000000
2017-03-03 00:00,5985.0000000000
2017-03-04 00:00,6073.0000000000
2017-03-05 00:00,5977.0000000000
2017-03-06 00:00,5978.0000000000
2017-03-07 00:00,6016.0000000000
2017-03-08 00:00,5928.0000000000
2017-03-09 00:00,5953.0000000000
2017-03-10 00:00,6002.0000000000
2017-03-11 00:00,5919.0000000000
2017-03-12 00:00,6040.0000000000
2017-03-13 00:00,5961.0000000000
2017-03-14 00:00,5986.0000000000
2017-03-15 00:00,5990.0000000000
2017-03-16 00:00,6046.0000000000
2017-03-17 00:00,5991.0000000000
2017-03-18 00:00,5950.0000000000
2017-03-19 00:00,6066.0000000000
2017-03-20 00:00,5957.0000000000
2017-03-21 00:00,6008.0000000000
2017-03-22 00:00,5914.0000000000
2017-03-23 00:00,5913.0000000000
2017-03-24 00:00,5962.0000000000
2017-03-25 00:00,5981.0000000000
2017-03-26 00:00,5951.0000000000
2017-03-27 00:00,5900.0000000000
2017-03-28 00:00,5988.0000000000
2017-03-29 00:00,5910.0000000000
2017-03-30 00:00,5971.0000000000
2017-03-31 00:00,5926.0000000000
2017-04-01 00:00,5846.0000000000
2017-04-02 00:00,5979.0000000000
2017-04-03 00:00,5932.0000000000
2017-04-04 00:00,5986.0000000000
2017-04-05 00:00,5880.0000000000
2017-04-06 00:00,5946.0000000000
2017-04-07 00:00,5936.0000000000
2017-04-08 00:00,5797.0000000000
2017-04-09 00:00,5758.0000000000
2017-04-10 00:00,5849.0000000000
2017-04-11 00:00,5779.0000000000
2017-04-12 00:00,5798.0000000000
2017-04-13 00:00,5908.0000000000
2017-04-14 00:00,5721.0000000000
2017-04-15 00:00,5820.0000000000
2017-04-16 00:00,5861.0000000000
2017-04-17 00:00,5861.0000000000
2017-04-18 00:00,5718.0000000000
2017-04-19 00:00,5859.0000000000
2017-04-20 00:00,5878.0000000000
2017-04-21 00:00,5792.0000000000
2017-04-22 00:00,5864.0000000000
2017-04-23 00:00,5721.0000000000
2017-04-24 00:00,5897.0000000000
2017-04-25 00:00,5637.0000000000
2017-04-26 00:00,5642.0000000000
2017-04-27 00:00,5697.0000000000
2017-04-28 00:00,5626.0000000000
2017-04-29 00:00,5648.0000000000
2017-04-30 00:00,5624.0000000000
2017-05-01 00:00,5619.0000000000
2017-05-02 00:00,5649.0000000000
2017-05-03 00:00,5649.0000000000
2017-05-04 00:00,5675.0000000000
2017-05-05 00:00,5678.0000000000
2017-05-06 00:00,5718.0000000000
2017-05-07 00:00,5640.0000000000
2017-05-08 00:00,5672.0000000000
2017-05-09 00:00,5648.0000000000
2017-05-10 00:00,5702.0000000000
2017-05-11 00:00,5688.0000000000
2017-05-12 00:00,5591.0000000000
2017-05-13 00:00,5402.0000000000
2017-05-14 00:00,5401.0000000000
2017-05-15 00:00,5457.0000000000
2017-05-16 00:00,5325.0000000000
2017-05-17 00:00,5462.0000000000
2017-05-18 00:00,5424.0000000000
2017-05-19 00:00,5489.0000000000
2017-05-20 00:00,5437.0000000000
2017-05-21 00:00,5468.0000000000
2017-05-22 00:00,5419.0000000000
2017-05-23 00:00,5427.0000000000
2017-05-24 00:00,5465.0000000000
2017-05-25 00:00,5492.0000000000
2017-05-26 00:00,5439.0000000000
2017-05-27 00:00,5453.0000000000
2017-05-28 00:00,5579.0000000000
2017-05-29 00:00,5581.0000000000
2017-05-30 00:00,5412.0000000000
2017-05-31 00:00,5276.0000000000
2017-06-01 00:00,5087.0000000000
2017-06-02 00:00,5206.0000000000
2017-06-03 00:00,5160.0000000000
2017-06-04 00:00,5249.0000000000
2017-06-05 00:00,5208.0000000000
2017-06-06 00:00,5239.0000000000
2017-06-07 00:00,5209.0000000000
2017-06-08 00:00,5214.0000000000
2017-06-09 00:00,5332.0000000000
2017-06-10 00:00,5246.0000000000
2017-06-11 00:00,5237.0000000000
2017-06-12 00:00,5272.0000000000
2017-06-13 00:00,5293.0000000000
2017-06-14 00:00,5305.0000000000
2017-06-15 00:00,5336.0000000000
2017-06-16 00:00,5279.0000000000
2017-06-17 00:00,5347.0000000000
2017-06-18 00:00,5334.0000000000
2017-06-19 00:00,4967.0000000000
2017-06-20 00:00,4898.0000000000
2017-06-21 00:00,4944.0000000000
2017-06-22 00:00,4890.0000000000
2017-06-23 00:00,4939.0000000000
2017-06-24 00:00,4926.0000000000
2017-06-25 00:00,4965.0000000000
2017-06-26 00:00,5001.0000000000
2017-06-27 00:00,4961.0000000000
2017-06-28 00:00,5027.0000000000
2017-06-29 00:00,5036.0000000000
2017-06-30 00:00,5009.0000000000
2017-07-01 00:00,5034.0000000000
2017-07-02 00:00,5052.0000000000
2017-07-03 00:00,5078.0000000000
2017-07-04 00:00,4985.0000000000
2017-07-05 00:00,5046.0000000000
2017-07-06 00:00,5084.0000000000
2017-07-07 00:00,5087.0000000000
2017-07-08 00:00,5094.0000000000
2017-07-09 00:00,4594.0000000000
2017-07-10 00:00,4520.0000000000
2017-07-11 00:00,4509.0000000000
2017-07-12 00:00,4512.0000000000
2017-07-13 00:00,4502.0000000000
2017-07-14 00:00,4603.0000000000
2017-07-15 00:00,4575.0000000000
2017-07-16 00:00,4459.0000000000
2017-07-17 00:00,4551.0000000000
2017-07-18 00:00,4637.0000000000
2017-07-19 00:00,4632.0000000000
2017-07-20 00:00,4543.0000000000
2017-07-21 00:00,4649.0000000000
2017-07-22 00:00,4660.0000000000
2017-07-23 00:00,4582.0000000000
2017-07-24 00:00,4686.0000000000
2017-07-25 00:00,4650.0000000000
2017-07-26 00:00,4634.0000000000
2017-07-27 00:00,4647.0000000000
2017-07-28 00:00,4683.0000000000
2017-07-29 00:00,4704.0000000000
2017-07-30 00:00,4535.0000000000
2017-07-31 00:00,4087.0000000000
2017-08-01 00:00,4044.0000000000
2017-08-02 00:00,3976.0000000000
2017-08-03 00:00,4040.0000000000
2017-08-04 00:00,4034.0000000000
2017-08-05 00:00,4032.0000000000
2017-08-06 00:00,4094.0000000000
2017-08-07 00:00,4093.0000000000
2017-08-08 00:00,4113.0000000000
2017-08-09 00:00,4029.0000000000
2017-08-10 00:00,4105.0000000000
2017-08-11 00:00,4113.0000000000
2017-08-12 00:00,4129.0000000000
2017-08-13 00:00,4133.0000000000
2017-08-14 00:00,4132.0000000000
2017-08-15 00:00,4166.0000000000
2017-08-16 00:00,4144.0000000000
2017-08-17 00:00,4136.0000000000
2017-08-18 00:00,4211.0000000000
2017-08-19 00:00,4156.0000000000
2017-08-20 00:00,4233.0000000000
2017-08-21 00:00,4185.0000000000
2017-08-22 00:00,4216.0000000000
2017-08-23 00:00,4184.0000000000
2017-08-24 00:00,3554.0000000000
2017-08-25 00:00,3499.0000000000
2017-08-26 00:00,3514.0000000000
2017-08-27 00:00,3446.0000000000
2017-08-28 00:00,3541.0000000000
2017-08-29 00:00,3531.0000000000
2017-08-30 00:00,3473.0000000000
2017-08-31 00:00,3521.0000000000
2017-09-01 00:00,3541.0000000000
2017-09-02 00:00,3539.0000000000
2017-09-03 00:00,3527.0000000000
2017-09-04 00:00,3559.0000000000
2017-09-05 00:00,3510.0000000000
2017-09-06 00:00,3547.0000000000
2017-09-07 00:00,3592.0000000000
2017-09-08 00:00,3561.0000000000
2017-09-09 00:00,3574.0000000000
2017-09-10 00:00,3551.0000000000
2017-09-11 00:00,3603.0000000000
2017-09-12 00:00,3536.0000000000
2017-09-13 00:00,3599.0000000000
2017-09-14 00:00,3616.0000000000
2017-09-15 00:00,3609.0000000000
2017-09-16 00:00,3630.0000000000
2017-09-17 00:00,3557.0000000000
2017-09-18 00:00,3628.0000000000
2017-09-19 00:00,3600.0000000000
2017-09-20 00:00,3645.0000000000
2017-09-21 00:00,3001.0000000000
2017-09-22 00:00,2884.0000000000
2017-09-23 00:00,2938.0000000000
2017-09-24 00:00,2836.0000000000
2017-09-25 00:00,2890.0000000000
2017-09-26 00:00,2904.0000000000
2017-09-27 00:00,2856.0000000000
2017-09-28 00:00,2829.0000000000
2017-09-29 00:00,2840.0000000000
2017-09-30 00:00,2862.0000000000
2017-10-01 00:00,2842.0000000000
2017-10-02 00:00,2862.0000000000
2017-10-03 00:00,2886.0000000000
2017-10-04 00:00,2946.0000000000
2017-10-05 00:00,2848.0000000000
2017-10-06 00:00,2848.0000000000
2017-10-07 00:00,2879.0000000000
2017-10-08 00:00,2882.0000000000
2017-10-09 00:00,2915.0000000000
2017-10-10 00:00,2915.0000000000
2017-10-11 00:00,2899.0000000000
2017-10-12 00:00,2891.0000000000
2017-10-13 00:00,2887.0000000000
2017-10-14 00:00,2925.0000000000
2017-10-15 00:00,4554.0000000000
2017-10-16 00:00,6050.0000000000
2017-10-17 00:00,6221.0000000000
2017-10-18 00:00,6241.0000000000
2017-10-19 00:00,6237.0000000000
2017-10-20 00:00,6229.0000000000
2017-10-21 00:00,6280.0000000000
2017-10-22 00:00,6254.0000000000
2017-10-23 00:00,6248.0000000000
2017-10-24 00:00,6176.0000000000
2017-10-25 00:00,6157.0000000000
2017-10-26 00:00,6229.0000000000
2017-10-27 00:00,6240.0000000000
2017-10-28 00:00,6194.0000000000
2017-10-29 00:00,6072.0000000000
2017-10-30 00:00,6275.0000000000
2017-10-31 00:00,6142.0000000000
2017-11-01 00:00,6144.0000000000
2017-11-02 00:00,6208.0000000000
2017-11-03 00:00,6196.0000000000
2017-11-04 00:00,6299.0000000000
2017-11-05 00:00,6199.0000000000
2017-11-06 00:00,6211.0000000000
2017-11-07 00:00,6236.0000000000
2017-11-08 00:00,6195.0000000000
2017-11-09 00:00,6300.0000000000
2017-11-10 00:00,6267.0000000000
2017-11-11 00:00,6245.0000000000
2017-11-12 00:00,6225.0000000000
2017-11-13 00:00,6122.0000000000
2017-11-14 00:00,6237.0000000000
2017-11-15 00:00,6154.0000000000
2017-11-16 00:00,6235.0000000000
2017-11-17 00:00,6215.0000000000
2017-11-18 00:00,6266.0000000000
2017-11-19 00:00,6176.0000000000
2017-11-20 00:00,6174.0000000000
2017-11-21 00:00,6242.0000000000
2017-11-22 00:00,6190.0000000000
2017-11-23 00:00,6234.0000000000
2017-11-24 00:00,6201.0000000000
2017-11-25 00:00,6169.0000000000
2017-11-26 00:00,6086.0000000000
2017-11-27 00:00,6094.0000000000
2017-11-28 00:00,6108.0000000000
2017-11-29 00:00,6151.0000000000
2017-11-30 00:00,6127.0000000000
2017-12-01 00:00,6053.0000000000
2017-12-02 00:00,6029.0000000000
2017-12-03 00:00,5671.0000000000
2017-12-04 00:00,5588.0000000000
2017-12-05 00:00,5473.0000000000
2017-12-06 00:00,5798.0000000000
2017-12-07 00:00,5803.0000000000
2017-12-08 00:00,5813.0000000000
2017-12-09 00:00,5781.0000000000
2017-12-10 00:00,5749.0000000000
2017-12-11 00:00,5715.0000000000
2017-12-12 00:00,5659.0000000000
2017-12-13 00:00,5694.0000000000
2017-12-14 00:00,5800.0000000000
2017-12-15 00:00,5775.0000000000
2017-12-16 00:00,5781.0000000000
2017-12-17 00:00,5781.0000000000
2017-12-18 00:00,5604.0000000000
2017-12-19 00:00,5571.0000000000
2017-12-20 00:00,5570.0000000000
2017-12-21 00:00,5652.0000000000
2017-12-22 00:00,5947.0000000000
2017-12-23 00:00,5981.0000000000
2017-12-24 00:00,6032.0000000000
2017-12-25 00:00,5992.0000000000
2017-12-26 00:00,5966.0000000000
2017-12-27 00:00,5889.0000000000
2017-12-28 00:00,5786.0000000000
2017-12-29 00:00,5773.0000000000
2017-12-30 00:00,5907.0000000000
2017-12-31 00:00,5926.0000000000
2018-01-01 00:00,5750.0000000000
2018-01-02 00:00,5540.0000000000
2018-01-03 00:00,5454.0000000000
2018-01-04 00:00,5341.0000000000
2018-01-05 00:00,5416.0000000000
2018-01-06 00:00,5528.0000000000
2018-01-07 00:00,5408.0000000000
2018-01-08 00:00,5377.0000000000
2018-01-09 00:00,5415.0000000000
2018-01-10 00:00,5430.0000000000
2018-01-11 00:00,5419.0000000000
2018-01-12 00:00,5394.0000000000
2018-01-13 00:00,5625.0000000000
2018-01-14 00:00,5424.0000000000
2018-01-15 00:00,5522.0000000000
2018-01-16 00:00,5572.0000000000
2018-01-17 00:00,5569.0000000000
2018-01-18 00:00,5685.0000000000
2018-01-19 00:00,5873.0000000000
2018-01-20 00:00,5810.0000000000
2018-01-21 00:00,5883.0000000000
2018-01-22 00:00,5898.0000000000
2018-01-23 00:00,5961.0000000000
2018-01-24 00:00,5910.0000000000
2018-01-25 00:00,5910.0000000000
2018-01-26 00:00,6004.0000000000
2018-01-27 00:00,6017.0000000000
2018-01-28 00:00,5925.0000000000
2018-01-29 00:00,5867.0000000000
2018-01-30 00:00,5883.0000000000
2018-01-31 00:00,5778.0000000000
2018-02-01 00:00,5865.0000000000
2018-02-02 00:00,5973.0000000000
2018-02-03 00:00,5960.0000000000
2018-02-04 00:00,6025.0000000000
2018-02-05 00:00,5926.0000000000
2018-02-06 00:00,5913.0000000000
2018-02-07 00:00,6002.0000000000
2018-02-08 00:00,5936.0000000000
2018-02-09 00:00,6022.0000000000
2018-02-10 00:00,5955.0000000000
2018-02-11 00:00,5945.0000000000
2018-02-12 00:00,5965.0000000000
2018-02-13 00:00,5860.0000000000
2018-02-14 00:00,5966.0000000000
2018-02-15 00:00,5958.0000000000
2018-02-16 00:00,6036.0000000000
2018-02-17 00:00,5984.0000000000
2018-02-18 00:00,5898.0000000000
2018-02-19 00:00,5814.0000000000
2018-02-20 00:00,5849.0000000000
2018-02-21 00:00,5873.0000000000
2018-02-22 00:00,5926.0000000000
2018-02-23 00:00,5850.0000000000
2018-02-24 00:00,5858.0000000000
2018-02-25 00:00,5803.0000000000
2018-02-26 00:00,5865.0000000000
2018-02-27 00:00,5898.0000000000
2018-02-28 00:00,5879.0000000000
2018-03-01 00:00,5899.0000000000
2018-03-02 00:00,5949.0000000000
2018-03-03 00:00,5881.0000000000
2018-03-04 00:00,5885.0000000000
2018-03-05 00:00,5890.0000000000
2018-03-06 00:00,5915.0000000000
2018-03-07 00:00,5856.0000000000
2018-03-08 00:00,5898.0000000000
2018-03-09 00:00,5893.0000000000
2018-03-10 00:00,5957.0000000000
2018-03-11 00:00,5823.0000000000
2018-03-12 00:00,5865.0000000000
2018-03-13 00:00,5843.0000000000
2018-03-14 00:00,5881.0000000000
2018-03-15 00:00,5918.0000000000
2018-03-16 00:00,5856.0000000000
2018-03-17 00:00,5933.0000000000
2018-03-18 00:00,5961.0000000000
2018-03-19 00:00,5959.0000000000
2018-03-20 00:00,5934.0000000000
2018-03-21 00:00,6014.0000000000
2018-03-22 00:00,5968.0000000000
2018-03-23 00:00,6058.0000000000
2018-03-24 00:00,6024.0000000000
2018-03-25 00:00,6004.0000000000
2018-03-26 00:00,5923.0000000000
2018-03-27 00:00,5949.0000000000
2018-03-28 00:00,5867.0000000000
2018-03-29 00:00,5938.0000000000
2018-03-30 00:00,6050.0000000000
2018-03-31 00:00,6016.0000000000
2018-04-01 00:00,6094.0000000000
2018-04-02 00:00,5999.0000000000
2018-04-03 00:00,6001.0000000000
2018-04-04 00:00,6056.0000000000
2018-04-05 00:00,6051.0000000000
2018-04-06 00:00,6049.0000000000
2018-04-07 00:00,6058.0000000000
2018-04-08 00:00,5995.0000000000
2018-04-09 00:00,6073.0000000000
2018-04-10 00:00,5962.0000000000
2018-04-11 00:00,5898.0000000000
2018-04-12 00:00,5923.0000000000
2018-04-13 00:00,5917.0000000000
2018-04-14 00:00,5939.0000000000
2018-04-15 00:00,5932.0000000000
2018-04-16 00:00,5835.0000000000
2018-04-17 00:00,5795.0000000000
2018-04-18 00:00,5810.0000000000
2018-04-19 00:00,5715.0000000000
2018-04-20 00:00,5883.0000000000
2018-04-21 00:00,5902.0000000000
2018-04-22 00:00,5776.0000000000
2018-04-23 00:00,5720.0000000000
2018-04-24 00:00,5818.0000000000
2018-04-25 00:00,5867.0000000000
2018-04-26 00:00,5714.0000000000
2018-04-27 00:00,5713.0000000000
2018-04-28 00:00,5833.0000000000
2018-04-29 00:00,5724.0000000000
2018-04-30 00:00,5622.0000000000
2018-05-01 00:00,5712.0000000000
2018-05-02 00:00,5681.0000000000
2018-05-03 00:00,5632.0000000000
2018-05-04 00:00,5741.0000000000
2018-05-05 00:00,5763.0000000000
2018-05-06 00:00,5835.0000000000
2018-05-07 00:00,5734.0000000000
2018-05-08 00:00,5730.0000000000
2018-05-09 00:00,5683.0000000000
2018-05-10 00:00,5751.0000000000
2018-05-11 00:00,5754.0000000000
2018-05-12 00:00,5760.0000000000
2018-05-13 00:00,5638.0000000000
2018-05-14 00:00,5732.0000000000
2018-05-15 00:00,5645.0000000000
2018-05-16 00:00,5704.0000000000
2018-05-17 00:00,5636.0000000000
2018-05-18 00:00,5603.0000000000
2018-05-19 00:00,5642.0000000000
2018-05-20 00:00,5687.0000000000
2018-05-21 00:00,5601.0000000000
2018-05-22 00:00,5655.0000000000
2018-05-23 00:00,5563.0000000000
2018-05-24 00:00,5635.0000000000
2018-05-25 00:00,5719.0000000000
2018-05-26 00:00,5634.0000000000
2018-05-27 00:00,5704.0000000000
2018-05-28 00:00,5649.0000000000
2018-05-29 00:00,5609.0000000000
2018-05-30 00:00,5647.0000000000
2018-05-31 00:00,5624.0000000000
2018-06-01 00:00,5632.0000000000
2018-06-02 00:00,5619.0000000000
2018-06-03 00:00,5672.0000000000
2018-06-04 00:00,5591.0000000000
2018-06-05 00:00,5633.0000000000
2018-06-06 00:00,5639.0000000000
2018-06-07 00:00,5679.0000000000
2018-06-08 00:00,5610.0000000000
2018-06-09 00:00,5641.0000000000
2018-06-10 00:00,5657.0000000000
2018-06-11 00:00,5714.0000000000
2018-06-12 00:00,5752.0000000000
2018-06-13 00:00,5765.0000000000
2018-06-14 00:00,5782.0000000000
2018-06-15 00:00,5871.0000000000
2018-06-16 00:00,5915.0000000000
2018-06-17 00:00,5954.0000000000
2018-06-18 00:00,5802.0000000000
2018-06-19 00:00,5823.0000000000
2018-06-20 00:00,5872.0000000000
2018-06-21 00:00,5820.0000000000
2018-06-22 00:00,5922.0000000000
2018-06-23 00:00,5881.0000000000
2018-06-24 00:00,5665.0000000000
2018-06-25 00:00,5748.0000000000
2018-06-26 00:00,5847.0000000000
2018-06-27 00:00,5762.0000000000
2018-06-28 00:00,5764.0000000000
2018-06-29 00:00,5870.0000000000
2018-06-30 00:00,5837.0000000000
2018-07-01 00:00,5929.0000000000
2018-07-02 00:00,5809.0000000000
2018-07-03 00:00,5837.0000000000
2018-07-04 00:00,5808.0000000000
2018-07-05 00:00,5844.0000000000
2018-07-06 00:00,5820.0000000000
2018-07-07 00:00,5697.0000000000
2018-07-08 00:00,5855.0000000000
2018-07-09 00:00,5783.0000000000
2018-07-10 00:00,5931.0000000000
2018-07-11 00:00,5993.0000000000
2018-07-12 00:00,5953.0000000000
2018-07-13 00:00,6006.0000000000
2018-07-14 00:00,6067.0000000000
2018-07-15 00:00,5851.0000000000
2018-07-16 00:00,5889.0000000000
2018-07-17 00:00,5757.0000000000
2018-07-18 00:00,5793.0000000000
2018-07-19 00:00,5838.0000000000
2018-07-20 00:00,5997.0000000000
2018-07-21 00:00,5975.0000000000
2018-07-22 00:00,5862.0000000000
2018-07-23 00:00,5815.0000000000
2018-07-24 00:00,5900.0000000000
2018-07-25 00:00,5852.0000000000
2018-07-26 00:00,5909.0000000000
2018-07-27 00:00,5991.0000000000
2018-07-28 00:00,6010.0000000000
2018-07-29 00:00,5963.0000000000
2018-07-30 00:00,5919.0000000000
2018-07-31 00:00,5861.0000000000
2018-08-01 00:00,5854.0000000000
2018-08-02 00:00,5916.0000000000
2018-08-03 00:00,6003.0000000000
2018-08-04 00:00,5932.0000000000
2018-08-05 00:00,5923.0000000000
2018-08-06 00:00,5875.0000000000
2018-08-07 00:00,5957.0000000000
2018-08-08 00:00,5930.0000000000
2018-08-09 00:00,5926.0000000000
2018-08-10 00:00,5945.0000000000
2018-08-11 00:00,5835.0000000000
2018-08-12 00:00,5872.0000000000
2018-08-13 00:00,5952.0000000000
2018-08-14 00:00,5965.0000000000
2018-08-15 00:00,5940.0000000000
2018-08-16 00:00,5840.0000000000
2018-08-17 00:00,5883.0000000000
2018-08-18 00:00,5930.0000000000
2018-08-19 00:00,5932.0000000000
2018-08-20 00:00,5961.0000000000
2018-08-21 00:00,5922.0000000000
2018-08-22 00:00,5853.0000000000
2018-08-23 00:00,5946.0000000000
2018-08-24 00:00,5926.0000000000
2018-08-25 00:00,5947.0000000000
2018-08-26 00:00,5942.0000000000
2018-08-27 00:00,5898.0000000000
2018-08-28 00:00,5890.0000000000
2018-08-29 00:00,5910.0000000000
2018-08-30 00:00,5953.0000000000
2018-08-31 00:00,5880.0000000000
2018-09-01 00:00,6027.0000000000
2018-09-02 00:00,5887.0000000000
2018-09-03 00:00,5968.0000000000
2018-09-04 00:00,5956.0000000000
2018-09-05 00:00,6048.0000000000
2018-09-06 00:00,5913.0000000000
2018-09-07 00:00,5936.0000000000
2018-09-08 00:00,5899.0000000000
2018-09-09 00:00,6007.0000000000
2018-09-10 00:00,6002.0000000000
2018-09-11 00:00,6043.0000000000
2018-09-12 00:00,6004.0000000000
2018-09-13 00:00,6066.0000000000
2018-09-14 00:00,6051.0000000000
2018-09-15 00:00,6113.0000000000
2018-09-16 00:00,6080.0000000000
2018-09-17 00:00,5967.0000000000
2018-09-18 00:00,6123.0000000000
2018-09-19 00:00,6014.0000000000
2018-09-20 00:00,6084.0000000000
2018-09-21 00:00,6038.0000000000
2018-09-22 00:00,6080.0000000000
2018-09-23 00:00,6075.0000000000
2018-09-24 00:00,6113.0000000000
2018-09-25 00:00,6112.0000000000
2018-09-26 00:00,6081.0000000000
2018-09-27 00:00,6098.0000000000
2018-09-28 00:00,6095.0000000000
2018-09-29 00:00,6114.0000000000
2018-09-30 00:00,6095.0000000000
2018-10-01 00:00,6180.0000000000
2018-10-02 00:00,6075.0000000000
2018-10-03 00:00,6146.0000000000
2018-10-04 00:00,6099.0000000000
2018-10-05 00:00,6222.0000000000
2018-10-06 00:00,6241.0000000000
2018-10-07 00:00,6179.0000000000
2018-10-08 00:00,6149.0000000000
2018-10-09 00:00,6168.0000000000
2018-10-10 00:00,6143.0000000000
2018-10-11 00:00,6170.0000000000
2018-10-12 00:00,6176.0000000000
2018-10-13 00:00,6182.0000000000
2018-10-14 00:00,6095.0000000000
2018-10-15 00:00,6114.0000000000
2018-10-16 00:00,6130.0000000000
2018-10-17 00:00,6142.0000000000
2018-10-18 00:00,6065.0000000000
2018-10-19 00:00,6158.0000000000
2018-10-20 00:00,6124.0000000000
2018-10-21 00:00,6065.0000000000
2018-10-22 00:00,6168.0000000000
2018-10-23 00:00,6124.0000000000
2018-10-24 00:00,6123.0000000000
2018-10-25 00:00,6122.0000000000
2018-10-26 00:00,6100.0000000000
2018-10-27 00:00,6137.0000000000
2018-10-28 00:00,6111.0000000000
2018-10-29 00:00,6043.0000000000
2018-10-30 00:00,6157.0000000000
2018-10-31 00:00,6069.0000000000
2018-11-01 00:00,6069.0000000000
2018-11-02 00:00,6119.0000000000
2018-11-03 00:00,6109.0000000000
2018-11-04 00:00,6075.0000000000
2018-11-05 00:00,6064.0000000000
2018-11-06 00:00,6144.0000000000
2018-11-07 00:00,6066.0000000000
2018-11-08 00:00,6091.0000000000
2018-11-09 00:00,6113.0000000000
2018-11-10 00:00,6121.0000000000
2018-11-11 00:00,6171.0000000000
2018-11-12 00:00,6095.0000000000
2018-11-13 00:00,6071.0000000000
2018-11-14 00:00,6073.0000000000
2018-11-15 00:00,6182.0000000000
2018-11-16 00:00,6112.0000000000
2018-11-17 00:00,6159.0000000000
2018-11-18 00:00,5999.0000000000
2018-11-19 00:00,6028.0000000000
2018-11-20 00:00,6136.0000000000
2018-11-21 00:00,6063.0000000000
2018-11-22 00:00,6119.0000000000
2018-11-23 00:00,6119.0000000000
2018-11-24 00:00,6154.0000000000
2018-11-25 00:00,6071.0000000000
2018-11-26 00:00,5995.0000000000
2018-11-27 00:00,6026.0000000000
2018-11-28 00:00,6121.0000000000
2018-11-29 00:00,6046.0000000000
2018-11-30 00:00,6057.0000000000
2018-12-01 00:00,6061.0000000000
2018-12-02 00:00,6033.0000000000
2018-12-03 00:00,6039.0000000000
2018-12-04 00:00,6017.0000000000
2018-12-05 00:00,6056.0000000000
2018-12-06 00:00,5972.0000000000
2018-12-07 00:00,6023.0000000000
2018-12-08 00:00,6097.0000000000
2018-12-09 00:00,6176.0000000000
2018-12-10 00:00,5984.0000000000
2018-12-11 00:00,6076.0000000000
2018-12-12 00:00,6097.0000000000
2018-12-13 00:00,6014.0000000000
2018-12-14 00:00,6115.0000000000
2018-12-15 00:00,6039.0000000000
2018-12-16 00:00,5891.0000000000
2018-12-17 00:00,5861.0000000000
2018-12-18 00:00,5849.0000000000
2018-12-19 00:00,5853.0000000000
2018-12-20 00:00,5837.0000000000
2018-12-21 00:00,5925.0000000000
2018-12-22 00:00,5865.0000000000
2018-12-23 00:00,5927.0000000000
2018-12-24 00:00,5967.0000000000
2018-12-25 00:00,5961.0000000000
2018-12-26 00:00,5893.0000000000
2018-12-27 00:00,5907.0000000000
2018-12-28 00:00,5960.0000000000
2018-12-29 00:00,5886.0000000000
2018-12-30 00:00,5921.0000000000
2018-12-31 00:00,5871.0000000000
2019-01-01 00:00,5931.0000000000
2019-01-02 00:00,5580.0000000000
2019-01-03 00:00,5554.0000000000
2019-01-04 00:00,5620.0000000000
2019-01-05 00:00,5585.0000000000
2019-01-06 00:00,5610.0000000000
2019-01-07 00:00,5562.0000000000
2019-01-08 00:00,5610.0000000000
2019-01-09 00:00,5568.0000000000
2019-01-10 00:00,5566.0000000000
2019-01-11 00:00,5541.0000000000
2019-01-12 00:00,5635.0000000000
2019-01-13 00:00,5629.0000000000
2019-01-14 00:00,5619.0000000000
2019-01-15 00:00,5528.0000000000
2019-01-16 00:00,5561.0000000000
2019-01-17 00:00,5619.0000000000
2019-01-18 00:00,5683.0000000000
2019-01-19 00:00,5599.0000000000
2019-01-20 00:00,5094.0000000000
2019-01-21 00:00,5072.0000000000
2019-01-22 00:00,4991.0000000000
2019-01-23 00:00,5086.0000000000
2019-01-24 00:00,5106.0000000000
2019-01-25 00:00,5055.0000000000
2019-01-26 00:00,5013.0000000000
2019-01-27 00:00,4884.0000000000
2019-01-28 00:00,4870.0000000000
2019-01-29 00:00,4949.0000000000
2019-01-30 00:00,4931.0000000000
2019-01-31 00:00,4848.0000000000
2019-02-01 00:00,4935.0000000000
2019-02-02 00:00,4858.0000000000
2019-02-03 00:00,4938.0000000000
2019-02-04 00:00,4900.0000000000
2019-02-05 00:00,4892.0000000000
2019-02-06 00:00,4918.0000000000
2019-02-07 00:00,4923.0000000000
2019-02-08 00:00,4900.0000000000
2019-02-09 00:00,4298.0000000000
2019-02-10 00:00,4195.0000000000
2019-02-11 00:00,4273.0000000000
2019-02-12 00:00,4169.0000000000
2019-02-13 00:00,4166.0000000000
2019-02-14 00:00,4158.0000000000
2019-02-15 00:00,4224.0000000000
2019-02-16 00:00,4139.0000000000
2019-02-17 00:00,4196.0000000000
2019-02-18 00:00,4288.0000000000
2019-02-19 00:00,4242.0000000000
2019-02-20 00:00,4252.0000000000
2019-02-21 00:00,4238.0000000000
2019-02-22 00:00,4353.0000000000
2019-02-23 00:00,4254.0000000000
2019-02-24 00:00,4238.0000000000
2019-02-25 00:00,4281.0000000000
2019-02-26 00:00,4281.0000000000
2019-02-27 00:00,4366.0000000000
2019-02-28 00:00,5994.0000000000
2019-03-01 00:00,6402.0000000000
2019-03-02 00:00,6379.0000000000
2019-03-03 00:00,6384.0000000000
2019-03-04 00:00,6429.0000000000
2019-03-05 00:00,6399.0000000000
2019-03-06 00:00,6438.0000000000
2019-03-07 00:00,6388.0000000000
2019-03-08 00:00,6380.0000000000
2019-03-09 00:00,6513.0000000000
2019-03-10 00:00,6389.0000000000
2019-03-11 00:00,6453.0000000000
2019-03-12 00:00,6399.0000000000
2019-03-13 00:00,6422.0000000000
2019-03-14 00:00,6424.0000000000
2019-03-15 00:00,6511.0000000000
2019-03-16 00:00,6415.0000000000
2019-03-17 00:00,6368.0000000000
2019-03-18 00:00,6416.0000000000
2019-03-19 00:00,6475.0000000000
2019-03-20 00:00,6372.0000000000
2019-03-21 00:00,6409.0000000000
2019-03-22 00:00,6431.0000000000
2019-03-23 00:00,6432.0000000000
2019-03-24 00:00,6429.0000000000
2019-03-25 00:00,6358.0000000000
2019-03-26 00:00,6458.0000000000
2019-03-27 00:00,6373.0000000000
2019-03-28 00:00,6369.0000000000
2019-03-29 00:00,6371.0000000000
2019-03-30 00:00,6417.0000000000
2019-03-31 00:00,6420.0000000000
2019-04-01 00:00,6357.0000000000
2019-04-02 00:00,6336.0000000000
2019-04-03 00:00,6406.0000000000
2019-04-04 00:00,6427.0000000000
2019-04-05 00:00,6452.0000000000
2019-04-06 00:00,6476.0000000000
2019-04-07 00:00,6441.0000000000
2019-04-08 00:00,6430.0000000000
2019-04-09 00:00,6455.0000000000
2019-04-10 00:00,6384.0000000000
2019-04-11 00:00,6420.0000000000
2019-04-12 00:00,6483.0000000000
2019-04-13 00:00,6422.0000000000
2019-04-14 00:00,6443.0000000000
2019-04-15 00:00,6408.0000000000
2019-04-16 00:00,6381.0000000000
2019-04-17 00:00,6406.0000000000
2019-04-18 00:00,6449.0000000000
2019-04-19 00:00,6370.0000000000
2019-04-20 00:00,6462.0000000000
2019-04-21 00:00,6429.0000000000
2019-04-22 00:00,6296.0000000000
2019-04-23 00:00,6392.0000000000
2019-04-24 00:00,6466.0000000000
2019-04-25 00:00,6453.0000000000
2019-04-26 00:00,6476.0000000000
2019-04-27 00:00,6389.0000000000
2019-04-28 00:00,6452.0000000000
2019-04-29 00:00,6412.0000000000
2019-04-30 00:00,6465.0000000000
2019-05-01 00:00,6442.0000000000
2019-05-02 00:00,6341.0000000000
2019-05-03 00:00,6530.0000000000
2019-05-04 00:00,6386.0000000000
2019-05-05 00:00,6359.0000000000
2019-05-06 00:00,6395.0000000000
2019-05-07 00:00,6336.0000000000
2019-05-08 00:00,6364.0000000000
2019-05-09 00:00,6439.0000000000
2019-05-10 00:00,6396.0000000000
2019-05-11 00:00,6441.0000000000
2019-05-12 00:00,6360.0000000000
2019-05-13 00:00,6470.0000000000
2019-05-14 00:00,6470.0000000000
2019-05-15 00:00,6342.0000000000
2019-05-16 00:00,6439.0000000000
2019-05-17 00:00,6402.0000000000
2019-05-18 00:00,6386.0000000000
2019-05-19 00:00,6349.0000000000
2019-05-20 00:00,6339.0000000000
2019-05-21 00:00,6401.0000000000
2019-05-22 00:00,6329.0000000000
2019-05-23 00:00,6392.0000000000
2019-05-24 00:00,6526.0000000000
2019-05-25 00:00,6427.0000000000
2019-05-26 00:00,6387.0000000000
2019-05-27 00:00,6148.0000000000
2019-05-28 00:00,6534.0000000000
2019-05-29 00:00,6301.0000000000
2019-05-30 00:00,6476.0000000000
2019-05-31 00:00,6366.0000000000
2019-06-01 00:00,6386.0000000000
2019-06-02 00:00,6322.0000000000
2019-06-03 00:00,6401.0000000000
2019-06-04 00:00,6398.0000000000
2019-06-05 00:00,6452.0000000000
2019-06-06 00:00,6345.0000000000
2019-06-07 00:00,6337.0000000000
2019-06-08 00:00,6368.0000000000
2019-06-09 00:00,6447.0000000000
2019-06-10 00:00,6370.0000000000
2019-06-11 00:00,6301.0000000000
2019-06-12 00:00,6349.0000000000
2019-06-13 00:00,6345.0000000000
2019-06-14 00:00,6296.0000000000
2019-06-15 00:00,6382.0000000000
2019-06-16 00:00,3008.0000000000
2019-06-17 00:00,6301.0000000000
2019-06-18 00:00,6394.0000000000
2019-06-19 00:00,6181.0000000000
2019-06-20 00:00,6330.0000000000
2019-06-21 00:00,6457.0000000000
2019-06-22 00:00,6400.0000000000
2019-06-23 00:00,6436.0000000000
2019-06-24 00:00,6422.0000000000
2019-06-25 00:00,6421.0000000000
2019-06-26 00:00,6386.0000000000
2019-06-27 00:00,6395.0000000000
2019-06-28 00:00,6433.0000000000
2019-06-29 00:00,6426.0000000000
2019-06-30 00:00,6434.0000000000
2019-07-01 00:00,6407.0000000000
2019-07-02 00:00,6397.0000000000
2019-07-03 00:00,6406.0000000000
2019-07-04 00:00,6379.0000000000
2019-07-05 00:00,6483.0000000000
2019-07-06 00:00,6467.0000000000
2019-07-07 00:00,6419.0000000000
2019-07-08 00:00,6434.0000000000
2019-07-09 00:00,6398.0000000000
2019-07-10 00:00,6436.0000000000
2019-07-11 00:00,6339.0000000000
2019-07-12 00:00,6438.0000000000
2019-07-13 00:00,6525.0000000000
2019-07-14 00:00,6346.0000000000
2019-07-15 00:00,6318.0000000000
2019-07-16 00:00,6381.0000000000
2019-07-17 00:00,6478.0000000000
2019-07-18 00:00,6364.0000000000
2019-07-19 00:00,6504.0000000000
2019-07-20 00:00,6403.0000000000
2019-07-21 00:00,6481.0000000000
2019-07-22 00:00,6477.0000000000
2019-07-23 00:00,6436.0000000000
2019-07-24 00:00,6358.0000000000
2019-07-25 00:00,6451.0000000000
2019-07-26 00:00,6477.0000000000
2019-07-27 00:00,6458.0000000000
2019-07-28 00:00,6379.0000000000
2019-07-29 00:00,6502.0000000000
2019-07-30 00:00,6405.0000000000
2019-07-31 00:00,6343.0000000000
2019-08-01 00:00,6511.0000000000
2019-08-02 00:00,6472.0000000000
2019-08-03 00:00,6435.0000000000
2019-08-04 00:00,6445.0000000000
2019-08-05 00:00,6450.0000000000
2019-08-06 00:00,6482.0000000000
2019-08-07 00:00,6384.0000000000
2019-08-08 00:00,6420.0000000000
2019-08-09 00:00,6496.0000000000
2019-08-10 00:00,6423.0000000000
2019-08-11 00:00,6484.0000000000
2019-08-12 00:00,6427.0000000000
2019-08-13 00:00,6459.0000000000
2019-08-14 00:00,6413.0000000000
2019-08-15 00:00,6449.0000000000
2019-08-16 00:00,6480.0000000000
2019-08-17 00:00,6437.0000000000
2019-08-18 00:00,6374.0000000000
2019-08-19 00:00,6432.0000000000
2019-08-20 00:00,6449.0000000000
2019-08-21 00:00,6400.0000000000
2019-08-22 00:00,6468.0000000000
2019-08-23 00:00,6315.0000000000
2019-08-24 00:00,6572.0000000000
2019-08-25 00:00,6363.0000000000
2019-08-26 00:00,6415.0000000000
2019-08-27 00:00,6410.0000000000
2019-08-28 00:00,6493.0000000000
2019-08-29 00:00,6414.0000000000
2019-08-30 00:00,6420.0000000000
2019-08-31 00:00,6402.0000000000
2019-09-01 00:00,6432.0000000000
2019-09-02 00:00,6401.0000000000
2019-09-03 00:00,6392.0000000000
2019-09-04 00:00,6449.0000000000
2019-09-05 00:00,6383.0000000000
2019-09-06 00:00,6428.0000000000
2019-09-07 00:00,6402.0000000000
2019-09-08 00:00,6434.0000000000
2019-09-09 00:00,6388.0000000000
2019-09-10 00:00,6437.0000000000
2019-09-11 00:00,6436.0000000000
2019-09-12 00:00,6313.0000000000
2019-09-13 00:00,6440.0000000000
2019-09-14 00:00,6377.0000000000
2019-09-15 00:00,6455.0000000000
2019-09-16 00:00,6429.0000000000
2019-09-17 00:00,6477.0000000000
2019-09-18 00:00,6327.0000000000
2019-09-19 00:00,6451.0000000000
2019-09-20 00:00,6392.0000000000
2019-09-21 00:00,6391.0000000000
2019-09-22 00:00,6448.0000000000
2019-09-23 00:00,6276.0000000000
2019-09-24 00:00,6384.0000000000
2019-09-25 00:00,6403.0000000000
2019-09-26 00:00,6337.0000000000
2019-09-27 00:00,6406.0000000000
2019-09-28 00:00,6418.0000000000
2019-09-29 00:00,6384.0000000000
2019-09-30 00:00,6426.0000000000
2019-10-01 00:00,6337.0000000000
2019-10-02 00:00,6400.0000000000
2019-10-03 00:00,6440.0000000000
2019-10-04 00:00,6441.0000000000
2019-10-05 00:00,6449.0000000000
2019-10-06 00:00,6364.0000000000
2019-10-07 00:00,6352.0000000000
2019-10-08 00:00,6362.0000000000
2019-10-09 00:00,6123.0000000000
2019-10-10 00:00,6359.0000000000
2019-10-11 00:00,6329.0000000000
2019-10-12 00:00,6374.0000000000
2019-10-13 00:00,6387.0000000000
2019-10-14 00:00,6431.0000000000
2019-10-15 00:00,6332.0000000000
2019-10-16 00:00,6300.0000000000
2019-10-17 00:00,6328.0000000000
2019-10-18 00:00,6354.0000000000
2019-10-19 00:00,6367.0000000000
2019-10-20 00:00,6293.0000000000
2019-10-21 00:00,6412.0000000000
2019-10-22 00:00,6384.0000000000
2019-10-23 00:00,6264.0000000000
2019-10-24 00:00,6127.0000000000
2019-10-25 00:00,6267.0000000000
2019-10-26 00:00,6174.0000000000
2019-10-27 00:00,6242.0000000000
2019-10-28 00:00,6211.0000000000
2019-10-29 00:00,6234.0000000000
2019-10-30 00:00,6216.0000000000
2019-10-31 00:00,6279.0000000000
2019-11-01 00:00,6166.0000000000
2019-11-02 00:00,6269.0000000000
2019-11-03 00:00,6196.0000000000
2019-11-04 00:00,6227.0000000000
2019-11-05 00:00,6203.0000000000
2019-11-06 00:00,6166.0000000000
2019-11-07 00:00,6188.0000000000
2019-11-08 00:00,6137.0000000000
2019-11-09 00:00,6001.0000000000
2019-11-10 00:00,5984.0000000000
2019-11-11 00:00,6022.0000000000
2019-11-12 00:00,6013.0000000000
2019-11-13 00:00,6030.0000000000
2019-11-14 00:00,5986.0000000000
2019-11-15 00:00,6014.0000000000
2019-11-16 00:00,6019.0000000000
2019-11-17 00:00,5981.0000000000
2019-11-18 00:00,5896.0000000000
2019-11-19 00:00,5990.0000000000
2019-11-20 00:00,6070.0000000000
2019-11-21 00:00,5963.0000000000
2019-11-22 00:00,6054.0000000000
2019-11-23 00:00,6013.0000000000
2019-11-24 00:00,5901.0000000000
2019-11-25 00:00,5663.0000000000
2019-11-26 00:00,5656.0000000000
2019-11-27 00:00,5626.0000000000
2019-11-28 00:00,5617.0000000000
2019-11-29 00:00,5702.0000000000
2019-11-30 00:00,5608.0000000000
2019-12-01 00:00,5668.0000000000
2019-12-02 00:00,4862.0000000000
2019-12-03 00:00,5572.0000000000
2019-12-04 00:00,5623.0000000000
2019-12-05 00:00,5226.0000000000
2019-12-06 00:00,5661.0000000000
2019-12-07 00:00,5627.0000000000
2019-12-08 00:00,5647.0000000000
2019-12-09 00:00,5696.0000000000
2019-12-10 00:00,5580.0000000000
2019-12-11 00:00,5706.0000000000
2019-12-12 00:00,5473.0000000000
2019-12-13 00:00,5131.0000000000
2019-12-14 00:00,5127.0000000000
2019-12-15 00:00,5096.0000000000
2019-12-16 00:00,5050.0000000000
2019-12-17 00:00,4989.0000000000
2019-12-18 00:00,5015.0000000000
2019-12-19 00:00,4989.0000000000
2019-12-20 00:00,5078.0000000000
2019-12-21 00:00,4993.0000000000
2019-12-22 00:00,4998.0000000000
2019-12-23 00:00,5074.0000000000
2019-12-24 00:00,4988.0000000000
2019-12-25 00:00,4995.0000000000
2019-12-26 00:00,5024.0000000000
2019-12-27 00:00,5071.0000000000
2019-12-28 00:00,5035.0000000000
2019-12-29 00:00,5015.0000000000
2019-12-30 00:00,4987.0000000000
2019-12-31 00:00,4980.0000000000
2020-01-01 00:00,5679.0000000000
2020-01-02 00:00,6522.0000000000
2020-01-03 00:00,6570.0000000000
2020-01-04 00:00,6488.0000000000
2020-01-05 00:00,6586.0000000000
2020-01-06 00:00,6533.0000000000
2020-01-07 00:00,6495.0000000000
2020-01-08 00:00,6516.0000000000
2020-01-09 00:00,6225.0000000000
2020-01-10 00:00,6528.0000000000
2020-01-11 00:00,6515.0000000000
2020-01-12 00:00,6540.0000000000
2020-01-13 00:00,6525.0000000000
2020-01-14 00:00,6486.0000000000
2020-01-15 00:00,6533.0000000000
2020-01-16 00:00,6549.0000000000
2020-01-17 00:00,6516.0000000000
2020-01-18 00:00,6570.0000000000
2020-01-19 00:00,6518.0000000000
2020-01-20 00:00,6572.0000000000
2020-01-21 00:00,6472.0000000000
2020-01-22 00:00,6575.0000000000
2020-01-23 00:00,6514.0000000000
2020-01-24 00:00,6491.0000000000
2020-01-25 00:00,6495.0000000000
2020-01-26 00:00,6552.0000000000
2020-01-27 00:00,6511.0000000000
2020-01-28 00:00,6551.0000000000
2020-01-29 00:00,6452.0000000000
2020-01-30 00:00,6489.0000000000
2020-01-31 00:00,6488.0000000000
2020-02-01 00:00,6537.0000000000
2020-02-02 00:00,6524.0000000000
2020-02-03 00:00,6566.0000000000
2020-02-04 00:00,6456.0000000000
2020-02-05 00:00,6516.0000000000
2020-02-06 00:00,6509.0000000000
2020-02-07 00:00,6467.0000000000
2020-02-08 00:00,6491.0000000000
2020-02-09 00:00,6592.0000000000
2020-02-10 00:00,6534.0000000000
2020-02-11 00:00,6463.0000000000
2020-02-12 00:00,6481.0000000000
2020-02-13 00:00,6493.0000000000
2020-02-14 00:00,6472.0000000000
2020-02-15 00:00,6552.0000000000
2020-02-16 00:00,6447.0000000000
2020-02-17 00:00,6480.0000000000
2020-02-18 00:00,6557.0000000000
2020-02-19 00:00,6480.0000000000
2020-02-20 00:00,6475.0000000000
2020-02-21 00:00,6528.0000000000
2020-02-22 00:00,6532.0000000000
2020-02-23 00:00,6481.0000000000
2020-02-24 00:00,6456.0000000000
2020-02-25 00:00,6528.0000000000
2020-02-26 00:00,6513.0000000000
2020-02-27 00:00,6501.0000000000
2020-02-28 00:00,6519.0000000000
2020-02-29 00:00,6495.0000000000
2020-03-01 00:00,6533.0000000000
2020-03-02 00:00,6501.0000000000
2020-03-03 00:00,6536.0000000000
2020-03-04 00:00,6409.0000000000
2020-03-05 00:00,6568.0000000000
2020-03-06 00:00,6540.0000000000
2020-03-07 00:00,6552.0000000000
2020-03-08 00:00,6431.0000000000
2020-03-09 00:00,6498.0000000000
2020-03-10 00:00,6529.0000000000
2020-03-11 00:00,6448.0000000000
2020-03-12 00:00,6382.0000000000
2020-03-13 00:00,6490.0000000000
2020-03-14 00:00,6513.0000000000
2020-03-15 00:00,6488.0000000000
2020-03-16 00:00,6509.0000000000
2020-03-17 00:00,6531.0000000000
2020-03-18 00:00,6482.0000000000
2020-03-19 00:00,6436.0000000000
2020-03-20 00:00,6444.0000000000
2020-03-21 00:00,6300.0000000000
2020-03-22 00:00,6448.0000000000
2020-03-23 00:00,6348.0000000000
2020-03-24 00:00,6374.0000000000
2020-03-25 00:00,6478.0000000000
2020-03-26 00:00,6554.0000000000
2020-03-27 00:00,6488.0000000000
2020-03-28 00:00,6573.0000000000
2020-03-29 00:00,6460.0000000000
2020-03-30 00:00,6472.0000000000
2020-03-31 00:00,6553.0000000000
2020-04-01 00:00,6484.0000000000
2020-04-02 00:00,6527.0000000000
2020-04-03 00:00,6491.0000000000
2020-04-04 00:00,6507.0000000000
2020-04-05 00:00,6433.0000000000
2020-04-06 00:00,6554.0000000000
2020-04-07 00:00,6502.0000000000
2020-04-08 00:00,6479.0000000000
2020-04-09 00:00,6515.0000000000
2020-04-10 00:00,6412.0000000000
2020-04-11 00:00,6581.0000000000
2020-04-12 00:00,6510.0000000000
2020-04-13 00:00,6482.0000000000
2020-04-14 00:00,6491.0000000000
2020-04-15 00:00,6469.0000000000
2020-04-16 00:00,6445.0000000000
2020-04-17 00:00,6444.0000000000
2020-04-18 00:00,6487.0000000000
2020-04-19 00:00,6496.0000000000
2020-04-20 00:00,6437.0000000000
2020-04-21 00:00,6481.0000000000
2020-04-22 00:00,6454.0000000000
2020-04-23 00:00,6476.0000000000
2020-04-24 00:00,6418.0000000000
2020-04-25 00:00,6458.0000000000
2020-04-26 00:00,6453.0000000000
2020-04-27 00:00,6420.0000000000
2020-04-28 00:00,6526.0000000000
2020-04-29 00:00,6377.0000000000
2020-04-30 00:00,6475.0000000000
2020-05-01 00:00,6471.0000000000
2020-05-02 00:00,6421.0000000000
2020-05-03 00:00,6541.0000000000
2020-05-04 00:00,6506.0000000000
2020-05-05 00:00,6386.0000000000
2020-05-06 00:00,6455.0000000000
2020-05-07 00:00,6486.0000000000
2020-05-08 00:00,6398.0000000000
2020-05-09 00:00,6493.0000000000
2020-05-10 00:00,6435.0000000000
2020-05-11 00:00,6398.0000000000
2020-05-12 00:00,6484.0000000000
2020-05-13 00:00,6455.0000000000
2020-05-14 00:00,6423.0000000000
2020-05-15 00:00,6402.0000000000
2020-05-16 00:00,6471.0000000000
2020-05-17 00:00,6406.0000000000
2020-05-18 00:00,6386.0000000000
2020-05-19 00:00,6455.0000000000
2020-05-20 00:00,6455.0000000000
2020-05-21 00:00,6353.0000000000
2020-05-22 00:00,6513.0000000000
2020-05-23 00:00,6411.0000000000
2020-05-24 00:00,6363.0000000000
2020-05-25 00:00,6478.0000000000
2020-05-26 00:00,6444.0000000000
2020-05-27 00:00,6413.0000000000
2020-05-28 00:00,6434.0000000000
2020-05-29 00:00,6440.0000000000
2020-05-30 00:00,6475.0000000000
2020-05-31 00:00,6401.0000000000
2020-06-01 00:00,6458.0000000000
2020-06-02 00:00,6401.0000000000
2020-06-03 00:00,6427.0000000000
2020-06-04 00:00,6484.0000000000
2020-06-05 00:00,6435.0000000000
2020-06-06 00:00,6466.0000000000
2020-06-07 00:00,6411.0000000000
2020-06-08 00:00,6480.0000000000
2020-06-09 00:00,6372.0000000000
2020-06-10 00:00,6458.0000000000
2020-06-11 00:00,6506.0000000000
2020-06-12 00:00,6488.0000000000
2020-06-13 00:00,6526.0000000000
2020-06-14 00:00,6462.0000000000
2020-06-15 00:00,6435.0000000000
2020-06-16 00:00,6416.0000000000
2020-06-17 00:00,6450.0000000000
2020-06-18 00:00,6503.0000000000
2020-06-19 00:00,6463.0000000000
2020-06-20 00:00,6505.0000000000
2020-06-21 00:00,6455.0000000000
2020-06-22 00:00,6442.0000000000
2020-06-23 00:00,6483.0000000000
2020-06-24 00:00,6450.0000000000
2020-06-25 00:00,6448.0000000000
2020-06-26 00:00,6365.0000000000
2020-06-27 00:00,6522.0000000000
2020-06-28 00:00,6393.0000000000
2020-06-29 00:00,6479.0000000000
2020-06-30 00:00,6409.0000000000
2020-07-01 00:00,6442.0000000000
2020-07-02 00:00,6475.0000000000
2020-07-03 00:00,6427.0000000000
2020-07-04 00:00,6494.0000000000
2020-07-05 00:00,6457.0000000000
2020-07-06 00:00,6492.0000000000
2020-07-07 00:00,6506.0000000000
2020-07-08 00:00,6430.0000000000
2020-07-09 00:00,6406.0000000000
2020-07-10 00:00,6533.0000000000
2020-07-11 00:00,6491.0000000000
2020-07-12 00:00,6493.0000000000
2020-07-13 00:00,6406.0000000000
2020-07-14 00:00,6465.0000000000
2020-07-15 00:00,6414.0000000000
2020-07-16 00:00,6454.0000000000
2020-07-17 00:00,6526.0000000000
2020-07-18 00:00,6451.0000000000
2020-07-19 00:00,6436.0000000000
2020-07-20 00:00,6380.0000000000
2020-07-21 00:00,6460.0000000000
2020-07-22 00:00,6522.0000000000
2020-07-23 00:00,6502.0000000000
2020-07-24 00:00,6355.0000000000
2020-07-25 00:00,6488.0000000000
2020-07-26 00:00,6444.0000000000
2020-07-27 00:00,6476.0000000000
2020-07-28 00:00,6512.0000000000
2020-07-29 00:00,6386.0000000000
2020-07-30 00:00,6479.0000000000
2020-07-31 00:00,6517.0000000000
2020-08-01 00:00,6486.0000000000
2020-08-02 00:00,6476.0000000000
2020-08-03 00:00,6405.0000000000
2020-08-04 00:00,6457.0000000000
2020-08-05 00:00,6515.0000000000
2020-08-06 00:00,6483.0000000000
2020-08-07 00:00,6457.0000000000
2020-08-08 00:00,6530.0000000000
2020-08-09 00:00,6482.0000000000
2020-08-10 00:00,6468.0000000000
2020-08-11 00:00,6507.0000000000
2020-08-12 00:00,6479.0000000000
2020-08-13 00:00,6504.0000000000
2020-08-14 00:00,6475.0000000000
2020-08-15 00:00,6505.0000000000
2020-08-16 00:00,6398.0000000000
2020-08-17 00:00,6561.0000000000
2020-08-18 00:00,6507.0000000000
2020-08-19 00:00,6534.0000000000
2020-08-20 00:00,6490.0000000000
2020-08-21 00:00,6456.0000000000
2020-08-22 00:00,6577.0000000000
2020-08-23 00:00,6516.0000000000
2020-08-24 00:00,6425.0000000000
2020-08-25 00:00,6569.0000000000
2020-08-26 00:00,6497.0000000000
2020-08-27 00:00,6533.0000000000
2020-08-28 00:00,6508.0000000000
2020-08-29 00:00,6531.0000000000
2020-08-30 00:00,6592.0000000000
2020-08-31 00:00,6531.0000000000
2020-09-01 00:00,6491.0000000000
2020-09-02 00:00,6463.0000000000
2020-09-03 00:00,6607.0000000000
2020-09-04 00:00,6542.0000000000
2020-09-05 00:00,6611.0000000000
2020-09-06 00:00,6470.0000000000
2020-09-07 00:00,6523.0000000000
2020-09-08 00:00,6490.0000000000
2020-09-09 00:00,6510.0000000000
2020-09-10 00:00,6571.0000000000
2020-09-11 00:00,6501.0000000000
2020-09-12 00:00,6545.0000000000
2020-09-13 00:00,6458.0000000000
2020-09-14 00:00,6551.0000000000
2020-09-15 00:00,6454.0000000000
2020-09-16 00:00,6590.0000000000
2020-09-17 00:00,6435.0000000000
2020-09-18 00:00,6526.0000000000
2020-09-19 00:00,6593.0000000000
2020-09-20 00:00,6567.0000000000
2020-09-21 00:00,6439.0000000000
2020-09-22 00:00,6527.0000000000
2020-09-23 00:00,6513.0000000000
2020-09-24 00:00,6452.0000000000
2020-09-25 00:00,6426.0000000000
2020-09-26 00:00,6368.0000000000
2020-09-27 00:00,6404.0000000000
2020-09-28 00:00,6387.0000000000
2020-09-29 00:00,6404.0000000000
2020-09-30 00:00,6425.0000000000
2020-10-01 00:00,6361.0000000000
2020-10-02 00:00,6375.0000000000
2020-10-03 00:00,6373.0000000000
2020-10-04 00:00,6446.0000000000
2020-10-05 00:00,6472.0000000000
2020-10-06 00:00,6337.0000000000
2020-10-07 00:00,6301.0000000000
2020-10-08 00:00,6378.0000000000
2020-10-09 00:00,6509.0000000000
2020-10-10 00:00,6569.0000000000
2020-10-11 00:00,6457.0000000000
2020-10-12 00:00,6574.0000000000
2020-10-13 00:00,6538.0000000000
2020-10-14 00:00,6565.0000000000
2020-10-15 00:00,6496.0000000000
2020-10-16 00:00,6527.0000000000
2020-10-17 00:00,6450.0000000000
2020-10-18 00:00,6594.0000000000
2020-10-19 00:00,6505.0000000000
2020-10-20 00:00,6513.0000000000
2020-10-21 00:00,6538.0000000000
2020-10-22 00:00,6474.0000000000
2020-10-23 00:00,6582.0000000000
2020-10-24 00:00,6479.0000000000
2020-10-25 00:00,6466.0000000000
2020-10-26 00:00,6545.0000000000
2020-10-27 00:00,6551.0000000000
2020-10-28 00:00,6526.0000000000
2020-10-29 00:00,6491.0000000000
2020-10-30 00:00,6526.0000000000
2020-10-31 00:00,6511.0000000000
2020-11-01 00:00,6474.0000000000
2020-11-02 00:00,6518.0000000000
2020-11-03 00:00,6527.0000000000
2020-11-04 00:00,6514.0000000000
2020-11-05 00:00,6539.0000000000
2020-11-06 00:00,6500.0000000000
2020-11-07 00:00,6538.0000000000
2020-11-08 00:00,6507.0000000000
2020-11-09 00:00,6452.0000000000
2020-11-10 00:00,6528.0000000000
2020-11-11 00:00,6512.0000000000
2020-11-12 00:00,6534.0000000000
2020-11-13 00:00,6542.0000000000
2020-11-14 00:00,6546.0000000000
2020-11-15 00:00,6476.0000000000
2020-11-16 00:00,6525.0000000000
2020-11-17 00:00,6456.0000000000
2020-11-18 00:00,6609.0000000000
2020-11-19 00:00,6452.0000000000
2020-11-20 00:00,6566.0000000000
2020-11-21 00:00,6509.0000000000
2020-11-22 00:00,6451.0000000000
2020-11-23 00:00,6567.0000000000
2020-11-24 00:00,6469.0000000000
2020-11-25 00:00,6533.0000000000
2020-11-26 00:00,6417.0000000000
2020-11-27 00:00,6599.0000000000
2020-11-28 00:00,6512.0000000000
2020-11-29 00:00,6570.0000000000
2020-11-30 00:00,6519.0000000000
2020-12-01 00:00,6441.0000000000
2020-12-02 00:00,6559.0000000000
2020-12-03 00:00,6449.0000000000
2020-12-04 00:00,6495.0000000000
2020-12-05 00:00,6558.0000000000
2020-12-06 00:00,6465.0000000000
2020-12-07 00:00,6484.0000000000
2020-12-08 00:00,6603.0000000000
2020-12-09 00:00,6425.0000000000
2020-12-10 00:00,6486.0000000000
2020-12-11 00:00,6491.0000000000
2020-12-12 00:00,6487.0000000000
2020-12-13 00:00,6524.0000000000
2020-12-14 00:00,6489.0000000000
2020-12-15 00:00,6535.0000000000
2020-12-16 00:00,6540.0000000000
2020-12-17 00:00,6491.0000000000
2020-12-18 00:00,6514.0000000000
2020-12-19 00:00,6542.0000000000
2020-12-20 00:00,6504.0000000000
2020-12-21 00:00,6502.0000000000
2020-12-22 00:00,6597.0000000000
2020-12-23 00:00,6470.0000000000
2020-12-24 00:00,6435.0000000000
2020-12-25 00:00,6583.0000000000
2020-12-26 00:00,6508.0000000000
2020-12-27 00:00,6597.0000000000
2020-12-28 00:00,6410.0000000000
2020-12-29 00:00,6544.0000000000
2020-12-30 00:00,6502.0000000000
2020-12-31 00:00,6545.0000000000
2021-01-01 00:00,6601.0000000000
2021-01-02 00:00,6476.0000000000
2021-01-03 00:00,6517.0000000000
2021-01-04 00:00,6532.0000000000
2021-01-05 00:00,6485.0000000000
2021-01-06 00:00,6436.0000000000
2021-01-07 00:00,6593.0000000000
2021-01-08 00:00,6476.0000000000
2021-01-09 00:00,6554.0000000000
2021-01-10 00:00,6528.0000000000
2021-01-11 00:00,6555.0000000000
2021-01-12 00:00,6561.0000000000
2021-01-13 00:00,6406.0000000000
2021-01-14 00:00,6581.0000000000
2021-01-15 00:00,6508.0000000000
2021-01-16 00:00,6494.0000000000
2021-01-17 00:00,6496.0000000000
2021-01-18 00:00,6533.0000000000
2021-01-19 00:00,6578.0000000000
2021-01-20 00:00,6478.0000000000
2021-01-21 00:00,6481.0000000000
2021-01-22 00:00,6541.0000000000
2021-01-23 00:00,6481.0000000000
2021-01-24 00:00,6524.0000000000
2021-01-25 00:00,6514.0000000000
2021-01-26 00:00,6468.0000000000
2021-01-27 00:00,6498.0000000000
2021-01-28 00:00,6453.0000000000
2021-01-29 00:00,6390.0000000000
2021-01-30 00:00,6637.0000000000
2021-01-31 00:00,6489.0000000000
2021-02-01 00:00,6494.0000000000
2021-02-02 00:00,6484.0000000000
2021-02-03 00:00,6516.0000000000
2021-02-04 00:00,6447.0000000000
2021-02-05 00:00,6519.0000000000
2021-02-06 00:00,6554.0000000000
2021-02-07 00:00,6468.0000000000
2021-02-08 00:00,6485.0000000000
2021-02-09 00:00,6528.0000000000
2021-02-10 00:00,6517.0000000000
2021-02-11 00:00,6524.0000000000
2021-02-12 00:00,6423.0000000000
2021-02-13 00:00,6559.0000000000
2021-02-14 00:00,6496.0000000000
2021-02-15 00:00,6485.0000000000
2021-02-16 00:00,6549.0000000000
2021-02-17 00:00,6447.0000000000
2021-02-18 00:00,6577.0000000000
2021-02-19 00:00,6495.0000000000
2021-02-20 00:00,6485.0000000000
2021-02-21 00:00,6496.0000000000
2021-02-22 00:00,6502.0000000000
2021-02-23 00:00,6469.0000000000
2021-02-24 00:00,6515.0000000000
2021-02-25 00:00,6542.0000000000
2021-02-26 00:00,6489.0000000000
2021-02-27 00:00,6467.0000000000
2021-02-28 00:00,6476.0000000000
2021-03-01 00:00,6550.0000000000
2021-03-02 00:00,6408.0000000000
2021-03-03 00:00,6515.0000000000
2021-03-04 00:00,6525.0000000000
2021-03-05 00:00,6563.0000000000
2021-03-06 00:00,6477.0000000000
2021-03-07 00:00,6500.0000000000
2021-03-08 00:00,6433.0000000000
2021-03-09 00:00,6532.0000000000
2021-03-10 00:00,6415.0000000000
2021-03-11 00:00,6470.0000000000
2021-03-12 00:00,6512.0000000000
2021-03-13 00:00,6522.0000000000
2021-03-14 00:00,6437.0000000000
2021-03-15 00:00,6520.0000000000
2021-03-16 00:00,6484.0000000000
2021-03-17 00:00,6501.0000000000
2021-03-18 00:00,6506.0000000000
2021-03-19 00:00,6527.0000000000
2021-03-20 00:00,6421.0000000000
2021-03-21 00:00,6490.0000000000
2021-03-22 00:00,6505.0000000000
2021-03-23 00:00,6484.0000000000
2021-03-24 00:00,6514.0000000000
2021-03-25 00:00,6539.0000000000
2021-03-26 00:00,6485.0000000000
2021-03-27 00:00,6493.0000000000
2021-03-28 00:00,6511.0000000000
2021-03-29 00:00,6518.0000000000
2021-03-30 00:00,6452.0000000000
2021-03-31 00:00,6516.0000000000
2021-04-01 00:00,6454.0000000000
2021-04-02 00:00,6527.0000000000
2021-04-03 00:00,6561.0000000000
2021-04-04 00:00,6510.0000000000
2021-04-05 00:00,6483.0000000000
2021-04-06 00:00,6537.0000000000
2021-04-07 00:00,6455.0000000000
2021-04-08 00:00,6457.0000000000
2021-04-09 00:00,6582.0000000000
2021-04-10 00:00,6546.0000000000
2021-04-11 00:00,6516.0000000000
2021-04-12 00:00,6474.0000000000
2021-04-13 00:00,6449.0000000000
2021-04-14 00:00,6500.0000000000
2021-04-15 00:00,6433.0000000000
2021-04-16 00:00,6467.0000000000
2021-04-17 00:00,6501.0000000000
2021-04-18 00:00,6400.0000000000
2021-04-19 00:00,6580.0000000000
2021-04-20 00:00,6519.0000000000
2021-04-21 00:00,6417.0000000000
2021-04-22 00:00,6450.0000000000
2021-04-23 00:00,6500.0000000000
2021-04-24 00:00,6509.0000000000
2021-04-25 00:00,6471.0000000000
2021-04-26 00:00,6488.0000000000
2021-04-27 00:00,6463.0000000000
2021-04-28 00:00,6484.0000000000
2021-04-29 00:00,6451.0000000000
2021-04-30 00:00,6489.0000000000
2021-05-01 00:00,6418.0000000000
2021-05-02 00:00,6507.0000000000
2021-05-03 00:00,6504.0000000000
2021-05-04 00:00,6518.0000000000
2021-05-05 00:00,6466.0000000000
2021-05-06 00:00,6447.0000000000
2021-05-07 00:00,6486.0000000000
2021-05-08 00:00,6478.0000000000
2021-05-09 00:00,6517.0000000000
2021-05-10 00:00,6447.0000000000
2021-05-11 00:00,6439.0000000000
2021-05-12 00:00,6538.0000000000
2021-05-13 00:00,6477.0000000000
2021-05-14 00:00,6474.0000000000
2021-05-15 00:00,6458.0000000000
2021-05-16 00:00,6419.0000000000
2021-05-17 00:00,6463.0000000000
2021-05-18 00:00,6423.0000000000
2021-05-19 00:00,6463.0000000000
2021-05-20 00:00,6410.0000000000
2021-05-21 00:00,6462.0000000000
2021-05-22 00:00,6454.0000000000
2021-05-23 00:00,6487.0000000000
2021-05-24 00:00,6404.0000000000
2021-05-25 00:00,6431.0000000000
2021-05-26 00:00,6425.0000000000
2021-05-27 00:00,6463.0000000000
2021-05-28 00:00,6467.0000000000
2021-05-29 00:00,6417.0000000000
2021-05-30 00:00,6423.0000000000
2021-05-31 00:00,6478.0000000000
2021-06-01 00:00,6506.0000000000
2021-06-02 00:00,6404.0000000000
2021-06-03 00:00,6519.0000000000
2021-06-04 00:00,6434.0000000000
2021-06-05 00:00,6532.0000000000
2021-06-06 00:00,6431.0000000000
2021-06-07 00:00,6475.0000000000
2021-06-08 00:00,6437.0000000000
2021-06-09 00:00,6462.0000000000
2021-06-10 00:00,6454.0000000000
2021-06-11 00:00,6434.0000000000
2021-06-12 00:00,6473.0000000000
2021-06-13 00:00,6431.0000000000
2021-06-14 00:00,6505.0000000000
2021-06-15 00:00,6399.0000000000
2021-06-16 00:00,6472.0000000000
2021-06-17 00:00,6405.0000000000
2021-06-18 00:00,6426.0000000000
2021-06-19 00:00,6469.0000000000
2021-06-20 00:00,6316.0000000000
2021-06-21 00:00,6437.0000000000
2021-06-22 00:00,6429.0000000000
2021-06-23 00:00,6418.0000000000
2021-06-24 00:00,6342.0000000000
2021-06-25 00:00,6427.0000000000
2021-06-26 00:00,6448.0000000000
2021-06-27 00:00,6466.0000000000
2021-06-28 00:00,6406.0000000000
2021-06-29 00:00,6455.0000000000
2021-06-30 00:00,6350.0000000000
2021-07-01 00:00,6437.0000000000
2021-07-02 00:00,6417.0000000000
2021-07-03 00:00,6458.0000000000
2021-07-04 00:00,6419.0000000000
2021-07-05 00:00,6425.0000000000
2021-07-06 00:00,6390.0000000000
2021-07-07 00:00,6450.0000000000
2021-07-08 00:00,6406.0000000000
2021-07-09 00:00,6447.0000000000
2021-07-10 00:00,6423.0000000000
2021-07-11 00:00,6377.0000000000
2021-07-12 00:00,6307.0000000000
2021-07-13 00:00,6390.0000000000
2021-07-14 00:00,6427.0000000000
2021-07-15 00:00,6339.0000000000
2021-07-16 00:00,6357.0000000000
2021-07-17 00:00,6371.0000000000
2021-07-18 00:00,6435.0000000000
2021-07-19 00:00,6339.0000000000
2021-07-20 00:00,6414.0000000000
2021-07-21 00:00,6422.0000000000
2021-07-22 00:00,6346.0000000000
2021-07-23 00:00,6457.0000000000
2021-07-24 00:00,6401.0000000000
2021-07-25 00:00,6338.0000000000
2021-07-26 00:00,6277.0000000000
2021-07-27 00:00,6291.0000000000
2021-07-28 00:00,6356.0000000000
2021-07-29 00:00,6267.0000000000
2021-07-30 00:00,6298.0000000000
2021-07-31 00:00,6314.0000000000
2021-08-01 00:00,6396.0000000000
2021-08-02 00:00,6346.0000000000
2021-08-03 00:00,6322.0000000000
2021-08-04 00:00,6349.0000000000
2021-08-05 00:00,6451.0000000000
2021-08-06 00:00,6549.0000000000
2021-08-07 00:00,6496.0000000000
2021-08-08 00:00,6505.0000000000
2021-08-09 00:00,6507.0000000000
2021-08-10 00:00,6401.0000000000
2021-08-11 00:00,6510.0000000000
2021-08-12 00:00,6474.0000000000
2021-08-13 00:00,6500.0000000000
2021-08-14 00:00,6420.0000000000
2021-08-15 00:00,6500.0000000000
2021-08-16 00:00,6516.0000000000
2021-08-17 00:00,6399.0000000000
2021-08-18 00:00,6565.0000000000
2021-08-19 00:00,6459.0000000000
2021-08-20 00:00,6431.0000000000
2021-08-21 00:00,6521.0000000000
2021-08-22 00:00,6409.0000000000
2021-08-23 00:00,6509.0000000000
2021-08-24 00:00,6439.0000000000
2021-08-25 00:00,6504.0000000000
2021-08-26 00:00,6431.0000000000
2021-08-27 00:00,6460.0000000000
2021-08-28 00:00,6489.0000000000
2021-08-29 00:00,6472.0000000000
2021-08-30 00:00,6443.0000000000
2021-08-31 00:00,6455.0000000000
2021-09-01 00:00,6541.0000000000
2021-09-02 00:00,6466.0000000000
2021-09-03 00:00,6414.0000000000
2021-09-04 00:00,6529.0000000000
2021-09-05 00:00,6409.0000000000
2021-09-06 00:00,6312.0000000000
2021-09-07 00:00,6417.0000000000
2021-09-08 00:00,6416.0000000000
2021-09-09 00:00,6459.0000000000
2021-09-10 00:00,6396.0000000000
2021-09-11 00:00,6538.0000000000
2021-09-12 00:00,6412.0000000000
2021-09-13 00:00,6461.0000000000
2021-09-14 00:00,6454.0000000000
2021-09-15 00:00,6492.0000000000
2021-09-16 00:00,6467.0000000000
2021-09-17 00:00,6451.0000000000
2021-09-18 00:00,6508.0000000000
2021-09-19 00:00,6432.0000000000
2021-09-20 00:00,6496.0000000000
2021-09-21 00:00,6437.0000000000
2021-09-22 00:00,6411.0000000000
2021-09-23 00:00,6455.0000000000
2021-09-24 00:00,6573.0000000000
2021-09-25 00:00,6402.0000000000
2021-09-26 00:00,6454.0000000000
2021-09-27 00:00,6358.0000000000
2021-09-28 00:00,6411.0000000000
2021-09-29 00:00,6337.0000000000
2021-09-30 00:00,6485.0000000000
2021-10-01 00:00,6388.0000000000
2021-10-02 00:00,6363.0000000000
2021-10-03 00:00,6366.0000000000
2021-10-04 00:00,6411.0000000000
2021-10-05 00:00,6361.0000000000
2021-10-06 00:00,6242.0000000000
2021-10-07 00:00,6385.0000000000
2021-10-08 00:00,6349.0000000000
2021-10-09 00:00,6375.0000000000
2021-10-10 00:00,6382.0000000000
2021-10-11 00:00,6353.0000000000
2021-10-12 00:00,6320.0000000000
2021-10-13 00:00,6330.0000000000
2021-10-14 00:00,6318.0000000000
2021-10-15 00:00,6446.0000000000
2021-10-16 00:00,6385.0000000000
2021-10-17 00:00,6316.0000000000
2021-10-18 00:00,6440.0000000000
2021-10-19 00:00,6354.0000000000
2021-10-20 00:00,6487.0000000000
2021-10-21 00:00,6411.0000000000
2021-10-22 00:00,6348.0000000000
2021-10-23 00:00,6359.0000000000
2021-10-24 00:00,6418.0000000000
2021-10-25 00:00,6414.0000000000
2021-10-26 00:00,6345.0000000000
2021-10-27 00:00,6408.0000000000
2021-10-28 00:00,6368.0000000000
2021-10-29 00:00,6345.0000000000