date,mining_vol
2015-08-06 00:00,26046.0000000000
2015-08-07 00:00,26419.0000000000
2015-08-08 00:00,25694.0000000000
2015-08-09 00:00,26371.0000000000
2015-08-10 00:00,26479.0000000000
2015-08-11 00:00,25726.0000000000
2015-08-12 00:00,26533.0000000000
2015-08-13 00:00,29146.0000000000
2015-08-14 00:00,26987.0000000000
2015-08-15 00:00,25726.0000000000
2015-08-16 00:00,26801.0000000000
2015-08-17 00:00,24812.0000000000
2015-08-18 00:00,26031.0000000000
2015-08-19 00:00,20167.0000000000
2015-08-20 00:00,25500.0000000000
2015-08-21 00:00,26448.0000000000
2015-08-22 00:00,25123.0000000000
2015-08-23 00:00,25987.0000000000
2015-08-24 00:00,25545.0000000000
2015-08-25 00:00,25069.0000000000
2015-08-26 00:00,23590.0000000000
2015-08-27 00:00,23315.0000000000
2015-08-28 00:00,21686.0000000000
2015-08-29 00:00,20808.0000000000
2015-08-30 00:00,20645.0000000000
2015-08-31 00:00,19724.0000000000
2015-09-01 00:00,17914.0000000000
2015-09-02 00:00,16941.0000000000
2015-09-03 00:00,22260.0000000000
2015-09-04 00:00,24656.0000000000
2015-09-05 00:00,24951.0000000000
2015-09-06 00:00,24232.0000000000
2015-09-07 00:00,24679.0000000000
2015-09-08 00:00,25238.0000000000
2015-09-09 00:00,25082.0000000000
2015-09-10 00:00,25778.0000000000
2015-09-11 00:00,25194.0000000000
2015-09-12 00:00,24919.0000000000
2015-09-13 00:00,24321.0000000000
2015-09-14 00:00,24277.0000000000
2015-09-15 00:00,24859.0000000000
2015-09-16 00:00,24106.0000000000
2015-09-17 00:00,24519.0000000000
2015-09-18 00:00,25474.0000000000
2015-09-19 00:00,26596.0000000000
2015-09-20 00:00,25438.0000000000
2015-09-21 00:00,25312.0000000000
2015-09-22 00:00,25887.0000000000
2015-09-23 00:00,25168.0000000000
2015-09-24 00:00,25697.0000000000
2015-09-25 00:00,24712.0000000000
2015-09-26 00:00,23921.0000000000
2015-09-27 00:00,23742.0000000000
2015-09-28 00:00,23257.0000000000
2015-09-29 00:00,23849.0000000000
2015-09-30 00:00,26117.0000000000
2015-10-01 00:00,25775.0000000000
2015-10-02 00:00,25440.0000000000
2015-10-03 00:00,24483.0000000000
2015-10-04 00:00,25102.0000000000
2015-10-05 00:00,24081.0000000000
2015-10-06 00:00,25078.0000000000
2015-10-07 00:00,25814.0000000000
2015-10-08 00:00,24574.0000000000
2015-10-09 00:00,24533.0000000000
2015-10-10 00:00,25421.0000000000
2015-10-11 00:00,25795.0000000000
2015-10-12 00:00,25599.0000000000
2015-10-13 00:00,24731.0000000000
2015-10-14 00:00,24689.0000000000
2015-10-15 00:00,24478.0000000000
2015-10-16 00:00,25341.0000000000
2015-10-17 00:00,24784.0000000000
2015-10-18 00:00,24932.0000000000
2015-10-19 00:00,25013.0000000000
2015-10-20 00:00,25005.0000000000
2015-10-21 00:00,24235.0000000000
2015-10-22 00:00,26380.0000000000
2015-10-23 00:00,25918.0000000000
2015-10-24 00:00,25543.0000000000
2015-10-25 00:00,24607.0000000000
2015-10-26 00:00,26177.0000000000
2015-10-27 00:00,24908.0000000000
2015-10-28 00:00,25873.0000000000
2015-10-29 00:00,26237.0000000000
2015-10-30 00:00,25747.0000000000
2015-10-31 00:00,25903.0000000000
2015-11-01 00:00,25213.0000000000
2015-11-02 00:00,25526.0000000000
2015-11-03 00:00,25720.0000000000
2015-11-04 00:00,25599.0000000000
2015-11-05 00:00,25796.0000000000
2015-11-06 00:00,24728.0000000000
2015-11-07 00:00,25223.0000000000
2015-11-08 00:00,25210.0000000000
2015-11-09 00:00,25370.0000000000
2015-11-10 00:00,25272.0000000000
2015-11-11 00:00,25529.0000000000
2015-11-12 00:00,25715.0000000000
2015-11-13 00:00,25764.0000000000
2015-11-14 00:00,26074.0000000000
2015-11-15 00:00,25295.0000000000
2015-11-16 00:00,25905.0000000000
2015-11-17 00:00,25461.0000000000
2015-11-18 00:00,24970.0000000000
2015-11-19 00:00,23679.0000000000
2015-11-20 00:00,25252.0000000000
2015-11-21 00:00,25327.0000000000
2015-11-22 00:00,25533.0000000000
2015-11-23 00:00,25093.0000000000
2015-11-24 00:00,24784.0000000000
2015-11-25 00:00,24785.0000000000
2015-11-26 00:00,25961.0000000000
2015-11-27 00:00,25143.0000000000
2015-11-28 00:00,25345.0000000000
2015-11-29 00:00,25501.0000000000
2015-11-30 00:00,25491.0000000000
2015-12-01 00:00,24209.0000000000
2015-12-02 00:00,26119.0000000000
2015-12-03 00:00,25119.0000000000
2015-12-04 00:00,25107.0000000000
2015-12-05 00:00,24652.0000000000
2015-12-06 00:00,24941.0000000000
2015-12-07 00:00,24636.0000000000
2015-12-08 00:00,26144.0000000000
2015-12-09 00:00,25804.0000000000
2015-12-10 00:00,25397.0000000000
2015-12-11 00:00,25479.0000000000
2015-12-12 00:00,26481.0000000000
2015-12-13 00:00,25140.0000000000
2015-12-14 00:00,25533.0000000000
2015-12-15 00:00,25017.0000000000
2015-12-16 00:00,25398.0000000000
2015-12-17 00:00,25196.0000000000
2015-12-18 00:00,25281.0000000000
2015-12-19 00:00,24839.0000000000
2015-12-20 00:00,24984.0000000000
2015-12-21 00:00,25775.0000000000
2015-12-22 00:00,25717.0000000000
2015-12-23 00:00,25201.0000000000
2015-12-24 00:00,25484.0000000000
2015-12-25 00:00,25114.0000000000
2015-12-26 00:00,25249.0000000000
2015-12-27 00:00,25509.0000000000
2015-12-28 00:00,25010.0000000000
2015-12-29 00:00,25281.0000000000
2015-12-30 00:00,25295.0000000000
2015-12-31 00:00,24508.0000000000
2016-01-01 00:00,25573.0000000000
2016-01-02 00:00,25772.0000000000
2016-01-03 00:00,25581.0000000000
2016-01-04 00:00,25781.0000000000
2016-01-05 00:00,25606.0000000000
2016-01-06 00:00,25057.0000000000
2016-01-07 00:00,25992.0000000000
2016-01-08 00:00,25620.0000000000
2016-01-09 00:00,25566.0000000000
2016-01-10 00:00,25621.0000000000
2016-01-11 00:00,24727.0000000000
2016-01-12 00:00,25133.0000000000
2016-01-13 00:00,25537.0000000000
2016-01-14 00:00,25499.0000000000
2016-01-15 00:00,25306.0000000000
2016-01-16 00:00,25256.0000000000
2016-01-17 00:00,25442.0000000000
2016-01-18 00:00,24946.0000000000
2016-01-19 00:00,25265.0000000000
2016-01-20 00:00,24881.0000000000
2016-01-21 00:00,25116.0000000000
2016-01-22 00:00,24704.0000000000
2016-01-23 00:00,25922.0000000000
2016-01-24 00:00,24499.0000000000
2016-01-25 00:00,25848.0000000000
2016-01-26 00:00,25021.0000000000
2016-01-27 00:00,25388.0000000000
2016-01-28 00:00,24995.0000000000
2016-01-29 00:00,25166.0000000000
2016-01-30 00:00,24448.0000000000
2016-01-31 00:00,25163.0000000000
2016-02-01 00:00,24850.0000000000
2016-02-02 00:00,26076.0000000000
2016-02-03 00:00,25395.0000000000
2016-02-04 00:00,25324.0000000000
2016-02-05 00:00,25234.0000000000
2016-02-06 00:00,25540.0000000000
2016-02-07 00:00,25446.0000000000
2016-02-08 00:00,25375.0000000000
2016-02-09 00:00,24920.0000000000
2016-02-10 00:00,25198.0000000000
2016-02-11 00:00,25253.0000000000
2016-02-12 00:00,25560.0000000000
2016-02-13 00:00,25035.0000000000
2016-02-14 00:00,24961.0000000000
2016-02-15 00:00,25212.0000000000
2016-02-16 00:00,24384.0000000000
2016-02-17 00:00,25075.0000000000
2016-02-18 00:00,25263.0000000000
2016-02-19 00:00,25335.0000000000
2016-02-20 00:00,25355.0000000000
2016-02-21 00:00,25599.0000000000
2016-02-22 00:00,24994.0000000000
2016-02-23 00:00,25250.0000000000
2016-02-24 00:00,25721.0000000000
2016-02-25 00:00,25383.0000000000
2016-02-26 00:00,25039.0000000000
2016-02-27 00:00,25227.0000000000
2016-02-28 00:00,24180.0000000000
2016-02-29 00:00,25345.0000000000
2016-03-01 00:00,25520.0000000000
2016-03-02 00:00,25150.0000000000
2016-03-03 00:00,25045.0000000000
2016-03-04 00:00,25765.0000000000
2016-03-05 00:00,24613.0000000000
2016-03-06 00:00,25198.0000000000
2016-03-07 00:00,25152.0000000000
2016-03-08 00:00,25008.0000000000
2016-03-09 00:00,26031.0000000000
2016-03-10 00:00,25385.0000000000
2016-03-11 00:00,25189.0000000000
2016-03-12 00:00,26010.0000000000
2016-03-13 00:00,25608.0000000000
2016-03-14 00:00,29980.0000000000
2016-03-15 00:00,30211.0000000000
2016-03-16 00:00,30516.0000000000
2016-03-17 00:00,29905.0000000000
2016-03-18 00:00,30531.0000000000
2016-03-19 00:00,30237.0000000000
2016-03-20 00:00,30067.0000000000
2016-03-21 00:00,30444.0000000000
2016-03-22 00:00,29968.0000000000
2016-03-23 00:00,30619.0000000000
2016-03-24 00:00,30440.0000000000
2016-03-25 00:00,30579.0000000000
2016-03-26 00:00,30313.0000000000
2016-03-27 00:00,30081.0000000000
2016-03-28 00:00,30136.0000000000
2016-03-29 00:00,30340.0000000000
2016-03-30 00:00,30188.0000000000
2016-03-31 00:00,30496.0000000000
2016-04-01 00:00,29761.0000000000
2016-04-02 00:00,30264.0000000000
2016-04-03 00:00,30524.0000000000
2016-04-04 00:00,30258.0000000000
2016-04-05 00:00,30099.0000000000
2016-04-06 00:00,29849.0000000000
2016-04-07 00:00,30600.0000000000
2016-04-08 00:00,29743.0000000000
2016-04-09 00:00,30411.0000000000
2016-04-10 00:00,29761.0000000000
2016-04-11 00:00,30156.0000000000
2016-04-12 00:00,30172.0000000000
2016-04-13 00:00,30195.0000000000
2016-04-14 00:00,30383.0000000000
2016-04-15 00:00,30177.0000000000
2016-04-16 00:00,30169.0000000000
2016-04-17 00:00,30366.0000000000
2016-04-18 00:00,29931.0000000000
2016-04-19 00:00,30344.0000000000
2016-04-20 00:00,30045.0000000000
2016-04-21 00:00,30240.0000000000
2016-04-22 00:00,30341.0000000000
2016-04-23 00:00,29999.0000000000
2016-04-24 00:00,30617.0000000000
2016-04-25 00:00,29849.0000000000
2016-04-26 00:00,30401.0000000000
2016-04-27 00:00,30241.0000000000
2016-04-28 00:00,30242.0000000000
2016-04-29 00:00,30393.0000000000
2016-04-30 00:00,29804.0000000000
2016-05-01 00:00,30495.0000000000
2016-05-02 00:00,30366.0000000000
2016-05-03 00:00,29996.0000000000
2016-05-04 00:00,30288.0000000000
2016-05-05 00:00,30217.0000000000
2016-05-06 00:00,30037.0000000000
2016-05-07 00:00,30355.0000000000
2016-05-08 00:00,30315.0000000000
2016-05-09 00:00,30161.0000000000
2016-05-10 00:00,29676.0000000000
2016-05-11 00:00,30611.0000000000
2016-05-12 00:00,30447.0000000000
2016-05-13 00:00,29908.0000000000
2016-05-14 00:00,30180.0000000000
2016-05-15 00:00,29906.0000000000
2016-05-16 00:00,30463.0000000000
2016-05-17 00:00,30433.0000000000
2016-05-18 00:00,30159.0000000000
2016-05-19 00:00,30297.0000000000
2016-05-20 00:00,30016.0000000000
2016-05-21 00:00,30520.0000000000
2016-05-22 00:00,30175.0000000000
2016-05-23 00:00,30156.0000000000
2016-05-24 00:00,30264.0000000000
2016-05-25 00:00,30207.0000000000
2016-05-26 00:00,30345.0000000000
2016-05-27 00:00,30263.0000000000
2016-05-28 00:00,30119.0000000000
2016-05-29 00:00,30144.0000000000
2016-05-30 00:00,29782.0000000000
2016-05-31 00:00,30301.0000000000
2016-06-01 00:00,30456.0000000000
2016-06-02 00:00,30252.0000000000
2016-06-03 00:00,30183.0000000000
2016-06-04 00:00,29907.0000000000
2016-06-05 00:00,30637.0000000000
2016-06-06 00:00,30094.0000000000
2016-06-07 00:00,30555.0000000000
2016-06-08 00:00,30557.0000000000
2016-06-09 00:00,29603.0000000000
2016-06-10 00:00,30667.0000000000
2016-06-11 00:00,30427.0000000000
2016-06-12 00:00,30526.0000000000
2016-06-13 00:00,30290.0000000000
2016-06-14 00:00,30136.0000000000
2016-06-15 00:00,30185.0000000000
2016-06-16 00:00,29638.0000000000
2016-06-17 00:00,29908.0000000000
2016-06-18 00:00,31244.0000000000
2016-06-19 00:00,29873.0000000000
2016-06-20 00:00,30154.0000000000
2016-06-21 00:00,30823.0000000000
2016-06-22 00:00,30117.0000000000
2016-06-23 00:00,30325.0000000000
2016-06-24 00:00,30084.0000000000
2016-06-25 00:00,30366.0000000000
2016-06-26 00:00,30358.0000000000
2016-06-27 00:00,30438.0000000000
2016-06-28 00:00,30086.0000000000
2016-06-29 00:00,30093.0000000000
2016-06-30 00:00,30758.0000000000
2016-07-01 00:00,30114.0000000000
2016-07-02 00:00,30326.0000000000
2016-07-03 00:00,30432.0000000000
2016-07-04 00:00,29847.0000000000
2016-07-05 00:00,30544.0000000000
2016-07-06 00:00,30274.0000000000
2016-07-07 00:00,30096.0000000000
2016-07-08 00:00,30764.0000000000
2016-07-09 00:00,30325.0000000000
2016-07-10 00:00,30246.0000000000
2016-07-11 00:00,30130.0000000000
2016-07-12 00:00,30522.0000000000
2016-07-13 00:00,30108.0000000000
2016-07-14 00:00,30045.0000000000
2016-07-15 00:00,30498.0000000000
2016-07-16 00:00,30229.0000000000
2016-07-17 00:00,30648.0000000000
2016-07-18 00:00,29955.0000000000
2016-07-19 00:00,29890.0000000000
2016-07-20 00:00,30882.0000000000
2016-07-21 00:00,29896.0000000000
2016-07-22 00:00,30571.0000000000
2016-07-23 00:00,29791.0000000000
2016-07-24 00:00,30259.0000000000
2016-07-25 00:00,29156.0000000000
2016-07-26 00:00,30992.0000000000
2016-07-27 00:00,30544.0000000000
2016-07-28 00:00,30019.0000000000
2016-07-29 00:00,30002.0000000000
2016-07-30 00:00,30254.0000000000
2016-07-31 00:00,29904.0000000000
2016-08-01 00:00,29575.0000000000
2016-08-02 00:00,30021.0000000000
2016-08-03 00:00,31065.0000000000
2016-08-04 00:00,30427.0000000000
2016-08-05 00:00,29981.0000000000
2016-08-06 00:00,30485.0000000000
2016-08-07 00:00,30421.0000000000
2016-08-08 00:00,30759.0000000000
2016-08-09 00:00,30376.0000000000
2016-08-10 00:00,30443.0000000000
2016-08-11 00:00,30179.0000000000
2016-08-12 00:00,30255.0000000000
2016-08-13 00:00,30263.0000000000
2016-08-14 00:00,30549.0000000000
2016-08-15 00:00,30368.0000000000
2016-08-16 00:00,30148.0000000000
2016-08-17 00:00,30625.0000000000
2016-08-18 00:00,30168.0000000000
2016-08-19 00:00,30378.0000000000
2016-08-20 00:00,30538.0000000000
2016-08-21 00:00,30494.0000000000
2016-08-22 00:00,30229.0000000000
2016-08-23 00:00,30373.0000000000
2016-08-24 00:00,30568.0000000000
2016-08-25 00:00,30133.0000000000
2016-08-26 00:00,30484.0000000000
2016-08-27 00:00,30273.0000000000
2016-08-28 00:00,30172.0000000000
2016-08-29 00:00,30230.0000000000
2016-08-30 00:00,30465.0000000000
2016-08-31 00:00,30047.0000000000
2016-09-01 00:00,30561.0000000000
2016-09-02 00:00,29840.0000000000
2016-09-03 00:00,30232.0000000000
2016-09-04 00:00,30480.0000000000
2016-09-05 00:00,30065.0000000000
2016-09-06 00:00,30690.0000000000
2016-09-07 00:00,30193.0000000000
2016-09-08 00:00,30484.0000000000
2016-09-09 00:00,30094.0000000000
2016-09-10 00:00,30568.0000000000
2016-09-11 00:00,30425.0000000000
2016-09-12 00:00,30118.0000000000
2016-09-13 00:00,30572.0000000000
2016-09-14 00:00,30271.0000000000
2016-09-15 00:00,30447.0000000000
2016-09-16 00:00,30332.0000000000
2016-09-17 00:00,28086.0000000000
2016-09-18 00:00,32177.0000000000
2016-09-19 00:00,30942.0000000000
2016-09-20 00:00,30418.0000000000
2016-09-21 00:00,28925.0000000000
2016-09-22 00:00,31314.0000000000
2016-09-23 00:00,29628.0000000000
2016-09-24 00:00,31536.0000000000
2016-09-25 00:00,29467.0000000000
2016-09-26 00:00,30587.0000000000
2016-09-27 00:00,30679.0000000000
2016-09-28 00:00,30743.0000000000
2016-09-29 00:00,30147.0000000000
2016-09-30 00:00,29226.0000000000
2016-10-01 00:00,30653.0000000000
2016-10-02 00:00,31189.0000000000
2016-10-03 00:00,30553.0000000000
2016-10-04 00:00,29341.0000000000
2016-10-05 00:00,29955.0000000000
2016-10-06 00:00,29807.0000000000
2016-10-07 00:00,31274.0000000000
2016-10-08 00:00,30442.0000000000
2016-10-09 00:00,30386.0000000000
2016-10-10 00:00,30388.0000000000
2016-10-11 00:00,29745.0000000000
2016-10-12 00:00,30871.0000000000
2016-10-13 00:00,30580.0000000000
2016-10-14 00:00,30295.0000000000
2016-10-15 00:00,30458.0000000000
2016-10-16 00:00,29978.0000000000
2016-10-17 00:00,30810.0000000000
2016-10-18 00:00,29146.0000000000
2016-10-19 00:00,31676.0000000000
2016-10-20 00:00,30599.0000000000
2016-10-21 00:00,30299.0000000000
2016-10-22 00:00,30051.0000000000
2016-10-23 00:00,30449.0000000000
2016-10-24 00:00,30249.0000000000
2016-10-25 00:00,30580.0000000000
2016-10-26 00:00,30183.0000000000
2016-10-27 00:00,29810.0000000000
2016-10-28 00:00,28427.0000000000
2016-10-29 00:00,30398.0000000000
2016-10-30 00:00,30561.0000000000
2016-10-31 00:00,29292.0000000000
2016-11-01 00:00,29848.0000000000
2016-11-02 00:00,29843.0000000000
2016-11-03 00:00,29602.0000000000
2016-11-04 00:00,30067.0000000000
2016-11-05 00:00,30359.0000000000
2016-11-06 00:00,31677.0000000000
2016-11-07 00:00,30893.0000000000
2016-11-08 00:00,29714.0000000000
2016-11-09 00:00,29925.0000000000
2016-11-10 00:00,30064.0000000000
2016-11-11 00:00,30526.0000000000
2016-11-12 00:00,31110.0000000000
2016-11-13 00:00,30440.0000000000
2016-11-14 00:00,30128.0000000000
2016-11-15 00:00,30318.0000000000
2016-11-16 00:00,29435.0000000000
2016-11-17 00:00,31552.0000000000
2016-11-18 00:00,30845.0000000000
2016-11-19 00:00,30994.0000000000
2016-11-20 00:00,30462.0000000000
2016-11-21 00:00,29714.0000000000
2016-11-22 00:00,29410.0000000000
2016-11-23 00:00,29752.0000000000
2016-11-24 00:00,30744.0000000000
2016-11-25 00:00,29884.0000000000
2016-11-26 00:00,30012.0000000000
2016-11-27 00:00,30494.0000000000
2016-11-28 00:00,30173.0000000000
2016-11-29 00:00,30408.0000000000
2016-11-30 00:00,30377.0000000000
2016-12-01 00:00,30465.0000000000
2016-12-02 00:00,30884.0000000000
2016-12-03 00:00,29996.0000000000
2016-12-04 00:00,30105.0000000000
2016-12-05 00:00,30545.0000000000
2016-12-06 00:00,30458.0000000000
2016-12-07 00:00,31482.0000000000
2016-12-08 00:00,30343.0000000000
2016-12-09 00:00,30461.0000000000
2016-12-10 00:00,30583.0000000000
2016-12-11 00:00,30086.0000000000
2016-12-12 00:00,30445.0000000000
2016-12-13 00:00,30498.0000000000
2016-12-14 00:00,30099.0000000000
2016-12-15 00:00,30465.0000000000
2016-12-16 00:00,30674.0000000000
2016-12-17 00:00,30569.0000000000
2016-12-18 00:00,30254.0000000000
2016-12-19 00:00,30447.0000000000
2016-12-20 00:00,30459.0000000000
2016-12-21 00:00,29875.0000000000
2016-12-22 00:00,29858.0000000000
2016-12-23 00:00,30112.0000000000
2016-12-24 00:00,30720.0000000000
2016-12-25 00:00,30410.0000000000
2016-12-26 00:00,30080.0000000000
2016-12-27 00:00,30368.0000000000
2016-12-28 00:00,30512.0000000000
2016-12-29 00:00,30419.0000000000
2016-12-30 00:00,30049.0000000000
2016-12-31 00:00,30632.0000000000
2017-01-01 00:00,30373.0000000000
2017-01-02 00:00,30275.0000000000
2017-01-03 00:00,30805.0000000000
2017-01-04 00:00,30549.0000000000
2017-01-05 00:00,30134.0000000000
2017-01-06 00:00,30630.0000000000
2017-01-07 00:00,30461.0000000000
2017-01-08 00:00,30504.0000000000
2017-01-09 00:00,30242.0000000000
2017-01-10 00:00,30326.0000000000
2017-01-11 00:00,30374.0000000000
2017-01-12 00:00,30619.0000000000
2017-01-13 00:00,30414.0000000000
2017-01-14 00:00,30512.0000000000
2017-01-15 00:00,30349.0000000000
2017-01-16 00:00,30107.0000000000
2017-01-17 00:00,30415.0000000000
2017-01-18 00:00,30881.0000000000
2017-01-19 00:00,29907.0000000000
2017-01-20 00:00,30318.0000000000
2017-01-21 00:00,30416.0000000000
2017-01-22 00:00,30330.0000000000
2017-01-23 00:00,30281.0000000000
2017-01-24 00:00,30148.0000000000
2017-01-25 00:00,30503.0000000000
2017-01-26 00:00,30012.0000000000
2017-01-27 00:00,30402.0000000000
2017-01-28 00:00,29888.0000000000
2017-01-29 00:00,30566.0000000000
2017-01-30 00:00,30180.0000000000
2017-01-31 00:00,30139.0000000000
2017-02-01 00:00,30322.0000000000
2017-02-02 00:00,30042.0000000000
2017-02-03 00:00,30483.0000000000
2017-02-04 00:00,30472.0000000000
2017-02-05 00:00,30345.0000000000
2017-02-06 00:00,30101.0000000000
2017-02-07 00:00,30439.0000000000
2017-02-08 00:00,30240.0000000000
2017-02-09 00:00,30302.0000000000
2017-02-10 00:00,30288.0000000000
2017-02-11 00:00,30391.0000000000
2017-02-12 00:00,30471.0000000000
2017-02-13 00:00,30223.0000000000
2017-02-14 00:00,30591.0000000000
2017-02-15 00:00,30354.0000000000
2017-02-16 00:00,30153.0000000000
2017-02-17 00:00,30093.0000000000
2017-02-18 00:00,30182.0000000000
2017-02-19 00:00,30172.0000000000
2017-02-20 00:00,30364.0000000000
2017-02-21 00:00,29940.0000000000
2017-02-22 00:00,30187.0000000000
2017-02-23 00:00,30148.0000000000
2017-02-24 00:00,30298.0000000000
2017-02-25 00:00,30543.0000000000
2017-02-26 00:00,30041.0000000000
2017-02-27 00:00,30643.0000000000
2017-02-28 00:00,29904.0000000000
2017-03-01 00:00,30417.0000000000
2017-03-02 00:00,30131.0000000000
2017-03-03 00:00,30022.0000000000
2017-03-04 00:00,30461.0000000000
2017-03-05 00:00,29982.0000000000
2017-03-06 00:00,29986.0000000000
2017-03-07 00:00,30175.0000000000
2017-03-08 00:00,29741.0000000000
2017-03-09 00:00,29875.0000000000
2017-03-10 00:00,30112.0000000000
2017-03-11 00:00,29699.0000000000
2017-03-12 00:00,30338.0000000000
2017-03-13 00:00,29943.0000000000
2017-03-14 00:00,30058.0000000000
2017-03-15 00:00,30101.0000000000
2017-03-16 00:00,30390.0000000000
2017-03-17 00:00,30083.0000000000
2017-03-18 00:00,29861.0000000000
2017-03-19 00:00,30445.0000000000
2017-03-20 00:00,29903.0000000000
2017-03-21 00:00,30160.0000000000
2017-03-22 00:00,29694.0000000000
2017-03-23 00:00,29695.0000000000
2017-03-24 00:00,29923.0000000000
2017-03-25 00:00,30018.0000000000
2017-03-26 00:00,29887.0000000000
2017-03-27 00:00,29609.0000000000
2017-03-28 00:00,30066.0000000000
2017-03-29 00:00,29676.0000000000
2017-03-30 00:00,29991.0000000000
2017-03-31 00:00,29740.0000000000
2017-04-01 00:00,29348.0000000000
2017-04-02 00:00,30026.0000000000
2017-04-03 00:00,29785.0000000000
2017-04-04 00:00,30054.0000000000
2017-04-05 00:00,29530.0000000000
2017-04-06 00:00,29860.0000000000
2017-04-07 00:00,29785.0000000000
2017-04-08 00:00,29096.0000000000
2017-04-09 00:00,28906.0000000000
2017-04-10 00:00,29355.0000000000
2017-04-11 00:00,29032.0000000000
2017-04-12 00:00,29110.0000000000
2017-04-13 00:00,29665.0000000000
2017-04-14 00:00,28723.0000000000
2017-04-15 00:00,29216.0000000000
2017-04-16 00:00,29424.0000000000
2017-04-17 00:00,29432.0000000000
2017-04-18 00:00,28713.0000000000
2017-04-19 00:00,29415.0000000000
2017-04-20 00:00,29529.0000000000
2017-04-21 00:00,29079.0000000000
2017-04-22 00:00,29436.0000000000
2017-04-23 00:00,28729.0000000000
2017-04-24 00:00,29618.0000000000
2017-04-25 00:00,28309.0000000000
2017-04-26 00:00,28346.0000000000
2017-04-27 00:00,28616.0000000000
2017-04-28 00:00,28247.0000000000
2017-04-29 00:00,28367.0000000000
2017-04-30 00:00,28278.0000000000
2017-05-01 00:00,28266.0000000000
2017-05-02 00:00,28378.0000000000
2017-05-03 00:00,28388.0000000000
2017-05-04 00:00,28517.0000000000
2017-05-05 00:00,28530.0000000000
2017-05-06 00:00,28751.0000000000
2017-05-07 00:00,28348.0000000000
2017-05-08 00:00,28526.0000000000
2017-05-09 00:00,28403.0000000000
2017-05-10 00:00,28671.0000000000
2017-05-11 00:00,28610.0000000000
2017-05-12 00:00,28117.0000000000
2017-05-13 00:00,27168.0000000000
2017-05-14 00:00,27200.0000000000
2017-05-15 00:00,27483.0000000000
2017-05-16 00:00,26898.0000000000
2017-05-17 00:00,27518.0000000000
2017-05-18 00:00,27347.0000000000
2017-05-19 00:00,27651.0000000000
2017-05-20 00:00,27408.0000000000
2017-05-21 00:00,27583.0000000000
2017-05-22 00:00,27411.0000000000
2017-05-23 00:00,27470.0000000000
2017-05-24 00:00,27608.0000000000
2017-05-25 00:00,27730.0000000000
2017-05-26 00:00,27444.0000000000
2017-05-27 00:00,27524.0000000000
2017-05-28 00:00,28157.0000000000
2017-05-29 00:00,28306.0000000000
2017-05-30 00:00,27765.0000000000
2017-05-31 00:00,26705.0000000000
2017-06-01 00:00,25784.0000000000
2017-06-02 00:00,26321.0000000000
2017-06-03 00:00,26116.0000000000
2017-06-04 00:00,26529.0000000000
2017-06-05 00:00,26365.0000000000
2017-06-06 00:00,26539.0000000000
2017-06-07 00:00,26352.0000000000
2017-06-08 00:00,26386.0000000000
2017-06-09 00:00,26937.0000000000
2017-06-10 00:00,26614.0000000000
2017-06-11 00:00,26777.0000000000
2017-06-12 00:00,26735.0000000000
2017-06-13 00:00,26794.0000000000
2017-06-14 00:00,26875.0000000000
2017-06-15 00:00,27007.0000000000
2017-06-16 00:00,26712.0000000000
2017-06-17 00:00,27063.0000000000
2017-06-18 00:00,27034.0000000000
2017-06-19 00:00,25633.0000000000
2017-06-20 00:00,25473.0000000000
2017-06-21 00:00,25479.0000000000
2017-06-22 00:00,24988.0000000000
2017-06-23 00:00,25409.0000000000
2017-06-24 00:00,25113.0000000000
2017-06-25 00:00,25778.0000000000
2017-06-26 00:00,25401.0000000000
2017-06-27 00:00,25654.0000000000
2017-06-28 00:00,25678.0000000000
2017-06-29 00:00,25601.0000000000
2017-06-30 00:00,25428.0000000000
2017-07-01 00:00,25551.0000000000
2017-07-02 00:00,25762.0000000000
2017-07-03 00:00,25848.0000000000
2017-07-04 00:00,25410.0000000000
2017-07-05 00:00,25605.0000000000
2017-07-06 00:00,25854.0000000000
2017-07-07 00:00,25862.0000000000
2017-07-08 00:00,25788.0000000000
2017-07-09 00:00,23292.0000000000
2017-07-10 00:00,22944.0000000000
2017-07-11 00:00,22932.0000000000
2017-07-12 00:00,22937.0000000000
2017-07-13 00:00,22837.0000000000
2017-07-14 00:00,23350.0000000000
2017-07-15 00:00,23198.0000000000
2017-07-16 00:00,22627.0000000000
2017-07-17 00:00,23228.0000000000
2017-07-18 00:00,23564.0000000000
2017-07-19 00:00,23472.0000000000
2017-07-20 00:00,23071.0000000000
2017-07-21 00:00,23514.0000000000
2017-07-22 00:00,23637.0000000000
2017-07-23 00:00,23266.0000000000
2017-07-24 00:00,23837.0000000000
2017-07-25 00:00,23596.0000000000
2017-07-26 00:00,23482.0000000000
2017-07-27 00:00,23576.0000000000
2017-07-28 00:00,23663.0000000000
2017-07-29 00:00,23777.0000000000
2017-07-30 00:00,22962.0000000000
2017-07-31 00:00,20739.0000000000
2017-08-01 00:00,20494.0000000000
2017-08-02 00:00,20160.0000000000
2017-08-03 00:00,20465.0000000000
2017-08-04 00:00,20448.0000000000
2017-08-05 00:00,20450.0000000000
2017-08-06 00:00,20839.0000000000
2017-08-07 00:00,20851.0000000000
2017-08-08 00:00,20881.0000000000
2017-08-09 00:00,20511.0000000000
2017-08-10 00:00,20934.0000000000
2017-08-11 00:00,20963.0000000000
2017-08-12 00:00,21004.0000000000
2017-08-13 00:00,21064.0000000000
2017-08-14 00:00,21104.0000000000
2017-08-15 00:00,22066.0000000000
2017-08-16 00:00,21481.0000000000
2017-08-17 00:00,21762.0000000000
2017-08-18 00:00,21586.0000000000
2017-08-19 00:00,21126.0000000000
2017-08-20 00:00,21557.0000000000
2017-08-21 00:00,21314.0000000000
2017-08-22 00:00,21457.0000000000
2017-08-23 00:00,21307.0000000000
2017-08-24 00:00,18122.0000000000
2017-08-25 00:00,17834.0000000000
2017-08-26 00:00,17887.0000000000
2017-08-27 00:00,17600.0000000000
2017-08-28 00:00,18275.0000000000
2017-08-29 00:00,18139.0000000000
2017-08-30 00:00,18156.0000000000
2017-08-31 00:00,18168.0000000000
2017-09-01 00:00,18363.0000000000
2017-09-02 00:00,18029.0000000000
2017-09-03 00:00,18173.0000000000
2017-09-04 00:00,18462.0000000000
2017-09-05 00:00,18374.0000000000
2017-09-06 00:00,18524.0000000000
2017-09-07 00:00,18770.0000000000
2017-09-08 00:00,18294.0000000000
2017-09-09 00:00,18328.0000000000
2017-09-10 00:00,18191.0000000000
2017-09-11 00:00,18586.0000000000
2017-09-12 00:00,18191.0000000000
2017-09-13 00:00,18455.0000000000
2017-09-14 00:00,18775.0000000000
2017-09-15 00:00,18757.0000000000
2017-09-16 00:00,18563.0000000000
2017-09-17 00:00,18240.0000000000
2017-09-18 00:00,18574.0000000000
2017-09-19 00:00,18703.0000000000
2017-09-20 00:00,18595.0000000000
2017-09-21 00:00,15340.0000000000
2017-09-22 00:00,14758.0000000000
2017-09-23 00:00,15160.0000000000
2017-09-24 00:00,14590.0000000000
2017-09-25 00:00,14865.0000000000
2017-09-26 00:00,14978.0000000000
2017-09-27 00:00,14678.0000000000
2017-09-28 00:00,14504.0000000000
2017-09-29 00:00,14601.0000000000
2017-09-30 00:00,14701.0000000000
2017-10-01 00:00,14601.0000000000
2017-10-02 00:00,14725.0000000000
2017-10-03 00:00,14850.0000000000
2017-10-04 00:00,15178.0000000000
2017-10-05 00:00,14708.0000000000
2017-10-06 00:00,14587.0000000000
2017-10-07 00:00,14784.0000000000
2017-10-08 00:00,14821.0000000000
2017-10-09 00:00,15029.0000000000
2017-10-10 00:00,15550.0000000000
2017-10-11 00:00,14952.0000000000
2017-10-12 00:00,14968.0000000000
2017-10-13 00:00,14868.0000000000
2017-10-14 00:00,15049.0000000000
2017-10-15 00:00,15352.0000000000
2017-10-16 00:00,18553.0000000000
2017-10-17 00:00,19031.0000000000
2017-10-18 00:00,19076.0000000000
2017-10-19 00:00,19273.0000000000
2017-10-20 00:00,18975.0000000000
2017-10-21 00:00,19098.0000000000
2017-10-22 00:00,19100.0000000000
2017-10-23 00:00,19173.0000000000
2017-10-24 00:00,18887.0000000000
2017-10-25 00:00,18815.0000000000
2017-10-26 00:00,19055.0000000000
2017-10-27 00:00,19030.0000000000
2017-10-28 00:00,18893.0000000000
2017-10-29 00:00,18587.0000000000
2017-10-30 00:00,19228.0000000000
2017-10-31 00:00,18868.0000000000
2017-11-01 00:00,18880.0000000000
2017-11-02 00:00,18969.0000000000
2017-11-03 00:00,18864.0000000000
2017-11-04 00:00,19164.0000000000
2017-11-05 00:00,18932.0000000000
2017-11-06 00:00,19019.0000000000
2017-11-07 00:00,19150.0000000000
2017-11-08 00:00,18979.0000000000
2017-11-09 00:00,19257.0000000000
2017-11-10 00:00,19098.0000000000
2017-11-11 00:00,19091.0000000000
2017-11-12 00:00,19053.0000000000
2017-11-13 00:00,18769.0000000000
2017-11-14 00:00,19195.0000000000
2017-11-15 00:00,18885.0000000000
2017-11-16 00:00,19144.0000000000
2017-11-17 00:00,18967.0000000000
2017-11-18 00:00,19145.0000000000
2017-11-19 00:00,18974.0000000000
2017-11-20 00:00,18960.0000000000
2017-11-21 00:00,19161.0000000000
2017-11-22 00:00,19004.0000000000
2017-11-23 00:00,19082.0000000000
2017-11-24 00:00,18960.0000000000
2017-11-25 00:00,18936.0000000000
2017-11-26 00:00,18707.0000000000
2017-11-27 00:00,18785.0000000000
2017-11-28 00:00,18852.0000000000
2017-11-29 00:00,18954.0000000000
2017-11-30 00:00,18879.0000000000
2017-12-01 00:00,18583.0000000000
2017-12-02 00:00,18582.0000000000
2017-12-03 00:00,17951.0000000000
2017-12-04 00:00,18100.0000000000
2017-12-05 00:00,18128.0000000000
2017-12-06 00:00,19774.0000000000
2017-12-07 00:00,19844.0000000000
2017-12-08 00:00,19689.0000000000
2017-12-09 00:00,19381.0000000000
2017-12-10 00:00,18899.0000000000
2017-12-11 00:00,18839.0000000000
2017-12-12 00:00,18565.0000000000
2017-12-13 00:00,18941.0000000000
2017-12-14 00:00,18989.0000000000
2017-12-15 00:00,18912.0000000000
2017-12-16 00:00,18633.0000000000
2017-12-17 00:00,18631.0000000000
2017-12-18 00:00,18449.0000000000
2017-12-19 00:00,18600.0000000000
2017-12-20 00:00,18617.0000000000
2017-12-21 00:00,18738.0000000000
2017-12-22 00:00,19166.0000000000
2017-12-23 00:00,19068.0000000000
2017-12-24 00:00,18945.0000000000
2017-12-25 00:00,18814.0000000000
2017-12-26 00:00,18827.0000000000
2017-12-27 00:00,18609.0000000000
2017-12-28 00:00,18488.0000000000
2017-12-29 00:00,18419.0000000000
2017-12-30 00:00,18700.0000000000
2017-12-31 00:00,18658.0000000000
2018-01-01 00:00,18433.0000000000
2018-01-02 00:00,18016.0000000000
2018-01-03 00:00,18028.0000000000
2018-01-04 00:00,19400.0000000000
2018-01-05 00:00,20077.0000000000
2018-01-06 00:00,19677.0000000000
2018-01-07 00:00,19342.0000000000
2018-01-08 00:00,19406.0000000000
2018-01-09 00:00,20137.0000000000
2018-01-10 00:00,19614.0000000000
2018-01-11 00:00,18769.0000000000
2018-01-12 00:00,18772.0000000000
2018-01-13 00:00,19276.0000000000
2018-01-14 00:00,18662.0000000000
2018-01-15 00:00,18966.0000000000
2018-01-16 00:00,18948.0000000000
2018-01-17 00:00,19011.0000000000
2018-01-18 00:00,19062.0000000000
2018-01-19 00:00,19519.0000000000
2018-01-20 00:00,18866.0000000000
2018-01-21 00:00,18960.0000000000
2018-01-22 00:00,19243.0000000000
2018-01-23 00:00,19280.0000000000
2018-01-24 00:00,18891.0000000000
2018-01-25 00:00,18793.0000000000
2018-01-26 00:00,18924.0000000000
2018-01-27 00:00,19038.0000000000
2018-01-28 00:00,19160.0000000000
2018-01-29 00:00,18770.0000000000
2018-01-30 00:00,18831.0000000000
2018-01-31 00:00,19014.0000000000
2018-02-01 00:00,18917.0000000000
2018-02-02 00:00,18901.0000000000
2018-02-03 00:00,18822.0000000000
2018-02-04 00:00,19050.0000000000
2018-02-05 00:00,18806.0000000000
2018-02-06 00:00,18697.0000000000
2018-02-07 00:00,18756.0000000000
2018-02-08 00:00,18609.0000000000
2018-02-09 00:00,18933.0000000000
2018-02-10 00:00,18601.0000000000
2018-02-11 00:00,18584.0000000000
2018-02-12 00:00,18628.0000000000
2018-02-13 00:00,18320.0000000000
2018-02-14 00:00,18640.0000000000
2018-02-15 00:00,18575.0000000000
2018-02-16 00:00,18884.0000000000
2018-02-17 00:00,18813.0000000000
2018-02-18 00:00,18458.0000000000
2018-02-19 00:00,18304.0000000000
2018-02-20 00:00,18412.0000000000
2018-02-21 00:00,18345.0000000000
2018-02-22 00:00,18519.0000000000
2018-02-23 00:00,18294.0000000000
2018-02-24 00:00,18228.0000000000
2018-02-25 00:00,18072.0000000000
2018-02-26 00:00,18271.0000000000
2018-02-27 00:00,18558.0000000000
2018-02-28 00:00,18318.0000000000
2018-03-01 00:00,18549.0000000000
2018-03-02 00:00,18459.0000000000
2018-03-03 00:00,18299.0000000000
2018-03-04 00:00,18394.0000000000
2018-03-05 00:00,18296.0000000000
2018-03-06 00:00,18468.0000000000
2018-03-07 00:00,18216.0000000000
2018-03-08 00:00,18300.0000000000
2018-03-09 00:00,18186.0000000000
2018-03-10 00:00,18337.0000000000
2018-03-11 00:00,18095.0000000000
2018-03-12 00:00,18097.0000000000
2018-03-13 00:00,18065.0000000000
2018-03-14 00:00,18150.0000000000
2018-03-15 00:00,18284.0000000000
2018-03-16 00:00,17994.0000000000
2018-03-17 00:00,18263.0000000000
2018-03-18 00:00,18356.0000000000
2018-03-19 00:00,18357.0000000000
2018-03-20 00:00,18342.0000000000
2018-03-21 00:00,18565.0000000000
2018-03-22 00:00,18446.0000000000
2018-03-23 00:00,18647.0000000000
2018-03-24 00:00,18495.0000000000
2018-03-25 00:00,18542.0000000000
2018-03-26 00:00,18229.0000000000
2018-03-27 00:00,18314.0000000000
2018-03-28 00:00,18100.0000000000
2018-03-29 00:00,18273.0000000000
2018-03-30 00:00,18522.0000000000
2018-03-31 00:00,18384.0000000000
2018-04-01 00:00,18677.0000000000
2018-04-02 00:00,18423.0000000000
2018-04-03 00:00,18376.0000000000
2018-04-04 00:00,18751.0000000000
2018-04-05 00:00,18595.0000000000
2018-04-06 00:00,18472.0000000000
2018-04-07 00:00,18543.0000000000
2018-04-08 00:00,18385.0000000000
2018-04-09 00:00,18603.0000000000
2018-04-10 00:00,18305.0000000000
2018-04-11 00:00,18171.0000000000
2018-04-12 00:00,18324.0000000000
2018-04-13 00:00,18172.0000000000
2018-04-14 00:00,18212.0000000000
2018-04-15 00:00,18239.0000000000
2018-04-16 00:00,17979.0000000000
2018-04-17 00:00,17919.0000000000
2018-04-18 00:00,18000.0000000000
2018-04-19 00:00,17714.0000000000
2018-04-20 00:00,18109.0000000000
2018-04-21 00:00,18170.0000000000
2018-04-22 00:00,17841.0000000000
2018-04-23 00:00,17763.0000000000
2018-04-24 00:00,18031.0000000000
2018-04-25 00:00,18188.0000000000
2018-04-26 00:00,17755.0000000000
2018-04-27 00:00,17780.0000000000
2018-04-28 00:00,18173.0000000000
2018-04-29 00:00,17871.0000000000
2018-04-30 00:00,17450.0000000000
2018-05-01 00:00,17758.0000000000
2018-05-02 00:00,17753.0000000000
2018-05-03 00:00,17586.0000000000
2018-05-04 00:00,17788.0000000000
2018-05-05 00:00,17802.0000000000
2018-05-06 00:00,18074.0000000000
2018-05-07 00:00,17823.0000000000
2018-05-08 00:00,17844.0000000000
2018-05-09 00:00,17920.0000000000
2018-05-10 00:00,18108.0000000000
2018-05-11 00:00,17891.0000000000
2018-05-12 00:00,17925.0000000000
2018-05-13 00:00,17718.0000000000
2018-05-14 00:00,18001.0000000000
2018-05-15 00:00,17788.0000000000
2018-05-16 00:00,18040.0000000000
2018-05-17 00:00,17804.0000000000
2018-05-18 00:00,17624.0000000000
2018-05-19 00:00,17677.0000000000
2018-05-20 00:00,17885.0000000000
2018-05-21 00:00,17718.0000000000
2018-05-22 00:00,17899.0000000000
2018-05-23 00:00,17550.0000000000
2018-05-24 00:00,17738.0000000000
2018-05-25 00:00,17891.0000000000
2018-05-26 00:00,17586.0000000000
2018-05-27 00:00,18114.0000000000
2018-05-28 00:00,17917.0000000000
2018-05-29 00:00,17846.0000000000
2018-05-30 00:00,18164.0000000000
2018-05-31 00:00,17891.0000000000
2018-06-01 00:00,17650.0000000000
2018-06-02 00:00,17594.0000000000
2018-06-03 00:00,17908.0000000000
2018-06-04 00:00,17551.0000000000
2018-06-05 00:00,17858.0000000000
2018-06-06 00:00,17705.0000000000
2018-06-07 00:00,17734.0000000000
2018-06-08 00:00,17430.0000000000
2018-06-09 00:00,17504.0000000000
2018-06-10 00:00,17600.0000000000
2018-06-11 00:00,17748.0000000000
2018-06-12 00:00,17873.0000000000
2018-06-13 00:00,17944.0000000000
2018-06-14 00:00,18074.0000000000
2018-06-15 00:00,18306.0000000000
2018-06-16 00:00,18163.0000000000
2018-06-17 00:00,18302.0000000000
2018-06-18 00:00,17993.0000000000
2018-06-19 00:00,18030.0000000000
2018-06-20 00:00,18144.0000000000
2018-06-21 00:00,18468.0000000000
2018-06-22 00:00,18227.0000000000
2018-06-23 00:00,18266.0000000000
2018-06-24 00:00,17665.0000000000
2018-06-25 00:00,17768.0000000000
2018-06-26 00:00,18050.0000000000
2018-06-27 00:00,17780.0000000000
2018-06-28 00:00,17808.0000000000
2018-06-29 00:00,19730.0000000000
2018-06-30 00:00,20866.0000000000
2018-07-01 00:00,23764.0000000000
2018-07-02 00:00,21571.0000000000
2018-07-03 00:00,20573.0000000000
2018-07-04 00:00,20105.0000000000
2018-07-05 00:00,21003.0000000000
2018-07-06 00:00,20597.0000000000
2018-07-07 00:00,18608.0000000000
2018-07-08 00:00,18784.0000000000
2018-07-09 00:00,18201.0000000000
2018-07-10 00:00,18745.0000000000
2018-07-11 00:00,19440.0000000000
2018-07-12 00:00,19486.0000000000
2018-07-13 00:00,21045.0000000000
2018-07-14 00:00,21857.0000000000
2018-07-15 00:00,18246.0000000000
2018-07-16 00:00,18294.0000000000
2018-07-17 00:00,17870.0000000000
2018-07-18 00:00,17930.0000000000
2018-07-19 00:00,18177.0000000000
2018-07-20 00:00,18683.0000000000
2018-07-21 00:00,18405.0000000000
2018-07-22 00:00,18256.0000000000
2018-07-23 00:00,18044.0000000000
2018-07-24 00:00,18265.0000000000
2018-07-25 00:00,18058.0000000000
2018-07-26 00:00,18199.0000000000
2018-07-27 00:00,18586.0000000000
2018-07-28 00:00,18429.0000000000
2018-07-29 00:00,18329.0000000000
2018-07-30 00:00,18223.0000000000
2018-07-31 00:00,18442.0000000000
2018-08-01 00:00,18014.0000000000
2018-08-02 00:00,18202.0000000000
2018-08-03 00:00,18512.0000000000
2018-08-04 00:00,18167.0000000000
2018-08-05 00:00,18301.0000000000
2018-08-06 00:00,19081.0000000000
2018-08-07 00:00,20854.0000000000
2018-08-08 00:00,20383.0000000000
2018-08-09 00:00,19404.0000000000
2018-08-10 00:00,18453.0000000000
2018-08-11 00:00,17982.0000000000
2018-08-12 00:00,18250.0000000000
2018-08-13 00:00,18552.0000000000
2018-08-14 00:00,18581.0000000000
2018-08-15 00:00,18446.0000000000
2018-08-16 00:00,19569.0000000000
2018-08-17 00:00,18199.0000000000
2018-08-18 00:00,18287.0000000000
2018-08-19 00:00,18304.0000000000
2018-08-20 00:00,18360.0000000000
2018-08-21 00:00,18753.0000000000
2018-08-22 00:00,18265.0000000000
2018-08-23 00:00,19003.0000000000
2018-08-24 00:00,18211.0000000000
2018-08-25 00:00,18889.0000000000
2018-08-26 00:00,18306.0000000000
2018-08-27 00:00,18178.0000000000
2018-08-28 00:00,18300.0000000000
2018-08-29 00:00,18277.0000000000
2018-08-30 00:00,18404.0000000000
2018-08-31 00:00,18105.0000000000
2018-09-01 00:00,18505.0000000000
2018-09-02 00:00,18135.0000000000
2018-09-03 00:00,18464.0000000000
2018-09-04 00:00,18325.0000000000
2018-09-05 00:00,18747.0000000000
2018-09-06 00:00,18339.0000000000
2018-09-07 00:00,18307.0000000000
2018-09-08 00:00,18227.0000000000
2018-09-09 00:00,18561.0000000000
2018-09-10 00:00,18600.0000000000
2018-09-11 00:00,18734.0000000000
2018-09-12 00:00,18639.0000000000
2018-09-13 00:00,18675.0000000000
2018-09-14 00:00,18625.0000000000
2018-09-15 00:00,18791.0000000000
2018-09-16 00:00,18767.0000000000
2018-09-17 00:00,18531.0000000000
2018-09-18 00:00,19152.0000000000
2018-09-19 00:00,18627.0000000000
2018-09-20 00:00,19026.0000000000
2018-09-21 00:00,18616.0000000000
2018-09-22 00:00,18689.0000000000
2018-09-23 00:00,18984.0000000000
2018-09-24 00:00,18932.0000000000
2018-09-25 00:00,18956.0000000000
2018-09-26 00:00,18899.0000000000
2018-09-27 00:00,18995.0000000000
2018-09-28 00:00,19020.0000000000
2018-09-29 00:00,18945.0000000000
2018-09-30 00:00,18972.0000000000
2018-10-01 00:00,19261.0000000000
2018-10-02 00:00,18747.0000000000
2018-10-03 00:00,18952.0000000000
2018-10-04 00:00,18797.0000000000
2018-10-05 00:00,19025.0000000000
2018-10-06 00:00,19104.0000000000
2018-10-07 00:00,19039.0000000000
2018-10-08 00:00,18906.0000000000
2018-10-09 00:00,19021.0000000000
2018-10-10 00:00,18977.0000000000
2018-10-11 00:00,19198.0000000000
2018-10-12 00:00,18940.0000000000
2018-10-13 00:00,18913.0000000000
2018-10-14 00:00,18770.0000000000
2018-10-15 00:00,18770.0000000000
2018-10-16 00:00,18848.0000000000
2018-10-17 00:00,18864.0000000000
2018-10-18 00:00,18688.0000000000
2018-10-19 00:00,18914.0000000000
2018-10-20 00:00,18779.0000000000
2018-10-21 00:00,18671.0000000000
2018-10-22 00:00,18988.0000000000
2018-10-23 00:00,18918.0000000000
2018-10-24 00:00,18982.0000000000
2018-10-25 00:00,18926.0000000000
2018-10-26 00:00,18726.0000000000
2018-10-27 00:00,18808.0000000000
2018-10-28 00:00,18817.0000000000
2018-10-29 00:00,18498.0000000000
2018-10-30 00:00,18836.0000000000
2018-10-31 00:00,18538.0000000000
2018-11-01 00:00,18599.0000000000
2018-11-02 00:00,18816.0000000000
2018-11-03 00:00,18643.0000000000
2018-11-04 00:00,18644.0000000000
2018-11-05 00:00,18620.0000000000
2018-11-06 00:00,18828.0000000000
2018-11-07 00:00,18616.0000000000
2018-11-08 00:00,18601.0000000000
2018-11-09 00:00,18631.0000000000
2018-11-10 00:00,18612.0000000000
2018-11-11 00:00,18879.0000000000
2018-11-12 00:00,18693.0000000000
2018-11-13 00:00,18658.0000000000
2018-11-14 00:00,18915.0000000000
2018-11-15 00:00,19154.0000000000
2018-11-16 00:00,18807.0000000000
2018-11-17 00:00,19001.0000000000
2018-11-18 00:00,18701.0000000000
2018-11-19 00:00,18807.0000000000
2018-11-20 00:00,19002.0000000000
2018-11-21 00:00,18755.0000000000
2018-11-22 00:00,18949.0000000000
2018-11-23 00:00,18878.0000000000
2018-11-24 00:00,19048.0000000000
2018-11-25 00:00,18802.0000000000
2018-11-26 00:00,18534.0000000000
2018-11-27 00:00,18791.0000000000
2018-11-28 00:00,19163.0000000000
2018-11-29 00:00,19095.0000000000
2018-11-30 00:00,18815.0000000000
2018-12-01 00:00,18750.0000000000
2018-12-02 00:00,18753.0000000000
2018-12-03 00:00,18782.0000000000
2018-12-04 00:00,18763.0000000000
2018-12-05 00:00,18728.0000000000
2018-12-06 00:00,18465.0000000000
2018-12-07 00:00,18474.0000000000
2018-12-08 00:00,18677.0000000000
2018-12-09 00:00,18985.0000000000
2018-12-10 00:00,18388.0000000000
2018-12-11 00:00,18646.0000000000
2018-12-12 00:00,18780.0000000000
2018-12-13 00:00,18680.0000000000
2018-12-14 00:00,18737.0000000000
2018-12-15 00:00,18477.0000000000
2018-12-16 00:00,18115.0000000000
2018-12-17 00:00,18291.0000000000
2018-12-18 00:00,18041.0000000000
2018-12-19 00:00,18049.0000000000
2018-12-20 00:00,17983.0000000000
2018-12-21 00:00,18146.0000000000
2018-12-22 00:00,18002.0000000000
2018-12-23 00:00,18267.0000000000
2018-12-24 00:00,18382.0000000000
2018-12-25 00:00,18439.0000000000
2018-12-26 00:00,18063.0000000000
2018-12-27 00:00,18130.0000000000
2018-12-28 00:00,18247.0000000000
2018-12-29 00:00,18266.0000000000
2018-12-30 00:00,18140.0000000000
2018-12-31 00:00,17955.0000000000
2019-01-01 00:00,18187.0000000000
2019-01-02 00:00,17111.0000000000
2019-01-03 00:00,17065.0000000000
2019-01-04 00:00,17397.0000000000
2019-01-05 00:00,17093.0000000000
2019-01-06 00:00,17211.0000000000
2019-01-07 00:00,17039.0000000000
2019-01-08 00:00,17173.0000000000
2019-01-09 00:00,17111.0000000000
2019-01-10 00:00,17069.0000000000
2019-01-11 00:00,16909.0000000000
2019-01-12 00:00,17209.0000000000
2019-01-13 00:00,17436.0000000000
2019-01-14 00:00,17318.0000000000
2019-01-15 00:00,17052.0000000000
2019-01-16 00:00,17049.0000000000
2019-01-17 00:00,17259.0000000000
2019-01-18 00:00,17414.0000000000
2019-01-19 00:00,17138.0000000000
2019-01-20 00:00,15668.0000000000
2019-01-21 00:00,15733.0000000000
2019-01-22 00:00,15345.0000000000
2019-01-23 00:00,15642.0000000000
2019-01-24 00:00,15670.0000000000
2019-01-25 00:00,15466.0000000000
2019-01-26 00:00,15337.0000000000
2019-01-27 00:00,15051.0000000000
2019-01-28 00:00,14968.0000000000
2019-01-29 00:00,15223.0000000000
2019-01-30 00:00,15213.0000000000
2019-01-31 00:00,14929.0000000000
2019-02-01 00:00,15120.0000000000
2019-02-02 00:00,14850.0000000000
2019-02-03 00:00,15101.0000000000
2019-02-04 00:00,14995.0000000000
2019-02-05 00:00,14981.0000000000
2019-02-06 00:00,15079.0000000000
2019-02-07 00:00,15121.0000000000
2019-02-08 00:00,15015.0000000000
2019-02-09 00:00,13184.0000000000
2019-02-10 00:00,12925.0000000000
2019-02-11 00:00,13154.0000000000
2019-02-12 00:00,12882.0000000000
2019-02-13 00:00,12913.0000000000
2019-02-14 00:00,12903.0000000000
2019-02-15 00:00,13053.0000000000
2019-02-16 00:00,12795.0000000000
2019-02-17 00:00,13105.0000000000
2019-02-18 00:00,17362.0000000000
2019-02-19 00:00,13215.0000000000
2019-02-20 00:00,13226.0000000000
2019-02-21 00:00,13160.0000000000
2019-02-22 00:00,13465.0000000000
2019-02-23 00:00,13248.0000000000
2019-02-24 00:00,13260.0000000000
2019-02-25 00:00,13392.0000000000
2019-02-26 00:00,13344.0000000000
2019-02-27 00:00,12808.0000000000
2019-02-28 00:00,12412.0000000000
2019-03-01 00:00,13191.0000000000
2019-03-02 00:00,13119.0000000000
2019-03-03 00:00,13227.0000000000
2019-03-04 00:00,13319.0000000000
2019-03-05 00:00,13239.0000000000
2019-03-06 00:00,13315.0000000000
2019-03-07 00:00,13211.0000000000
2019-03-08 00:00,13148.0000000000
2019-03-09 00:00,13369.0000000000
2019-03-10 00:00,13154.0000000000
2019-03-11 00:00,13290.0000000000
2019-03-12 00:00,13175.0000000000
2019-03-13 00:00,13195.0000000000
2019-03-14 00:00,13206.0000000000
2019-03-15 00:00,13324.0000000000
2019-03-16 00:00,13167.0000000000
2019-03-17 00:00,15345.0000000000
2019-03-18 00:00,13293.0000000000
2019-03-19 00:00,13370.0000000000
2019-03-20 00:00,13340.0000000000
2019-03-21 00:00,13308.0000000000
2019-03-22 00:00,13243.0000000000
2019-03-23 00:00,13240.0000000000
2019-03-24 00:00,13324.0000000000
2019-03-25 00:00,13203.0000000000
2019-03-26 00:00,13447.0000000000
2019-03-27 00:00,13212.0000000000
2019-03-28 00:00,13255.0000000000
2019-03-29 00:00,13156.0000000000
2019-03-30 00:00,13255.0000000000
2019-03-31 00:00,13361.0000000000
2019-04-01 00:00,13311.0000000000
2019-04-02 00:00,13371.0000000000
2019-04-03 00:00,13351.0000000000
2019-04-04 00:00,13277.0000000000
2019-04-05 00:00,13274.0000000000
2019-04-06 00:00,13331.0000000000
2019-04-07 00:00,13362.0000000000
2019-04-08 00:00,13286.0000000000
2019-04-09 00:00,13483.0000000000
2019-04-10 00:00,13261.0000000000
2019-04-11 00:00,13272.0000000000
2019-04-12 00:00,13325.0000000000
2019-04-13 00:00,13183.0000000000
2019-04-14 00:00,13270.0000000000
2019-04-15 00:00,13260.0000000000
2019-04-16 00:00,13224.0000000000
2019-04-17 00:00,13290.0000000000
2019-04-18 00:00,13299.0000000000
2019-04-19 00:00,13063.0000000000
2019-04-20 00:00,13263.0000000000
2019-04-21 00:00,13247.0000000000
2019-04-22 00:00,13016.0000000000
2019-04-23 00:00,13182.0000000000
2019-04-24 00:00,13277.0000000000
2019-04-25 00:00,13345.0000000000
2019-04-26 00:00,13243.0000000000
2019-04-27 00:00,13083.0000000000
2019-04-28 00:00,13241.0000000000
2019-04-29 00:00,13186.0000000000
2019-04-30 00:00,13305.0000000000
2019-05-01 00:00,13690.0000000000
2019-05-02 00:00,13089.0000000000
2019-05-03 00:00,13401.0000000000
2019-05-04 00:00,13125.0000000000
2019-05-05 00:00,13143.0000000000
2019-05-06 00:00,13290.0000000000
2019-05-07 00:00,13099.0000000000
2019-05-08 00:00,13146.0000000000
2019-05-09 00:00,13338.0000000000
2019-05-10 00:00,13185.0000000000
2019-05-11 00:00,13274.0000000000
2019-05-12 00:00,13219.0000000000
2019-05-13 00:00,13497.0000000000
2019-05-14 00:00,13629.0000000000
2019-05-15 00:00,13622.0000000000
2019-05-16 00:00,13650.0000000000
2019-05-17 00:00,13390.0000000000
2019-05-18 00:00,13283.0000000000
2019-05-19 00:00,13294.0000000000
2019-05-20 00:00,13172.0000000000
2019-05-21 00:00,13474.0000000000
2019-05-22 00:00,13242.0000000000
2019-05-23 00:00,13409.0000000000
2019-05-24 00:00,13522.0000000000
2019-05-25 00:00,13244.0000000000
2019-05-26 00:00,13430.0000000000
2019-05-27 00:00,13311.0000000000
2019-05-28 00:00,13765.0000000000
2019-05-29 00:00,13321.0000000000
2019-05-30 00:00,13602.0000000000
2019-05-31 00:00,13363.0000000000
2019-06-01 00:00,13221.0000000000
2019-06-02 00:00,13205.0000000000
2019-06-03 00:00,13368.0000000000
2019-06-04 00:00,13343.0000000000
2019-06-05 00:00,13422.0000000000
2019-06-06 00:00,13173.0000000000
2019-06-07 00:00,13425.0000000000
2019-06-08 00:00,13114.0000000000
2019-06-09 00:00,13694.0000000000
2019-06-10 00:00,13364.0000000000
2019-06-11 00:00,13014.0000000000
2019-06-12 00:00,13115.0000000000
2019-06-13 00:00,13224.0000000000
2019-06-14 00:00,13265.0000000000
2019-06-15 00:00,13179.0000000000
2019-06-16 00:00,13313.0000000000
2019-06-17 00:00,13109.0000000000
2019-06-18 00:00,13384.0000000000
2019-06-19 00:00,13133.0000000000
2019-06-20 00:00,13098.0000000000
2019-06-21 00:00,13326.0000000000
2019-06-22 00:00,13233.0000000000
2019-06-23 00:00,13381.0000000000
2019-06-24 00:00,13593.0000000000
2019-06-25 00:00,13576.0000000000
2019-06-26 00:00,13576.0000000000
2019-06-27 00:00,13573.0000000000
2019-06-28 00:00,13374.0000000000
2019-06-29 00:00,13352.0000000000
2019-06-30 00:00,13678.0000000000
2019-07-01 00:00,13430.0000000000
2019-07-02 00:00,13239.0000000000
2019-07-03 00:00,13219.0000000000
2019-07-04 00:00,13307.0000000000
2019-07-05 00:00,13454.0000000000
2019-07-06 00:00,13252.0000000000
2019-07-07 00:00,13401.0000000000
2019-07-08 00:00,13337.0000000000
2019-07-09 00:00,13201.0000000000
2019-07-10 00:00,13633.0000000000
2019-07-11 00:00,13130.0000000000
2019-07-12 00:00,13215.0000000000
2019-07-13 00:00,13482.0000000000
2019-07-14 00:00,13219.0000000000
2019-07-15 00:00,13686.0000000000
2019-07-16 00:00,13536.0000000000
2019-07-17 00:00,13361.0000000000
2019-07-18 00:00,13354.0000000000
2019-07-19 00:00,13321.0000000000
2019-07-20 00:00,13104.0000000000
2019-07-21 00:00,13306.0000000000
2019-07-22 00:00,13327.0000000000
2019-07-23 00:00,13637.0000000000
2019-07-24 00:00,13474.0000000000
2019-07-25 00:00,13291.0000000000
2019-07-26 00:00,13315.0000000000
2019-07-27 00:00,13201.0000000000
2019-07-28 00:00,13133.0000000000
2019-07-29 00:00,13412.0000000000
2019-07-30 00:00,13245.0000000000
2019-07-31 00:00,13423.0000000000
2019-08-01 00:00,13542.0000000000
2019-08-02 00:00,13545.0000000000
2019-08-03 00:00,13159.0000000000
2019-08-04 00:00,13285.0000000000
2019-08-05 00:00,13325.0000000000
2019-08-06 00:00,13362.0000000000
2019-08-07 00:00,13186.0000000000
2019-08-08 00:00,13277.0000000000
2019-08-09 00:00,13340.0000000000
2019-08-10 00:00,13158.0000000000
2019-08-11 00:00,13373.0000000000
2019-08-12 00:00,13322.0000000000
2019-08-13 00:00,13369.0000000000
2019-08-14 00:00,13345.0000000000
2019-08-15 00:00,13307.0000000000
2019-08-16 00:00,13270.0000000000
2019-08-17 00:00,13191.0000000000
2019-08-18 00:00,13234.0000000000
2019-08-19 00:00,13361.0000000000
2019-08-20 00:00,13484.0000000000
2019-08-21 00:00,13313.0000000000
2019-08-22 00:00,13423.0000000000
2019-08-23 00:00,13046.0000000000
2019-08-24 00:00,13680.0000000000
2019-08-25 00:00,13386.0000000000
2019-08-26 00:00,13354.0000000000
2019-08-27 00:00,13359.0000000000
2019-08-28 00:00,13531.0000000000
2019-08-29 00:00,13356.0000000000
2019-08-30 00:00,13311.0000000000
2019-08-31 00:00,13288.0000000000
2019-09-01 00:00,13454.0000000000
2019-09-02 00:00,13378.0000000000
2019-09-03 00:00,13345.0000000000
2019-09-04 00:00,13608.0000000000
2019-09-05 00:00,13525.0000000000
2019-09-06 00:00,13561.0000000000
2019-09-07 00:00,13557.0000000000
2019-09-08 00:00,13724.0000000000
2019-09-09 00:00,13719.0000000000
2019-09-10 00:00,13767.0000000000
2019-09-11 00:00,13861.0000000000
2019-09-12 00:00,13524.0000000000
2019-09-13 00:00,13863.0000000000
2019-09-14 00:00,13751.0000000000
2019-09-15 00:00,13949.0000000000
2019-09-16 00:00,14107.0000000000
2019-09-17 00:00,14275.0000000000
2019-09-18 00:00,14143.0000000000
2019-09-19 00:00,14397.0000000000
2019-09-20 00:00,13966.0000000000
2019-09-21 00:00,13702.0000000000
2019-09-22 00:00,14240.0000000000
2019-09-23 00:00,14121.0000000000
2019-09-24 00:00,14504.0000000000
2019-09-25 00:00,14050.0000000000
2019-09-26 00:00,13939.0000000000
2019-09-27 00:00,14044.0000000000
2019-09-28 00:00,13995.0000000000
2019-09-29 00:00,13807.0000000000
2019-09-30 00:00,13387.0000000000
2019-10-01 00:00,13184.0000000000
2019-10-02 00:00,13469.0000000000
2019-10-03 00:00,13398.0000000000
2019-10-04 00:00,13333.0000000000
2019-10-05 00:00,13313.0000000000
2019-10-06 00:00,13190.0000000000
2019-10-07 00:00,13194.0000000000
2019-10-08 00:00,13319.0000000000
2019-10-09 00:00,12744.0000000000
2019-10-10 00:00,13213.0000000000
2019-10-11 00:00,13073.0000000000
2019-10-12 00:00,13149.0000000000
2019-10-13 00:00,13241.0000000000
2019-10-14 00:00,13355.0000000000
2019-10-15 00:00,13143.0000000000
2019-10-16 00:00,13057.0000000000
2019-10-17 00:00,13143.0000000000
2019-10-18 00:00,13144.0000000000
2019-10-19 00:00,13203.0000000000
2019-10-20 00:00,13072.0000000000
2019-10-21 00:00,13381.0000000000
2019-10-22 00:00,13481.0000000000
2019-10-23 00:00,13086.0000000000
2019-10-24 00:00,12842.0000000000
2019-10-25 00:00,13116.0000000000
2019-10-26 00:00,12813.0000000000
2019-10-27 00:00,13042.0000000000
2019-10-28 00:00,12999.0000000000
2019-10-29 00:00,13057.0000000000
2019-10-30 00:00,12992.0000000000
2019-10-31 00:00,13074.0000000000
2019-11-01 00:00,12749.0000000000
2019-11-02 00:00,12971.0000000000
2019-11-03 00:00,12896.0000000000
2019-11-04 00:00,12986.0000000000
2019-11-05 00:00,12894.0000000000
2019-11-06 00:00,13018.0000000000
2019-11-07 00:00,12901.0000000000
2019-11-08 00:00,12712.0000000000
2019-11-09 00:00,12428.0000000000
2019-11-10 00:00,12491.0000000000
2019-11-11 00:00,12549.0000000000
2019-11-12 00:00,12542.0000000000
2019-11-13 00:00,12578.0000000000
2019-11-14 00:00,12475.0000000000
2019-11-15 00:00,12429.0000000000
2019-11-16 00:00,12463.0000000000
2019-11-17 00:00,12603.0000000000
2019-11-18 00:00,12331.0000000000
2019-11-19 00:00,12512.0000000000
2019-11-20 00:00,12927.0000000000
2019-11-21 00:00,13195.0000000000
2019-11-22 00:00,12555.0000000000
2019-11-23 00:00,12474.0000000000
2019-11-24 00:00,12807.0000000000
2019-11-25 00:00,12029.0000000000
2019-11-26 00:00,11882.0000000000
2019-11-27 00:00,11816.0000000000
2019-11-28 00:00,11719.0000000000
2019-11-29 00:00,11829.0000000000
2019-11-30 00:00,11724.0000000000
2019-12-01 00:00,11857.0000000000
2019-12-02 00:00,10103.0000000000
2019-12-03 00:00,11651.0000000000
2019-12-04 00:00,11683.0000000000
2019-12-05 00:00,10821.0000000000
2019-12-06 00:00,11649.0000000000
2019-12-07 00:00,11535.0000000000
2019-12-08 00:00,11694.0000000000
2019-12-09 00:00,11831.0000000000
2019-12-10 00:00,11607.0000000000
2019-12-11 00:00,11849.0000000000
2019-12-12 00:00,11362.0000000000
2019-12-13 00:00,10615.0000000000
2019-12-14 00:00,10621.0000000000
2019-12-15 00:00,10708.0000000000
2019-12-16 00:00,10782.0000000000
2019-12-17 00:00,10564.0000000000
2019-12-18 00:00,10475.0000000000
2019-12-19 00:00,10429.0000000000
2019-12-20 00:00,10512.0000000000
2019-12-21 00:00,10320.0000000000
2019-12-22 00:00,10439.0000000000
2019-12-23 00:00,10533.0000000000
2019-12-24 00:00,10346.0000000000
2019-12-25 00:00,10369.0000000000
2019-12-26 00:00,10417.0000000000
2019-12-27 00:00,10460.0000000000
2019-12-28 00:00,10375.0000000000
2019-12-29 00:00,10397.0000000000
2019-12-30 00:00,10362.0000000000
2019-12-31 00:00,10272.0000000000
2020-01-01 00:00,11665.0000000000
2020-01-02 00:00,13408.0000000000
2020-01-03 00:00,13437.0000000000
2020-01-04 00:00,13263.0000000000
2020-01-05 00:00,13560.0000000000
2020-01-06 00:00,13437.0000000000
2020-01-07 00:00,13436.0000000000
2020-01-08 00:00,13397.0000000000
2020-01-09 00:00,12866.0000000000
2020-01-10 00:00,13390.0000000000
2020-01-11 00:00,13341.0000000000
2020-01-12 00:00,13443.0000000000
2020-01-13 00:00,13577.0000000000
2020-01-14 00:00,13399.0000000000
2020-01-15 00:00,13428.0000000000
2020-01-16 00:00,13492.0000000000
2020-01-17 00:00,13397.0000000000
2020-01-18 00:00,13486.0000000000
2020-01-19 00:00,13352.0000000000
2020-01-20 00:00,13438.0000000000
2020-01-21 00:00,13217.0000000000
2020-01-22 00:00,13428.0000000000
2020-01-23 00:00,13299.0000000000
2020-01-24 00:00,13194.0000000000
2020-01-25 00:00,13204.0000000000
2020-01-26 00:00,13359.0000000000
2020-01-27 00:00,13302.0000000000
2020-01-28 00:00,13392.0000000000
2020-01-29 00:00,13235.0000000000
2020-01-30 00:00,13307.0000000000
2020-01-31 00:00,13269.0000000000
2020-02-01 00:00,13373.0000000000
2020-02-02 00:00,13392.0000000000
2020-02-03 00:00,13511.0000000000
2020-02-04 00:00,13374.0000000000
2020-02-05 00:00,13541.0000000000
2020-02-06 00:00,13530.0000000000
2020-02-07 00:00,13352.0000000000
2020-02-08 00:00,13371.0000000000
2020-02-09 00:00,13595.0000000000
2020-02-10 00:00,13516.0000000000
2020-02-11 00:00,13542.0000000000
2020-02-12 00:00,13528.0000000000
2020-02-13 00:00,13535.0000000000
2020-02-14 00:00,13466.0000000000
2020-02-15 00:00,13720.0000000000
2020-02-16 00:00,13399.0000000000
2020-02-17 00:00,13433.0000000000
2020-02-18 00:00,13628.0000000000
2020-02-19 00:00,13497.0000000000
2020-02-20 00:00,13314.0000000000
2020-02-21 00:00,13385.0000000000
2020-02-22 00:00,13446.0000000000
2020-02-23 00:00,13391.0000000000
2020-02-24 00:00,13410.0000000000
2020-02-25 00:00,13927.0000000000
2020-02-26 00:00,13595.0000000000
2020-02-27 00:00,13490.0000000000
2020-02-28 00:00,13385.0000000000
2020-02-29 00:00,13355.0000000000
2020-03-01 00:00,13443.0000000000
2020-03-02 00:00,13400.0000000000
2020-03-03 00:00,13473.0000000000
2020-03-04 00:00,13274.0000000000
2020-03-05 00:00,13560.0000000000
2020-03-06 00:00,13471.0000000000
2020-03-07 00:00,13808.0000000000
2020-03-08 00:00,13634.0000000000
2020-03-09 00:00,13490.0000000000
2020-03-10 00:00,13667.0000000000
2020-03-11 00:00,18030.0000000000
2020-03-12 00:00,17691.0000000000
2020-03-13 00:00,13588.0000000000
2020-03-14 00:00,13572.0000000000
2020-03-15 00:00,14457.0000000000
2020-03-16 00:00,13801.0000000000
2020-03-17 00:00,13699.0000000000
2020-03-18 00:00,13877.0000000000
2020-03-19 00:00,13622.0000000000
2020-03-20 00:00,13439.0000000000
2020-03-21 00:00,13135.0000000000
2020-03-22 00:00,13521.0000000000
2020-03-23 00:00,13290.0000000000
2020-03-24 00:00,13328.0000000000
2020-03-25 00:00,13506.0000000000
2020-03-26 00:00,13622.0000000000
2020-03-27 00:00,13401.0000000000
2020-03-28 00:00,13520.0000000000
2020-03-29 00:00,13397.0000000000
2020-03-30 00:00,13468.0000000000
2020-03-31 00:00,13586.0000000000
2020-04-01 00:00,13512.0000000000
2020-04-02 00:00,13561.0000000000
2020-04-03 00:00,13366.0000000000
2020-04-04 00:00,13387.0000000000
2020-04-05 00:00,13530.0000000000
2020-04-06 00:00,13714.0000000000
2020-04-07 00:00,13537.0000000000
2020-04-08 00:00,13472.0000000000
2020-04-09 00:00,13574.0000000000
2020-04-10 00:00,13247.0000000000
2020-04-11 00:00,13550.0000000000
2020-04-12 00:00,13540.0000000000
2020-04-13 00:00,13512.0000000000
2020-04-14 00:00,13500.0000000000
2020-04-15 00:00,13656.0000000000
2020-04-16 00:00,13443.0000000000
2020-04-17 00:00,13495.0000000000
2020-04-18 00:00,13511.0000000000
2020-04-19 00:00,13679.0000000000
2020-04-20 00:00,13595.0000000000
2020-04-21 00:00,13648.0000000000
2020-04-22 00:00,13627.0000000000
2020-04-23 00:00,13639.0000000000
2020-04-24 00:00,13432.0000000000
2020-04-25 00:00,13577.0000000000
2020-04-26 00:00,13583.0000000000
2020-04-27 00:00,13464.0000000000
2020-04-28 00:00,14055.0000000000
2020-04-29 00:00,14062.0000000000
2020-04-30 00:00,13663.0000000000
2020-05-01 00:00,13486.0000000000
2020-05-02 00:00,13469.0000000000
2020-05-03 00:00,13848.0000000000
2020-05-04 00:00,13813.0000000000
2020-05-05 00:00,13738.0000000000
2020-05-06 00:00,14101.0000000000
2020-05-07 00:00,14143.0000000000
2020-05-08 00:00,13765.0000000000
2020-05-09 00:00,14716.0000000000
2020-05-10 00:00,14199.0000000000
2020-05-11 00:00,14288.0000000000
2020-05-12 00:00,14850.0000000000
2020-05-13 00:00,15188.0000000000
2020-05-14 00:00,14576.0000000000
2020-05-15 00:00,14212.0000000000
2020-05-16 00:00,14456.0000000000
2020-05-17 00:00,14839.0000000000
2020-05-18 00:00,14583.0000000000
2020-05-19 00:00,15002.0000000000
2020-05-20 00:00,15746.0000000000
2020-05-21 00:00,14670.0000000000
2020-05-22 00:00,14284.0000000000
2020-05-23 00:00,14464.0000000000
2020-05-24 00:00,14839.0000000000
2020-05-25 00:00,15126.0000000000
2020-05-26 00:00,15241.0000000000
2020-05-27 00:00,15110.0000000000
2020-05-28 00:00,14859.0000000000
2020-05-29 00:00,14805.0000000000
2020-05-30 00:00,14549.0000000000
2020-05-31 00:00,14628.0000000000
2020-06-01 00:00,15031.0000000000
2020-06-02 00:00,14451.0000000000
2020-06-03 00:00,14618.0000000000
2020-06-04 00:00,14816.0000000000
2020-06-05 00:00,14958.0000000000
2020-06-06 00:00,15201.0000000000
2020-06-07 00:00,15116.0000000000
2020-06-08 00:00,15140.0000000000
2020-06-09 00:00,25798.0000000000
2020-06-10 00:00,28318.0000000000
2020-06-11 00:00,15086.0000000000
2020-06-12 00:00,14592.0000000000
2020-06-13 00:00,14416.0000000000
2020-06-14 00:00,15482.0000000000
2020-06-15 00:00,15200.0000000000
2020-06-16 00:00,15280.0000000000
2020-06-17 00:00,15154.0000000000
2020-06-18 00:00,15509.0000000000
2020-06-19 00:00,14901.0000000000
2020-06-20 00:00,15028.0000000000
2020-06-21 00:00,15781.0000000000
2020-06-22 00:00,16108.0000000000
2020-06-23 00:00,16302.0000000000
2020-06-24 00:00,15874.0000000000
2020-06-25 00:00,15613.0000000000
2020-06-26 00:00,15274.0000000000
2020-06-27 00:00,15493.0000000000
2020-06-28 00:00,15511.0000000000
2020-06-29 00:00,16594.0000000000
2020-06-30 00:00,16069.0000000000
2020-07-01 00:00,15816.0000000000
2020-07-02 00:00,16000.0000000000
2020-07-03 00:00,15128.0000000000
2020-07-04 00:00,15115.0000000000
2020-07-05 00:00,15663.0000000000
2020-07-06 00:00,15777.0000000000
2020-07-07 00:00,16637.0000000000
2020-07-08 00:00,16150.0000000000
2020-07-09 00:00,15395.0000000000
2020-07-10 00:00,15339.0000000000
2020-07-11 00:00,15118.0000000000
2020-07-12 00:00,16612.0000000000
2020-07-13 00:00,15831.0000000000
2020-07-14 00:00,16545.0000000000
2020-07-15 00:00,16721.0000000000
2020-07-16 00:00,16904.0000000000
2020-07-17 00:00,16719.0000000000
2020-07-18 00:00,16867.0000000000
2020-07-19 00:00,17978.0000000000
2020-07-20 00:00,18118.0000000000
2020-07-21 00:00,18137.0000000000
2020-07-22 00:00,19057.0000000000
2020-07-23 00:00,18648.0000000000
2020-07-24 00:00,18887.0000000000
2020-07-25 00:00,18488.0000000000
2020-07-26 00:00,20326.0000000000
2020-07-27 00:00,18368.0000000000
2020-07-28 00:00,18667.0000000000
2020-07-29 00:00,18056.0000000000
2020-07-30 00:00,18907.0000000000
2020-07-31 00:00,17847.0000000000
2020-08-01 00:00,18861.0000000000
2020-08-02 00:00,18216.0000000000
2020-08-03 00:00,17201.0000000000
2020-08-04 00:00,17010.0000000000
2020-08-05 00:00,17529.0000000000
2020-08-06 00:00,18674.0000000000
2020-08-07 00:00,18086.0000000000
2020-08-08 00:00,19167.0000000000
2020-08-09 00:00,22315.0000000000
2020-08-10 00:00,22934.0000000000
2020-08-11 00:00,30805.0000000000
2020-08-12 00:00,33242.0000000000
2020-08-13 00:00,29422.0000000000
2020-08-14 00:00,22086.0000000000
2020-08-15 00:00,20915.0000000000
2020-08-16 00:00,21433.0000000000
2020-08-17 00:00,23433.0000000000
2020-08-18 00:00,23794.0000000000
2020-08-19 00:00,22205.0000000000
2020-08-20 00:00,25545.0000000000
2020-08-21 00:00,20922.0000000000
2020-08-22 00:00,19721.0000000000
2020-08-23 00:00,20786.0000000000
2020-08-24 00:00,21245.0000000000
2020-08-25 00:00,20337.0000000000
2020-08-26 00:00,20364.0000000000
2020-08-27 00:00,20286.0000000000
2020-08-28 00:00,20879.0000000000
2020-08-29 00:00,29678.0000000000
2020-08-30 00:00,32107.0000000000
2020-08-31 00:00,48591.0000000000
2020-09-01 00:00,50968.0000000000
2020-09-02 00:00,43929.0000000000
2020-09-03 00:00,31251.0000000000
2020-09-04 00:00,34922.0000000000
2020-09-05 00:00,23284.0000000000
2020-09-06 00:00,21623.0000000000
2020-09-07 00:00,21065.0000000000
2020-09-08 00:00,22240.0000000000
2020-09-09 00:00,26939.0000000000
2020-09-10 00:00,24698.0000000000
2020-09-11 00:00,21233.0000000000
2020-09-12 00:00,22419.0000000000
2020-09-13 00:00,28478.0000000000
2020-09-14 00:00,27870.0000000000
2020-09-15 00:00,24576.0000000000
2020-09-16 00:00,55983.0000000000
2020-09-17 00:00,37629.0000000000
2020-09-18 00:00,26607.0000000000
2020-09-19 00:00,23365.0000000000
2020-09-20 00:00,26712.0000000000
2020-09-21 00:00,25053.0000000000
2020-09-22 00:00,23141.0000000000
2020-09-23 00:00,21523.0000000000
2020-09-24 00:00,20612.0000000000
2020-09-25 00:00,19152.0000000000
2020-09-26 00:00,19130.0000000000
2020-09-27 00:00,21877.0000000000
2020-09-28 00:00,24068.0000000000
2020-09-29 00:00,21673.0000000000
2020-09-30 00:00,20313.0000000000
2020-10-01 00:00,19565.0000000000
2020-10-02 00:00,18333.0000000000
2020-10-03 00:00,18662.0000000000
2020-10-04 00:00,19378.0000000000
2020-10-05 00:00,21280.0000000000
2020-10-06 00:00,18815.0000000000
2020-10-07 00:00,18615.0000000000
2020-10-08 00:00,18531.0000000000
2020-10-09 00:00,17530.0000000000
2020-10-10 00:00,16741.0000000000
2020-10-11 00:00,18451.0000000000
2020-10-12 00:00,18871.0000000000
2020-10-13 00:00,19031.0000000000
2020-10-14 00:00,18969.0000000000
2020-10-15 00:00,17752.0000000000
2020-10-16 00:00,15663.0000000000
2020-10-17 00:00,15661.0000000000
2020-10-18 00:00,17391.0000000000
2020-10-19 00:00,17562.0000000000
2020-10-20 00:00,18789.0000000000
2020-10-21 00:00,17948.0000000000
2020-10-22 00:00,17368.0000000000
2020-10-23 00:00,15444.0000000000
2020-10-24 00:00,15321.0000000000
2020-10-25 00:00,17370.0000000000
2020-10-26 00:00,16257.0000000000
2020-10-27 00:00,17971.0000000000
2020-10-28 00:00,18166.0000000000
2020-10-29 00:00,17619.0000000000
2020-10-30 00:00,16064.0000000000
2020-10-31 00:00,15456.0000000000
2020-11-01 00:00,17364.0000000000
2020-11-02 00:00,16408.0000000000
2020-11-03 00:00,15843.0000000000
2020-11-04 00:00,16812.0000000000
2020-11-05 00:00,17617.0000000000
2020-11-06 00:00,17293.0000000000
2020-11-07 00:00,15224.0000000000
2020-11-08 00:00,16216.0000000000
2020-11-09 00:00,16700.0000000000
2020-11-10 00:00,16826.0000000000
2020-11-11 00:00,17218.0000000000
2020-11-12 00:00,17196.0000000000
2020-11-13 00:00,15893.0000000000
2020-11-14 00:00,15631.0000000000
2020-11-15 00:00,16512.0000000000
2020-11-16 00:00,18953.0000000000
2020-11-17 00:00,19302.0000000000
2020-11-18 00:00,17126.0000000000
2020-11-19 00:00,18024.0000000000
2020-11-20 00:00,18222.0000000000
2020-11-21 00:00,17890.0000000000
2020-11-22 00:00,18748.0000000000
2020-11-23 00:00,20320.0000000000
2020-11-24 00:00,17537.0000000000
2020-11-25 00:00,24283.0000000000
2020-11-26 00:00,15977.0000000000
2020-11-27 00:00,15459.0000000000
2020-11-28 00:00,15005.0000000000
2020-11-29 00:00,19179.0000000000
2020-11-30 00:00,19598.0000000000
2020-12-01 00:00,16058.0000000000
2020-12-02 00:00,16627.0000000000
2020-12-03 00:00,16856.0000000000
2020-12-04 00:00,15672.0000000000
2020-12-05 00:00,15782.0000000000
2020-12-06 00:00,16517.0000000000
2020-12-07 00:00,17830.0000000000
2020-12-08 00:00,18248.0000000000
2020-12-09 00:00,17116.4495567900
2020-12-10 00:00,17819.1290538600
2020-12-11 00:00,16108.1962718000
2020-12-12 00:00,16312.4773129700
2020-12-13 00:00,17816.5126488600
2020-12-14 00:00,19514.9867703500
2020-12-15 00:00,19501.5152323700
2020-12-16 00:00,24122.7385690300
2020-12-17 00:00,18563.9126296600
2020-12-18 00:00,17933.4285173300
2020-12-19 00:00,16520.0397840700
2020-12-20 00:00,19206.2260192700
2020-12-21 00:00,18237.6215149100
2020-12-22 00:00,22185.7677570800
2020-12-23 00:00,19629.4802131400
2020-12-24 00:00,19992.2772081600
2020-12-25 00:00,18390.5866850000
2020-12-26 00:00,20592.8376391900
2020-12-27 00:00,22086.7042679400
2020-12-28 00:00,20255.9760669300
2020-12-29 00:00,22091.6664513300
2020-12-30 00:00,20787.2858493400
2020-12-31 00:00,18295.4083515000
2021-01-01 00:00,21230.6101126100
2021-01-02 00:00,25989.0380832700
2021-01-03 00:00,33186.8931013100
2021-01-04 00:00,24044.0056399900
2021-01-05 00:00,22746.3949739300
2021-01-06 00:00,23526.3606654500
2021-01-07 00:00,24394.4121295400
2021-01-08 00:00,20170.6256542100
2021-01-09 00:00,20108.0698824200
2021-01-10 00:00,32827.2296723100
2021-01-11 00:00,19903.4714084600
2021-01-12 00:00,18513.4428773700
2021-01-13 00:00,19331.3160323200
2021-01-14 00:00,20600.0803787800
2021-01-15 00:00,19335.4989529600
2021-01-16 00:00,17878.3847844600
2021-01-17 00:00,18810.2765773900
2021-01-18 00:00,21041.9829486600
2021-01-19 00:00,19832.0515124800
2021-01-20 00:00,22713.6025982700
2021-01-21 00:00,23361.3613236700
2021-01-22 00:00,19436.8920988200
2021-01-23 00:00,19378.5955001600
2021-01-24 00:00,21679.7574843300
2021-01-25 00:00,19738.9257658400
2021-01-26 00:00,20686.7584153700
2021-01-27 00:00,20354.7038993900
2021-01-28 00:00,23820.1027540700
2021-01-29 00:00,21440.0631375400
2021-01-30 00:00,23550.3196418800
2021-01-31 00:00,25135.4157080000
2021-02-01 00:00,26782.3743464200
2021-02-02 00:00,26700.2030856200
2021-02-03 00:00,31849.9656436500
2021-02-04 00:00,32656.2946585500
2021-02-05 00:00,27128.2215410200
2021-02-06 00:00,25711.3945355900
2021-02-07 00:00,29471.2727613600
2021-02-08 00:00,31344.3555474800
2021-02-09 00:00,30027.1242032400
2021-02-10 00:00,26648.9719008800
2021-02-11 00:00,27092.9940377600
2021-02-12 00:00,27384.0282198900
2021-02-13 00:00,24818.1875491000
2021-02-14 00:00,27281.7377709200
2021-02-15 00:00,26442.5901045300
2021-02-16 00:00,26965.0954682600
2021-02-17 00:00,27318.5961999200
2021-02-18 00:00,28120.7099470300
2021-02-19 00:00,28932.7917703900
2021-02-20 00:00,24333.7143963100
2021-02-21 00:00,35383.2614759700
2021-02-22 00:00,44725.0779875300
2021-02-23 00:00,29262.4227579000
2021-02-24 00:00,26184.4492561100
2021-02-25 00:00,25821.9308225900
2021-02-26 00:00,22479.9997676400
2021-02-27 00:00,22539.9035445800
2021-02-28 00:00,22240.2098188800
2021-03-01 00:00,23057.1390972700
2021-03-02 00:00,23020.5699186600
2021-03-03 00:00,21986.9441751900
2021-03-04 00:00,24075.9566319200
2021-03-05 00:00,20988.4281206000
2021-03-06 00:00,23435.6349910400
2021-03-07 00:00,23883.5726378300
2021-03-08 00:00,23897.9260409700
2021-03-09 00:00,23805.8038044600
2021-03-10 00:00,23475.0122404800
2021-03-11 00:00,26560.6616926000
2021-03-12 00:00,26039.1632659100
2021-03-13 00:00,24990.5304631300
2021-03-14 00:00,27918.1402005400
2021-03-15 00:00,27988.4659796200
2021-03-16 00:00,28492.5321995200
2021-03-17 00:00,27377.7505098000
2021-03-18 00:00,25636.9799017000
2021-03-19 00:00,24326.2924708100
2021-03-20 00:00,23678.1171668800
2021-03-21 00:00,27990.4453239200
2021-03-22 00:00,26086.6500783000
2021-03-23 00:00,27018.1909374400
2021-03-24 00:00,27587.6459516000
2021-03-25 00:00,24749.7229299800
2021-03-26 00:00,22380.3281039100
2021-03-27 00:00,22814.4455309200
2021-03-28 00:00,24931.1472960000
2021-03-29 00:00,26334.3206832600
2021-03-30 00:00,29755.7879072300
2021-03-31 00:00,28585.3633751900
2021-04-01 00:00,27545.9931990800
2021-04-02 00:00,24837.3409423700
2021-04-03 00:00,22001.6024582000
2021-04-04 00:00,24759.3389747600
2021-04-05 00:00,25211.4307709200
2021-04-06 00:00,25324.3128086700
2021-04-07 00:00,22543.1445225100
2021-04-08 00:00,22268.7021846000
2021-04-09 00:00,21170.5784558100
2021-04-10 00:00,19799.8981136800
2021-04-11 00:00,21687.0163012800
2021-04-12 00:00,22372.3832786600
2021-04-13 00:00,23772.4626486900
2021-04-14 00:00,20901.4928927200
2021-04-15 00:00,27213.9422890900
2021-04-16 00:00,24646.2989969000
2021-04-17 00:00,27016.9170855000
2021-04-18 00:00,28223.2494105200
2021-04-19 00:00,34812.1147385700
2021-04-20 00:00,27941.2638231300
2021-04-21 00:00,26020.0857932700
2021-04-22 00:00,24407.3935474100
2021-04-23 00:00,19370.4805614900
2021-04-24 00:00,18202.1337052400
2021-04-25 00:00,18655.4798997400
2021-04-26 00:00,19036.4248992300
2021-04-27 00:00,20184.8794052600
2021-04-28 00:00,19639.8819871700
2021-04-29 00:00,18129.8167588000
2021-04-30 00:00,17904.7755372200
2021-05-01 00:00,16719.6658853200
2021-05-02 00:00,19194.5906168800
2021-05-03 00:00,19431.0251186300
2021-05-04 00:00,18632.0129218600
2021-05-05 00:00,19090.2525642900
2021-05-06 00:00,19261.3364420100
2021-05-07 00:00,26107.3409792200
2021-05-08 00:00,25117.9264814700
2021-05-09 00:00,35570.2282987000
2021-05-10 00:00,41121.5627956600
2021-05-11 00:00,39829.9230607700
2021-05-12 00:00,29575.7930009100
2021-05-13 00:00,25196.3886303100
2021-05-14 00:00,21890.8961219100
2021-05-15 00:00,20665.9153972000
2021-05-16 00:00,21799.7378032600
2021-05-17 00:00,21197.2908169800
2021-05-18 00:00,43685.0855766400
2021-05-19 00:00,25280.0839849200
2021-05-20 00:00,23816.3497384200
2021-05-21 00:00,18250.2995965700
2021-05-22 00:00,26572.4665651700
2021-05-23 00:00,19347.0452324800
2021-05-24 00:00,17602.1972750200
2021-05-25 00:00,17473.1498974000
2021-05-26 00:00,16502.7065598000
2021-05-27 00:00,16711.5382800400
2021-05-28 00:00,16051.3020622200
2021-05-29 00:00,15501.5122752200
2021-05-30 00:00,15942.9844062200
2021-05-31 00:00,15808.7016835500
2021-06-01 00:00,15998.3644577300
2021-06-02 00:00,15884.6784081100
2021-06-03 00:00,15665.3407719300
2021-06-04 00:00,14722.1412844200
2021-06-05 00:00,14642.5948718200
2021-06-06 00:00,14983.2023572900
2021-06-07 00:00,15821.0670958300
2021-06-08 00:00,15267.4437007000
2021-06-09 00:00,14940.9027283500
2021-06-10 00:00,15203.4993519200
2021-06-11 00:00,14798.7627451700
2021-06-12 00:00,14429.2883249600
2021-06-13 00:00,14812.5531111900
2021-06-14 00:00,15065.1017598700
2021-06-15 00:00,14754.3696471000
2021-06-16 00:00,15075.6865860700
2021-06-17 00:00,14912.2849586600
2021-06-18 00:00,14360.7362494000
2021-06-19 00:00,14667.1267561100
2021-06-20 00:00,16783.1178784900
2021-06-21 00:00,19493.2264427500
2021-06-22 00:00,15031.2749607100
2021-06-23 00:00,14763.2109745400
2021-06-24 00:00,15163.0978756300
2021-06-25 00:00,14362.9671825300
2021-06-26 00:00,15402.2677098200
2021-06-27 00:00,15207.6507132200
2021-06-28 00:00,15075.3447916900
2021-06-29 00:00,15986.6033611500
2021-06-30 00:00,14866.6152921000
2021-07-01 00:00,14576.3806548500
2021-07-02 00:00,14371.9580388600
2021-07-03 00:00,14213.2071897900
2021-07-04 00:00,14615.6725907700
2021-07-05 00:00,17685.1332386400
2021-07-06 00:00,16480.1487014800
2021-07-07 00:00,16378.4935806100
2021-07-08 00:00,15460.7099175900
2021-07-09 00:00,14542.1299737000
2021-07-10 00:00,14116.4727833100
2021-07-11 00:00,15450.7000080100
2021-07-12 00:00,15561.6427693100
2021-07-13 00:00,17148.9918020300
2021-07-14 00:00,17059.4092932000
2021-07-15 00:00,16625.3831466800
2021-07-16 00:00,15396.5978510100
2021-07-17 00:00,15326.8290488300
2021-07-18 00:00,15638.4789277600
2021-07-19 00:00,15830.2544744100
2021-07-20 00:00,15335.7179497400
2021-07-21 00:00,16019.4210124800
2021-07-22 00:00,16413.2847703000
2021-07-23 00:00,15149.0555993400
2021-07-24 00:00,14809.8696883900
2021-07-25 00:00,16571.6088560600
2021-07-26 00:00,17427.0001360300
2021-07-27 00:00,17774.1559087600
2021-07-28 00:00,15738.3912899500
2021-07-29 00:00,16088.3638386800
2021-07-30 00:00,17464.7325235400
2021-07-31 00:00,16339.4789105900
2021-08-01 00:00,16916.8477528700
2021-08-02 00:00,17632.8933872700
2021-08-03 00:00,16850.1436040200
2021-08-04 00:00,15916.2668995500
2021-08-05 00:00,14125.8193118400
2021-08-06 00:00,14283.0007961600
2021-08-07 00:00,14293.3919745400
2021-08-08 00:00,15227.2394114000
2021-08-09 00:00,15364.7910712800
2021-08-10 00:00,14371.0018006700
2021-08-11 00:00,14606.3454830400
2021-08-12 00:00,15086.9474313500
2021-08-13 00:00,14871.2393307800
2021-08-14 00:00,15214.2208401000
2021-08-15 00:00,14328.4024468200
2021-08-16 00:00,14467.5299342000
2021-08-17 00:00,14226.6627960500
2021-08-18 00:00,15797.4730475400
2021-08-19 00:00,14170.9491026600
2021-08-20 00:00,13837.7055680500
2021-08-21 00:00,13959.7463263700
2021-08-22 00:00,14101.1128639400
2021-08-23 00:00,14643.0365609400
2021-08-24 00:00,14621.2658437500
2021-08-25 00:00,14708.4406838400
2021-08-26 00:00,15275.9409967800
2021-08-27 00:00,15219.7905706600
2021-08-28 00:00,15675.9375206800
2021-08-29 00:00,15272.5979950100
2021-08-30 00:00,15526.3911570700
2021-08-31 00:00,16591.2907750400
2021-09-01 00:00,14618.0500237500
2021-09-02 00:00,15119.1991014700
2021-09-03 00:00,14641.5723788300
2021-09-04 00:00,14765.6312084600
2021-09-05 00:00,14549.1360157000
2021-09-06 00:00,19366.4844616600
2021-09-07 00:00,15111.0120503200
2021-09-08 00:00,16278.9450759200
2021-09-09 00:00,15188.2340548800
2021-09-10 00:00,13788.5400113900
2021-09-11 00:00,13950.8417166700
2021-09-12 00:00,14737.9105065200
2021-09-13 00:00,15036.5710379700
2021-09-14 00:00,14046.9749511400
2021-09-15 00:00,14659.7534545900
2021-09-16 00:00,13966.6949254800
2021-09-17 00:00,13668.1981627600
2021-09-18 00:00,15271.5919644700
2021-09-19 00:00,14322.8265510600
2021-09-20 00:00,14568.3091847400
2021-09-21 00:00,13954.3288200800
2021-09-22 00:00,15743.0533156400
2021-09-23 00:00,13997.7065432600
2021-09-24 00:00,13863.5339878100
2021-09-25 00:00,14383.7846873000
2021-09-26 00:00,22377.2105963600
2021-09-27 00:00,14180.5566991100
2021-09-28 00:00,13916.2882531000
2021-09-29 00:00,14231.5583598500
2021-09-30 00:00,14096.0240520600
2021-10-01 00:00,13949.8665441700
2021-10-02 00:00,13557.4604984300
2021-10-03 00:00,14006.9316624700
2021-10-04 00:00,15144.3107954900
2021-10-05 00:00,14439.3188465400
2021-10-06 00:00,14550.1026285600
2021-10-07 00:00,14356.1471266800
2021-10-08 00:00,13577.7634840500
2021-10-09 00:00,14110.7657166800
2021-10-10 00:00,14229.6521087500
2021-10-11 00:00,13983.6594471400
2021-10-12 00:00,14087.4909747300
2021-10-13 00:00,14384.8250010400
2021-10-14 00:00,16561.9565176700
2021-10-15 00:00,13858.7067732300
2021-10-16 00:00,13702.5025803600
2021-10-17 00:00,17339.4207851000
2021-10-18 00:00,13976.4119669200
2021-10-19 00:00,13769.7450199800
2021-10-20 00:00,14437.8196018300
2021-10-21 00:00,14015.5342158200
2021-10-22 00:00,13674.5470983600
2021-10-23 00:00,13821.7298343500
2021-10-24 00:00,14220.1224175400
2021-10-25 00:00,14404.0507274900
2021-10-26 00:00,15059.1950286300
2021-10-27 00:00,15156.6903707400
2021-10-28 00:00,14810.1505357100
2021-10-29 00:00,14735.1487943200