date,daily_block_reward
2015-08-06 00:00,73753.0107000000
2015-08-07 00:00,35157.9658000000
2015-08-08 00:00,18459.4589000000
2015-08-09 00:00,16976.8644000000
2015-08-10 00:00,19871.9924000000
2015-08-11 00:00,28147.0127000000
2015-08-12 00:00,38103.6900000000
2015-08-13 00:00,63697.8694000000
2015-08-14 00:00,43958.7151000000
2015-08-15 00:00,36276.8934000000
2015-08-16 00:00,34244.3392000000
2015-08-17 00:00,31043.5967000000
2015-08-18 00:00,32108.7093000000
2015-08-19 00:00,28702.4979000000
2015-08-20 00:00,38996.3858000000
2015-08-21 00:00,37889.4276000000
2015-08-22 00:00,33116.9530000000
2015-08-23 00:00,33546.3291000000
2015-08-24 00:00,28965.1380000000
2015-08-25 00:00,29796.4500000000
2015-08-26 00:00,26830.3520000000
2015-08-27 00:00,27265.8219000000
2015-08-28 00:00,25147.7471000000
2015-08-29 00:00,26890.1252000000
2015-08-30 00:00,27546.5350000000
2015-08-31 00:00,26865.8404000000
2015-09-01 00:00,23679.5898000000
2015-09-02 00:00,20678.4789000000
2015-09-03 00:00,28287.2548000000
2015-09-04 00:00,32274.7196000000
2015-09-05 00:00,32987.7410000000
2015-09-06 00:00,30439.6101000000
2015-09-07 00:00,30770.9652000000
2015-09-08 00:00,31526.7282000000
2015-09-09 00:00,30332.3424000000
2015-09-10 00:00,25683.7476000000
2015-09-11 00:00,26528.8669000000
2015-09-12 00:00,24560.8908000000
2015-09-13 00:00,21693.0079000000
2015-09-14 00:00,23857.9745000000
2015-09-15 00:00,23066.4043000000
2015-09-16 00:00,20943.4028000000
2015-09-18 00:00,21959.3123000000
2015-09-19 00:00,22715.7530000000
2015-09-20 00:00,23036.9297000000
2015-09-21 00:00,22900.3878000000
2015-09-22 00:00,23445.8833000000
2015-09-23 00:00,22532.4415000000
2015-09-24 00:00,21968.6429000000
2015-09-25 00:00,18763.4045000000
2015-09-26 00:00,17753.9792000000
2015-09-27 00:00,17332.0734000000
2015-09-28 00:00,14815.5403000000
2015-09-29 00:00,15591.7675000000
2015-09-30 00:00,18918.1458000000
2015-10-01 00:00,17799.7113000000
2015-10-02 00:00,17090.6175000000
2015-10-03 00:00,17027.1824000000
2015-10-04 00:00,16703.9493000000
2015-10-05 00:00,15822.7876000000
2015-10-06 00:00,15864.5179000000
2015-10-07 00:00,15982.0630000000
2015-10-08 00:00,14732.2212000000
2015-10-09 00:00,16208.3486000000
2015-10-10 00:00,16044.2289000000
2015-10-11 00:00,16264.8290000000
2015-10-12 00:00,16293.4772000000
2015-10-13 00:00,15003.3186000000
2015-10-14 00:00,12989.6370000000
2015-10-15 00:00,13853.7971000000
2015-10-16 00:00,13362.0778000000
2015-10-17 00:00,13925.4300000000
2015-10-18 00:00,12912.1205000000
2015-10-19 00:00,12288.5841000000
2015-10-20 00:00,12021.3038000000
2015-10-21 00:00,10238.9224000000
2015-10-22 00:00,16341.9077000000
2015-10-23 00:00,14359.4585000000
2015-10-24 00:00,13944.1723000000
2015-10-25 00:00,16566.5713000000
2015-10-26 00:00,17805.5159000000
2015-10-27 00:00,19575.0159000000
2015-10-28 00:00,26763.6334000000
2015-10-29 00:00,30423.8077000000
2015-10-30 00:00,27137.3854000000
2015-10-31 00:00,23563.1567000000
2015-11-01 00:00,26489.6653000000
2015-11-02 00:00,24347.6900000000
2015-11-03 00:00,25662.5609000000
2015-11-04 00:00,22848.5779000000
2015-11-05 00:00,23267.1845000000
2015-11-06 00:00,22074.9484000000
2015-11-07 00:00,23323.7486000000
2015-11-08 00:00,25790.1384000000
2015-11-09 00:00,25254.8587000000
2015-11-10 00:00,23275.4577000000
2015-11-11 00:00,19922.4540000000
2015-11-12 00:00,23138.4759000000
2015-11-13 00:00,23095.4348000000
2015-11-14 00:00,23354.8681000000
2015-11-15 00:00,22965.7172000000
2015-11-16 00:00,23955.9684000000
2015-11-17 00:00,25440.8491000000
2015-11-18 00:00,24787.7670000000
2015-11-19 00:00,22584.7577000000
2015-11-20 00:00,23437.5606000000
2015-11-21 00:00,24535.4486000000
2015-11-22 00:00,24711.3416000000
2015-11-23 00:00,23608.0509000000
2015-11-24 00:00,21895.0333000000
2015-11-25 00:00,21584.2302000000
2015-11-26 00:00,22786.2397000000
2015-11-27 00:00,22230.1240000000
2015-11-28 00:00,22931.9281000000
2015-11-29 00:00,21755.0241000000
2015-11-30 00:00,22170.9876000000
2015-12-01 00:00,20520.1581000000
2015-12-02 00:00,21322.7129000000
2015-12-03 00:00,20364.6805000000
2015-12-04 00:00,20960.7118000000
2015-12-05 00:00,21546.9062000000
2015-12-06 00:00,20457.6599000000
2015-12-07 00:00,19476.2543000000
2015-12-08 00:00,20569.9947000000
2015-12-09 00:00,20460.4952000000
2015-12-10 00:00,21255.1564000000
2015-12-11 00:00,24472.3830000000
2015-12-12 00:00,25740.6650000000
2015-12-13 00:00,24789.2786000000
2015-12-14 00:00,25539.0459000000
2015-12-15 00:00,24858.1969000000
2015-12-16 00:00,25153.6971000000
2015-12-17 00:00,23154.9147000000
2015-12-18 00:00,22883.5061000000
2015-12-19 00:00,22788.0439000000
2015-12-20 00:00,22755.8204000000
2015-12-21 00:00,23074.6648000000
2015-12-22 00:00,22397.7812000000
2015-12-23 00:00,21739.7357000000
2015-12-24 00:00,22335.4354000000
2015-12-25 00:00,21907.9482000000
2015-12-26 00:00,21398.4136000000
2015-12-27 00:00,22252.6231000000
2015-12-28 00:00,21086.6304000000
2015-12-29 00:00,22704.5349000000
2015-12-30 00:00,24216.1293000000
2015-12-31 00:00,23286.9616000000
2016-01-01 00:00,24590.7412000000
2016-01-02 00:00,24470.0978000000
2016-01-03 00:00,24716.2427000000
2016-01-04 00:00,24766.6923000000
2016-01-05 00:00,24213.3907000000
2016-01-06 00:00,24097.7338000000
2016-01-07 00:00,25160.7397000000
2016-01-08 00:00,25145.9551000000
2016-01-09 00:00,24980.0369000000
2016-01-10 00:00,27266.1819000000
2016-01-11 00:00,26945.5467000000
2016-01-12 00:00,28412.4953000000
2016-01-13 00:00,28916.3332000000
2016-01-14 00:00,30986.4328000000
2016-01-15 00:00,30911.2618000000
2016-01-16 00:00,31405.3997000000
2016-01-17 00:00,35911.1974000000
2016-01-18 00:00,35763.5726000000
2016-01-19 00:00,35008.3071000000
2016-01-20 00:00,38075.4931000000
2016-01-21 00:00,37942.2011000000
2016-01-22 00:00,41319.4656000000
2016-01-23 00:00,57439.2941000000
2016-01-24 00:00,51549.5310000000
2016-01-25 00:00,70063.9508000000
2016-01-26 00:00,61284.1433000000
2016-01-27 00:00,61016.2866000000
2016-01-28 00:00,63675.4783000000
2016-01-29 00:00,63911.0337000000
2016-01-30 00:00,60015.1640000000
2016-01-31 00:00,53452.1662000000
2016-02-01 00:00,54167.1633000000
2016-02-02 00:00,61272.2222000000
2016-02-03 00:00,64785.5947000000
2016-02-04 00:00,64030.0687000000
2016-02-05 00:00,63238.1308000000
2016-02-06 00:00,66006.8834000000
2016-02-07 00:00,76694.9213000000
2016-02-08 00:00,82492.3835000000
2016-02-09 00:00,106361.1266000000
2016-02-10 00:00,115999.2425000000
2016-02-11 00:00,155832.9023000000
2016-02-12 00:00,120440.8513000000
2016-02-13 00:00,113650.2924000000
2016-02-14 00:00,146949.0595000000
2016-02-15 00:00,132801.7523000000
2016-02-16 00:00,107192.6541000000
2016-02-17 00:00,90475.1719000000
2016-02-18 00:00,117593.6834000000
2016-02-19 00:00,111352.1657000000
2016-02-20 00:00,108267.1309000000
2016-02-21 00:00,134262.2206000000
2016-02-22 00:00,142787.4833000000
2016-02-23 00:00,140931.7317000000
2016-02-24 00:00,163410.6925000000
2016-02-25 00:00,151638.0817000000
2016-02-26 00:00,149147.3437000000
2016-02-27 00:00,161434.6955000000
2016-02-28 00:00,157913.8292000000
2016-02-29 00:00,163687.1499000000
2016-03-01 00:00,193245.3815000000
2016-03-02 00:00,219132.0825000000
2016-03-03 00:00,220325.4894000000
2016-03-04 00:00,274340.3188000000
2016-03-05 00:00,271626.6577000000
2016-03-06 00:00,277523.8274000000
2016-03-07 00:00,224887.7285000000
2016-03-08 00:00,264723.1941000000
2016-03-09 00:00,304410.8882000000
2016-03-10 00:00,267096.0548000000
2016-03-11 00:00,328956.5867000000
2016-03-12 00:00,372584.5980000000
2016-03-13 00:00,354018.7944000000
2016-03-14 00:00,381838.6312000000
2016-03-15 00:00,399166.8062000000
2016-03-16 00:00,381772.9119000000
2016-03-17 00:00,325210.5699000000
2016-03-18 00:00,302075.3395000000
2016-03-19 00:00,320997.4263000000
2016-03-20 00:00,325148.5938000000
2016-03-21 00:00,352635.9156000000
2016-03-22 00:00,356656.2586000000
2016-03-23 00:00,350944.0071000000
2016-03-24 00:00,324940.5720000000
2016-03-25 00:00,335569.1352000000
2016-03-26 00:00,331173.8253000000
2016-03-27 00:00,341758.1326000000
2016-03-28 00:00,347138.9113000000
2016-03-29 00:00,361353.5236000000
2016-03-30 00:00,360416.5537000000
2016-03-31 00:00,354755.7620000000
2016-04-01 00:00,341909.6907000000
2016-04-02 00:00,349318.9047000000
2016-04-03 00:00,352653.8164000000
2016-04-04 00:00,327075.6968000000
2016-04-05 00:00,309346.3228000000
2016-04-06 00:00,319119.7373000000
2016-04-07 00:00,303411.4481000000
2016-04-08 00:00,294766.1333000000
2016-04-09 00:00,270524.7394000000
2016-04-10 00:00,248914.5102000000
2016-04-11 00:00,236186.6633000000
2016-04-12 00:00,223754.3240000000
2016-04-13 00:00,264025.8144000000
2016-04-14 00:00,258167.1872000000
2016-04-15 00:00,246404.2804000000
2016-04-16 00:00,268087.2180000000
2016-04-17 00:00,279123.4520000000
2016-04-18 00:00,272797.9897000000
2016-04-19 00:00,263625.3425000000
2016-04-20 00:00,258898.1866000000
2016-04-21 00:00,248782.7931000000
2016-04-22 00:00,240796.8216000000
2016-04-23 00:00,245538.1700000000
2016-04-24 00:00,247404.8891000000
2016-04-25 00:00,211260.5327000000
2016-04-26 00:00,227400.6502000000
2016-04-27 00:00,221681.7776000000
2016-04-28 00:00,230312.7082000000
2016-04-29 00:00,234043.4963000000
2016-04-30 00:00,263437.3232000000
2016-05-01 00:00,296783.9320000000
2016-05-02 00:00,296606.2974000000
2016-05-03 00:00,296583.0500000000
2016-05-04 00:00,290440.1423000000
2016-05-05 00:00,294912.4339000000
2016-05-06 00:00,281752.4721000000
2016-05-07 00:00,273592.1644000000
2016-05-08 00:00,289206.1544000000
2016-05-09 00:00,282221.9997000000
2016-05-10 00:00,284223.9848000000
2016-05-11 00:00,309021.0108000000
2016-05-12 00:00,332336.5208000000
2016-05-13 00:00,298038.4882000000
2016-05-14 00:00,306172.3614000000
2016-05-15 00:00,299924.6438000000
2016-05-16 00:00,357341.9382000000
2016-05-17 00:00,398583.5555000000
2016-05-18 00:00,426270.4617000000
2016-05-19 00:00,448530.4096000000
2016-05-20 00:00,406694.6584000000
2016-05-21 00:00,425529.4679000000
2016-05-22 00:00,424559.8648000000
2016-05-23 00:00,387398.2584000000
2016-05-24 00:00,372359.5056000000
2016-05-25 00:00,371246.3357000000
2016-05-26 00:00,331656.3526000000
2016-05-27 00:00,353900.4795000000
2016-05-28 00:00,368092.0717000000
2016-05-29 00:00,374321.4180000000
2016-05-30 00:00,390742.3587000000
2016-05-31 00:00,408502.8669000000
2016-06-01 00:00,423242.8879000000
2016-06-02 00:00,414860.6153000000
2016-06-03 00:00,412734.4777000000
2016-06-04 00:00,414360.6706000000
2016-06-05 00:00,424599.2638000000
2016-06-06 00:00,418755.6214000000
2016-06-07 00:00,443954.0153000000
2016-06-08 00:00,442286.8272000000
2016-06-09 00:00,419674.4841000000
2016-06-10 00:00,423254.6110000000
2016-06-11 00:00,437909.5447000000
2016-06-12 00:00,509705.1481000000
2016-06-13 00:00,561716.3907000000
2016-06-14 00:00,546029.4487000000
2016-06-15 00:00,586114.9722000000
2016-06-16 00:00,524322.8866000000
2016-06-17 00:00,394267.2511000000
2016-06-18 00:00,390385.6077000000
2016-06-19 00:00,338105.1268000000
2016-06-20 00:00,377708.0704000000
2016-06-21 00:00,424178.2014000000
2016-06-22 00:00,388342.4001000000
2016-06-23 00:00,420960.2383000000
2016-06-24 00:00,429034.3429000000
2016-06-25 00:00,428881.6933000000
2016-06-26 00:00,424394.0991000000
2016-06-27 00:00,414018.4767000000
2016-06-28 00:00,359113.7099000000
2016-06-29 00:00,373699.2968000000
2016-06-30 00:00,362822.6696000000
2016-07-01 00:00,362449.8521000000
2016-07-02 00:00,363052.6299000000
2016-07-03 00:00,349119.9267000000
2016-07-04 00:00,304126.5512000000
2016-07-05 00:00,324712.8515000000
2016-07-06 00:00,304424.4886000000
2016-07-07 00:00,309592.4191000000
2016-07-08 00:00,332714.5067000000
2016-07-09 00:00,333163.2694000000
2016-07-10 00:00,313071.0108000000
2016-07-11 00:00,322255.8852000000
2016-07-12 00:00,321746.0803000000
2016-07-13 00:00,330715.2338000000
2016-07-14 00:00,360836.9525000000
2016-07-15 00:00,357951.3313000000
2016-07-16 00:00,344008.5819000000
2016-07-17 00:00,352738.7904000000
2016-07-18 00:00,332797.9976000000
2016-07-19 00:00,362505.1501000000
2016-07-20 00:00,381075.6674000000
2016-07-21 00:00,414734.5885000000
2016-07-22 00:00,444284.7751000000
2016-07-23 00:00,389952.7783000000
2016-07-24 00:00,397682.6183000000
2016-07-25 00:00,366651.8228000000
2016-07-26 00:00,392169.0097000000
2016-07-27 00:00,381701.3991000000
2016-07-28 00:00,378262.8555000000
2016-07-29 00:00,379127.4966000000
2016-07-30 00:00,371189.7338000000
2016-07-31 00:00,346144.0105000000
2016-08-01 00:00,310728.3637000000
2016-08-02 00:00,294861.4746000000
2016-08-03 00:00,341117.9096000000
2016-08-04 00:00,336396.3238000000
2016-08-05 00:00,311391.0987000000
2016-08-06 00:00,336686.7304000000
2016-08-07 00:00,335882.2314000000
2016-08-08 00:00,365418.5009000000
2016-08-09 00:00,374103.4809000000
2016-08-10 00:00,356401.3581000000
2016-08-11 00:00,360410.9569000000
2016-08-12 00:00,355866.3887000000
2016-08-13 00:00,345840.7041000000
2016-08-14 00:00,339462.5593000000
2016-08-15 00:00,335109.5112000000
2016-08-16 00:00,333009.2109000000
2016-08-17 00:00,334781.6054000000
2016-08-18 00:00,325240.1203000000
2016-08-19 00:00,339859.2752000000
2016-08-20 00:00,337774.2691000000
2016-08-21 00:00,342094.4876000000
2016-08-22 00:00,333736.7140000000
2016-08-23 00:00,335814.8357000000
2016-08-24 00:00,344331.3947000000
2016-08-25 00:00,339985.4364000000
2016-08-26 00:00,342071.1138000000
2016-08-27 00:00,335092.6230000000
2016-08-28 00:00,330568.1410000000
2016-08-29 00:00,334851.9007000000
2016-08-30 00:00,351217.5269000000
2016-08-31 00:00,361732.0144000000
2016-09-01 00:00,369650.9912000000
2016-09-02 00:00,347183.6571000000
2016-09-03 00:00,352471.8139000000
2016-09-04 00:00,358306.8416000000
2016-09-05 00:00,348839.9502000000
2016-09-06 00:00,357911.4458000000
2016-09-07 00:00,344913.0024000000
2016-09-08 00:00,351713.7290000000
2016-09-09 00:00,349033.4834000000
2016-09-10 00:00,363121.9261000000
2016-09-11 00:00,358123.9687000000
2016-09-12 00:00,361972.9847000000
2016-09-13 00:00,366341.6872000000
2016-09-14 00:00,364103.0494000000
2016-09-15 00:00,373103.5790000000
2016-09-16 00:00,384538.9449000000
2016-09-17 00:00,359947.6115000000
2016-09-18 00:00,416156.3433000000
2016-09-19 00:00,422503.3719000000
2016-09-20 00:00,418333.7157000000
2016-09-21 00:00,369597.4435000000
2016-09-22 00:00,420790.6891000000
2016-09-23 00:00,382348.2308000000
2016-09-24 00:00,408567.9345000000
2016-09-25 00:00,380689.8878000000
2016-09-26 00:00,401117.6920000000
2016-09-27 00:00,407957.1109000000
2016-09-28 00:00,402275.1882000000
2016-09-29 00:00,400653.7349000000
2016-09-30 00:00,385058.0121000000
2016-10-01 00:00,406259.8693000000
2016-10-02 00:00,412383.7185000000
2016-10-03 00:00,410283.5654000000
2016-10-04 00:00,389717.2208000000
2016-10-05 00:00,383622.0130000000
2016-10-06 00:00,374963.0796000000
2016-10-07 00:00,382448.9795000000
2016-10-08 00:00,372622.5770000000
2016-10-09 00:00,359828.6173000000
2016-10-10 00:00,366599.0588000000
2016-10-11 00:00,356616.9365000000
2016-10-12 00:00,364850.6542000000
2016-10-13 00:00,364273.2266000000
2016-10-14 00:00,357878.1034000000
2016-10-15 00:00,364585.9126000000
2016-10-16 00:00,356884.7535000000
2016-10-17 00:00,398309.4064000000
2016-10-18 00:00,351195.9433000000
2016-10-19 00:00,383342.7580000000
2016-10-20 00:00,369222.3193000000
2016-10-21 00:00,365394.6154000000
2016-10-22 00:00,361417.2289000000
2016-10-23 00:00,364085.6994000000
2016-10-24 00:00,346179.4749000000
2016-10-25 00:00,354985.1709000000
2016-10-26 00:00,349163.9451000000
2016-10-27 00:00,334346.5174000000
2016-10-28 00:00,271860.1327000000
2016-10-29 00:00,318172.6103000000
2016-10-30 00:00,337683.6220000000
2016-10-31 00:00,314425.5049000000
2016-11-01 00:00,328571.8216000000
2016-11-02 00:00,328702.2191000000
2016-11-03 00:00,323372.0530000000
2016-11-04 00:00,331889.2519000000
2016-11-05 00:00,330658.7811000000
2016-11-06 00:00,343450.2685000000
2016-11-07 00:00,332368.8509000000
2016-11-08 00:00,319009.4916000000
2016-11-09 00:00,316495.4368000000
2016-11-10 00:00,315124.3002000000
2016-11-11 00:00,307443.1977000000
2016-11-12 00:00,317910.3503000000
2016-11-13 00:00,303835.5164000000
2016-11-14 00:00,307701.6928000000
2016-11-15 00:00,308369.7930000000
2016-11-16 00:00,294443.9748000000
2016-11-17 00:00,302671.6680000000
2016-11-18 00:00,298165.2424000000
2016-11-19 00:00,297995.8684000000
2016-11-20 00:00,291421.3598000000
2016-11-21 00:00,295436.6565000000
2016-11-22 00:00,290347.8386000000
2016-11-23 00:00,278376.1184000000
2016-11-24 00:00,293859.8577000000
2016-11-25 00:00,280332.8585000000
2016-11-26 00:00,275249.0669000000
2016-11-27 00:00,268744.6197000000
2016-11-28 00:00,245475.5523000000
2016-11-29 00:00,262281.3511000000
2016-11-30 00:00,255410.5757000000
2016-12-01 00:00,242391.2001000000
2016-12-02 00:00,241903.5171000000
2016-12-03 00:00,227576.7604000000
2016-12-04 00:00,218275.3309000000
2016-12-05 00:00,211980.5080000000
2016-12-06 00:00,242599.2700000000
2016-12-07 00:00,269189.9161000000
2016-12-08 00:00,261960.1064000000
2016-12-09 00:00,254457.4090000000
2016-12-10 00:00,250519.8309000000
2016-12-11 00:00,255225.7577000000
2016-12-12 00:00,254783.0410000000
2016-12-13 00:00,255346.0873000000
2016-12-14 00:00,240455.8128000000
2016-12-15 00:00,238100.1996000000
2016-12-16 00:00,232397.2221000000
2016-12-17 00:00,241893.8683000000
2016-12-18 00:00,233742.9269000000
2016-12-19 00:00,233625.8011000000
2016-12-20 00:00,241089.4913000000
2016-12-21 00:00,227522.7339000000
2016-12-22 00:00,216182.8599000000
2016-12-23 00:00,221207.5382000000
2016-12-24 00:00,222991.7712000000
2016-12-25 00:00,220495.6855000000
2016-12-26 00:00,217328.3200000000
2016-12-27 00:00,216083.5683000000
2016-12-28 00:00,252469.2864000000
2016-12-29 00:00,248341.1347000000
2016-12-30 00:00,240265.7807000000
2016-12-31 00:00,252373.5875000000
2017-01-01 00:00,247875.0790000000
2017-01-02 00:00,285164.3104000000
2017-01-03 00:00,333831.3333000000
2017-01-04 00:00,303244.2313000000
2017-01-05 00:00,309834.9202000000
2017-01-06 00:00,307377.1102000000
2017-01-07 00:00,308269.8763000000
2017-01-08 00:00,325628.4773000000
2017-01-09 00:00,320113.4085000000
2017-01-10 00:00,300900.0288000000
2017-01-11 00:00,292972.5851000000
2017-01-12 00:00,299577.5232000000
2017-01-13 00:00,292926.4580000000
2017-01-14 00:00,301938.7222000000
2017-01-15 00:00,296693.9209000000
2017-01-16 00:00,303624.0072000000
2017-01-17 00:00,307639.6276000000
2017-01-18 00:00,316791.0766000000
2017-01-19 00:00,316325.9029000000
2017-01-20 00:00,329991.9916000000
2017-01-21 00:00,326805.5840000000
2017-01-22 00:00,327679.8009000000
2017-01-23 00:00,320996.8535000000
2017-01-24 00:00,317472.8733000000
2017-01-25 00:00,322508.4563000000
2017-01-26 00:00,315865.5881000000
2017-01-27 00:00,319606.9515000000
2017-01-28 00:00,313816.8629000000
2017-01-29 00:00,320939.3022000000
2017-01-30 00:00,321332.5687000000
2017-01-31 00:00,320110.5065000000
2017-02-01 00:00,323613.4463000000
2017-02-02 00:00,326193.7258000000
2017-02-03 00:00,350052.9994000000
2017-02-04 00:00,346705.6604000000
2017-02-05 00:00,347112.4311000000
2017-02-06 00:00,346657.7472000000
2017-02-07 00:00,345222.9443000000
2017-02-08 00:00,325967.6756000000
2017-02-09 00:00,334347.0504000000
2017-02-10 00:00,340923.4998000000
2017-02-11 00:00,344691.7546000000
2017-02-12 00:00,342568.8641000000
2017-02-13 00:00,380812.0059000000
2017-02-14 00:00,392837.1430000000
2017-02-15 00:00,390668.8293000000
2017-02-16 00:00,387331.1925000000
2017-02-17 00:00,383628.7057000000
2017-02-18 00:00,386269.4195000000
2017-02-19 00:00,385279.9252000000
2017-02-20 00:00,386550.8105000000
2017-02-21 00:00,377996.5878000000
2017-02-22 00:00,385185.3214000000
2017-02-23 00:00,397760.6193000000
2017-02-24 00:00,412021.1458000000
2017-02-25 00:00,416166.8860000000
2017-02-26 00:00,439049.5443000000
2017-02-27 00:00,471024.3920000000
2017-02-28 00:00,472590.4198000000
2017-03-01 00:00,570732.9232000000
2017-03-02 00:00,569007.3804000000
2017-03-03 00:00,586477.9579000000
2017-03-04 00:00,587847.2563000000
2017-03-05 00:00,592486.1920000000
2017-03-06 00:00,569850.7008000000
2017-03-07 00:00,530684.7952000000
2017-03-08 00:00,513154.2308000000
2017-03-09 00:00,544748.0676000000
2017-03-10 00:00,602803.6901000000
2017-03-11 00:00,658671.3033000000
2017-03-12 00:00,907805.5190000000
2017-03-13 00:00,841056.6673000000
2017-03-14 00:00,921443.5750000000
2017-03-15 00:00,1223616.6452000000
2017-03-16 00:00,1453062.0950000000
2017-03-17 00:00,1090640.7788000000
2017-03-18 00:00,1199030.2052000000
2017-03-19 00:00,1384019.8791000000
2017-03-20 00:00,1313784.8246000000
2017-03-21 00:00,1203379.5728000000
2017-03-22 00:00,1238718.2692000000
2017-03-23 00:00,1412881.0772000000
2017-03-24 00:00,1480559.2073000000
2017-03-25 00:00,1489698.7256000000
2017-03-26 00:00,1517094.7479000000
2017-03-27 00:00,1489091.6061000000
2017-03-28 00:00,1582858.1869000000
2017-03-29 00:00,1561955.2425000000
2017-03-30 00:00,1431092.1935000000
2017-03-31 00:00,1518903.1107000000
2017-04-01 00:00,1452284.5128000000
2017-04-02 00:00,1377642.5026000000
2017-04-03 00:00,1343507.3109000000
2017-04-04 00:00,1413961.6580000000
2017-04-05 00:00,1324503.1961000000
2017-04-06 00:00,1270265.2299000000
2017-04-07 00:00,1345286.7521000000
2017-04-08 00:00,1257261.4476000000
2017-04-09 00:00,1228565.7037000000
2017-04-10 00:00,1273159.7187000000
2017-04-11 00:00,1264525.9353000000
2017-04-12 00:00,1468775.2416000000
2017-04-13 00:00,1390488.1429000000
2017-04-14 00:00,1368145.8127000000
2017-04-15 00:00,1425083.2107000000
2017-04-16 00:00,1421704.9092000000
2017-04-17 00:00,1489002.6090000000
2017-04-18 00:00,1459213.4624000000
2017-04-19 00:00,1437505.7819000000
2017-04-20 00:00,1447930.8484000000
2017-04-21 00:00,1415833.7529000000
2017-04-22 00:00,1424395.0176000000
2017-04-23 00:00,1439441.5024000000
2017-04-24 00:00,1480408.2334000000
2017-04-25 00:00,1484766.9686000000
2017-04-26 00:00,1660795.8131000000
2017-04-27 00:00,1845186.6590000000
2017-04-28 00:00,1988726.7322000000
2017-04-29 00:00,2035885.3360000000
2017-04-30 00:00,2175327.6841000000
2017-05-01 00:00,2204650.3055000000
2017-05-02 00:00,2271744.8952000000
2017-05-03 00:00,2554856.5851000000
2017-05-04 00:00,2827062.2593000000
2017-05-05 00:00,2682394.9836000000
2017-05-06 00:00,2782111.5738000000
2017-05-07 00:00,2641284.5148000000
2017-05-08 00:00,2542982.5070000000
2017-05-09 00:00,2513666.9931000000
2017-05-10 00:00,2593800.5692000000
2017-05-11 00:00,2613254.2384000000
2017-05-12 00:00,2492319.6156000000
2017-05-13 00:00,2444734.5345000000
2017-05-14 00:00,2530585.0531000000
2017-05-15 00:00,2482033.1668000000
2017-05-16 00:00,2425225.3088000000
2017-05-17 00:00,2595248.5640000000
2017-05-18 00:00,3217597.8621000000
2017-05-19 00:00,3564285.6940000000
2017-05-20 00:00,3862135.9829000000
2017-05-21 00:00,5154923.0284000000
2017-05-22 00:00,5013489.8062000000
2017-05-23 00:00,5308097.2459000000
2017-05-25 00:00,5620847.4068000000
2017-05-26 00:00,4970495.5891000000
2017-05-27 00:00,4429637.0183000000
2017-05-28 00:00,4474193.5567000000
2017-05-29 00:00,5263281.6337000000
2017-05-30 00:00,5707142.9110000000
2017-05-31 00:00,6137675.5748000000
2017-06-01 00:00,5729468.5543000000
2017-06-02 00:00,5820244.1368000000
2017-06-03 00:00,5822350.4715000000
2017-06-04 00:00,6580209.0663000000
2017-06-05 00:00,6538772.8862000000
2017-06-06 00:00,6918362.5164000000
2017-06-07 00:00,6847992.8027000000
2017-06-08 00:00,6783745.3511000000
2017-06-09 00:00,7431207.4544000000
2017-06-10 00:00,8393446.2545000000
2017-06-11 00:00,9136884.0807000000
2017-06-12 00:00,9980457.4960000000
2017-06-13 00:00,10490496.2354000000
2017-06-14 00:00,9917798.7562000000
2017-06-15 00:00,9007081.2912000000
2017-06-16 00:00,9919983.3374000000
2017-06-17 00:00,10120940.3618000000
2017-06-18 00:00,10207290.4494000000
2017-06-19 00:00,9530740.8040000000
2017-06-20 00:00,9587197.7227000000
2017-06-21 00:00,8619502.3184000000
2017-06-22 00:00,8504084.6189000000
2017-06-23 00:00,8659857.7592000000
2017-06-24 00:00,8392135.1982000000
2017-06-25 00:00,8282072.8448000000
2017-06-26 00:00,6665071.3033000000
2017-06-27 00:00,7742288.8576000000
2017-06-28 00:00,8102809.3365000000
2017-06-29 00:00,7821786.1389000000
2017-06-30 00:00,7193242.3581000000
2017-07-01 00:00,6892603.3813000000
2017-07-02 00:00,7421643.0235000000
2017-07-03 00:00,7349800.8955000000
2017-07-04 00:00,6719745.6678000000
2017-07-05 00:00,6970625.6297000000
2017-07-06 00:00,6549350.0824000000
2017-07-07 00:00,6356875.5401000000
2017-07-08 00:00,6299269.9511000000
2017-07-09 00:00,5291235.6643000000
2017-07-10 00:00,4710804.2467000000
2017-07-12 00:00,4972166.8061000000
2017-07-13 00:00,4731640.3958000000
2017-07-14 00:00,4581602.2690000000
2017-07-15 00:00,4155459.9359000000
2017-07-16 00:00,3389658.5959000000
2017-07-17 00:00,4235669.2102000000
2017-07-18 00:00,5679903.9840000000
2017-07-19 00:00,4926200.8361000000
2017-07-20 00:00,5239127.8704000000
2017-07-21 00:00,5064972.1818000000
2017-07-22 00:00,5418164.8848000000
2017-07-23 00:00,5318552.5253000000
2017-07-24 00:00,5338388.1815000000
2017-07-25 00:00,4760860.1061000000
2017-07-26 00:00,4752144.9379000000
2017-07-27 00:00,4815007.7837000000
2017-07-28 00:00,4630365.1335000000
2017-07-29 00:00,4680899.5848000000
2017-07-30 00:00,4589277.3063000000
2017-07-31 00:00,4192485.5832000000
2017-08-01 00:00,4625903.5909000000
2017-08-02 00:00,4441156.6720000000
2017-08-03 00:00,4606695.7769000000
2017-08-04 00:00,4552397.0608000000
2017-08-05 00:00,5093202.3355000000
2017-08-06 00:00,5582803.9149000000
2017-08-07 00:00,5571564.1411000000
2017-08-08 00:00,6211186.9086000000
2017-08-09 00:00,6184517.9092000000
2017-08-10 00:00,6323922.6258000000
2017-08-11 00:00,6313030.1987000000
2017-08-12 00:00,6482691.8021000000
2017-08-13 00:00,6242668.9869000000
2017-08-14 00:00,6324301.7713000000
2017-08-15 00:00,6345689.5871000000
2017-08-16 00:00,6470248.6045000000
2017-08-17 00:00,6628292.6891000000
2017-08-18 00:00,6325323.6069000000
2017-08-19 00:00,6259841.3856000000
2017-08-20 00:00,6404503.5668000000
2017-08-21 00:00,6949811.6898000000
2017-08-22 00:00,6720309.1709000000
2017-08-23 00:00,6746396.3902000000
2017-08-24 00:00,5855489.9499000000
2017-08-25 00:00,5934026.0413000000
2017-08-26 00:00,5953985.5691000000
2017-08-27 00:00,5989297.1973000000
2017-08-28 00:00,6315936.3591000000
2017-08-29 00:00,6744227.4508000000
2017-08-30 00:00,6885846.5941000000
2017-08-31 00:00,6967417.5227000000
2017-09-01 00:00,7103688.8710000000
2017-09-02 00:00,6145697.4550000000
2017-09-03 00:00,6275527.4208000000
2017-09-04 00:00,5696661.1485000000
2017-09-05 00:00,5748859.4637000000
2017-09-06 00:00,6137558.4010000000
2017-09-07 00:00,6207360.7857000000
2017-09-08 00:00,5480121.6229000000
2017-09-09 00:00,5399663.9311000000
2017-09-10 00:00,5287865.4889000000
2017-09-11 00:00,5462771.0457000000
2017-09-12 00:00,5219402.0757000000
2017-09-13 00:00,5169559.6293000000
2017-09-14 00:00,4281846.6000000000
2017-09-15 00:00,4776467.2533000000
2017-09-16 00:00,4532751.2101000000
2017-09-17 00:00,4652176.4472000000
2017-09-18 00:00,5493681.2475000000
2017-09-19 00:00,5282375.0279000000
2017-09-20 00:00,5289582.9016000000
2017-09-21 00:00,4016298.1506000000
2017-09-22 00:00,3875204.8246000000
2017-09-23 00:00,4339089.7930000000
2017-09-24 00:00,4125870.5651000000
2017-09-25 00:00,4353561.1873000000
2017-09-26 00:00,4311963.1377000000
2017-09-27 00:00,4468976.0805000000
2017-09-28 00:00,4348301.3599000000
2017-09-29 00:00,4264174.9646000000
2017-09-30 00:00,4435093.7080000000
2017-10-01 00:00,4405851.7753000000
2017-10-02 00:00,4395779.6235000000
2017-10-03 00:00,4337028.0278000000
2017-10-04 00:00,4444162.7456000000
2017-10-05 00:00,4338954.1720000000
2017-10-06 00:00,4498677.7364000000
2017-10-07 00:00,4610567.7444000000
2017-10-08 00:00,4562436.5988000000
2017-10-09 00:00,4449874.3440000000
2017-10-10 00:00,4705532.7038000000
2017-10-11 00:00,4538397.8788000000
2017-10-12 00:00,4526441.4525000000
2017-10-13 00:00,5008273.9628000000
2017-10-14 00:00,5157563.6169000000
2017-10-15 00:00,5166253.2385000000
2017-10-16 00:00,6177559.1015000000
2017-10-17 00:00,5989946.0852000000
2017-10-18 00:00,5969213.4497000000
2017-10-19 00:00,5955063.8096000000
2017-10-20 00:00,5756370.9743000000
2017-10-21 00:00,5747794.3236000000
2017-10-22 00:00,5616674.4899000000
2017-10-23 00:00,5443585.6987000000
2017-10-24 00:00,5641661.7894000000
2017-10-25 00:00,5597444.1825000000
2017-10-26 00:00,5655638.1269000000
2017-10-27 00:00,5667048.1976000000
2017-10-28 00:00,5605563.1039000000
2017-10-29 00:00,5669839.7362000000
2017-10-30 00:00,5908257.9582000000
2017-10-31 00:00,5781460.3829000000
2017-11-01 00:00,5500463.5513000000
2017-11-02 00:00,5505480.7750000000
2017-11-03 00:00,5732001.5023000000
2017-11-04 00:00,5747383.8771000000
2017-11-05 00:00,5603298.5362000000
2017-11-06 00:00,5669148.2629000000
2017-11-07 00:00,5635984.9465000000
2017-11-08 00:00,5851459.2448000000
2017-11-09 00:00,6142608.2233000000
2017-11-10 00:00,5722269.7252000000
2017-11-11 00:00,5948267.2316000000
2017-11-12 00:00,5863966.8007000000
2017-11-13 00:00,5953198.7033000000
2017-11-14 00:00,6492704.2018000000
2017-11-15 00:00,6291728.7113000000
2017-11-16 00:00,6306874.4679000000
2017-11-17 00:00,6263226.8521000000
2017-11-18 00:00,6666673.1224000000
2017-11-19 00:00,6711943.0215000000
2017-11-20 00:00,6969756.1512000000
2017-11-21 00:00,6957266.9735000000
2017-11-22 00:00,7287195.4265000000
2017-11-23 00:00,7852976.8569000000
2017-11-24 00:00,9054470.8163000000
2017-11-25 00:00,8741602.0151000000
2017-11-26 00:00,8807771.1196000000
2017-11-27 00:00,9019151.5229000000
2017-11-28 00:00,9056235.8238000000
2017-11-29 00:00,8452389.1857000000
2017-11-30 00:00,8363677.3943000000
2017-12-01 00:00,8726666.1136000000
2017-12-02 00:00,8658580.3686000000
2017-12-03 00:00,8393756.9495000000
2017-12-04 00:00,8543842.3101000000
2017-12-05 00:00,8358486.7732000000
2017-12-06 00:00,8338402.3639000000
2017-12-07 00:00,8475906.2322000000
2017-12-08 00:00,9007686.5669000000
2017-12-09 00:00,8997530.2799000000
2017-12-10 00:00,8565853.7808000000
2017-12-11 00:00,9624078.0882000000
2017-12-12 00:00,12114886.4872000000
2017-12-13 00:00,13662192.3330000000
2017-12-14 00:00,12771912.3254000000
2017-12-15 00:00,13164216.7082000000
2017-12-16 00:00,13265221.1919000000
2017-12-17 00:00,13260679.7590000000
2017-12-18 00:00,14557471.7009000000
2017-12-19 00:00,14166102.4453000000
2017-12-20 00:00,15290707.9570000000
2017-12-21 00:00,15225787.4534000000
2017-12-22 00:00,13028041.0462000000
2017-12-23 00:00,13625703.5329000000
2017-12-24 00:00,13666453.7292000000
2017-12-25 00:00,14373548.7763000000
2017-12-26 00:00,14685591.8077000000
2017-12-27 00:00,13991769.4022000000
2017-12-28 00:00,13744686.6660000000
2017-12-29 00:00,13660407.6962000000
2017-12-30 00:00,13527600.1108000000
2017-12-31 00:00,13947459.6047000000
2018-01-01 00:00,14698747.4421000000
2018-01-02 00:00,16286364.9960000000
2018-01-03 00:00,17276407.2126000000
2018-01-04 00:00,19188834.3934000000
2018-01-05 00:00,20152129.6380000000
2018-01-06 00:00,20731501.6906000000
2018-01-07 00:00,23480693.5462000000
2018-01-08 00:00,22729795.5606000000
2018-01-09 00:00,25873450.9768000000
2018-01-10 00:00,26044478.3348000000
2018-01-11 00:00,21259932.7175000000
2018-01-12 00:00,24060790.0554000000
2018-01-13 00:00,26558085.6293000000
2018-01-14 00:00,25925608.9767000000
2018-01-15 00:00,23944865.6270000000
2018-01-16 00:00,19325233.4407000000
2018-01-17 00:00,19073542.4402000000
2018-01-18 00:00,20065787.6156000000
2018-01-19 00:00,20644100.9744000000
2018-01-20 00:00,21351633.1123000000
2018-01-21 00:00,20286231.7019000000
2018-01-22 00:00,19130781.7933000000
2018-01-23 00:00,18658082.7838000000
2018-01-24 00:00,20097991.3751000000
2018-01-25 00:00,20144553.8126000000
2018-01-26 00:00,20020181.3309000000
2018-01-27 00:00,21337993.0029000000
2018-01-28 00:00,23995348.0977000000
2018-01-29 00:00,22235823.2262000000
2018-01-30 00:00,19851946.9886000000
2018-01-31 00:00,21414515.2300000000
2018-02-01 00:00,18590824.5756000000
2018-02-02 00:00,17251790.6232000000
2018-02-03 00:00,17938894.7648000000
2018-02-04 00:00,15944125.8765000000
2018-02-05 00:00,13294881.9276000000
2018-02-06 00:00,14691314.9063000000
2018-02-07 00:00,14632643.3892000000
2018-02-08 00:00,14849201.2397000000
2018-02-09 00:00,16989489.9909000000
2018-02-10 00:00,15426364.6492000000
2018-02-11 00:00,15456024.5457000000
2018-02-12 00:00,16131374.2850000000
2018-02-13 00:00,15591885.8540000000
2018-02-14 00:00,17066954.4080000000
2018-02-15 00:00,17453474.9506000000
2018-02-16 00:00,17890956.2548000000
2018-02-17 00:00,18443569.3306000000
2018-02-18 00:00,17265227.1348000000
2018-02-19 00:00,17435858.5137000000
2018-02-20 00:00,16642884.2045000000
2018-02-21 00:00,15721203.0323000000
2018-02-22 00:00,14871025.8448000000
2018-02-23 00:00,16047989.3984000000
2018-02-24 00:00,15414459.2338000000
2018-02-25 00:00,15505297.3671000000
2018-02-26 00:00,15847623.8899000000
2018-02-27 00:00,16454210.2553000000
2018-02-28 00:00,15714918.8458000000
2018-03-01 00:00,16244744.3494000000
2018-03-02 00:00,16012533.1751000000
2018-03-03 00:00,15586811.9994000000
2018-03-04 00:00,15931959.4862000000
2018-03-05 00:00,15459111.3681000000
2018-03-06 00:00,15045302.3146000000
2018-03-07 00:00,13533911.8190000000
2018-03-08 00:00,12370428.6441000000
2018-03-09 00:00,13242217.7287000000
2018-03-10 00:00,12475655.1212000000
2018-03-11 00:00,13105184.3129000000
2018-03-12 00:00,12522833.8971000000
2018-03-13 00:00,12658190.6407000000
2018-03-14 00:00,10691468.5393000000
2018-03-15 00:00,10986790.7944000000
2018-03-16 00:00,10760123.0413000000
2018-03-17 00:00,9440189.4736000000
2018-03-18 00:00,9817096.5274000000
2018-03-19 00:00,10222121.0095000000
2018-03-20 00:00,10314936.6182000000
2018-03-21 00:00,10722750.3067000000
2018-03-22 00:00,9473973.6542000000
2018-03-23 00:00,10106730.5131000000
2018-03-24 00:00,9616805.6987000000
2018-03-25 00:00,9713234.1247000000
2018-03-26 00:00,8530698.3280000000
2018-03-27 00:00,8220749.4715000000
2018-03-28 00:00,8067222.9332000000
2018-03-29 00:00,6846263.9548000000
2018-03-30 00:00,7667265.9685000000
2018-03-31 00:00,7281854.6532000000
2018-04-01 00:00,7174794.2495000000
2018-04-02 00:00,7142358.2701000000
2018-04-03 00:00,7413059.6380000000
2018-04-04 00:00,6963629.7418000000
2018-04-05 00:00,7075365.2294000000
2018-04-06 00:00,7012980.2805000000
2018-04-07 00:00,7168652.8598000000
2018-04-08 00:00,7493292.2113000000
2018-04-09 00:00,7413962.7548000000
2018-04-10 00:00,7585397.1139000000
2018-04-11 00:00,7938061.8035000000
2018-04-12 00:00,8971219.2071000000
2018-04-13 00:00,9190195.3511000000
2018-04-14 00:00,9291674.1162000000
2018-04-15 00:00,9431106.6509000000
2018-04-16 00:00,9089481.6175000000
2018-04-17 00:00,9062155.8491000000
2018-04-18 00:00,9599490.1970000000
2018-04-19 00:00,10208611.3958000000
2018-04-20 00:00,11072518.1265000000
2018-04-21 00:00,10988619.7704000000
2018-04-22 00:00,11308789.9335000000
2018-04-23 00:00,11830449.6949000000
2018-04-24 00:00,12422762.4742000000
2018-04-25 00:00,11347874.2972000000
2018-04-26 00:00,11672919.0813000000
2018-04-27 00:00,11819354.4790000000
2018-04-28 00:00,12622377.4224000000
2018-04-29 00:00,12297659.5866000000
2018-04-30 00:00,11351737.4926000000
2018-05-01 00:00,11872203.7058000000
2018-05-02 00:00,12670028.9959000000
2018-05-03 00:00,13544323.2148000000
2018-05-04 00:00,14239360.5809000000
2018-05-05 00:00,14776561.7981000000
2018-05-06 00:00,13523832.7014000000
2018-05-07 00:00,13672882.1008000000
2018-05-08 00:00,12948013.7167000000
2018-05-09 00:00,13571680.6816000000
2018-05-10 00:00,13237611.3184000000
2018-05-11 00:00,12265553.1835000000
2018-05-12 00:00,12191236.4204000000
2018-05-13 00:00,12622616.1715000000
2018-05-14 00:00,13117490.6020000000
2018-05-15 00:00,12245766.7094000000
2018-05-16 00:00,12934563.5767000000
2018-05-17 00:00,12018498.5751000000
2018-05-18 00:00,12204047.1694000000
2018-05-19 00:00,12510952.1550000000
2018-05-20 00:00,12794066.9651000000
2018-05-21 00:00,12221417.3636000000
2018-05-22 00:00,11490640.2539000000
2018-05-23 00:00,10495997.5089000000
2018-05-24 00:00,10756869.7095000000
2018-05-25 00:00,10507703.9071000000
2018-05-26 00:00,10265064.8129000000
2018-05-27 00:00,10425170.0936000000
2018-05-28 00:00,9443722.6067000000
2018-05-29 00:00,10201186.0648000000
2018-05-30 00:00,10283030.8553000000
2018-05-31 00:00,10251962.5281000000
2018-06-01 00:00,10253276.8010000000
2018-06-02 00:00,10463111.6652000000
2018-06-03 00:00,11091611.9653000000
2018-06-04 00:00,10243922.6275000000
2018-06-05 00:00,10872807.9660000000
2018-06-06 00:00,10878680.9445000000
2018-06-07 00:00,10738834.4601000000
2018-06-08 00:00,10581095.3408000000
2018-06-09 00:00,10064934.4658000000
2018-06-10 00:00,9409319.1500000000
2018-06-11 00:00,9392861.7297000000
2018-06-12 00:00,8934119.1746000000
2018-06-13 00:00,8758296.7247000000
2018-06-14 00:00,9305987.1824000000
2018-06-15 00:00,9046106.8218000000
2018-06-16 00:00,9209997.1377000000
2018-06-17 00:00,9107491.1151000000
2018-06-18 00:00,9299063.0565000000
2018-06-19 00:00,9400472.6699000000
2018-06-20 00:00,9840899.9257000000
2018-06-21 00:00,9584687.8045000000
2018-06-22 00:00,8561589.8616000000
2018-06-23 00:00,8522886.2729000000
2018-06-24 00:00,7994941.8000000000
2018-06-25 00:00,8151514.7474000000
2018-06-26 00:00,7776039.0682000000
2018-06-27 00:00,7710659.8705000000
2018-06-28 00:00,7527434.3118000000
2018-06-29 00:00,8846131.3757000000
2018-06-30 00:00,9426826.3446000000
2018-07-01 00:00,10733151.7622000000
2018-07-02 00:00,10344671.0145000000
2018-07-03 00:00,9450578.6187000000
2018-07-04 00:00,9499335.9024000000
2018-07-05 00:00,9943161.4275000000
2018-07-06 00:00,9704475.6335000000
2018-07-07 00:00,9150340.3649000000
2018-07-08 00:00,9104590.7193000000
2018-07-09 00:00,8462803.7591000000
2018-07-10 00:00,8165105.0857000000
2018-07-11 00:00,8612753.7911000000
2018-07-12 00:00,8555473.2535000000
2018-07-13 00:00,9121248.1880000000
2018-07-14 00:00,9518730.8140000000
2018-07-15 00:00,8198321.2907000000
2018-07-16 00:00,8797356.9310000000
2018-07-17 00:00,9062223.3933000000
2018-07-18 00:00,8547649.9719000000
2018-07-19 00:00,8480852.7046000000
2018-07-20 00:00,8492631.9412000000
2018-07-21 00:00,8499203.2176000000
2018-07-22 00:00,8532941.4548000000
2018-07-23 00:00,8179430.7902000000
2018-07-24 00:00,8696570.3483000000
2018-07-25 00:00,8600101.4739000000
2018-07-26 00:00,8445198.5426000000
2018-07-27 00:00,8729992.7416000000
2018-07-28 00:00,8580729.9502000000
2018-07-29 00:00,8516748.5251000000
2018-07-30 00:00,8233391.1390000000
2018-07-31 00:00,7733904.7441000000
2018-08-01 00:00,7617582.6028000000
2018-08-02 00:00,7307814.8404000000
2018-08-03 00:00,7754013.3357000000
2018-08-04 00:00,7402397.8927000000
2018-08-05 00:00,7557005.0210000000
2018-08-06 00:00,7764524.0523000000
2018-08-07 00:00,7801227.2764000000
2018-08-08 00:00,7429008.8399000000
2018-08-09 00:00,7021124.6820000000
2018-08-10 00:00,5929521.3595000000
2018-08-11 00:00,5816795.1592000000
2018-08-12 00:00,5839582.5611000000
2018-08-13 00:00,5037420.2321000000
2018-08-14 00:00,5338578.3951000000
2018-08-15 00:00,5252289.0283000000
2018-08-16 00:00,5887600.2032000000
2018-08-17 00:00,5694704.4131000000
2018-08-18 00:00,5359191.9231000000
2018-08-19 00:00,5470170.1259000000
2018-08-20 00:00,5092148.7050000000
2018-08-21 00:00,5445500.1972000000
2018-08-22 00:00,4961818.4850000000
2018-08-23 00:00,5227170.9323000000
2018-08-24 00:00,5126276.3681000000
2018-08-25 00:00,5167276.7453000000
2018-08-26 00:00,5101021.0366000000
2018-08-27 00:00,5170240.6387000000
2018-08-28 00:00,5337424.2097000000
2018-08-29 00:00,5248332.5437000000
2018-08-30 00:00,5194901.6823000000
2018-08-31 00:00,5184864.1975000000
2018-09-01 00:00,5494384.4423000000
2018-09-02 00:00,5243634.3960000000
2018-09-03 00:00,5278379.3382000000
2018-09-04 00:00,5202620.3342000000
2018-09-05 00:00,4295331.9494000000
2018-09-06 00:00,4228411.3363000000
2018-09-07 00:00,3977904.7840000000
2018-09-08 00:00,3469070.3042000000
2018-09-09 00:00,3684272.6412000000
2018-09-10 00:00,3613253.9389000000
2018-09-11 00:00,3317598.1616000000
2018-09-12 00:00,3558930.5692000000
2018-09-13 00:00,4081779.7090000000
2018-09-14 00:00,3963240.6621000000
2018-09-15 00:00,4055491.9081000000
2018-09-16 00:00,4128843.1477000000
2018-09-17 00:00,3668423.8444000000
2018-09-18 00:00,4059975.5821000000
2018-09-19 00:00,3896338.6062000000
2018-09-20 00:00,4233854.9952000000
2018-09-21 00:00,4474096.6891000000
2018-09-22 00:00,4488029.1913000000
2018-09-23 00:00,4550435.8353000000
2018-09-24 00:00,4183029.1410000000
2018-09-25 00:00,4041457.1337000000
2018-09-26 00:00,4081607.2002000000
2018-09-27 00:00,4399734.1676000000
2018-09-28 00:00,4132339.1326000000
2018-09-29 00:00,4388123.5538000000
2018-09-30 00:00,4370014.4459000000
2018-10-01 00:00,4427370.6154000000
2018-10-02 00:00,4106536.2923000000
2018-10-03 00:00,4260885.2925000000
2018-10-04 00:00,4175702.4516000000
2018-10-05 00:00,4325787.1439000000
2018-10-06 00:00,4296545.8813000000
2018-10-07 00:00,4278085.7937000000
2018-10-08 00:00,4337595.4123000000
2018-10-09 00:00,4291303.3689000000
2018-10-10 00:00,3805959.8640000000
2018-10-11 00:00,3725797.4706000000
2018-10-12 00:00,3772508.6096000000
2018-10-13 00:00,3803722.1549000000
2018-10-14 00:00,4083259.0995000000
2018-10-15 00:00,3969902.2938000000
2018-10-16 00:00,3955713.6679000000
2018-10-17 00:00,3910537.3972000000
2018-10-18 00:00,3782379.7267000000
2018-10-19 00:00,3868334.8343000000
2018-10-20 00:00,3892512.4298000000
2018-10-21 00:00,3830224.5169000000
2018-10-22 00:00,3878027.8310000000
2018-10-23 00:00,3881716.4473000000
2018-10-24 00:00,3840153.5320000000
2018-10-25 00:00,3838781.9651000000
2018-10-26 00:00,3817790.5956000000
2018-10-27 00:00,3845491.3088000000
2018-10-28 00:00,3851581.3722000000
2018-10-29 00:00,3651232.0739000000
2018-10-30 00:00,3721238.3719000000
2018-10-31 00:00,3706308.7503000000
2018-11-01 00:00,3701217.0818000000
2018-11-02 00:00,3767727.6037000000
2018-11-03 00:00,3742442.7845000000
2018-11-04 00:00,3883630.6233000000
2018-11-05 00:00,3921213.3960000000
2018-11-06 00:00,4089253.7507000000
2018-11-07 00:00,3983008.8844000000
2018-11-08 00:00,3959975.5247000000
2018-11-09 00:00,3939193.4006000000
2018-11-10 00:00,3938341.0931000000
2018-11-11 00:00,3996986.2117000000
2018-11-12 00:00,3916428.9386000000
2018-11-13 00:00,3854496.9224000000
2018-11-14 00:00,3373239.4955000000
2018-11-15 00:00,3433262.7958000000
2018-11-16 00:00,3272928.4236000000
2018-11-17 00:00,3357015.9005000000
2018-11-18 00:00,3064338.8165000000
2018-11-19 00:00,2645521.8275000000
2018-11-20 00:00,2477669.7009000000
2018-11-21 00:00,2553519.3421000000
2018-11-22 00:00,2350301.9341000000
2018-11-23 00:00,2346459.4179000000
2018-11-24 00:00,2029878.4566000000
2018-11-25 00:00,2170733.2901000000
2018-11-26 00:00,1985410.9418000000
2018-11-27 00:00,2168750.7284000000
2018-11-28 00:00,2283481.6746000000
2018-11-29 00:00,2272990.8851000000
2018-11-30 00:00,2109549.5445000000
2018-12-01 00:00,2195508.9063000000
2018-12-02 00:00,2116700.8034000000
2018-12-03 00:00,2069443.2513000000
2018-12-04 00:00,2035512.9238000000
2018-12-05 00:00,1933137.9153000000
2018-12-06 00:00,1612576.9730000000
2018-12-07 00:00,1712731.3818000000
2018-12-08 00:00,1709049.3377000000
2018-12-09 00:00,1748728.0176000000
2018-12-10 00:00,1699066.2584000000
2018-12-11 00:00,1669264.7933000000
2018-12-12 00:00,1673943.4949000000
2018-12-13 00:00,1615651.5667000000
2018-12-14 00:00,1586211.4419000000
2018-12-15 00:00,1603205.1437000000
2018-12-16 00:00,1563692.2124000000
2018-12-17 00:00,1735072.0796000000
2018-12-18 00:00,1839217.2565000000
2018-12-19 00:00,1851117.7561000000
2018-12-20 00:00,2048522.5249000000
2018-12-21 00:00,1980207.5442000000
2018-12-22 00:00,2304970.9903000000
2018-12-23 00:00,2703094.3162000000
2018-12-24 00:00,2418546.1412000000
2018-12-25 00:00,2447077.9619000000
2018-12-26 00:00,2267212.5495000000
2018-12-27 00:00,2155056.8521000000
2018-12-28 00:00,2521970.3612000000
2018-12-29 00:00,2490425.1426000000
2018-12-30 00:00,2483564.8480000000
2018-12-31 00:00,2420609.0899000000
2019-01-01 00:00,2634397.0255000000
2019-01-02 00:00,2643757.2536000000
2019-01-03 00:00,2676780.9068000000
2019-01-04 00:00,2725374.2721000000
2019-01-05 00:00,2607380.7341000000
2019-01-06 00:00,2694871.4032000000
2019-01-07 00:00,2545895.4333000000
2019-01-08 00:00,2621247.6884000000
2019-01-09 00:00,2383942.0774000000
2019-01-10 00:00,2212473.1991000000
2019-01-11 00:00,2155025.5345000000
2019-01-12 00:00,2159058.4698000000
2019-01-13 00:00,2079269.9479000000
2019-01-14 00:00,2239746.4047000000
2019-01-15 00:00,2083001.1337000000
2019-01-16 00:00,2086316.5942000000
2019-01-17 00:00,2128159.6775000000
2019-01-18 00:00,2114839.5567000000
2019-01-19 00:00,2128131.3584000000
2019-01-20 00:00,1830527.8935000000
2019-01-21 00:00,1838163.9061000000
2019-01-22 00:00,1822029.8056000000
2019-01-23 00:00,1827452.3719000000
2019-01-24 00:00,1833407.9288000000
2019-01-25 00:00,1823353.7681000000
2019-01-26 00:00,1784263.9907000000
2019-01-27 00:00,1631372.4216000000
2019-01-28 00:00,1559926.6830000000
2019-01-29 00:00,1609378.4025000000
2019-01-30 00:00,1670669.0546000000
2019-01-31 00:00,1572171.4337000000
2019-02-01 00:00,1617987.2262000000
2019-02-02 00:00,1620245.2457000000
2019-02-03 00:00,1624354.8070000000
2019-02-04 00:00,1612909.7905000000
2019-02-05 00:00,1559884.5679000000
2019-02-06 00:00,1590568.2143000000
2019-02-07 00:00,1585436.0646000000
2019-02-08 00:00,1787745.2555000000
2019-02-09 00:00,1548664.7793000000
2019-02-10 00:00,1565761.1667000000
2019-02-11 00:00,1590485.2473000000
2019-02-12 00:00,1597971.6833000000
2019-02-13 00:00,1582518.5580000000
2019-02-14 00:00,1583794.9970000000
2019-02-15 00:00,1605959.8711000000
2019-02-16 00:00,1589523.2111000000
2019-02-17 00:00,1797986.7330000000
2019-02-18 00:00,2584354.7087000000
2019-02-19 00:00,1910655.6977000000
2019-02-20 00:00,1958150.8670000000
2019-02-21 00:00,1915132.2149000000
2019-02-22 00:00,1990798.2145000000
2019-02-23 00:00,2180398.1050000000
2019-02-24 00:00,1843842.2456000000
2019-02-25 00:00,1852753.4066000000
2019-02-26 00:00,1857969.4191000000
2019-02-27 00:00,1767399.5744000000
2019-02-28 00:00,1699499.4184000000
2019-03-01 00:00,1781031.5825000000
2019-03-02 00:00,1775219.9028000000
2019-03-03 00:00,1702851.5137000000
2019-03-04 00:00,1716171.3674000000
2019-03-05 00:00,1830320.9831000000
2019-03-06 00:00,1852087.9941000000
2019-03-07 00:00,1815828.3001000000
2019-03-08 00:00,1814273.1582000000
2019-03-09 00:00,1814045.5126000000
2019-03-10 00:00,1781765.5500000000
2019-03-11 00:00,1752663.4428000000
2019-03-12 00:00,1758282.5921000000
2019-03-13 00:00,1755582.8914000000
2019-03-14 00:00,1776872.7939000000
2019-03-15 00:00,1911505.0044000000
2019-03-16 00:00,1847239.3464000000
2019-03-17 00:00,2134346.4310000000
2019-03-18 00:00,1853478.9546000000
2019-03-19 00:00,1860717.5595000000
2019-03-20 00:00,1874928.2625000000
2019-03-21 00:00,1826498.9252000000
2019-03-22 00:00,1840103.5088000000
2019-03-23 00:00,1818452.9807000000
2019-03-24 00:00,1829479.6151000000
2019-03-25 00:00,1776664.4814000000
2019-03-26 00:00,1867706.4082000000
2019-03-27 00:00,1846904.4436000000
2019-03-28 00:00,1836717.1869000000
2019-03-29 00:00,1913460.4375000000
2019-03-30 00:00,1865584.3832000000
2019-03-31 00:00,1901054.3799000000
2019-04-01 00:00,2001038.4590000000
2019-04-02 00:00,2235118.3281000000
2019-04-03 00:00,2177509.4215000000
2019-04-04 00:00,2164639.8002000000
2019-04-05 00:00,2179846.8874000000
2019-04-06 00:00,2249436.1442000000
2019-04-07 00:00,2402849.8770000000
2019-04-08 00:00,2353596.9365000000
2019-04-09 00:00,2440273.9548000000
2019-04-10 00:00,2272720.6599000000
2019-04-11 00:00,2177597.8473000000
2019-04-12 00:00,2207159.4713000000
2019-04-13 00:00,2155100.6669000000
2019-04-14 00:00,2227892.9611000000
2019-04-15 00:00,2163930.5800000000
2019-04-16 00:00,2208783.6973000000
2019-04-17 00:00,2287747.3931000000
2019-04-18 00:00,2298756.7717000000
2019-04-19 00:00,2287236.2902000000
2019-04-20 00:00,2291166.5815000000
2019-04-21 00:00,2256405.8464000000
2019-04-22 00:00,2290805.6552000000
2019-04-23 00:00,2190656.0721000000
2019-04-24 00:00,2172343.0082000000
2019-04-25 00:00,2068271.5448000000
2019-04-26 00:00,2077175.2878000000
2019-04-27 00:00,2076875.6758000000
2019-04-28 00:00,2088539.3059000000
2019-04-29 00:00,2080768.7753000000
2019-04-30 00:00,2160032.2658000000
2019-05-01 00:00,2216768.9055000000
2019-05-02 00:00,2141649.8543000000
2019-05-03 00:00,2232548.9733000000
2019-05-04 00:00,2148070.8567000000
2019-05-05 00:00,2114782.3608000000
2019-05-06 00:00,2350429.4864000000
2019-05-07 00:00,2226884.1395000000
2019-05-08 00:00,2245252.8585000000
2019-05-09 00:00,2330032.4260000000
2019-05-10 00:00,2348423.7036000000
2019-05-11 00:00,2658301.0909000000
2019-05-12 00:00,2478094.1215000000
2019-05-13 00:00,2870180.9368000000
2019-05-14 00:00,3064484.5430000000
2019-05-15 00:00,3574933.3642000000
2019-05-16 00:00,3305291.2257000000
2019-05-17 00:00,3181315.1190000000
2019-05-18 00:00,3405720.3892000000
2019-05-19 00:00,3318128.9539000000
2019-05-20 00:00,3313318.7621000000
2019-05-21 00:00,3452978.9016000000
2019-05-22 00:00,3136159.3642000000
2019-05-23 00:00,3320170.9984000000
2019-05-24 00:00,3389327.8725000000
2019-05-25 00:00,3314806.4597000000
2019-05-26 00:00,3606085.1459000000
2019-05-27 00:00,3597436.5254000000
2019-05-28 00:00,3661321.1053000000
2019-05-29 00:00,3772719.4572000000
2019-05-30 00:00,3476953.1673000000
2019-05-31 00:00,3608291.8236000000
2019-06-01 00:00,3586451.4969000000
2019-06-02 00:00,3469403.7061000000
2019-06-03 00:00,3286881.9113000000
2019-06-04 00:00,3285166.4869000000
2019-06-05 00:00,3292800.1578000000
2019-06-06 00:00,3285312.1934000000
2019-06-07 00:00,3339049.2510000000
2019-06-08 00:00,3221279.7837000000
2019-06-09 00:00,3255151.0733000000
2019-06-10 00:00,3296546.2549000000
2019-06-11 00:00,3234872.0686000000
2019-06-12 00:00,3405865.5939000000
2019-06-13 00:00,3390536.3375000000
2019-06-14 00:00,3513062.6772000000
2019-06-15 00:00,3642735.9779000000
2019-06-16 00:00,3592861.2532000000
2019-06-17 00:00,3509910.9899000000
2019-06-18 00:00,3561738.4280000000
2019-06-19 00:00,3525041.7012000000
2019-06-20 00:00,3741947.9866000000
2019-06-21 00:00,4097218.6653000000
2019-06-22 00:00,4119663.3167000000
2019-06-23 00:00,4114556.8640000000
2019-06-24 00:00,4264479.8972000000
2019-06-25 00:00,4495519.4497000000
2019-06-26 00:00,4392792.8578000000
2019-06-27 00:00,4042117.7558000000
2019-06-28 00:00,4039680.2341000000
2019-06-29 00:00,4122249.4256000000
2019-06-30 00:00,4013957.0501000000
2019-07-01 00:00,3724858.2632000000
2019-07-02 00:00,3926190.5921000000
2019-07-03 00:00,3923708.8975000000
2019-07-04 00:00,3799961.9891000000
2019-07-05 00:00,3946575.5469000000
2019-07-06 00:00,3817968.0318000000
2019-07-07 00:00,4127598.9689000000
2019-07-08 00:00,4193327.3525000000
2019-07-09 00:00,4085952.0396000000
2019-07-10 00:00,3706616.6507000000
2019-07-11 00:00,3616960.5384000000
2019-07-12 00:00,3589693.8346000000
2019-07-13 00:00,3584667.4597000000
2019-07-14 00:00,2961155.5164000000
2019-07-15 00:00,3141604.2808000000
2019-07-16 00:00,2761139.9837000000
2019-07-17 00:00,2864026.3925000000
2019-07-18 00:00,2911699.9726000000
2019-07-19 00:00,3008033.5028000000
2019-07-20 00:00,2981826.3985000000
2019-07-21 00:00,2986503.4718000000
2019-07-22 00:00,2807421.6341000000
2019-07-23 00:00,2646197.4170000000
2019-07-24 00:00,2996251.8706000000
2019-07-25 00:00,2887000.0348000000
2019-07-26 00:00,2945688.9113000000
2019-07-27 00:00,2772770.0664000000
2019-07-28 00:00,2777510.7554000000
2019-07-29 00:00,2794943.2126000000
2019-07-30 00:00,2817315.2973000000
2019-07-31 00:00,2865039.4763000000
2019-08-01 00:00,2992985.9946000000
2019-08-02 00:00,3022288.9707000000
2019-08-03 00:00,2882518.2624000000
2019-08-04 00:00,3054201.8205000000
2019-08-05 00:00,3112031.3708000000
2019-08-06 00:00,3010973.2017000000
2019-08-07 00:00,2980563.7306000000
2019-08-08 00:00,2871798.3458000000
2019-08-09 00:00,2832228.9960000000
2019-08-10 00:00,2756993.7082000000
2019-08-11 00:00,2843532.3240000000
2019-08-12 00:00,2791488.7699000000
2019-08-13 00:00,2751475.0316000000
2019-08-14 00:00,2426280.5878000000
2019-08-15 00:00,2452884.7205000000
2019-08-16 00:00,2469650.4578000000
2019-08-17 00:00,2439492.1431000000
2019-08-18 00:00,2659586.7683000000
2019-08-19 00:00,2636510.8398000000
2019-08-20 00:00,2533725.6495000000
2019-08-21 00:00,2478526.6131000000
2019-08-22 00:00,2591685.4368000000
2019-08-23 00:00,2479314.8956000000
2019-08-24 00:00,2599793.1660000000
2019-08-25 00:00,2547624.9088000000
2019-08-26 00:00,2492935.6095000000
2019-08-27 00:00,2492180.3050000000
2019-08-28 00:00,2289863.4378000000
2019-08-29 00:00,2262115.0159000000
2019-08-30 00:00,2253229.3002000000
2019-08-31 00:00,2274373.6329000000
2019-09-01 00:00,2302988.6869000000
2019-09-02 00:00,2376270.5996000000
2019-09-03 00:00,2372426.6731000000
2019-09-04 00:00,2383021.8085000000
2019-09-05 00:00,2368466.3111000000
2019-09-06 00:00,2312747.8577000000
2019-09-07 00:00,2453970.4034000000
2019-09-08 00:00,2457508.4667000000
2019-09-09 00:00,2498472.9270000000
2019-09-10 00:00,2468278.4126000000
2019-09-11 00:00,2482361.7769000000
2019-09-12 00:00,2430672.2895000000
2019-09-13 00:00,2506678.4012000000
2019-09-14 00:00,2588750.0600000000
2019-09-15 00:00,2716351.4716000000
2019-09-16 00:00,2803677.9346000000
2019-09-17 00:00,3047375.8166000000
2019-09-18 00:00,2950084.0897000000
2019-09-19 00:00,3121708.7334000000
2019-09-20 00:00,3027151.4376000000
2019-09-21 00:00,2911399.8134000000
2019-09-22 00:00,3002057.6890000000
2019-09-23 00:00,2785340.2138000000
2019-09-24 00:00,2411776.2737000000
2019-09-25 00:00,2405555.3248000000
2019-09-26 00:00,2323307.0703000000
2019-09-27 00:00,2449987.0234000000
2019-09-28 00:00,2406643.9769000000
2019-09-29 00:00,2333977.8602000000
2019-09-30 00:00,2416692.6835000000
2019-10-01 00:00,2336104.3438000000
2019-10-02 00:00,2407741.4321000000
2019-10-03 00:00,2330979.0536000000
2019-10-04 00:00,2343027.3779000000
2019-10-05 00:00,2330159.9077000000
2019-10-06 00:00,2285103.8607000000
2019-10-07 00:00,2391511.2630000000
2019-10-08 00:00,2448000.2314000000
2019-10-09 00:00,2428991.3255000000
2019-10-10 00:00,2477356.5407000000
2019-10-11 00:00,2428198.9825000000
2019-10-12 00:00,2402614.3629000000
2019-10-13 00:00,2444008.5732000000
2019-10-14 00:00,2451860.7690000000
2019-10-15 00:00,2361575.4050000000
2019-10-16 00:00,2314235.7485000000
2019-10-17 00:00,2256074.5642000000
2019-10-18 00:00,2299354.9110000000
2019-10-19 00:00,2273313.8074000000
2019-10-20 00:00,2286111.4434000000
2019-10-21 00:00,2325551.9863000000
2019-10-22 00:00,2270497.2121000000
2019-10-23 00:00,2120231.8243000000
2019-10-24 00:00,2099938.8841000000
2019-10-25 00:00,2379070.2993000000
2019-10-26 00:00,2322984.9484000000
2019-10-27 00:00,2396063.4073000000
2019-10-28 00:00,2436113.7470000000
2019-10-29 00:00,2402620.3394000000
2019-10-30 00:00,2343670.7191000000
2019-10-31 00:00,2394346.4790000000
2019-11-01 00:00,2334207.1085000000
2019-11-02 00:00,2370099.7767000000
2019-11-03 00:00,2371600.1389000000
2019-11-04 00:00,2419989.2946000000
2019-11-05 00:00,2465631.1422000000
2019-11-06 00:00,2434774.8694000000
2019-11-07 00:00,2386423.0756000000
2019-11-08 00:00,2360731.2287000000
2019-11-09 00:00,2330924.3623000000
2019-11-10 00:00,2330505.4352000000
2019-11-11 00:00,2342884.8918000000
2019-11-12 00:00,2355698.8640000000
2019-11-13 00:00,2355240.9282000000
2019-11-14 00:00,2295286.4297000000
2019-11-15 00:00,2276540.4992000000
2019-11-16 00:00,2303086.9504000000
2019-11-17 00:00,2328536.6622000000
2019-11-18 00:00,2193957.1099000000
2019-11-19 00:00,2218801.8779000000
2019-11-20 00:00,2230647.5831000000
2019-11-21 00:00,2015024.0870000000
2019-11-22 00:00,1878701.0968000000
2019-11-23 00:00,1885206.1884000000
2019-11-24 00:00,1769830.3367000000
2019-11-25 00:00,1777026.2943000000
2019-11-26 00:00,1714393.0423000000
2019-11-27 00:00,1799344.2921000000
2019-11-28 00:00,1809865.4446000000
2019-11-29 00:00,1834085.0944000000
2019-11-30 00:00,1738734.8841000000
2019-12-01 00:00,1771269.3059000000
2019-12-02 00:00,1478635.1307000000
2019-12-03 00:00,1709236.1940000000
2019-12-04 00:00,1724249.0374000000
2019-12-05 00:00,1605383.9217000000
2019-12-06 00:00,1735579.4962000000
2019-12-07 00:00,1728277.4256000000
2019-12-08 00:00,1747269.0241000000
2019-12-09 00:00,1743527.0289000000
2019-12-10 00:00,1689704.1327000000
2019-12-11 00:00,1695942.9641000000
2019-12-12 00:00,1647808.6436000000
2019-12-13 00:00,1535179.3476000000
2019-12-14 00:00,1506641.8256000000
2019-12-15 00:00,1522911.6036000000
2019-12-16 00:00,1431140.0373000000
2019-12-17 00:00,1286390.3207000000
2019-12-18 00:00,1390553.8218000000
2019-12-19 00:00,1335814.9585000000
2019-12-20 00:00,1348402.0409000000
2019-12-21 00:00,1310042.5665000000
2019-12-22 00:00,1379807.5129000000
2019-12-23 00:00,1350086.2482000000
2019-12-24 00:00,1321466.8600000000
2019-12-25 00:00,1296334.5217000000
2019-12-26 00:00,1308533.1796000000
2019-12-27 00:00,1321449.2679000000
2019-12-28 00:00,1328782.6232000000
2019-12-29 00:00,1396585.5759000000
2019-12-30 00:00,1362290.8647000000
2019-12-31 00:00,1327077.6236000000
2020-01-01 00:00,1522233.4448000000
2020-01-02 00:00,1703440.8226000000
2020-01-03 00:00,1796564.2033000000
2020-01-04 00:00,1779144.0703000000
2020-01-05 00:00,1830677.8874000000
2020-01-06 00:00,1932407.7001000000
2020-01-07 00:00,1921652.6601000000
2020-01-08 00:00,1879379.1237000000
2020-01-09 00:00,1773777.0901000000
2020-01-10 00:00,1936297.1840000000
2020-01-11 00:00,1896858.6460000000
2020-01-12 00:00,1955008.8023000000
2020-01-13 00:00,1949554.7229000000
2020-01-14 00:00,2224241.8331000000
2020-01-15 00:00,2232527.7375000000
2020-01-16 00:00,2210071.9335000000
2020-01-17 00:00,2293132.3737000000
2020-01-18 00:00,2349928.6102000000
2020-01-19 00:00,2224905.0697000000
2020-01-20 00:00,2243448.3041000000
2020-01-21 00:00,2237525.8823000000
2020-01-22 00:00,2253592.3758000000
2020-01-23 00:00,2161398.1969000000
2020-01-24 00:00,2142869.1441000000
2020-01-25 00:00,2121609.4205000000
2020-01-26 00:00,2239679.3178000000
2020-01-27 00:00,2257932.8359000000
2020-01-28 00:00,2346298.1802000000
2020-01-29 00:00,2299034.6516000000
2020-01-30 00:00,2458331.2657000000
2020-01-31 00:00,2378355.6501000000
2020-02-01 00:00,2451772.7117000000
2020-02-02 00:00,2525208.6882000000
2020-02-03 00:00,2565351.9017000000
2020-02-04 00:00,2525619.1275000000
2020-02-05 00:00,2760489.5948000000
2020-02-06 00:00,2878315.5746000000
2020-02-07 00:00,2981362.5576000000
2020-02-08 00:00,2985928.8976000000
2020-02-09 00:00,3103693.3565000000
2020-02-10 00:00,3029632.7112000000
2020-02-11 00:00,3206780.8293000000
2020-02-12 00:00,3571991.3086000000
2020-02-13 00:00,3623142.8440000000
2020-02-14 00:00,3827616.2283000000
2020-02-15 00:00,3620715.5403000000
2020-02-16 00:00,3512852.9428000000
2020-02-17 00:00,3599293.8979000000
2020-02-18 00:00,3842431.2911000000
2020-02-19 00:00,3498304.2261000000
2020-02-20 00:00,3435090.5620000000
2020-02-21 00:00,3549244.3075000000
2020-02-22 00:00,3509535.7288000000
2020-02-23 00:00,3677785.4984000000
2020-02-24 00:00,3557001.7970000000
2020-02-25 00:00,3458439.5387000000
2020-02-26 00:00,3056377.8978000000
2020-02-27 00:00,3041131.3614000000
2020-02-28 00:00,3047938.4113000000
2020-02-29 00:00,2916152.6513000000
2020-03-01 00:00,2943254.4828000000
2020-03-02 00:00,3104629.1216000000
2020-03-03 00:00,3017461.8201000000
2020-03-04 00:00,2975322.7621000000
2020-03-05 00:00,3092836.9860000000
2020-03-06 00:00,3290184.6950000000
2020-03-07 00:00,3277822.3234000000
2020-03-08 00:00,2710721.4841000000
2020-03-09 00:00,2709611.9033000000
2020-03-10 00:00,2743780.8962000000
2020-03-11 00:00,3501926.8548000000
2020-03-12 00:00,1956642.6470000000
2020-03-13 00:00,1801418.7111000000
2020-03-14 00:00,1669820.6512000000
2020-03-15 00:00,1801440.3938000000
2020-03-16 00:00,1531851.3384000000
2020-03-17 00:00,1605861.9401000000
2020-03-18 00:00,1633443.2085000000
2020-03-19 00:00,1863750.9097000000
2020-03-20 00:00,1773535.8575000000
2020-03-21 00:00,1733133.9850000000
2020-03-22 00:00,1656658.1556000000
2020-03-23 00:00,1802098.5606000000
2020-03-24 00:00,1849733.3699000000
2020-03-25 00:00,1840074.2743000000
2020-03-26 00:00,1890292.0493000000
2020-03-27 00:00,1745977.9312000000
2020-03-28 00:00,1776931.1499000000
2020-03-29 00:00,1678950.0731000000
2020-03-30 00:00,1782705.1494000000
2020-03-31 00:00,1810248.6715000000
2020-04-01 00:00,1840573.2118000000
2020-04-02 00:00,1918297.2712000000
2020-04-03 00:00,1888228.0919000000
2020-04-04 00:00,1930461.4489000000
2020-04-05 00:00,1932894.6293000000
2020-04-06 00:00,2329417.9340000000
2020-04-07 00:00,2227132.8625000000
2020-04-08 00:00,2328043.8509000000
2020-04-09 00:00,2309029.9109000000
2020-04-10 00:00,2089616.2103000000
2020-04-11 00:00,2145476.9625000000
2020-04-12 00:00,2151085.5241000000
2020-04-13 00:00,2117408.7924000000
2020-04-14 00:00,2136697.9966000000
2020-04-15 00:00,2092551.4342000000
2020-04-16 00:00,2309191.0241000000
2020-04-17 00:00,2300243.4519000000
2020-04-18 00:00,2528549.3624000000
2020-04-19 00:00,2463086.8932000000
2020-04-20 00:00,2320871.2619000000
2020-04-21 00:00,2326381.5063000000
2020-04-22 00:00,2483905.7234000000
2020-04-23 00:00,2517765.7414000000
2020-04-24 00:00,2516417.3464000000
2020-04-25 00:00,2635495.0812000000
2020-04-26 00:00,2679127.3868000000
2020-04-27 00:00,2645330.5699000000
2020-04-28 00:00,2771150.8079000000
2020-04-29 00:00,3031141.8899000000
2020-04-30 00:00,2808584.2594000000
2020-05-01 00:00,2858702.2285000000
2020-05-02 00:00,2881810.2377000000
2020-05-03 00:00,2908542.9161000000
2020-05-04 00:00,2857126.1730000000
2020-05-05 00:00,2819475.5211000000
2020-05-06 00:00,2823798.8149000000
2020-05-07 00:00,3002639.1673000000
2020-05-08 00:00,2914088.5228000000
2020-05-09 00:00,3096840.9662000000
2020-05-10 00:00,2987976.2692000000
2020-05-11 00:00,2652946.4488000000
2020-05-12 00:00,2811243.2788000000
2020-05-13 00:00,2875281.7634000000
2020-05-14 00:00,2906010.6971000000
2020-05-15 00:00,2761041.9491000000
2020-05-16 00:00,2899822.5979000000
2020-05-17 00:00,3068334.8044000000
2020-05-18 00:00,3126126.4483000000
2020-05-19 00:00,3205804.6792000000
2020-05-20 00:00,3305433.1852000000
2020-05-21 00:00,2918136.9217000000
2020-05-22 00:00,2945930.8613000000
2020-05-23 00:00,2985565.3017000000
2020-05-24 00:00,2978120.5085000000
2020-05-25 00:00,3083020.8227000000
2020-05-26 00:00,3063057.0051000000
2020-05-27 00:00,3318132.9847000000
2020-05-28 00:00,3276294.6190000000
2020-05-29 00:00,3598185.0397000000
2020-05-30 00:00,3531342.7460000000
2020-05-31 00:00,3398661.6590000000
2020-06-01 00:00,3728457.1780000000
2020-06-02 00:00,3428796.3595000000
2020-06-03 00:00,3568795.0782000000
2020-06-04 00:00,3610862.2367000000
2020-06-05 00:00,3593833.0599000000
2020-06-06 00:00,3679036.1277000000
2020-06-07 00:00,3691958.1876000000
2020-06-08 00:00,3727857.2488000000
2020-06-09 00:00,6290937.2823000000
2020-06-10 00:00,7009908.7693000000
2020-06-11 00:00,3500161.4571000000
2020-06-12 00:00,3467141.1807000000
2020-06-13 00:00,3435301.2274000000
2020-06-14 00:00,3593590.4633000000
2020-06-15 00:00,3511668.4405000000
2020-06-16 00:00,3595384.1955000000
2020-06-17 00:00,3544143.9073000000
2020-06-18 00:00,3593315.3716000000
2020-06-19 00:00,3411945.9893000000
2020-06-20 00:00,3439450.2318000000
2020-06-21 00:00,3594814.3348000000
2020-06-22 00:00,3920308.5091000000
2020-06-23 00:00,3962686.4400000000
2020-06-24 00:00,3723607.2325000000
2020-06-25 00:00,3632506.7813000000
2020-06-26 00:00,3507627.8283000000
2020-06-27 00:00,3424359.6656000000
2020-06-28 00:00,3492080.5862000000
2020-06-29 00:00,3787009.7564000000
2020-06-30 00:00,3625189.9357000000
2020-07-01 00:00,3648201.0564000000
2020-07-02 00:00,3625311.6925000000
2020-07-03 00:00,3406541.5038000000
2020-07-04 00:00,3462901.2021000000
2020-07-05 00:00,3569801.8773000000
2020-07-06 00:00,3810675.3626000000
2020-07-07 00:00,3975682.5483000000
2020-07-08 00:00,3986975.1771000000
2020-07-09 00:00,3725358.8192000000
2020-07-10 00:00,3696060.4119000000
2020-07-11 00:00,3614835.3240000000
2020-07-12 00:00,4016474.0727000000
2020-07-13 00:00,3793807.4871000000
2020-07-14 00:00,3975077.8685000000
2020-07-15 00:00,3990749.4634000000
2020-07-16 00:00,3952931.7879000000
2020-07-17 00:00,3891979.4199000000
2020-07-18 00:00,3975399.6795000000
2020-07-19 00:00,4295029.5082000000
2020-07-20 00:00,4277007.4164000000
2020-07-21 00:00,4447902.2920000000
2020-07-22 00:00,5026650.0770000000
2020-07-23 00:00,5123085.3945000000
2020-07-24 00:00,5277753.8716000000
2020-07-25 00:00,5639788.5441000000
2020-07-26 00:00,6311763.9302000000
2020-07-27 00:00,5886601.6388000000
2020-07-28 00:00,5906588.9515000000
2020-07-29 00:00,5733786.3054000000
2020-07-30 00:00,6329171.5978000000
2020-07-31 00:00,6175283.7465000000
2020-08-01 00:00,7317335.2443000000
2020-08-02 00:00,6753624.0169000000
2020-08-03 00:00,6644033.0282000000
2020-08-04 00:00,6623504.4025000000
2020-08-05 00:00,7014916.5365000000
2020-08-06 00:00,7368035.2960000000
2020-08-07 00:00,6857064.9281000000
2020-08-08 00:00,7503730.8312000000
2020-08-09 00:00,8694518.0922000000
2020-08-10 00:00,9064044.7275000000
2020-08-11 00:00,11680564.3686000000
2020-08-12 00:00,12881641.7263000000
2020-08-13 00:00,12578018.0549000000
2020-08-14 00:00,9690623.4065000000
2020-08-15 00:00,9049195.2933000000
2020-08-16 00:00,9289782.4435000000
2020-08-17 00:00,10077369.9938000000
2020-08-18 00:00,10043994.3993000000
2020-08-19 00:00,9028313.1111000000
2020-08-20 00:00,10638904.7992000000
2020-08-21 00:00,8093417.3584000000
2020-08-22 00:00,7807452.2363000000
2020-08-23 00:00,8123157.0140000000
2020-08-24 00:00,8673861.3360000000
2020-08-25 00:00,7802852.2936000000
2020-08-26 00:00,7855815.5795000000
2020-08-27 00:00,7746329.6215000000
2020-08-28 00:00,8250195.5894000000
2020-08-29 00:00,11852822.6003000000
2020-08-30 00:00,13751502.6865000000
2020-08-31 00:00,21170792.9451000000
2020-09-01 00:00,24244771.5134000000
2020-09-02 00:00,19300603.3682000000
2020-09-03 00:00,11991073.1908000000
2020-09-04 00:00,13546441.0889000000
2020-09-05 00:00,7787921.6949000000
2020-09-06 00:00,7632816.8259000000
2020-09-07 00:00,7412446.7846000000
2020-09-08 00:00,7513790.8373000000
2020-09-09 00:00,9462119.6846000000
2020-09-10 00:00,9080313.0046000000
2020-09-11 00:00,7939420.0488000000
2020-09-12 00:00,8692391.4227000000
2020-09-13 00:00,10414555.9021000000
2020-09-14 00:00,10490190.3286000000
2020-09-15 00:00,8962806.2466000000
2020-09-16 00:00,20441186.5684000000
2020-09-17 00:00,14630324.9719000000
2020-09-18 00:00,10195402.4843000000
2020-09-19 00:00,9006853.4150000000
2020-09-20 00:00,9909299.6759000000
2020-09-21 00:00,8550318.3360000000
2020-09-22 00:00,7958803.4017000000
2020-09-23 00:00,6910756.8871000000
2020-09-24 00:00,7190094.6142000000
2020-09-25 00:00,6728886.4437000000
2020-09-26 00:00,6777299.9106000000
2020-09-27 00:00,7811771.6352000000
2020-09-28 00:00,8530577.4036000000
2020-09-29 00:00,7790112.3122000000
2020-09-30 00:00,7304711.0706000000
2020-10-01 00:00,6910650.3241000000
2020-10-02 00:00,6341732.2967000000
2020-10-03 00:00,6457169.9520000000
2020-10-04 00:00,6830060.5254000000
2020-10-05 00:00,7524856.3223000000
2020-10-06 00:00,6408999.6646000000
2020-10-07 00:00,6356273.8634000000
2020-10-08 00:00,6486969.0203000000
2020-10-09 00:00,6404630.5800000000
2020-10-10 00:00,6202295.5064000000
2020-10-11 00:00,6910050.0910000000
2020-10-12 00:00,7308196.2289000000
2020-10-13 00:00,7254248.3639000000
2020-10-14 00:00,7193335.1622000000
2020-10-15 00:00,6695606.4343000000
2020-10-16 00:00,5732534.9402000000
2020-10-17 00:00,5773620.7903000000
2020-10-18 00:00,6574872.6830000000
2020-10-19 00:00,6667250.0451000000
2020-10-20 00:00,6918622.0865000000
2020-10-21 00:00,7020787.7660000000
2020-10-22 00:00,7176795.6517000000
2020-10-23 00:00,6314930.3459000000
2020-10-24 00:00,6311998.0179000000
2020-10-25 00:00,7055051.4906000000
2020-10-26 00:00,6395501.4420000000
2020-10-27 00:00,7252134.1692000000
2020-10-28 00:00,7064644.2010000000
2020-10-29 00:00,6808799.8684000000
2020-10-30 00:00,6151014.0950000000
2020-10-31 00:00,5963941.5078000000
2020-11-01 00:00,6858005.0794000000
2020-11-02 00:00,6298528.0596000000
2020-11-03 00:00,6141055.3322000000
2020-11-04 00:00,6753996.4996000000
2020-11-05 00:00,7327473.0474000000
2020-11-06 00:00,7862577.9072000000
2020-11-07 00:00,6629208.5116000000
2020-11-08 00:00,7384186.9738000000
2020-11-09 00:00,7432623.1080000000
2020-11-10 00:00,7568779.4987000000
2020-11-11 00:00,7975204.9537000000
2020-11-12 00:00,7948290.3392000000
2020-11-13 00:00,7565027.0199000000
2020-11-14 00:00,7232794.7187000000
2020-11-15 00:00,7417634.8614000000
2020-11-16 00:00,8744417.8218000000
2020-11-17 00:00,9307644.9169000000
2020-11-18 00:00,8211071.2150000000
2020-11-19 00:00,8495322.6542000000
2020-11-20 00:00,9271663.7758000000
2020-11-21 00:00,9818990.0400000000
2020-11-22 00:00,10508837.1764000000
2020-11-23 00:00,12360356.6518000000
2020-11-24 00:00,10569062.4089000000
2020-11-25 00:00,13799728.1946000000
2020-11-26 00:00,8283907.4132000000
2020-11-27 00:00,8001104.6755000000
2020-11-28 00:00,8063979.7809000000
2020-11-29 00:00,11023171.8778000000
2020-11-30 00:00,11999215.7500000000
2020-12-01 00:00,9467662.8252000000
2020-12-02 00:00,9955890.6162000000
2020-12-03 00:00,10392199.8865000000
2020-12-04 00:00,8951996.5609000000
2020-12-05 00:00,9405212.3437000000
2020-12-06 00:00,9943024.2227000000
2020-12-07 00:00,10562831.6657000000
2020-12-08 00:00,10115509.9040000000
2020-12-09 00:00,9823050.1245000000
2020-12-10 00:00,9986806.9659000000
2020-12-11 00:00,8794798.7478000000
2020-12-12 00:00,9271339.2150000000
2020-12-13 00:00,10517522.8522000000
2020-12-14 00:00,11426842.2368000000
2020-12-15 00:00,11487695.7581000000
2020-12-16 00:00,15341142.4123000000
2020-12-17 00:00,11956371.4001000000
2020-12-18 00:00,11736001.8224000000
2020-12-19 00:00,10891972.9716000000
2020-12-20 00:00,12282678.0835000000
2020-12-21 00:00,11132737.1356000000
2020-12-22 00:00,14087512.5984000000
2020-12-23 00:00,11541327.5937000000
2020-12-24 00:00,12252860.0580000000
2020-12-25 00:00,11520906.9814000000
2020-12-26 00:00,13112331.2138000000
2020-12-27 00:00,15232313.3733000000
2020-12-28 00:00,14846760.0578000000
2020-12-29 00:00,16250428.8074000000
2020-12-30 00:00,15649831.4203000000
2020-12-31 00:00,13513298.5326000000
2021-01-01 00:00,15501473.5003000000
2021-01-02 00:00,20211572.7804000000
2021-01-03 00:00,32091745.5411000000
2021-01-04 00:00,24660849.0746000000
2021-01-05 00:00,25097422.5522000000
2021-01-06 00:00,28433373.4586000000
2021-01-07 00:00,29992230.0815000000
2021-01-08 00:00,24683393.4789000000
2021-01-09 00:00,25798243.0524000000
2021-01-10 00:00,41616096.6997000000
2021-01-11 00:00,21752789.3181000000
2021-01-12 00:00,19354079.4457000000
2021-01-13 00:00,21883351.1238000000
2021-01-14 00:00,25068542.4881000000
2021-01-15 00:00,22658498.1897000000
2021-01-16 00:00,22073223.6390000000
2021-01-17 00:00,23124972.1756000000
2021-01-18 00:00,26428240.0949000000
2021-01-19 00:00,27437327.7396000000
2021-01-20 00:00,31477714.3016000000
2021-01-21 00:00,26232763.0121000000
2021-01-22 00:00,24037282.5837000000
2021-01-23 00:00,23858469.0574000000
2021-01-24 00:00,30189924.2841000000
2021-01-25 00:00,26123076.6568000000
2021-01-26 00:00,28035392.5620000000
2021-01-27 00:00,25507327.6368000000
2021-01-28 00:00,31651524.1653000000
2021-01-29 00:00,29593381.6822000000
2021-01-30 00:00,32321099.9517000000
2021-01-31 00:00,33104534.9116000000
2021-02-01 00:00,36656083.6545000000
2021-02-02 00:00,40430120.3574000000
2021-02-03 00:00,52902819.0511000000
2021-02-04 00:00,51851694.0495000000
2021-02-05 00:00,46792300.3810000000
2021-02-06 00:00,43296479.1391000000
2021-02-07 00:00,47408684.4240000000
2021-02-08 00:00,54883889.7700000000
2021-02-09 00:00,53119590.0675000000
2021-02-10 00:00,46346938.1633000000
2021-02-11 00:00,48293502.1872000000
2021-02-12 00:00,50419411.1444000000
2021-02-13 00:00,44941830.0278000000
2021-02-14 00:00,49243104.2610000000
2021-02-15 00:00,46955650.1737000000
2021-02-16 00:00,48067313.4135000000
2021-02-17 00:00,50418488.6776000000
2021-02-18 00:00,54513948.9344000000
2021-02-19 00:00,56997013.0307000000
2021-02-20 00:00,46948682.3339000000
2021-02-21 00:00,68694011.0394000000
2021-02-22 00:00,79995954.7569000000
2021-02-23 00:00,45764223.0993000000
2021-02-24 00:00,42638535.3864000000
2021-02-25 00:00,37928803.8903000000
2021-02-26 00:00,32618226.7628000000
2021-02-27 00:00,33361977.9667000000
2021-02-28 00:00,31506850.1143000000
2021-03-01 00:00,36208924.0906000000
2021-03-02 00:00,34463844.3010000000
2021-03-03 00:00,34726777.0156000000
2021-03-04 00:00,37233457.7824000000
2021-03-05 00:00,32302207.3472000000
2021-03-06 00:00,38948337.2863000000
2021-03-07 00:00,41257990.4280000000
2021-03-08 00:00,43913228.4488000000
2021-03-09 00:00,44500929.4122000000
2021-03-10 00:00,42309274.8989000000
2021-03-11 00:00,48501294.9575000000
2021-03-12 00:00,46113696.3245000000
2021-03-13 00:00,48174763.3776000000
2021-03-14 00:00,52097246.8780000000
2021-03-15 00:00,50128681.8176000000
2021-03-16 00:00,51530203.8703000000
2021-03-17 00:00,50067193.4793000000
2021-03-18 00:00,45637917.1689000000
2021-03-19 00:00,44204107.8433000000
2021-03-20 00:00,43043505.3879000000
2021-03-21 00:00,50113479.4775000000
2021-03-22 00:00,44005340.4546000000
2021-03-23 00:00,45224646.9276000000
2021-03-24 00:00,43633477.7093000000
2021-03-25 00:00,39285184.7173000000
2021-03-26 00:00,38054768.4476000000
2021-03-27 00:00,39100260.9621000000
2021-03-28 00:00,42109625.2492000000
2021-03-29 00:00,47865956.2366000000
2021-03-30 00:00,54759426.2189000000
2021-03-31 00:00,54764769.3219000000
2021-04-01 00:00,54278586.2742000000
2021-04-02 00:00,53005413.7640000000
2021-04-03 00:00,44369911.1250000000
2021-04-04 00:00,51443845.5510000000
2021-04-05 00:00,52888448.2059000000
2021-04-06 00:00,53562325.8235000000
2021-04-07 00:00,44841652.1933000000
2021-04-08 00:00,46349053.7028000000
2021-04-09 00:00,43816064.5374000000
2021-04-10 00:00,42427143.8644000000
2021-04-11 00:00,46632835.1433000000
2021-04-12 00:00,47932300.5016000000
2021-04-13 00:00,54779920.2590000000
2021-04-14 00:00,50783553.2010000000
2021-04-15 00:00,68420434.2869000000
2021-04-16 00:00,59756278.8747000000
2021-04-17 00:00,63361883.0017000000
2021-04-18 00:00,63382665.7636000000
2021-04-19 00:00,75473804.1537000000
2021-04-20 00:00,64943451.7234000000
2021-04-21 00:00,61758708.4972000000
2021-04-22 00:00,59214073.3321000000
2021-04-23 00:00,45796294.5025000000
2021-04-24 00:00,40278478.7164000000
2021-04-25 00:00,43044820.7938000000
2021-04-26 00:00,48207591.1340000000
2021-04-27 00:00,53432568.8318000000
2021-04-28 00:00,53985804.9558000000
2021-04-29 00:00,49992925.2943000000
2021-04-30 00:00,49716256.6609000000
2021-05-01 00:00,49238027.4640000000
2021-05-02 00:00,56687333.6032000000
2021-05-03 00:00,66839910.2696000000
2021-05-04 00:00,60473237.7508000000
2021-05-05 00:00,67284792.6944000000
2021-05-06 00:00,67319832.2224000000
2021-05-07 00:00,91206896.4142000000
2021-05-08 00:00,98279989.0055000000
2021-05-09 00:00,139888960.1125000000
2021-05-10 00:00,163647727.0031000000
2021-05-11 00:00,166600215.4300000000
2021-05-12 00:00,115526268.2654000000
2021-05-13 00:00,94495064.4500000000
2021-05-14 00:00,89506001.1340000000
2021-05-15 00:00,75635635.1058000000
2021-05-16 00:00,78522762.3861000000
2021-05-17 00:00,69701565.2514000000
2021-05-18 00:00,148487758.6760000000
2021-05-19 00:00,63326988.3195000000
2021-05-20 00:00,66168480.0537000000
2021-05-21 00:00,44149358.5200000000
2021-05-22 00:00,61285973.4589000000
2021-05-23 00:00,41016458.8919000000
2021-05-24 00:00,46472610.6448000000
2021-05-25 00:00,47098487.8192000000
2021-05-26 00:00,47568777.8787000000
2021-05-27 00:00,45839596.7587000000
2021-05-28 00:00,39058096.7091000000
2021-05-29 00:00,35570177.6015000000
2021-05-30 00:00,38197050.6855000000
2021-05-31 00:00,42816759.8456000000
2021-06-01 00:00,42118199.7788000000
2021-06-02 00:00,43161118.1107000000
2021-06-03 00:00,44775878.5260000000
2021-06-04 00:00,39668775.3883000000
2021-06-05 00:00,38433427.9277000000
2021-06-06 00:00,40627671.4865000000
2021-06-07 00:00,40826826.5544000000
2021-06-08 00:00,38596438.1394000000
2021-06-09 00:00,39154509.0394000000
2021-06-10 00:00,37805022.5527000000
2021-06-11 00:00,34875278.8382000000
2021-06-12 00:00,34341587.1718000000
2021-06-13 00:00,37294627.0281000000
2021-06-14 00:00,38979167.2463000000
2021-06-15 00:00,37788719.3567000000
2021-06-16 00:00,35667156.6846000000
2021-06-17 00:00,35502340.6960000000
2021-06-18 00:00,32046763.0157000000
2021-06-19 00:00,31920193.2166000000
2021-06-20 00:00,37788206.2890000000
2021-06-21 00:00,37039514.2628000000
2021-06-22 00:00,28189017.0881000000
2021-06-23 00:00,29099853.4359000000
2021-06-24 00:00,30175719.4424000000
2021-06-25 00:00,26333971.1975000000
2021-06-26 00:00,27986654.6548000000
2021-06-27 00:00,30018790.2203000000
2021-06-28 00:00,31470064.4631000000
2021-06-29 00:00,34681338.4507000000
2021-06-30 00:00,33886281.4112000000
2021-07-01 00:00,30926093.1698000000
2021-07-02 00:00,31012969.1486000000
2021-07-03 00:00,31674592.7304000000
2021-07-04 00:00,34039970.8883000000
2021-07-05 00:00,39213278.6475000000
2021-07-06 00:00,38244738.3312000000
2021-07-07 00:00,37952850.3465000000
2021-07-08 00:00,32876310.1851000000
2021-07-09 00:00,31361280.6191000000
2021-07-10 00:00,29970098.9443000000
2021-07-11 00:00,33126521.1442000000
2021-07-12 00:00,31784642.7514000000
2021-07-13 00:00,33344414.2579000000
2021-07-14 00:00,34078956.0353000000
2021-07-15 00:00,31766567.6324000000
2021-07-16 00:00,28856307.5415000000
2021-07-17 00:00,29118565.0489000000
2021-07-18 00:00,29802614.9203000000
2021-07-19 00:00,28889096.6415000000
2021-07-20 00:00,27527206.2498000000
2021-07-21 00:00,32098497.0673000000
2021-07-22 00:00,33278483.8962000000
2021-07-23 00:00,32072892.8993000000
2021-07-24 00:00,32339237.3901000000
2021-07-25 00:00,36614959.1616000000
2021-07-26 00:00,38865906.0473000000
2021-07-27 00:00,40748667.9546000000
2021-07-28 00:00,36193411.7799000000
2021-07-29 00:00,38345702.3557000000
2021-07-30 00:00,43005157.0167000000
2021-07-31 00:00,41529638.5243000000
2021-08-01 00:00,43229451.1275000000
2021-08-02 00:00,46051352.8057000000
2021-08-03 00:00,42483735.7838000000
2021-08-04 00:00,43364382.3083000000
2021-08-05 00:00,39858113.6822000000
2021-08-06 00:00,41259765.3123000000
2021-08-07 00:00,45041587.2104000000
2021-08-08 00:00,45869143.6241000000
2021-08-09 00:00,48599827.6458000000
2021-08-10 00:00,45237657.4212000000
2021-08-11 00:00,46253143.3182000000
2021-08-12 00:00,45991241.8522000000
2021-08-13 00:00,49420072.6529000000
2021-08-14 00:00,49728413.8370000000
2021-08-15 00:00,47423500.3508000000
2021-08-16 00:00,45624566.2904000000
2021-08-17 00:00,42781624.0940000000
2021-08-18 00:00,47980563.0135000000
2021-08-19 00:00,44565062.0503000000
2021-08-20 00:00,45345743.8013000000
2021-08-21 00:00,45006228.5777000000
2021-08-22 00:00,45736767.2350000000
2021-08-23 00:00,48620872.8736000000
2021-08-24 00:00,46461467.1819000000
2021-08-25 00:00,47529464.8906000000
2021-08-26 00:00,47706332.9514000000
2021-08-27 00:00,49731265.8060000000
2021-08-28 00:00,50875161.3564000000
2021-08-29 00:00,49382161.0138000000
2021-08-30 00:00,50192690.4171000000
2021-08-31 00:00,57083370.2126000000
2021-09-01 00:00,55411385.0727000000
2021-09-02 00:00,57351669.1398000000
2021-09-03 00:00,57631621.1696000000
2021-09-04 00:00,57511210.8527000000
2021-09-05 00:00,57473020.4754000000
2021-09-06 00:00,76367021.3519000000
2021-09-07 00:00,51987045.7926000000
2021-09-08 00:00,56925175.9248000000
2021-09-09 00:00,52186467.3847000000
2021-09-10 00:00,44260051.0626000000
2021-09-11 00:00,45592803.8498000000
2021-09-12 00:00,50371810.7607000000
2021-09-13 00:00,49638529.5271000000
2021-09-14 00:00,48114413.1723000000
2021-09-15 00:00,52715924.7081000000
2021-09-16 00:00,49907296.0068000000
2021-09-17 00:00,46638313.8627000000
2021-09-18 00:00,52344668.2426000000
2021-09-19 00:00,47779300.6738000000
2021-09-20 00:00,43374557.3450000000
2021-09-21 00:00,38292227.2128000000
2021-09-22 00:00,48396031.2803000000
2021-09-23 00:00,44222532.5312000000
2021-09-24 00:00,40630451.1696000000
2021-09-25 00:00,42388594.1861000000
2021-09-26 00:00,68548474.8635000000
2021-09-27 00:00,41687182.0823000000
2021-09-28 00:00,38951474.0047000000
2021-09-29 00:00,40639804.9886000000
2021-09-30 00:00,42478273.0508000000
2021-10-01 00:00,46105802.1222000000
2021-10-02 00:00,46012993.9540000000
2021-10-03 00:00,47993169.6787000000
2021-10-04 00:00,51343914.5422000000
2021-10-05 00:00,50831344.3411000000
2021-10-06 00:00,52266531.3514000000
2021-10-07 00:00,51609176.8846000000
2021-10-08 00:00,48317144.5435000000
2021-10-09 00:00,50630569.2346000000
2021-10-10 00:00,48822211.1597000000
2021-10-11 00:00,49471950.9970000000
2021-10-12 00:00,49279526.7015000000
2021-10-13 00:00,51866649.0120000000
2021-10-14 00:00,62844623.7377000000
2021-10-15 00:00,53849969.7777000000
2021-10-16 00:00,52816275.0941000000
2021-10-17 00:00,66830006.3608000000
2021-10-18 00:00,52448145.3253000000
2021-10-19 00:00,53489776.6289000000
2021-10-20 00:00,60207266.0135000000
2021-10-21 00:00,57111341.9972000000
2021-10-22 00:00,54571178.9265000000
2021-10-23 00:00,57767122.3289000000
2021-10-24 00:00,58230533.7302000000
2021-10-25 00:00,60932135.9493000000
2021-10-26 00:00,62534365.8672000000
2021-10-27 00:00,59779363.9591000000
2021-10-28 00:00,63507365.3400000000
2021-10-29 00:00,65172686.9653000000