date,avg_gas_cost
2015-08-06 00:00,176398755840.2226000000
2015-08-07 00:00,84445208621.4203000000
2015-08-08 00:00,56142267364.8030000000
2015-08-09 00:00,90300988330.9659000000
2015-08-10 00:00,28096363955.7165000000
2015-08-11 00:00,110446396144.9623000000
2015-08-12 00:00,77176229024.5197000000
2015-08-13 00:00,58786345415.1408000000
2015-08-14 00:00,40092188420.7493000000
2015-08-15 00:00,35442055367.2898000000
2015-08-16 00:00,37470871229.1874000000
2015-08-17 00:00,45259258574.9347000000
2015-08-18 00:00,29580450242.5951000000
2015-08-19 00:00,21266744270.6377000000
2015-08-20 00:00,27952330653.6808000000
2015-08-21 00:00,30905350162.8714000000
2015-08-22 00:00,20484415063.6224000000
2015-08-23 00:00,35040030859.7031000000
2015-08-24 00:00,24452248833.1201000000
2015-08-25 00:00,16023231937.6158000000
2015-08-26 00:00,16829845737.6463000000
2015-08-27 00:00,31461533981.0933000000
2015-08-28 00:00,17019532879.9607000000
2015-08-29 00:00,16716355151.8294000000
2015-08-30 00:00,18660333988.9896000000
2015-08-31 00:00,20650257250.6805000000
2015-09-01 00:00,28842821169.1465000000
2015-09-02 00:00,19836655160.8676000000
2015-09-03 00:00,25314425282.3279000000
2015-09-04 00:00,19979657821.2266000000
2015-09-05 00:00,19858605016.3710000000
2015-09-06 00:00,17285553149.5530000000
2015-09-07 00:00,28900933981.0636000000
2015-09-08 00:00,19089260163.8880000000
2015-09-09 00:00,17026419830.7242000000
2015-09-10 00:00,20405139787.0879000000
2015-09-11 00:00,25150247686.4027000000
2015-09-12 00:00,17024138880.0507000000
2015-09-13 00:00,19799055399.3521000000
2015-09-14 00:00,19124827480.1043000000
2015-09-15 00:00,25418322842.4687000000
2015-09-16 00:00,22898012201.8883000000
2015-09-17 00:00,21480924643.2988000000
2015-09-18 00:00,18563474744.1172000000
2015-09-19 00:00,23225593678.9597000000
2015-09-20 00:00,20053618423.5880000000
2015-09-21 00:00,22617621911.7294000000
2015-09-22 00:00,23624165697.8823000000
2015-09-23 00:00,23477015809.2261000000
2015-09-24 00:00,20309471590.7173000000
2015-09-25 00:00,19486170160.8039000000
2015-09-26 00:00,19107012598.6776000000
2015-09-27 00:00,21842259534.6321000000
2015-09-28 00:00,21481263216.0675000000
2015-09-29 00:00,19445956828.5733000000
2015-09-30 00:00,21031399416.8762000000
2015-10-01 00:00,20818719569.8872000000
2015-10-02 00:00,21904251503.4861000000
2015-10-03 00:00,22437954617.0561000000
2015-10-04 00:00,20293501668.1843000000
2015-10-05 00:00,21465953333.3346000000
2015-10-06 00:00,23807839784.5222000000
2015-10-07 00:00,27299325406.1479000000
2015-10-08 00:00,24922397934.2948000000
2015-10-09 00:00,26540824839.8558000000
2015-10-10 00:00,25344306568.0617000000
2015-10-11 00:00,23430096924.7964000000
2015-10-12 00:00,24179897590.7956000000
2015-10-13 00:00,28798488267.7521000000
2015-10-14 00:00,26068239797.5562000000
2015-10-15 00:00,25817195554.8353000000
2015-10-16 00:00,23885689999.5403000000
2015-10-17 00:00,24820947855.2097000000
2015-10-18 00:00,23950081803.3520000000
2015-10-19 00:00,22420319145.5134000000
2015-10-20 00:00,25603564972.3976000000
2015-10-21 00:00,28504138450.7129000000
2015-10-22 00:00,24253044850.8915000000
2015-10-23 00:00,24280180782.3767000000
2015-10-24 00:00,22101273756.1128000000
2015-10-25 00:00,23233984210.8299000000
2015-10-26 00:00,24508846244.0161000000
2015-10-27 00:00,28566798122.6745000000
2015-10-28 00:00,27279375374.8154000000
2015-10-29 00:00,27917497290.9532000000
2015-10-30 00:00,27308700391.4342000000
2015-10-31 00:00,24490124650.1722000000
2015-11-01 00:00,23177234986.2170000000
2015-11-02 00:00,25541245118.2665000000
2015-11-03 00:00,24821838035.3387000000
2015-11-04 00:00,25451804880.0999000000
2015-11-05 00:00,26351250636.4403000000
2015-11-06 00:00,30746823122.8590000000
2015-11-07 00:00,31871223624.5383000000
2015-11-08 00:00,25858661628.2201000000
2015-11-09 00:00,28209688496.7016000000
2015-11-10 00:00,34058822474.6275000000
2015-11-11 00:00,31192724937.2217000000
2015-11-12 00:00,27771222143.5902000000
2015-11-13 00:00,24675976810.8114000000
2015-11-14 00:00,25009652866.7363000000
2015-11-15 00:00,29818949421.2266000000
2015-11-16 00:00,26853606482.6967000000
2015-11-17 00:00,25149446670.7235000000
2015-11-18 00:00,28993154407.2620000000
2015-11-19 00:00,24388718339.5300000000
2015-11-20 00:00,24780322800.2008000000
2015-11-21 00:00,27163357689.7809000000
2015-11-22 00:00,29083798900.8876000000
2015-11-23 00:00,28250990103.5365000000
2015-11-24 00:00,25216314869.4561000000
2015-11-25 00:00,24660167491.9496000000
2015-11-26 00:00,24250270124.8212000000
2015-11-27 00:00,23810918501.1070000000
2015-11-28 00:00,24094143953.0584000000
2015-11-29 00:00,28591504978.2459000000
2015-11-30 00:00,24712339547.4996000000
2015-12-01 00:00,24183110145.4030000000
2015-12-02 00:00,24813239476.2159000000
2015-12-03 00:00,25129864526.5545000000
2015-12-04 00:00,24889921973.6033000000
2015-12-05 00:00,26830599027.3686000000
2015-12-06 00:00,26189920999.9135000000
2015-12-07 00:00,25875481115.9886000000
2015-12-08 00:00,25251294086.4871000000
2015-12-09 00:00,27484720551.8806000000
2015-12-10 00:00,31828658564.8368000000
2015-12-11 00:00,30740411065.9880000000
2015-12-12 00:00,26268712801.6676000000
2015-12-13 00:00,43402465151.9978000000
2015-12-14 00:00,37837371085.8020000000
2015-12-15 00:00,33172248514.5333000000
2015-12-16 00:00,31154765595.2911000000
2015-12-17 00:00,32123460619.2653000000
2015-12-18 00:00,30022117989.1528000000
2015-12-19 00:00,29326126152.2656000000
2015-12-20 00:00,33102773288.9407000000
2015-12-21 00:00,32437279346.6570000000
2015-12-22 00:00,35979331411.0644000000
2015-12-23 00:00,35149391917.9994000000
2015-12-24 00:00,30263247106.2557000000
2015-12-25 00:00,31306419434.6239000000
2015-12-26 00:00,33284785116.5305000000
2015-12-27 00:00,33602250632.7154000000
2015-12-28 00:00,33606756569.5035000000
2015-12-29 00:00,33845120050.6177000000
2015-12-30 00:00,32431470025.2563000000
2015-12-31 00:00,27528497373.7345000000
2016-01-01 00:00,29610980283.0192000000
2016-01-02 00:00,29509521842.0777000000
2016-01-03 00:00,29827335528.0369000000
2016-01-04 00:00,33715770429.2663000000
2016-01-05 00:00,37502115641.4674000000
2016-01-06 00:00,35085686107.5647000000
2016-01-07 00:00,31538643916.8091000000
2016-01-08 00:00,33287512697.8476000000
2016-01-09 00:00,30643882244.5519000000
2016-01-10 00:00,30920400698.5571000000
2016-01-11 00:00,31779591035.6787000000
2016-01-12 00:00,33765252073.0554000000
2016-01-13 00:00,30983967996.2770000000
2016-01-14 00:00,30862583221.0161000000
2016-01-15 00:00,30373732068.4590000000
2016-01-16 00:00,27990025308.3300000000
2016-01-17 00:00,31811308920.7851000000
2016-01-18 00:00,32663621610.8494000000
2016-01-19 00:00,29567133180.9454000000
2016-01-20 00:00,31482057574.7014000000
2016-01-21 00:00,31840178274.9900000000
2016-01-22 00:00,32059888899.6646000000
2016-01-23 00:00,35018751539.1370000000
2016-01-24 00:00,37058068271.1535000000
2016-01-25 00:00,43253105270.1683000000
2016-01-26 00:00,39843819488.6558000000
2016-01-27 00:00,36963444097.7745000000
2016-01-28 00:00,38127967770.1197000000
2016-01-29 00:00,39476528691.1758000000
2016-01-30 00:00,40119113685.8454000000
2016-01-31 00:00,36325031964.1725000000
2016-02-01 00:00,36230896657.5195000000
2016-02-02 00:00,43176097131.8252000000
2016-02-03 00:00,43486614546.1845000000
2016-02-04 00:00,47011072754.3569000000
2016-02-05 00:00,57667986806.2037000000
2016-02-06 00:00,38043513841.9790000000
2016-02-07 00:00,40967082446.9712000000
2016-02-08 00:00,69243919612.2398000000
2016-02-09 00:00,83485141274.7382000000
2016-02-10 00:00,43657157766.8484000000
2016-02-11 00:00,38761572038.7789000000
2016-02-12 00:00,38006992696.4214000000
2016-02-13 00:00,35262214214.6860000000
2016-02-14 00:00,39221174387.2227000000
2016-02-15 00:00,36519686119.1530000000
2016-02-16 00:00,36588319755.6224000000
2016-02-17 00:00,36144417899.8692000000
2016-02-18 00:00,36874910181.4306000000
2016-02-19 00:00,35289938776.0984000000
2016-02-20 00:00,37169413059.5614000000
2016-02-21 00:00,46429004507.7094000000
2016-02-22 00:00,41030095517.9996000000
2016-02-23 00:00,38645835251.9236000000
2016-02-24 00:00,42737136300.8298000000
2016-02-25 00:00,37658997063.1539000000
2016-02-26 00:00,37945459480.3103000000
2016-02-27 00:00,38993111235.8002000000
2016-02-28 00:00,40116019223.3427000000
2016-02-29 00:00,38449167531.9551000000
2016-03-01 00:00,42365807081.3270000000
2016-03-02 00:00,37105461969.3610000000
2016-03-03 00:00,30197305878.1486000000
2016-03-04 00:00,29603813457.5732000000
2016-03-05 00:00,29245434276.7783000000
2016-03-06 00:00,29155901699.5567000000
2016-03-07 00:00,26946733054.9703000000
2016-03-08 00:00,22652727654.8016000000
2016-03-09 00:00,19542740336.6688000000
2016-03-10 00:00,16022527399.1335000000
2016-03-11 00:00,17480507033.5007000000
2016-03-12 00:00,17932586278.6348000000
2016-03-13 00:00,17830756575.7737000000
2016-03-14 00:00,17309244871.2607000000
2016-03-15 00:00,16987542830.9089000000
2016-03-16 00:00,17773651372.7465000000
2016-03-17 00:00,18123569076.3870000000
2016-03-18 00:00,20923539608.2415000000
2016-03-19 00:00,18056259091.4969000000
2016-03-20 00:00,17090827544.0140000000
2016-03-21 00:00,16150828291.8582000000
2016-03-22 00:00,16738016716.0850000000
2016-03-23 00:00,18119392086.9674000000
2016-03-24 00:00,19955002295.8173000000
2016-03-25 00:00,18211532025.6637000000
2016-03-26 00:00,16245783255.6626000000
2016-03-27 00:00,16435335393.8808000000
2016-03-28 00:00,17083261009.5739000000
2016-03-29 00:00,17071028792.9631000000
2016-03-30 00:00,16801072150.7575000000
2016-03-31 00:00,16498334677.5019000000
2016-04-01 00:00,15603983775.3703000000
2016-04-02 00:00,15571584863.7927000000
2016-04-03 00:00,16780613719.8748000000
2016-04-04 00:00,16095083169.0988000000
2016-04-05 00:00,16178439740.3424000000
2016-04-06 00:00,15482097949.5758000000
2016-04-07 00:00,16328374329.0326000000
2016-04-08 00:00,15457856070.2852000000
2016-04-09 00:00,16515190672.8158000000
2016-04-10 00:00,15897772421.9360000000
2016-04-11 00:00,16290021514.2381000000
2016-04-12 00:00,16276765028.8457000000
2016-04-13 00:00,17053754030.7467000000
2016-04-14 00:00,15805935235.7807000000
2016-04-15 00:00,15610929579.3015000000
2016-04-16 00:00,16444510714.5413000000
2016-04-17 00:00,16080834770.2763000000
2016-04-18 00:00,15980226939.8140000000
2016-04-19 00:00,16502415154.8873000000
2016-04-20 00:00,16598524837.7317000000
2016-04-21 00:00,15993590714.3432000000
2016-04-22 00:00,15717120844.5300000000
2016-04-23 00:00,16305117812.0525000000
2016-04-24 00:00,16238969401.7734000000
2016-04-25 00:00,17059463330.3108000000
2016-04-26 00:00,16455852888.1158000000
2016-04-27 00:00,16662205659.3915000000
2016-04-28 00:00,17017169157.6149000000
2016-04-29 00:00,17340471632.4163000000
2016-04-30 00:00,17677612806.7020000000
2016-05-01 00:00,17566200398.2944000000
2016-05-02 00:00,17717220447.1001000000
2016-05-03 00:00,17100351404.5627000000
2016-05-04 00:00,17459950835.8004000000
2016-05-05 00:00,17453505685.7232000000
2016-05-06 00:00,17365444422.6697000000
2016-05-07 00:00,17216006743.3251000000
2016-05-08 00:00,16838921648.8809000000
2016-05-09 00:00,17547442810.6083000000
2016-05-10 00:00,17499329634.4246000000
2016-05-11 00:00,18726225566.5411000000
2016-05-12 00:00,19006727839.4296000000
2016-05-13 00:00,19571046498.0534000000
2016-05-14 00:00,17326692762.9405000000
2016-05-15 00:00,17166277768.9165000000
2016-05-16 00:00,17325543215.8868000000
2016-05-17 00:00,17520252381.8245000000
2016-05-18 00:00,17614339065.9281000000
2016-05-19 00:00,18097346620.5968000000
2016-05-20 00:00,17343406349.5193000000
2016-05-21 00:00,16902597967.4052000000
2016-05-22 00:00,17929419466.4984000000
2016-05-23 00:00,18045466291.4714000000
2016-05-24 00:00,17769390984.6049000000
2016-05-25 00:00,17458811130.6759000000
2016-05-26 00:00,18020189126.7070000000
2016-05-27 00:00,18847007839.5820000000
2016-05-28 00:00,17873459386.4223000000
2016-05-29 00:00,17398980429.8815000000
2016-05-30 00:00,17595824292.7188000000
2016-05-31 00:00,17092551831.9790000000
2016-06-01 00:00,16806929407.6840000000
2016-06-02 00:00,16901591985.3460000000
2016-06-03 00:00,16436937554.7573000000
2016-06-04 00:00,16724858282.3497000000
2016-06-05 00:00,16921022553.0512000000
2016-06-06 00:00,17594734532.8227000000
2016-06-07 00:00,16888375910.6414000000
2016-06-08 00:00,16798471225.9993000000
2016-06-09 00:00,17311636689.9832000000
2016-06-10 00:00,16938351013.4581000000
2016-06-11 00:00,16977403344.9550000000
2016-06-12 00:00,17723676432.8813000000
2016-06-13 00:00,17971687960.1498000000
2016-06-14 00:00,17433469549.7598000000
2016-06-15 00:00,18053768874.0753000000
2016-06-16 00:00,15366622252.5259000000
2016-06-17 00:00,12769113880.3425000000
2016-06-18 00:00,12741059003.9688000000
2016-06-19 00:00,13097297716.1770000000
2016-06-20 00:00,14247642354.0300000000
2016-06-21 00:00,13345317892.0526000000
2016-06-22 00:00,12878189385.7090000000
2016-06-23 00:00,13010805832.0339000000
2016-06-24 00:00,14621000199.5042000000
2016-06-25 00:00,16449696432.4451000000
2016-06-26 00:00,17127354507.0041000000
2016-06-27 00:00,17261220853.8535000000
2016-06-28 00:00,17588901344.3120000000
2016-06-29 00:00,18400013277.4596000000
2016-06-30 00:00,16707826205.1551000000
2016-07-01 00:00,16833787646.0428000000
2016-07-02 00:00,16850416423.0673000000
2016-07-03 00:00,17233774980.7195000000
2016-07-04 00:00,17445147010.3664000000
2016-07-05 00:00,16595694049.8385000000
2016-07-06 00:00,16499657357.9319000000
2016-07-07 00:00,16797657179.6429000000
2016-07-08 00:00,16806782405.6151000000
2016-07-09 00:00,16426507020.6138000000
2016-07-10 00:00,16677222340.2115000000
2016-07-11 00:00,17027185000.0140000000
2016-07-12 00:00,16297400860.2129000000
2016-07-13 00:00,16338278186.3786000000
2016-07-14 00:00,16109525127.1820000000
2016-07-15 00:00,15796185570.0303000000
2016-07-16 00:00,16130539827.5822000000
2016-07-17 00:00,16286658145.5731000000
2016-07-18 00:00,15986710388.3975000000
2016-07-19 00:00,16441295525.2602000000
2016-07-20 00:00,16566164555.5873000000
2016-07-21 00:00,16678726128.1138000000
2016-07-22 00:00,16135163600.1331000000
2016-07-23 00:00,17649371817.7420000000
2016-07-24 00:00,18463626291.8962000000
2016-07-25 00:00,18742626694.8831000000
2016-07-26 00:00,17611387226.4235000000
2016-07-27 00:00,18212012110.9903000000
2016-07-28 00:00,17285141787.7140000000
2016-07-29 00:00,16140473412.1179000000
2016-07-30 00:00,16748282163.2403000000
2016-07-31 00:00,16617346508.3387000000
2016-08-01 00:00,17724186913.4433000000
2016-08-02 00:00,16721683070.3524000000
2016-08-03 00:00,16356424024.8786000000
2016-08-04 00:00,16172074539.1113000000
2016-08-05 00:00,15281701764.4450000000
2016-08-06 00:00,15327974406.9413000000
2016-08-07 00:00,16029446353.0555000000
2016-08-08 00:00,16098572783.8197000000
2016-08-09 00:00,16386624977.1615000000
2016-08-10 00:00,16171780132.5966000000
2016-08-11 00:00,15553412643.8555000000
2016-08-12 00:00,15125958051.7853000000
2016-08-13 00:00,15081528740.0958000000
2016-08-14 00:00,15442518125.1202000000
2016-08-15 00:00,15602945116.1934000000
2016-08-16 00:00,15193793094.6340000000
2016-08-17 00:00,15058079776.1757000000
2016-08-18 00:00,14577082635.2265000000
2016-08-19 00:00,14332944444.9671000000
2016-08-20 00:00,14640063956.8540000000
2016-08-21 00:00,14799879923.3942000000
2016-08-22 00:00,16105855270.4527000000
2016-08-23 00:00,14627398494.6446000000
2016-08-24 00:00,15171338520.4381000000
2016-08-25 00:00,14924453900.6414000000
2016-08-26 00:00,14394910070.1378000000
2016-08-27 00:00,14188627062.3365000000
2016-08-28 00:00,16655526551.8583000000
2016-08-29 00:00,15049724051.3973000000
2016-08-30 00:00,14891212397.7924000000
2016-08-31 00:00,16057079543.4906000000
2016-09-01 00:00,16306683637.4213000000
2016-09-02 00:00,15563911082.5591000000
2016-09-03 00:00,15923426239.5821000000
2016-09-04 00:00,14782159113.5360000000
2016-09-05 00:00,15029630097.3134000000
2016-09-06 00:00,15091789331.7151000000
2016-09-07 00:00,17697741803.9488000000
2016-09-08 00:00,15907192268.7563000000
2016-09-09 00:00,14997115857.5021000000
2016-09-10 00:00,15952891259.5593000000
2016-09-11 00:00,15338162807.1184000000
2016-09-12 00:00,15917192935.9585000000
2016-09-13 00:00,16093905818.5559000000
2016-09-14 00:00,16280136846.0126000000
2016-09-15 00:00,16744037429.0935000000
2016-09-16 00:00,16078568086.7336000000
2016-09-17 00:00,15063842733.1688000000
2016-09-18 00:00,15285514770.7347000000
2016-09-19 00:00,17758231182.8716000000
2016-09-20 00:00,17728079868.1943000000
2016-09-21 00:00,14011917609.6408000000
2016-09-22 00:00,11097187131.5472000000
2016-09-23 00:00,14040917864.7158000000
2016-09-24 00:00,16705735321.4118000000
2016-09-25 00:00,18929042557.2562000000
2016-09-26 00:00,15596718525.1672000000
2016-09-27 00:00,16196239900.6281000000
2016-09-28 00:00,14165196236.2524000000
2016-09-29 00:00,13281273692.7613000000
2016-09-30 00:00,13429951994.0888000000
2016-10-01 00:00,12643377104.8693000000
2016-10-02 00:00,13895691344.5600000000
2016-10-03 00:00,11896119720.0815000000
2016-10-04 00:00,9933569360.9916000000
2016-10-05 00:00,9978217825.2735000000
2016-10-06 00:00,10980411937.9456000000
2016-10-07 00:00,12471251795.7750000000
2016-10-08 00:00,12618841987.2091000000
2016-10-09 00:00,12743845237.5022000000
2016-10-10 00:00,10685329439.2332000000
2016-10-11 00:00,9094671592.7046000000
2016-10-12 00:00,23244746789.0607000000
2016-10-13 00:00,19298922173.8383000000
2016-10-14 00:00,30725683961.7831000000
2016-10-15 00:00,26383955989.3987000000
2016-10-16 00:00,35020139317.3907000000
2016-10-17 00:00,31306291469.7768000000
2016-10-18 00:00,16098092071.9063000000
2016-10-19 00:00,15812125753.9093000000
2016-10-20 00:00,15570296990.4563000000
2016-10-21 00:00,15239904219.9818000000
2016-10-22 00:00,16203708715.5803000000
2016-10-23 00:00,16001711046.5410000000
2016-10-24 00:00,16658637266.7732000000
2016-10-25 00:00,16305499394.0735000000
2016-10-26 00:00,16048894322.0605000000
2016-10-27 00:00,16379693711.7919000000
2016-10-28 00:00,16686866316.3686000000
2016-10-29 00:00,16592038786.3895000000
2016-10-30 00:00,16763102896.9345000000
2016-10-31 00:00,16891277004.6530000000
2016-11-01 00:00,18308139867.3441000000
2016-11-02 00:00,17876436826.0518000000
2016-11-03 00:00,14821732600.8787000000
2016-11-04 00:00,13324643542.4588000000
2016-11-05 00:00,14520187452.0872000000
2016-11-06 00:00,16859400034.5717000000
2016-11-07 00:00,16177376932.0581000000
2016-11-08 00:00,18783919040.7319000000
2016-11-09 00:00,17386952262.6361000000
2016-11-10 00:00,22163844805.7288000000
2016-11-11 00:00,16714452519.6476000000
2016-11-12 00:00,16825143890.2410000000
2016-11-13 00:00,16978510701.2317000000
2016-11-14 00:00,16739876147.2709000000
2016-11-15 00:00,16132163662.4012000000
2016-11-16 00:00,14756302009.5869000000
2016-11-17 00:00,16402774704.2579000000
2016-11-18 00:00,12812569519.4668000000
2016-11-19 00:00,13592844757.9179000000
2016-11-20 00:00,14771078443.4751000000
2016-11-21 00:00,13660410937.1749000000
2016-11-22 00:00,14803382791.9820000000
2016-11-23 00:00,15953019063.1513000000
2016-11-24 00:00,12382704546.1401000000
2016-11-25 00:00,14525671041.2193000000
2016-11-26 00:00,14340897247.8775000000
2016-11-27 00:00,14644267632.4323000000
2016-11-28 00:00,14828687548.0052000000
2016-11-29 00:00,12730495817.1366000000
2016-11-30 00:00,13142728705.0023000000
2016-12-01 00:00,13205819871.5534000000
2016-12-02 00:00,12258694866.7146000000
2016-12-03 00:00,12555540712.0207000000
2016-12-04 00:00,13907839961.7295000000
2016-12-05 00:00,14539848493.7909000000
2016-12-06 00:00,14125713482.1533000000
2016-12-07 00:00,5934830457331.7100000000
2016-12-08 00:00,13686217877.2977000000
2016-12-09 00:00,13259272827.5516000000
2016-12-10 00:00,13400065809.6015000000
2016-12-11 00:00,14727317642.4674000000
2016-12-12 00:00,15393002737.2231000000
2016-12-13 00:00,14738567729.1921000000
2016-12-14 00:00,14839087139.4751000000
2016-12-15 00:00,14315101448.4849000000
2016-12-16 00:00,16902267505.2874000000
2016-12-17 00:00,18344205113.5340000000
2016-12-18 00:00,15733589879.5269000000
2016-12-19 00:00,16643791216.3856000000
2016-12-20 00:00,18748425948.9554000000
2016-12-21 00:00,16145523724.3897000000
2016-12-22 00:00,15632728390.8401000000
2016-12-23 00:00,14314182807.2636000000
2016-12-24 00:00,13863199607.6832000000
2016-12-25 00:00,14546437236.2730000000
2016-12-26 00:00,15581084936.8795000000
2016-12-27 00:00,15239026429.0778000000
2016-12-28 00:00,15927212227.0210000000
2016-12-29 00:00,15944242593.8464000000
2016-12-30 00:00,14303589867.6337000000
2016-12-31 00:00,14161721338.4826000000
2017-01-01 00:00,14884622147.4751000000
2017-01-02 00:00,16108328068.2696000000
2017-01-03 00:00,16791158905.3014000000
2017-01-04 00:00,16249002467.2448000000
2017-01-05 00:00,16232770973.9511000000
2017-01-06 00:00,15652032031.2243000000
2017-01-07 00:00,15059909749.2995000000
2017-01-08 00:00,15737506514.4954000000
2017-01-09 00:00,15501822054.5620000000
2017-01-10 00:00,15158581103.5758000000
2017-01-11 00:00,15875941086.6800000000
2017-01-12 00:00,14607725968.3593000000
2017-01-13 00:00,14508016072.4684000000
2017-01-14 00:00,14637627258.2350000000
2017-01-15 00:00,15626574128.7322000000
2017-01-16 00:00,15918357093.8027000000
2017-01-17 00:00,15746476240.6373000000
2017-01-18 00:00,14936008229.4912000000
2017-01-19 00:00,15255616426.7045000000
2017-01-20 00:00,15464267840.8323000000
2017-01-21 00:00,15226805666.9650000000
2017-01-22 00:00,15307216460.0213000000
2017-01-23 00:00,15086197299.4709000000
2017-01-24 00:00,15306001475.6368000000
2017-01-25 00:00,15550973848.8661000000
2017-01-26 00:00,14906501623.6182000000
2017-01-27 00:00,14316016965.5575000000
2017-01-28 00:00,14196493151.4327000000
2017-01-29 00:00,13896459141.4401000000
2017-01-30 00:00,15352542875.8616000000
2017-01-31 00:00,14995032649.0666000000
2017-02-01 00:00,14965694731.4305000000
2017-02-02 00:00,14917702027.4908000000
2017-02-03 00:00,15620148486.8342000000
2017-02-04 00:00,14584715140.1348000000
2017-02-05 00:00,15137568431.3851000000
2017-02-06 00:00,15466079797.9193000000
2017-02-07 00:00,16627006936.9631000000
2017-02-08 00:00,16471532493.6646000000
2017-02-09 00:00,16241657366.3914000000
2017-02-10 00:00,14930885134.8907000000
2017-02-11 00:00,15376606805.6757000000
2017-02-12 00:00,16368370866.0137000000
2017-02-13 00:00,16843357786.7524000000
2017-02-14 00:00,16521870667.8294000000
2017-02-15 00:00,15833188917.4851000000
2017-02-16 00:00,15370378304.4100000000
2017-02-17 00:00,15659619711.8895000000
2017-02-18 00:00,14739781156.1844000000
2017-02-19 00:00,14842200329.3613000000
2017-02-20 00:00,15402168096.6552000000
2017-02-21 00:00,15341541780.7222000000
2017-02-22 00:00,15301113211.1495000000
2017-02-23 00:00,15627529472.2612000000
2017-02-24 00:00,15451929862.1565000000
2017-02-25 00:00,15563615051.1202000000
2017-02-26 00:00,16484560492.5753000000
2017-02-27 00:00,16700540666.0424000000
2017-02-28 00:00,16488394837.2962000000
2017-03-01 00:00,18194049660.8659000000
2017-03-02 00:00,18556858938.4998000000
2017-03-03 00:00,17171965122.6301000000
2017-03-04 00:00,16403275857.6088000000
2017-03-05 00:00,16464511578.2501000000
2017-03-06 00:00,16915733032.6596000000
2017-03-07 00:00,16348894901.1115000000
2017-03-08 00:00,16900030269.0687000000
2017-03-09 00:00,50894619984.6056000000
2017-03-10 00:00,17936054659.7989000000
2017-03-11 00:00,17518469215.2647000000
2017-03-12 00:00,18850525384.3639000000
2017-03-13 00:00,18349447757.1042000000
2017-03-14 00:00,18547513061.3949000000
2017-03-15 00:00,19555500195.4768000000
2017-03-16 00:00,52788468796.1646000000
2017-03-17 00:00,18140571423.0008000000
2017-03-18 00:00,18214979553.6513000000
2017-03-19 00:00,17678078462.6827000000
2017-03-20 00:00,17568593931.9904000000
2017-03-21 00:00,18933364068.1843000000
2017-03-22 00:00,20149007317.4596000000
2017-03-23 00:00,18357928772.4702000000
2017-03-24 00:00,18526374176.8714000000
2017-03-25 00:00,17867799949.7385000000
2017-03-26 00:00,17470508980.4720000000
2017-03-27 00:00,17599919030.8720000000
2017-03-28 00:00,18099181377.8417000000
2017-03-29 00:00,17995837714.8481000000
2017-03-30 00:00,18821218144.9049000000
2017-03-31 00:00,17201273637.7540000000
2017-04-01 00:00,17599443843.4316000000
2017-04-02 00:00,17785894945.7391000000
2017-04-03 00:00,18323735579.5384000000
2017-04-04 00:00,17454226053.7912000000
2017-04-05 00:00,19073936520.9406000000
2017-04-06 00:00,17772476618.3865000000
2017-04-07 00:00,17030358992.8903000000
2017-04-08 00:00,17344707560.4563000000
2017-04-09 00:00,18141142428.8479000000
2017-04-10 00:00,17235908476.5428000000
2017-04-11 00:00,17930540061.1658000000
2017-04-12 00:00,18412689803.5950000000
2017-04-13 00:00,18047631193.4849000000
2017-04-14 00:00,17687407659.8764000000
2017-04-15 00:00,17360146541.8510000000
2017-04-16 00:00,19436675807.2264000000
2017-04-17 00:00,19839990044.7391000000
2017-04-18 00:00,18195794884.3001000000
2017-04-19 00:00,18172409833.0956000000
2017-04-20 00:00,18028145171.0754000000
2017-04-21 00:00,17369938686.4018000000
2017-04-22 00:00,16852630506.7046000000
2017-04-23 00:00,18504440926.5777000000
2017-04-24 00:00,17978314872.9166000000
2017-04-25 00:00,18186672000.7433000000
2017-04-26 00:00,19429220893.6657000000
2017-04-27 00:00,18589999318.7804000000
2017-04-28 00:00,27127653943.0825000000
2017-04-29 00:00,18856692819.2350000000
2017-04-30 00:00,19994402846.3430000000
2017-05-01 00:00,19284579221.2209000000
2017-05-02 00:00,18837568066.2595000000
2017-05-03 00:00,19485292421.7527000000
2017-05-04 00:00,19317516245.8863000000
2017-05-05 00:00,18244994771.2344000000
2017-05-06 00:00,18690274058.7160000000
2017-05-07 00:00,18949191305.1718000000
2017-05-08 00:00,18898267393.9381000000
2017-05-09 00:00,18265214158.7185000000
2017-05-10 00:00,18398074114.9306000000
2017-05-11 00:00,18165904625.8657000000
2017-05-12 00:00,17676485872.5706000000
2017-05-13 00:00,18431870569.2075000000
2017-05-14 00:00,18407463973.8709000000
2017-05-15 00:00,18499769644.4253000000
2017-05-16 00:00,21075062595.6608000000
2017-05-17 00:00,19305081287.5007000000
2017-05-18 00:00,19221099802.0835000000
2017-05-19 00:00,18414984758.8790000000
2017-05-20 00:00,18614596096.7668000000
2017-05-21 00:00,19311916150.8906000000
2017-05-22 00:00,18629287653.7053000000
2017-05-23 00:00,18956617626.2219000000
2017-05-24 00:00,18710993147.2101000000
2017-05-25 00:00,18469779617.1988000000
2017-05-26 00:00,17870264438.3072000000
2017-05-27 00:00,17607329035.6035000000
2017-05-28 00:00,18128071325.3103000000
2017-05-29 00:00,18810498971.6483000000
2017-05-30 00:00,24050522956.0096000000
2017-05-31 00:00,18987056214.8910000000
2017-06-01 00:00,16607699077.3719000000
2017-06-02 00:00,16621528235.1608000000
2017-06-03 00:00,17698283581.8504000000
2017-06-04 00:00,17075475323.4791000000
2017-06-05 00:00,17699644496.3193000000
2017-06-06 00:00,17133001206.5070000000
2017-06-07 00:00,16472729310.4062000000
2017-06-08 00:00,15957971841.1812000000
2017-06-09 00:00,16238415819.8121000000
2017-06-10 00:00,16641865888.1189000000
2017-06-11 00:00,20512031843.7945000000
2017-06-12 00:00,62612940919.2456000000
2017-06-13 00:00,14649645943.1177000000
2017-06-14 00:00,14349974704.6490000000
2017-06-15 00:00,13718623942.0838000000
2017-06-16 00:00,13347664563.1281000000
2017-06-17 00:00,12768293486.7698000000
2017-06-18 00:00,13209270001.9514000000
2017-06-19 00:00,30265968830.4705000000
2017-06-20 00:00,45880525373.9034000000
2017-06-21 00:00,28044625676.2892000000
2017-06-22 00:00,21851729401.5004000000
2017-06-23 00:00,24729375237.9735000000
2017-06-24 00:00,21839866715.0583000000
2017-06-25 00:00,23721999870.3549000000
2017-06-26 00:00,21228358108.5359000000
2017-06-27 00:00,22824287549.7240000000
2017-06-28 00:00,21031526727.4080000000
2017-06-29 00:00,19942111141.4448000000
2017-06-30 00:00,20239131971.3316000000
2017-07-01 00:00,20069091412.1963000000
2017-07-02 00:00,19688445222.2738000000
2017-07-03 00:00,18829823380.8176000000
2017-07-04 00:00,19363952916.6997000000
2017-07-05 00:00,18829289713.0283000000
2017-07-06 00:00,17139446745.6446000000
2017-07-07 00:00,13979054977.3747000000
2017-07-08 00:00,13306014104.7487000000
2017-07-09 00:00,12709843978.7636000000
2017-07-10 00:00,11417879382.9254000000
2017-07-11 00:00,12170883753.3542000000
2017-07-12 00:00,11814727296.4980000000
2017-07-13 00:00,11652968705.7783000000
2017-07-14 00:00,11901198062.7219000000
2017-07-15 00:00,11074248776.6365000000
2017-07-16 00:00,11797284810.1666000000
2017-07-17 00:00,12341705409.2131000000
2017-07-18 00:00,12216741742.5730000000
2017-07-19 00:00,12329059424.5378000000
2017-07-20 00:00,12344830473.8950000000
2017-07-21 00:00,11872119738.9561000000
2017-07-22 00:00,11443544575.4097000000
2017-07-23 00:00,11829368325.0703000000
2017-07-24 00:00,11714582126.1336000000
2017-07-25 00:00,11759746240.1413000000
2017-07-26 00:00,11907110493.3054000000
2017-07-27 00:00,11788672512.4396000000
2017-07-28 00:00,11913295427.0856000000
2017-07-29 00:00,11497161503.9543000000
2017-07-30 00:00,11935606326.9160000000
2017-07-31 00:00,11639157580.7636000000
2017-08-01 00:00,11016101900.8872000000
2017-08-02 00:00,11182826382.7636000000
2017-08-03 00:00,10967745491.6342000000
2017-08-04 00:00,11016432736.8651000000
2017-08-05 00:00,10968632361.8966000000
2017-08-06 00:00,11041579713.5933000000
2017-08-07 00:00,10981924021.2912000000
2017-08-08 00:00,11281087378.4269000000
2017-08-09 00:00,11046044087.1916000000
2017-08-10 00:00,10775956570.1973000000
2017-08-11 00:00,10643450579.3586000000
2017-08-12 00:00,9612216867.5345000000
2017-08-13 00:00,10600935363.5991000000
2017-08-14 00:00,10295959082.7510000000
2017-08-15 00:00,14998886336.1880000000
2017-08-16 00:00,12921101512.0087000000
2017-08-17 00:00,15757781248.2041000000
2017-08-18 00:00,11005512443.5229000000
2017-08-19 00:00,10631343642.1963000000
2017-08-20 00:00,11224534122.6102000000
2017-08-21 00:00,11462246292.5914000000
2017-08-22 00:00,10337442924.7981000000
2017-08-23 00:00,10512799065.8121000000
2017-08-24 00:00,10315494376.4828000000
2017-08-25 00:00,10352831209.8951000000
2017-08-26 00:00,10120679094.9220000000
2017-08-27 00:00,10262272609.8624000000
2017-08-28 00:00,13925858792.8382000000
2017-08-29 00:00,11902116390.4177000000
2017-08-30 00:00,16415967340.5491000000
2017-08-31 00:00,12163158601.6390000000
2017-09-01 00:00,11447415736.5239000000
2017-09-02 00:00,10958773564.0068000000
2017-09-03 00:00,13414245201.9311000000
2017-09-04 00:00,14150869821.2430000000
2017-09-05 00:00,17823195950.4974000000
2017-09-06 00:00,16491439739.5960000000
2017-09-07 00:00,16373247957.8449000000
2017-09-08 00:00,11497377573.5361000000
2017-09-09 00:00,11745105669.4438000000
2017-09-10 00:00,11153304116.1836000000
2017-09-11 00:00,12354362868.3464000000
2017-09-12 00:00,11640703776.1714000000
2017-09-13 00:00,11456432940.0192000000
2017-09-14 00:00,15257214256.9629000000
2017-09-15 00:00,17215681789.9354000000
2017-09-16 00:00,11012374525.4810000000
2017-09-17 00:00,10941221213.9781000000
2017-09-18 00:00,10733622232.9752000000
2017-09-19 00:00,14019151476.2811000000
2017-09-20 00:00,10394859717.1460000000
2017-09-21 00:00,10408474686.1410000000
2017-09-22 00:00,10784050555.1023000000
2017-09-23 00:00,12418235524.8509000000
2017-09-24 00:00,11417070310.7923000000
2017-09-25 00:00,11510905309.1391000000
2017-09-26 00:00,10890753715.9821000000
2017-09-27 00:00,10925250455.3512000000
2017-09-28 00:00,11350538583.0838000000
2017-09-29 00:00,12665450448.5173000000
2017-09-30 00:00,12026491598.6915000000
2017-10-01 00:00,12018457075.1780000000
2017-10-02 00:00,12898190385.9619000000
2017-10-03 00:00,13154135108.1549000000
2017-10-04 00:00,12830723004.9603000000
2017-10-05 00:00,12901992222.9663000000
2017-10-06 00:00,11740081900.5952000000
2017-10-07 00:00,12625976651.7628000000
2017-10-08 00:00,12002311813.4622000000
2017-10-09 00:00,13674631691.2072000000
2017-10-10 00:00,14166070118.1105000000
2017-10-11 00:00,13584387939.4367000000
2017-10-12 00:00,14860270473.4417000000
2017-10-13 00:00,12372020031.0800000000
2017-10-14 00:00,12727323064.8906000000
2017-10-15 00:00,7138458831.1750000000
2017-10-16 00:00,6056757796.5805000000
2017-10-17 00:00,5858074264.7920000000
2017-10-18 00:00,5994139443.1468000000
2017-10-19 00:00,5962156418.2546000000
2017-10-20 00:00,5256360319.2994000000
2017-10-21 00:00,4977732539.3346000000
2017-10-22 00:00,5083453248.1856000000
2017-10-23 00:00,5019816900.5230000000
2017-10-24 00:00,4617017516.3389000000
2017-10-25 00:00,4561332116.8025000000
2017-10-26 00:00,4632614283.1291000000
2017-10-27 00:00,4203805485.4002000000
2017-10-28 00:00,4545106686.2063000000
2017-10-29 00:00,4552231023.3025000000
2017-10-30 00:00,4177115974.9165000000
2017-10-31 00:00,4696410803.5723000000
2017-11-01 00:00,5254690975.4329000000
2017-11-02 00:00,4709716168.5649000000
2017-11-03 00:00,4881357505.6774000000
2017-11-04 00:00,5008512525.6407000000
2017-11-05 00:00,5598622190.8855000000
2017-11-06 00:00,5470177097.5266000000
2017-11-07 00:00,4901661531.2640000000
2017-11-08 00:00,5186094439.8481000000
2017-11-09 00:00,5004431664.1546000000
2017-11-10 00:00,5200109125.0153000000
2017-11-11 00:00,5810111908.1928000000
2017-11-12 00:00,5028777825.8983000000
2017-11-13 00:00,4983051307.1403000000
2017-11-14 00:00,5868414736.2118000000
2017-11-15 00:00,4840265359.2857000000
2017-11-16 00:00,4519491045.7251000000
2017-11-17 00:00,4081984040.6850000000
2017-11-18 00:00,4617283457.0124000000
2017-11-19 00:00,4988017691.8026000000
2017-11-20 00:00,5095116271.6973000000
2017-11-21 00:00,5432634723.5822000000
2017-11-22 00:00,5038737069.9919000000
2017-11-23 00:00,4889604781.4511000000
2017-11-24 00:00,4806677371.9428000000
2017-11-25 00:00,4956518390.7372000000
2017-11-26 00:00,4513825698.7938000000
2017-11-27 00:00,4696400963.1132000000
2017-11-28 00:00,5480889607.6113000000
2017-11-29 00:00,4967602224.9846000000
2017-11-30 00:00,4370043424.2990000000
2017-12-01 00:00,4127080160.4743000000
2017-12-02 00:00,4994493830.6746000000
2017-12-03 00:00,12294253487.2654000000
2017-12-04 00:00,20138257206.0891000000
2017-12-05 00:00,33288272538.3099000000
2017-12-06 00:00,43874487679.5968000000
2017-12-07 00:00,42067421123.0367000000
2017-12-08 00:00,37318592136.9126000000
2017-12-09 00:00,24728079543.1166000000
2017-12-10 00:00,14861806985.7843000000
2017-12-11 00:00,17899146255.5612000000
2017-12-12 00:00,14192895069.5556000000
2017-12-13 00:00,19341042689.8439000000
2017-12-14 00:00,14873906279.0802000000
2017-12-15 00:00,13337771735.6274000000
2017-12-16 00:00,9236346265.8962000000
2017-12-17 00:00,8987431528.3759000000
2017-12-18 00:00,15612215042.8266000000
2017-12-19 00:00,24860970884.6455000000
2017-12-20 00:00,25739188333.4214000000
2017-12-21 00:00,21594726478.8838000000
2017-12-22 00:00,10290967097.3234000000
2017-12-23 00:00,7587713877.6900000000
2017-12-24 00:00,4370843786.7086000000
2017-12-25 00:00,4393220456.2844000000
2017-12-26 00:00,5005343390.7747000000
2017-12-27 00:00,5593267299.2985000000
2017-12-28 00:00,8791698537.7802000000
2017-12-29 00:00,9196865956.0085000000
2017-12-30 00:00,6055536352.9458000000
2017-12-31 00:00,4928950674.2231000000
2018-01-01 00:00,9407831415.7671000000
2018-01-02 00:00,16006723358.2957000000
2018-01-03 00:00,22758769629.5418000000
2018-01-04 00:00,40412060206.4426000000
2018-01-05 00:00,42369223700.3789000000
2018-01-06 00:00,31109313147.7187000000
2018-01-07 00:00,33066458533.9257000000
2018-01-08 00:00,46522296744.5068000000
2018-01-09 00:00,47783050353.0707000000
2018-01-10 00:00,37710473742.4656000000
2018-01-11 00:00,27296024188.4067000000
2018-01-12 00:00,28707019795.8150000000
2018-01-13 00:00,22074883119.9687000000
2018-01-14 00:00,29371130142.8864000000
2018-01-15 00:00,26773704279.3975000000
2018-01-16 00:00,25964556952.8869000000
2018-01-17 00:00,24469209213.9452000000
2018-01-18 00:00,17523078367.2086000000
2018-01-19 00:00,11794432642.8076000000
2018-01-20 00:00,9665473109.4124000000
2018-01-21 00:00,7771371505.1396000000
2018-01-22 00:00,9874053702.4630000000
2018-01-23 00:00,7424069976.5573000000
2018-01-24 00:00,6029753420.6880000000
2018-01-25 00:00,5834078189.1184000000
2018-01-26 00:00,4829910209.6291000000
2018-01-27 00:00,4881096818.6696000000
2018-01-28 00:00,10533572313.1077000000
2018-01-29 00:00,6840985055.2081000000
2018-01-30 00:00,7884099773.8038000000
2018-01-31 00:00,16227754934.8524000000
2018-02-01 00:00,8594689428.2871000000
2018-02-02 00:00,5530206905.6968000000
2018-02-03 00:00,6086276062.2277000000
2018-02-04 00:00,5844119925.0101000000
2018-02-05 00:00,5939660278.9501000000
2018-02-06 00:00,4847349493.5616000000
2018-02-07 00:00,3455608656.0533000000
2018-02-08 00:00,4150789480.3270000000
2018-02-09 00:00,3991828993.6475000000
2018-02-10 00:00,3849490302.8118000000
2018-02-11 00:00,3994633212.3778000000
2018-02-12 00:00,4510508335.3856000000
2018-02-13 00:00,4441031872.2846000000
2018-02-14 00:00,4098967708.0857000000
2018-02-15 00:00,3788125779.1950000000
2018-02-16 00:00,4167768823.9607000000
2018-02-17 00:00,5419534291.2475000000
2018-02-18 00:00,4419985041.8810000000
2018-02-19 00:00,5824131272.4819000000
2018-02-20 00:00,6275878343.0138000000
2018-02-21 00:00,5240672576.5728000000
2018-02-22 00:00,5231083469.7113000000
2018-02-23 00:00,6054147195.8176000000
2018-02-24 00:00,5072384280.9385000000
2018-02-25 00:00,4917180709.9002000000
2018-02-26 00:00,4770728290.0194000000
2018-02-27 00:00,5674112991.6060000000
2018-02-28 00:00,4775979563.0284000000
2018-03-01 00:00,5634124808.0929000000
2018-03-02 00:00,4273689385.8699000000
2018-03-03 00:00,5224807724.5705000000
2018-03-04 00:00,4993359743.6245000000
2018-03-05 00:00,4302871998.0520000000
2018-03-06 00:00,4573219353.1474000000
2018-03-07 00:00,4381631664.6776000000
2018-03-08 00:00,4449960386.4235000000
2018-03-09 00:00,3715845939.2749000000
2018-03-10 00:00,3875987370.8848000000
2018-03-11 00:00,4621171217.6435000000
2018-03-12 00:00,4249793664.2358000000
2018-03-13 00:00,4004109441.0168000000
2018-03-14 00:00,4217389534.1105000000
2018-03-15 00:00,4427045513.8310000000
2018-03-16 00:00,4596921566.2391000000
2018-03-17 00:00,4155818405.8331000000
2018-03-18 00:00,4065119563.0388000000
2018-03-19 00:00,3912342654.6469000000
2018-03-20 00:00,3829902312.0981000000
2018-03-21 00:00,4523685252.4333000000
2018-03-22 00:00,4369300982.1309000000
2018-03-23 00:00,4477673733.7569000000
2018-03-24 00:00,4629139538.7596000000
2018-03-25 00:00,5870794392.5210000000
2018-03-26 00:00,6457025280.6738000000
2018-03-27 00:00,6455946210.7003000000
2018-03-28 00:00,6193394149.2855000000
2018-03-29 00:00,4358740203.7925000000
2018-03-30 00:00,3376588698.9843000000
2018-03-31 00:00,3349456516.3717000000
2018-04-01 00:00,3079863962.1715000000
2018-04-02 00:00,2903124548.7251000000
2018-04-03 00:00,2445587332.6954000000
2018-04-04 00:00,2812790553.3940000000
2018-04-05 00:00,2354662926.9788000000
2018-04-06 00:00,2048210773.2921000000
2018-04-07 00:00,1889013628.4036000000
2018-04-08 00:00,1921107512.4247000000
2018-04-09 00:00,2100310977.9779000000
2018-04-10 00:00,1898081655.0941000000
2018-04-11 00:00,1929459957.8171000000
2018-04-12 00:00,2627922423.3083000000
2018-04-13 00:00,2071471980.8624000000
2018-04-14 00:00,2075121606.6159000000
2018-04-15 00:00,2229840014.4235000000
2018-04-16 00:00,2176716654.5823000000
2018-04-17 00:00,2601750934.2048000000
2018-04-18 00:00,2648714213.5418000000
2018-04-19 00:00,3213935975.5867000000
2018-04-20 00:00,1988654141.8773000000
2018-04-21 00:00,2134069946.8980000000
2018-04-22 00:00,2462080964.2498000000
2018-04-23 00:00,3058787706.9164000000
2018-04-24 00:00,3261954155.2965000000
2018-04-25 00:00,3137416262.0496000000
2018-04-26 00:00,3751396852.5128000000
2018-04-27 00:00,3704253294.3200000000
2018-04-28 00:00,3959426299.5978000000
2018-04-29 00:00,4260400082.3816000000
2018-04-30 00:00,3718842622.4948000000
2018-05-01 00:00,3742972941.9305000000
2018-05-02 00:00,4371779767.7803000000
2018-05-03 00:00,5381460804.3262000000
2018-05-04 00:00,3923158577.2456000000
2018-05-05 00:00,3189773489.7932000000
2018-05-06 00:00,3563699401.7954000000
2018-05-07 00:00,3645587583.1444000000
2018-05-08 00:00,5268655276.6494000000
2018-05-09 00:00,7316708358.6820000000
2018-05-10 00:00,7771578956.0501000000
2018-05-11 00:00,5221867991.7445000000
2018-05-12 00:00,5494323276.9132000000
2018-05-13 00:00,7087000634.1761000000
2018-05-14 00:00,7476670186.2498000000
2018-05-15 00:00,8167950244.6292000000
2018-05-16 00:00,9509482465.8876000000
2018-05-17 00:00,9579343185.3675000000
2018-05-18 00:00,8324016126.2176000000
2018-05-19 00:00,7291420490.3013000000
2018-05-20 00:00,7514749344.0816000000
2018-05-21 00:00,9385724790.7077000000
2018-05-22 00:00,9687727531.4463000000
2018-05-23 00:00,9019404010.4526000000
2018-05-24 00:00,7476718016.4983000000
2018-05-25 00:00,6786027403.4289000000
2018-05-26 00:00,5504382915.0793000000
2018-05-27 00:00,9790295650.1452000000
2018-05-28 00:00,10108006005.3178000000
2018-05-29 00:00,10868610611.7374000000
2018-05-30 00:00,13902898371.7133000000
2018-05-31 00:00,11407187208.2018000000
2018-06-01 00:00,6993388511.7756000000
2018-06-02 00:00,6472691330.8993000000
2018-06-03 00:00,8336913258.2509000000
2018-06-04 00:00,7503386160.1284000000
2018-06-05 00:00,10626741678.9364000000
2018-06-06 00:00,7433490727.6317000000
2018-06-07 00:00,6011150990.0528000000
2018-06-08 00:00,4945641001.8401000000
2018-06-09 00:00,4512380110.6410000000
2018-06-10 00:00,3854706269.6541000000
2018-06-11 00:00,4096214760.3572000000
2018-06-12 00:00,4754065530.7088000000
2018-06-13 00:00,8090574755.4010000000
2018-06-14 00:00,8853680245.9147000000
2018-06-15 00:00,3549665131.4684000000
2018-06-16 00:00,2805731142.6954000000
2018-06-17 00:00,2626783876.4997000000
2018-06-18 00:00,4054648525.4293000000
2018-06-19 00:00,3336891684.7024000000
2018-06-20 00:00,3807449374.6499000000
2018-06-21 00:00,3851653433.6290000000
2018-06-22 00:00,3225241780.0549000000
2018-06-23 00:00,3570237078.3584000000
2018-06-24 00:00,5500085973.1822000000
2018-06-25 00:00,4284158880.1608000000
2018-06-26 00:00,4181999223.5777000000
2018-06-27 00:00,3899037880.1503000000
2018-06-28 00:00,4374710014.0970000000
2018-06-29 00:00,24961752117.6693000000
2018-06-30 00:00,41646525265.4941000000
2018-07-01 00:00,64133554160.7320000000
2018-07-02 00:00,54520681542.1518000000
2018-07-03 00:00,39651346468.2650000000
2018-07-04 00:00,30308102569.1235000000
2018-07-05 00:00,48554442095.2906000000
2018-07-06 00:00,41686651781.0603000000
2018-07-07 00:00,17503560656.5261000000
2018-07-08 00:00,11488861760.1018000000
2018-07-09 00:00,8571351975.6524000000
2018-07-10 00:00,9514877651.5360000000
2018-07-11 00:00,16806626398.0839000000
2018-07-12 00:00,19964951568.9342000000
2018-07-13 00:00,43580346206.8611000000
2018-07-14 00:00,44325038735.5925000000
2018-07-15 00:00,5393562639.0896000000
2018-07-16 00:00,3612991328.9365000000
2018-07-17 00:00,3522871557.0335000000
2018-07-18 00:00,3159025442.6753000000
2018-07-19 00:00,4458849560.8794000000
2018-07-20 00:00,4574655169.1104000000
2018-07-21 00:00,2852808692.0080000000
2018-07-22 00:00,5180841348.5041000000
2018-07-23 00:00,3255548323.9498000000
2018-07-24 00:00,3108838211.4671000000
2018-07-25 00:00,2823138306.9123000000
2018-07-26 00:00,2535879972.0042000000
2018-07-27 00:00,3920713951.0097000000
2018-07-28 00:00,2100555123.2108000000
2018-07-29 00:00,2056997841.7957000000
2018-07-30 00:00,2115480474.1902000000
2018-07-31 00:00,1974154169.3092000000
2018-08-01 00:00,2138678860.4670000000
2018-08-02 00:00,3095072651.1897000000
2018-08-03 00:00,2129386426.8919000000
2018-08-04 00:00,2224175683.4364000000
2018-08-05 00:00,2947213110.9289000000
2018-08-06 00:00,14281524332.8053000000
2018-08-07 00:00,36804653428.0295000000
2018-08-08 00:00,31964076191.6890000000
2018-08-09 00:00,16202484983.5915000000
2018-08-10 00:00,4765169858.2087000000
2018-08-11 00:00,3860505136.9431000000
2018-08-12 00:00,5757857877.7681000000
2018-08-13 00:00,8552740757.6941000000
2018-08-14 00:00,6242346547.6895000000
2018-08-15 00:00,4266377567.4968000000
2018-08-16 00:00,22203542674.3580000000
2018-08-17 00:00,3178698943.4397000000
2018-08-18 00:00,2617601822.2906000000
2018-08-19 00:00,2796201159.7419000000
2018-08-20 00:00,2943158995.5739000000
2018-08-21 00:00,6701116877.6584000000
2018-08-22 00:00,3849165840.4871000000
2018-08-23 00:00,8441366359.8174000000
2018-08-24 00:00,2828820491.7967000000
2018-08-25 00:00,4904058490.9366000000
2018-08-26 00:00,3461677649.8512000000
2018-08-27 00:00,8517565421.1409000000
2018-08-28 00:00,4375427972.4200000000
2018-08-29 00:00,4288611349.2335000000
2018-08-30 00:00,4434740300.3000000000
2018-08-31 00:00,3943824548.6947000000
2018-09-01 00:00,3826729579.1294000000
2018-09-02 00:00,3842300283.2361000000
2018-09-03 00:00,4734755637.1009000000
2018-09-04 00:00,3953598894.6098000000
2018-09-05 00:00,5434262164.2434000000
2018-09-06 00:00,5399633985.4055000000
2018-09-07 00:00,5015262043.7475000000
2018-09-08 00:00,5112820472.2397000000
2018-09-09 00:00,5011706104.8748000000
2018-09-10 00:00,6007804894.3482000000
2018-09-11 00:00,5999585059.5971000000
2018-09-12 00:00,7154402619.3220000000
2018-09-13 00:00,5343641934.0737000000
2018-09-14 00:00,4971178639.9514000000
2018-09-15 00:00,4746656718.3396000000
2018-09-16 00:00,5365728162.5377000000
2018-09-17 00:00,6122216334.5125000000
2018-09-18 00:00,8227062679.1026000000
2018-09-19 00:00,7298919002.9521000000
2018-09-20 00:00,7995606924.0700000000
2018-09-21 00:00,5868213107.7968000000
2018-09-22 00:00,5327600277.5735000000
2018-09-23 00:00,6905802419.6681000000
2018-09-24 00:00,6914342668.3573000000
2018-09-25 00:00,7686253699.8868000000
2018-09-26 00:00,8399409857.4996000000
2018-09-27 00:00,9123812662.5615000000
2018-09-28 00:00,9872041241.9119000000
2018-09-29 00:00,8223347165.5906000000
2018-09-30 00:00,9859172593.7806000000
2018-10-01 00:00,9752100299.6010000000
2018-10-02 00:00,5516045261.2081000000
2018-10-03 00:00,5601257068.8721000000
2018-10-04 00:00,5255235358.6324000000
2018-10-05 00:00,3994789778.1868000000
2018-10-06 00:00,6837554769.7396000000
2018-10-07 00:00,6298590972.4844000000
2018-10-08 00:00,5361786685.1607000000
2018-10-09 00:00,8834302976.7891000000
2018-10-10 00:00,7336808079.3428000000
2018-10-11 00:00,6201548551.1055000000
2018-10-12 00:00,5049387885.0536000000
2018-10-13 00:00,4606980221.8949000000
2018-10-14 00:00,6662904964.2363000000
2018-10-15 00:00,5295477025.0551000000
2018-10-16 00:00,5237874289.2794000000
2018-10-17 00:00,5255448401.4023000000
2018-10-18 00:00,6441983677.9591000000
2018-10-19 00:00,5744096088.9955000000
2018-10-20 00:00,5651785876.6421000000
2018-10-21 00:00,5397574637.4915000000
2018-10-22 00:00,5914346501.9703000000
2018-10-23 00:00,7715694438.8865000000
2018-10-24 00:00,7478800504.0599000000
2018-10-25 00:00,7245501705.1517000000
2018-10-26 00:00,5719185583.8043000000
2018-10-27 00:00,5108798055.8941000000
2018-10-28 00:00,5990861321.0080000000
2018-10-29 00:00,5832650082.2939000000
2018-10-30 00:00,5888827370.3092000000
2018-10-31 00:00,6405035618.4653000000
2018-11-01 00:00,7399899577.2681000000
2018-11-02 00:00,6232320660.1525000000
2018-11-03 00:00,5733160178.0304000000
2018-11-04 00:00,8393888137.7883000000
2018-11-05 00:00,8685266242.8915000000
2018-11-06 00:00,7303601969.7476000000
2018-11-07 00:00,7612422729.1121000000
2018-11-08 00:00,6328269081.0509000000
2018-11-09 00:00,4905709063.0679000000
2018-11-10 00:00,4336507588.8062000000
2018-11-11 00:00,5065161888.5845000000
2018-11-12 00:00,5554609650.5295000000
2018-11-13 00:00,6359081317.0922000000
2018-11-14 00:00,7644769007.8984000000
2018-11-15 00:00,6726660240.4735000000
2018-11-16 00:00,4995536560.2772000000
2018-11-17 00:00,4827475958.4082000000
2018-11-18 00:00,6438545574.3882000000
2018-11-19 00:00,6747278123.6530000000
2018-11-20 00:00,5590040825.8119000000
2018-11-21 00:00,5931444399.4410000000
2018-11-22 00:00,6233068689.6798000000
2018-11-23 00:00,5745599579.8477000000
2018-11-24 00:00,6580126966.1771000000
2018-11-25 00:00,5380718026.8626000000
2018-11-26 00:00,5333225805.3420000000
2018-11-27 00:00,6489183295.8233000000
2018-11-28 00:00,8470672210.1134000000
2018-11-29 00:00,11554067540.5155000000
2018-11-30 00:00,7562604623.9678000000
2018-12-01 00:00,6939617296.2825000000
2018-12-02 00:00,7821252764.9670000000
2018-12-03 00:00,8378475814.1510000000
2018-12-04 00:00,8491846785.8165000000
2018-12-05 00:00,7322288449.1278000000
2018-12-06 00:00,7346507976.3520000000
2018-12-07 00:00,6564359830.7777000000
2018-12-08 00:00,6161551543.8066000000
2018-12-09 00:00,6925585236.7801000000
2018-12-10 00:00,6388174241.1524000000
2018-12-11 00:00,7448091170.0994000000
2018-12-12 00:00,6481853904.3505000000
2018-12-13 00:00,6458576833.9115000000
2018-12-14 00:00,6050526029.2275000000
2018-12-15 00:00,5774081800.8518000000
2018-12-16 00:00,6243625417.6374000000
2018-12-17 00:00,7467537395.2058000000
2018-12-18 00:00,6511032751.3476000000
2018-12-19 00:00,6181378429.1476000000
2018-12-20 00:00,6350962777.9101000000
2018-12-21 00:00,5480043963.7860000000
2018-12-22 00:00,5627702717.9475000000
2018-12-23 00:00,6062532620.3967000000
2018-12-24 00:00,7222870704.0791000000
2018-12-25 00:00,6065101080.5833000000
2018-12-26 00:00,5227035424.2549000000
2018-12-27 00:00,5061597415.9726000000
2018-12-28 00:00,4671121632.1614000000
2018-12-29 00:00,7922290860.1422000000
2018-12-30 00:00,4680732771.7034000000
2018-12-31 00:00,5334340482.9882000000
2019-01-01 00:00,5138271332.4933000000
2019-01-02 00:00,4847570448.4604000000
2019-01-03 00:00,5417810421.2766000000
2019-01-04 00:00,4964323031.8162000000
2019-01-05 00:00,4861185466.4428000000
2019-01-06 00:00,4911098484.4310000000
2019-01-07 00:00,5076203048.1947000000
2019-01-08 00:00,4850219809.6699000000
2019-01-09 00:00,5244256215.9488000000
2019-01-10 00:00,5212933592.0674000000
2019-01-11 00:00,4713579856.4431000000
2019-01-12 00:00,5154102645.2972000000
2019-01-13 00:00,6784796949.6124000000
2019-01-14 00:00,5703607613.8987000000
2019-01-15 00:00,5378337713.6275000000
2019-01-16 00:00,5094770094.2372000000
2019-01-17 00:00,5064800074.8834000000
2019-01-18 00:00,4069182067.0570000000
2019-01-19 00:00,3414177286.4654000000
2019-01-20 00:00,3626690566.6029000000
2019-01-21 00:00,5282193201.2758000000
2019-01-22 00:00,4304422955.4322000000
2019-01-23 00:00,4275292248.7255000000
2019-01-24 00:00,3962208847.6449000000
2019-01-25 00:00,3082858300.6805000000
2019-01-26 00:00,2931771266.6894000000
2019-01-27 00:00,3551716225.0596000000
2019-01-28 00:00,3512784934.1828000000
2019-01-29 00:00,3720158396.8606000000
2019-01-30 00:00,4466072850.4218000000
2019-01-31 00:00,4350178663.3323000000
2019-02-01 00:00,3497710767.7512000000
2019-02-02 00:00,3340900724.7649000000
2019-02-03 00:00,3487975600.1503000000
2019-02-04 00:00,3386444197.9286000000
2019-02-05 00:00,3701789664.6351000000
2019-02-06 00:00,3721170846.7247000000
2019-02-07 00:00,3967658261.4985000000
2019-02-08 00:00,3459543180.6157000000
2019-02-09 00:00,3670576331.3355000000
2019-02-10 00:00,4039417534.4412000000
2019-02-11 00:00,4104779805.7676000000
2019-02-12 00:00,5292990769.0297000000
2019-02-13 00:00,4761120189.6483000000
2019-02-14 00:00,6209542196.7989000000
2019-02-15 00:00,4924503168.9638000000
2019-02-16 00:00,4905065170.6828000000
2019-02-17 00:00,7567385581.6661000000
2019-02-18 00:00,6468076253.6523000000
2019-02-19 00:00,6525269988.5736000000
2019-02-20 00:00,6677661664.6987000000
2019-02-21 00:00,6166495697.0222000000
2019-02-22 00:00,4772448139.2286000000
2019-02-23 00:00,6597708618.0000000000
2019-02-24 00:00,8197813436.9460000000
2019-02-25 00:00,7534273757.2534000000
2019-02-26 00:00,6239901436.1091000000
2019-02-27 00:00,8027716058.7183000000
2019-02-28 00:00,3317493619.5055000000
2019-03-01 00:00,3103496704.2279000000
2019-03-02 00:00,3135116664.1166000000
2019-03-03 00:00,3332647432.3465000000
2019-03-04 00:00,3407825870.5281000000
2019-03-05 00:00,3286462670.4926000000
2019-03-06 00:00,3335616239.9298000000
2019-03-07 00:00,3242257453.6389000000
2019-03-08 00:00,3014203000.5940000000
2019-03-09 00:00,2657128020.0038000000
2019-03-10 00:00,2345343325.5854000000
2019-03-11 00:00,2442654683.2470000000
2019-03-12 00:00,2470971465.0189000000
2019-03-13 00:00,2274081964.3979000000
2019-03-14 00:00,2378924487.8845000000
2019-03-15 00:00,2143298916.4976000000
2019-03-16 00:00,2141720431.9252000000
2019-03-17 00:00,2511486733.8315000000
2019-03-18 00:00,2726895772.2123000000
2019-03-19 00:00,2465703199.2727000000
2019-03-20 00:00,3233362397.4730000000
2019-03-21 00:00,2796453729.9301000000
2019-03-22 00:00,2307213953.7521000000
2019-03-23 00:00,2420680655.9762000000
2019-03-24 00:00,3187350943.8700000000
2019-03-25 00:00,3176967731.4237000000
2019-03-26 00:00,3440655947.1048000000
2019-03-27 00:00,2914611370.5175000000
2019-03-28 00:00,3524483352.3556000000
2019-03-29 00:00,2953140849.5348000000
2019-03-30 00:00,2938949317.2221000000
2019-03-31 00:00,3726702778.7422000000
2019-04-01 00:00,4823649583.0044000000
2019-04-02 00:00,6337528781.4626000000
2019-04-03 00:00,5066959509.7452000000
2019-04-04 00:00,3233141238.3893000000
2019-04-05 00:00,2461768889.9707000000
2019-04-06 00:00,2303165436.4836000000
2019-04-07 00:00,3100699339.1189000000
2019-04-08 00:00,2716398967.8297000000
2019-04-09 00:00,3148420773.6366000000
2019-04-10 00:00,4025505698.2538000000
2019-04-11 00:00,3462185023.9185000000
2019-04-12 00:00,2708386372.5217000000
2019-04-13 00:00,2230158062.8575000000
2019-04-14 00:00,2678045687.7270000000
2019-04-15 00:00,3091070606.3968000000
2019-04-16 00:00,3148606077.9535000000
2019-04-17 00:00,3641122135.2885000000
2019-04-18 00:00,2636723110.3970000000
2019-04-19 00:00,2450540026.9570000000
2019-04-20 00:00,2589979572.1690000000
2019-04-21 00:00,2661346020.5309000000
2019-04-22 00:00,2866696573.6560000000
2019-04-23 00:00,2726953216.7049000000
2019-04-24 00:00,2456190874.0317000000
2019-04-25 00:00,3127452856.7203000000
2019-04-26 00:00,2234557525.0582000000
2019-04-27 00:00,2344764520.6824000000
2019-04-28 00:00,2360886064.4582000000
2019-04-29 00:00,2602158885.7229000000
2019-04-30 00:00,2693511483.7043000000
2019-05-01 00:00,3159210254.7451000000
2019-05-02 00:00,2870543712.0501000000
2019-05-03 00:00,2435437180.7838000000
2019-05-04 00:00,2438868489.1411000000
2019-05-05 00:00,3248631990.6103000000
2019-05-06 00:00,4486925429.1102000000
2019-05-07 00:00,3294072450.4929000000
2019-05-08 00:00,3112272640.0465000000
2019-05-09 00:00,3550510822.1381000000
2019-05-10 00:00,2784988606.9614000000
2019-05-11 00:00,2859953999.2782000000
2019-05-12 00:00,3977155565.9703000000
2019-05-13 00:00,5222056541.3464000000
2019-05-14 00:00,6433136707.4165000000
2019-05-15 00:00,10382259043.7513000000
2019-05-16 00:00,7433195766.6041000000
2019-05-17 00:00,5143671224.9688000000
2019-05-18 00:00,3578575656.7922000000
2019-05-19 00:00,4093411869.6056000000
2019-05-20 00:00,3227542355.1139000000
2019-05-21 00:00,4891769314.6861000000
2019-05-22 00:00,3996210429.3862000000
2019-05-23 00:00,4532019251.9201000000
2019-05-24 00:00,2638958851.2329000000
2019-05-25 00:00,2344365202.2959000000
2019-05-26 00:00,5346448161.1771000000
2019-05-27 00:00,5524044289.3529000000
2019-05-28 00:00,6066104483.7887000000
2019-05-29 00:00,6840331144.8554000000
2019-05-30 00:00,5266851598.6944000000
2019-05-31 00:00,6538604873.7669000000
2019-06-01 00:00,2939267916.5692000000
2019-06-02 00:00,3999429446.0769000000
2019-06-03 00:00,3668925371.0422000000
2019-06-04 00:00,3507668683.7893000000
2019-06-05 00:00,3976443873.5783000000
2019-06-06 00:00,2817339460.7516000000
2019-06-07 00:00,8765689755.6928000000
2019-06-08 00:00,2578904404.2067000000
2019-06-09 00:00,8904047709.1940000000
2019-06-10 00:00,6001803566.4319000000
2019-06-11 00:00,2970415066.8529000000
2019-06-12 00:00,2482210968.7678000000
2019-06-13 00:00,3397351407.0615000000
2019-06-14 00:00,6029049214.1094000000
2019-06-15 00:00,2660463458.5033000000
2019-06-16 00:00,7243832899.8614000000
2019-06-17 00:00,3327986314.6086000000
2019-06-18 00:00,4325760921.3910000000
2019-06-19 00:00,8953718338.3676000000
2019-06-20 00:00,2659658269.3082000000
2019-06-21 00:00,2367236312.6460000000
2019-06-22 00:00,3285803768.3253000000
2019-06-23 00:00,3683950064.4026000000
2019-06-24 00:00,8091122010.9111000000
2019-06-25 00:00,5717236986.1571000000
2019-06-26 00:00,6448055480.4677000000
2019-06-27 00:00,8252601126.4335000000
2019-06-28 00:00,4045281281.5220000000
2019-06-29 00:00,4369404925.0327000000
2019-06-30 00:00,9734390671.7389000000
2019-07-01 00:00,5869464953.7180000000
2019-07-02 00:00,2573875230.6722000000
2019-07-03 00:00,2513247206.4842000000
2019-07-04 00:00,5722763165.9802000000
2019-07-05 00:00,4410309582.3770000000
2019-07-06 00:00,1804467421.2370000000
2019-07-07 00:00,5340525166.5431000000
2019-07-08 00:00,2771653035.0569000000
2019-07-09 00:00,2414226230.9630000000
2019-07-10 00:00,8620956814.7334000000
2019-07-11 00:00,2643078877.3654000000
2019-07-12 00:00,2503734828.6957000000
2019-07-13 00:00,2688800948.2259000000
2019-07-14 00:00,3885666898.6070000000
2019-07-15 00:00,14473025344.4384000000
2019-07-16 00:00,8240956977.9987000000
2019-07-17 00:00,2416065167.0631000000
2019-07-18 00:00,6539253134.0608000000
2019-07-19 00:00,1799343398.4151000000
2019-07-20 00:00,1779817018.9257000000
2019-07-21 00:00,2011826309.5957000000
2019-07-22 00:00,2120922313.0900000000
2019-07-23 00:00,9495809533.0310000000
2019-07-24 00:00,9339565426.3139000000
2019-07-25 00:00,2421870584.2911000000
2019-07-26 00:00,2098616995.6511000000
2019-07-27 00:00,1746550817.2267000000
2019-07-28 00:00,2098530702.5352000000
2019-07-29 00:00,2161322357.1478000000
2019-07-30 00:00,2686257821.4447000000
2019-07-31 00:00,8285324753.3358000000
2019-08-01 00:00,4282820597.8853000000
2019-08-02 00:00,6925708213.7996000000
2019-08-03 00:00,1840230241.4814000000
2019-08-04 00:00,2385507680.9772000000
2019-08-05 00:00,2698426571.6794000000
2019-08-06 00:00,2530871812.1865000000
2019-08-07 00:00,2573658925.5190000000
2019-08-08 00:00,2596485979.1042000000
2019-08-09 00:00,1888876682.0223000000
2019-08-10 00:00,1907263507.0367000000
2019-08-11 00:00,2508570190.5561000000
2019-08-12 00:00,2203025972.4624000000
2019-08-13 00:00,2924024751.5620000000
2019-08-14 00:00,4222110695.1054000000
2019-08-15 00:00,2681251351.8159000000
2019-08-16 00:00,2017544201.3164000000
2019-08-17 00:00,2027654635.3798000000
2019-08-18 00:00,3654862334.2036000000
2019-08-19 00:00,4003128378.9658000000
2019-08-20 00:00,5140624794.8197000000
2019-08-21 00:00,4211770514.1414000000
2019-08-22 00:00,3824520269.5827000000
2019-08-23 00:00,3046107625.3164000000
2019-08-24 00:00,4426167198.4145000000
2019-08-25 00:00,6502400786.2144000000
2019-08-26 00:00,4303083885.3464000000
2019-08-27 00:00,3811967975.7816000000
2019-08-28 00:00,3910272923.7607000000
2019-08-29 00:00,3916929885.1193000000
2019-08-30 00:00,2947155228.0866000000
2019-08-31 00:00,3293597710.7652000000
2019-09-01 00:00,4880722686.6112000000
2019-09-02 00:00,5005591510.9542000000
2019-09-03 00:00,4732919008.3687000000
2019-09-04 00:00,6879572711.6641000000
2019-09-05 00:00,7665656228.1891000000
2019-09-06 00:00,7261698809.6675000000
2019-09-07 00:00,8132253754.8505000000
2019-09-08 00:00,9768345939.8053000000
2019-09-09 00:00,11526536142.8345000000
2019-09-10 00:00,10476223680.8372000000
2019-09-11 00:00,11672380139.2382000000
2019-09-12 00:00,10932857649.6035000000
2019-09-13 00:00,12037657357.9831000000
2019-09-14 00:00,12427645404.2351000000
2019-09-15 00:00,12252907985.3710000000
2019-09-16 00:00,15939169421.2260000000
2019-09-17 00:00,16599648625.8703000000
2019-09-18 00:00,17200129433.9184000000
2019-09-19 00:00,15618656874.5498000000
2019-09-20 00:00,9913994822.6223000000
2019-09-21 00:00,7183321434.5877000000
2019-09-22 00:00,12952856212.3398000000
2019-09-23 00:00,14558472442.7929000000
2019-09-24 00:00,17235787844.7851000000
2019-09-25 00:00,10792532452.1020000000
2019-09-26 00:00,12379986213.8788000000
2019-09-27 00:00,10886947941.9446000000
2019-09-28 00:00,9647839250.5277000000
2019-09-29 00:00,8027820749.2055000000
2019-09-30 00:00,2654687487.8077000000
2019-10-01 00:00,2443117853.8856000000
2019-10-02 00:00,3572005945.0348000000
2019-10-03 00:00,2527165555.6502000000
2019-10-04 00:00,2467315555.5675000000
2019-10-05 00:00,2194141870.6255000000
2019-10-06 00:00,2338820663.8295000000
2019-10-07 00:00,2534495447.9421000000
2019-10-08 00:00,2872404641.2671000000
2019-10-09 00:00,2635125821.6386000000
2019-10-10 00:00,2497912632.2079000000
2019-10-11 00:00,2146087516.0256000000
2019-10-12 00:00,2324119415.7267000000
2019-10-13 00:00,2591030953.3145000000
2019-10-14 00:00,2478453322.5335000000
2019-10-15 00:00,2444704866.0940000000
2019-10-16 00:00,2365628360.7162000000
2019-10-17 00:00,2552600289.8647000000
2019-10-18 00:00,3041075516.6753000000
2019-10-19 00:00,3823057998.1523000000
2019-10-20 00:00,3898728206.1438000000
2019-10-21 00:00,4062734957.5271000000
2019-10-22 00:00,4717868210.0183000000
2019-10-23 00:00,4254394907.4165000000
2019-10-24 00:00,4129907450.4536000000
2019-10-25 00:00,4094684820.3960000000
2019-10-26 00:00,3552129271.9122000000
2019-10-27 00:00,3741667644.4306000000
2019-10-28 00:00,3614328717.2692000000
2019-10-29 00:00,3715220893.4034000000
2019-10-30 00:00,3828954642.0293000000
2019-10-31 00:00,3470563866.6742000000
2019-11-01 00:00,2998684987.2316000000
2019-11-02 00:00,3024020602.2383000000
2019-11-03 00:00,3533277257.9454000000
2019-11-04 00:00,3926806897.1596000000
2019-11-05 00:00,3603321470.4496000000
2019-11-06 00:00,6424673695.1654000000
2019-11-07 00:00,3443245736.9879000000
2019-11-08 00:00,3188052864.6969000000
2019-11-09 00:00,3193373537.5534000000
2019-11-10 00:00,3721716715.0608000000
2019-11-11 00:00,3582961872.2255000000
2019-11-12 00:00,3747694037.3138000000
2019-11-13 00:00,3552468163.7670000000
2019-11-14 00:00,3580054366.4434000000
2019-11-15 00:00,3088396501.2421000000
2019-11-16 00:00,3085389098.0620000000
2019-11-17 00:00,3585407881.9829000000
2019-11-18 00:00,4197188898.1728000000
2019-11-19 00:00,3874813281.4948000000
2019-11-20 00:00,5462153148.1211000000
2019-11-21 00:00,9293754726.3985000000
2019-11-22 00:00,3290450234.4575000000
2019-11-23 00:00,3345365397.7574000000
2019-11-24 00:00,7985649184.5341000000
2019-11-25 00:00,6448276624.3890000000
2019-11-26 00:00,4461296271.5941000000
2019-11-27 00:00,4502026053.0053000000
2019-11-28 00:00,3991833319.5847000000
2019-11-29 00:00,3399454095.2396000000
2019-11-30 00:00,3855965099.4453000000
2019-12-01 00:00,3974590360.4031000000
2019-12-02 00:00,3499988242.3336000000
2019-12-03 00:00,4218888980.0162000000
2019-12-04 00:00,4002185277.4444000000
2019-12-05 00:00,4560483961.7141000000
2019-12-06 00:00,3602051177.3171000000
2019-12-07 00:00,2551612700.5045000000
2019-12-08 00:00,3350676696.2028000000
2019-12-09 00:00,3263545412.5708000000
2019-12-10 00:00,3309357009.0901000000
2019-12-11 00:00,3318786419.7108000000
2019-12-12 00:00,3487381677.5732000000
2019-12-13 00:00,2991194792.1471000000
2019-12-14 00:00,3088166592.3840000000
2019-12-15 00:00,3841897036.4409000000
2019-12-16 00:00,5611297066.1350000000
2019-12-17 00:00,4828569526.1012000000
2019-12-18 00:00,3833518438.1601000000
2019-12-19 00:00,4167304087.4865000000
2019-12-20 00:00,2958600552.5490000000
2019-12-21 00:00,2985892435.2129000000
2019-12-22 00:00,3927290459.5398000000
2019-12-23 00:00,3373200246.3794000000
2019-12-24 00:00,3209311150.0178000000
2019-12-25 00:00,3235382278.3469000000
2019-12-26 00:00,3126319950.3893000000
2019-12-27 00:00,2868334955.1234000000
2019-12-28 00:00,2666583391.5934000000
2019-12-29 00:00,3002886653.5757000000
2019-12-30 00:00,3040208177.3613000000
2019-12-31 00:00,2731632918.2779000000
2020-01-01 00:00,2782268265.4916000000
2020-01-02 00:00,2680519327.9273000000
2020-01-03 00:00,2559395569.0314000000
2020-01-04 00:00,2517574281.4348000000
2020-01-05 00:00,2744455545.4476000000
2020-01-06 00:00,2638404813.8454000000
2020-01-07 00:00,3217925045.2282000000
2020-01-08 00:00,2768651627.5041000000
2020-01-09 00:00,3150379455.6596000000
2020-01-10 00:00,2698720834.6726000000
2020-01-11 00:00,2675133001.2654000000
2020-01-12 00:00,2807667003.4141000000
2020-01-13 00:00,3133955775.8829000000
2020-01-14 00:00,2849663616.0254000000
2020-01-15 00:00,2701339058.1851000000
2020-01-16 00:00,2905430595.7606000000
2020-01-17 00:00,2755882698.4250000000
2020-01-18 00:00,2667051308.2342000000
2020-01-19 00:00,2638963661.2110000000
2020-01-20 00:00,2665349052.0288000000
2020-01-21 00:00,2434092982.0780000000
2020-01-22 00:00,2452432741.7215000000
2020-01-23 00:00,2691807756.9897000000
2020-01-24 00:00,2538508505.5974000000
2020-01-25 00:00,2611116456.5844000000
2020-01-26 00:00,2563457670.6552000000
2020-01-27 00:00,2678508971.8243000000
2020-01-28 00:00,2649575513.9808000000
2020-01-29 00:00,2763536761.4890000000
2020-01-30 00:00,2768596362.2623000000
2020-01-31 00:00,2643040779.7381000000
2020-02-01 00:00,2569696844.6278000000
2020-02-02 00:00,2626126516.0624000000
2020-02-03 00:00,3031515920.3058000000
2020-02-04 00:00,3414163791.0708000000
2020-02-05 00:00,3891510421.4475000000
2020-02-06 00:00,3886466181.2690000000
2020-02-07 00:00,2865479299.7303000000
2020-02-08 00:00,2634415601.7620000000
2020-02-09 00:00,2944178822.0170000000
2020-02-10 00:00,3023242663.7208000000
2020-02-11 00:00,3983371299.8495000000
2020-02-12 00:00,3882716254.6784000000
2020-02-13 00:00,3650914589.5384000000
2020-02-14 00:00,3594613550.2971000000
2020-02-15 00:00,3906658720.6934000000
2020-02-16 00:00,3709698971.2075000000
2020-02-17 00:00,3330952044.9529000000
2020-02-18 00:00,3471787218.2605000000
2020-02-19 00:00,3396420402.4952000000
2020-02-20 00:00,2747285222.2110000000
2020-02-21 00:00,2671136319.9217000000
2020-02-22 00:00,2680139896.9072000000
2020-02-23 00:00,2890450739.8039000000
2020-02-24 00:00,3205557109.5595000000
2020-02-25 00:00,4246734188.6164000000
2020-02-26 00:00,3598698005.6942000000
2020-02-27 00:00,3412006714.0220000000
2020-02-28 00:00,2692725091.2218000000
2020-02-29 00:00,2797472692.4721000000
2020-03-01 00:00,2824505779.6821000000
2020-03-02 00:00,2880028833.0094000000
2020-03-03 00:00,3027054336.4132000000
2020-03-04 00:00,3437859654.3709000000
2020-03-05 00:00,3030314842.7080000000
2020-03-06 00:00,2874641396.9422000000
2020-03-07 00:00,4114600029.6352000000
2020-03-08 00:00,5578593717.9935000000
2020-03-09 00:00,3574490167.0317000000
2020-03-10 00:00,3993384336.3922000000
2020-03-11 00:00,46538103253.8472000000
2020-03-12 00:00,35486449232.5229000000
2020-03-13 00:00,3294135969.9972000000
2020-03-14 00:00,3193656432.6940000000
2020-03-15 00:00,10899232485.5405000000
2020-03-16 00:00,4126523912.6534000000
2020-03-17 00:00,3700318069.1938000000
2020-03-18 00:00,5463635240.8801000000
2020-03-19 00:00,4458240360.0800000000
2020-03-20 00:00,3574406736.9541000000
2020-03-21 00:00,3448202074.5398000000
2020-03-22 00:00,4151577022.9803000000
2020-03-23 00:00,3886288552.1974000000
2020-03-24 00:00,4019498404.1170000000
2020-03-25 00:00,3328858294.7345000000
2020-03-26 00:00,3214357529.3050000000
2020-03-27 00:00,2746258198.1705000000
2020-03-28 00:00,2556575986.7225000000
2020-03-29 00:00,3179217477.2235000000
2020-03-30 00:00,3336295174.4091000000
2020-03-31 00:00,3398595738.7958000000
2020-04-01 00:00,3530293895.9653000000
2020-04-02 00:00,3496738667.5244000000
2020-04-03 00:00,2816369887.0764000000
2020-04-04 00:00,2635893844.0738000000
2020-04-05 00:00,4435355259.9593000000
2020-04-06 00:00,4212130498.0874000000
2020-04-07 00:00,3837144211.7931000000
2020-04-08 00:00,3699548708.6467000000
2020-04-09 00:00,3908753022.6117000000
2020-04-10 00:00,2895526390.6232000000
2020-04-11 00:00,2774045053.0175000000
2020-04-12 00:00,3740378418.3359000000
2020-04-13 00:00,3949037967.0594000000
2020-04-14 00:00,3678690064.5794000000
2020-04-15 00:00,5392223977.0362000000
2020-04-16 00:00,4016246301.4680000000
2020-04-17 00:00,4490958380.2601000000
2020-04-18 00:00,4009295078.7648000000
2020-04-19 00:00,5260037098.2331000000
2020-04-20 00:00,5463130781.5268000000
2020-04-21 00:00,5490636581.2648000000
2020-04-22 00:00,5615577984.4899000000
2020-04-23 00:00,5544292543.1734000000
2020-04-24 00:00,4563218120.7773000000
2020-04-25 00:00,5028670275.0319000000
2020-04-26 00:00,5184931459.1340000000
2020-04-27 00:00,4600797793.0609000000
2020-04-28 00:00,8196338031.3572000000
2020-04-29 00:00,11798426237.5332000000
2020-04-30 00:00,5902600360.2235000000
2020-05-01 00:00,4303117765.3289000000
2020-05-02 00:00,5181967771.4959000000
2020-05-03 00:00,5983555242.1694000000
2020-05-04 00:00,7096413194.8346000000
2020-05-05 00:00,8831853004.4201000000
2020-05-06 00:00,11421600019.4771000000
2020-05-07 00:00,11289808874.7000000000
2020-05-08 00:00,8527439720.8914000000
2020-05-09 00:00,15016094734.1494000000
2020-05-10 00:00,11383733841.2793000000
2020-05-11 00:00,14127435828.0503000000
2020-05-12 00:00,19095939693.4992000000
2020-05-13 00:00,23563396288.8070000000
2020-05-14 00:00,17804691044.4015000000
2020-05-15 00:00,13873151749.8049000000
2020-05-16 00:00,14038558341.7441000000
2020-05-17 00:00,20857374101.4518000000
2020-05-18 00:00,18039585370.6990000000
2020-05-19 00:00,20113872073.7112000000
2020-05-20 00:00,29878996846.1803000000
2020-05-21 00:00,21834873013.9034000000
2020-05-22 00:00,12405096710.6528000000
2020-05-23 00:00,17451164716.2585000000
2020-05-24 00:00,23098869182.5411000000
2020-05-25 00:00,23605691523.8569000000
2020-05-26 00:00,25586534448.7610000000
2020-05-27 00:00,25264300388.7920000000
2020-05-28 00:00,21435765703.9137000000
2020-05-29 00:00,20921981530.9727000000
2020-05-30 00:00,17210932650.4469000000
2020-05-31 00:00,19814618817.9270000000
2020-06-01 00:00,22415755489.4579000000
2020-06-02 00:00,17576542653.4849000000
2020-06-03 00:00,18626060477.7380000000
2020-06-04 00:00,19746411661.5052000000
2020-06-05 00:00,20985311443.1253000000
2020-06-06 00:00,23194741442.8822000000
2020-06-07 00:00,24735042766.5586000000
2020-06-08 00:00,23829782779.4710000000
2020-06-09 00:00,26392676829.7296000000
2020-06-10 00:00,26172461657.3199000000
2020-06-11 00:00,22774578534.0642000000
2020-06-12 00:00,16892673038.2628000000
2020-06-13 00:00,13584424176.1633000000
2020-06-14 00:00,25991736506.2645000000
2020-06-15 00:00,25754428421.6713000000
2020-06-16 00:00,27411593765.1834000000
2020-06-17 00:00,24866593873.4713000000
2020-06-18 00:00,25451784213.4716000000
2020-06-19 00:00,17660964876.8750000000
2020-06-20 00:00,17154352709.4318000000
2020-06-21 00:00,26176505939.6971000000
2020-06-22 00:00,30384464687.2581000000
2020-06-23 00:00,31711664822.1398000000
2020-06-24 00:00,28520941194.7656000000
2020-06-25 00:00,25100935354.0405000000
2020-06-26 00:00,24105962099.0899000000
2020-06-27 00:00,22516602942.4175000000
2020-06-28 00:00,26589402447.3169000000
2020-06-29 00:00,34863855512.0590000000
2020-06-30 00:00,31813620540.6737000000
2020-07-01 00:00,27568170790.4208000000
2020-07-02 00:00,29161456998.4258000000
2020-07-03 00:00,21212162498.6351000000
2020-07-04 00:00,19929865557.9349000000
2020-07-05 00:00,25908099847.0166000000
2020-07-06 00:00,25821870671.6711000000
2020-07-07 00:00,34769485325.6519000000
2020-07-08 00:00,30780990117.1782000000
2020-07-09 00:00,24021762874.9184000000
2020-07-10 00:00,20834387487.9351000000
2020-07-11 00:00,18758925320.1068000000
2020-07-12 00:00,32108360032.7936000000
2020-07-13 00:00,28012998925.2061000000
2020-07-14 00:00,34769184159.1669000000
2020-07-15 00:00,38469597349.8790000000
2020-07-16 00:00,39671315170.5212000000
2020-07-17 00:00,34981066647.9030000000
2020-07-18 00:00,38583936484.3787000000
2020-07-19 00:00,50330246521.8345000000
2020-07-20 00:00,51623626618.6524000000
2020-07-21 00:00,49903358804.0872000000
2020-07-22 00:00,57095457687.4212000000
2020-07-23 00:00,53486856994.9183000000
2020-07-24 00:00,57379168052.2773000000
2020-07-25 00:00,50521619673.6677000000
2020-07-26 00:00,67571232726.3980000000
2020-07-27 00:00,48385632517.2296000000
2020-07-28 00:00,51523880791.2419000000
2020-07-29 00:00,47209528568.8354000000
2020-07-30 00:00,52890387867.1122000000
2020-07-31 00:00,42649510478.9501000000
2020-08-01 00:00,50035689159.5749000000
2020-08-02 00:00,46625368789.0165000000
2020-08-03 00:00,38878950491.9552000000
2020-08-04 00:00,35675295820.0965000000
2020-08-05 00:00,38504907322.4930000000
2020-08-06 00:00,49959040435.9199000000
2020-08-07 00:00,44793736066.0999000000
2020-08-08 00:00,53813249173.5175000000
2020-08-09 00:00,79943916259.1305000000
2020-08-10 00:00,90618044961.0288000000
2020-08-11 00:00,161701417846.2605000000
2020-08-12 00:00,177351447976.5593000000
2020-08-13 00:00,137963956351.1845000000
2020-08-14 00:00,81808133138.6297000000
2020-08-15 00:00,70136636473.0879000000
2020-08-16 00:00,78016415168.7763000000
2020-08-17 00:00,89364101802.1658000000
2020-08-18 00:00,92660455971.9079000000
2020-08-19 00:00,82166482144.3130000000
2020-08-20 00:00,106303811093.1609000000
2020-08-21 00:00,68324135513.8515000000
2020-08-22 00:00,57048934372.6862000000
2020-08-23 00:00,67753893104.1153000000
2020-08-24 00:00,72461545485.6532000000
2020-08-25 00:00,60503148183.5485000000
2020-08-26 00:00,62005836158.2766000000
2020-08-27 00:00,60850487874.3972000000
2020-08-28 00:00,67697198528.6045000000
2020-08-29 00:00,138239317772.3310000000
2020-08-30 00:00,163109820963.0774000000
2020-08-31 00:00,313493530371.6890000000
2020-09-01 00:00,315784937714.5277000000
2020-09-02 00:00,259650265298.8960000000
2020-09-03 00:00,144146280386.3068000000
2020-09-04 00:00,176723890088.6371000000
2020-09-05 00:00,81508852917.2277000000
2020-09-06 00:00,74731318105.6862000000
2020-09-07 00:00,68678092155.2586000000
2020-09-08 00:00,80884765405.9502000000
2020-09-09 00:00,116689786482.5352000000
2020-09-10 00:00,98585439258.2913000000
2020-09-11 00:00,69002090090.0420000000
2020-09-12 00:00,76147917648.9398000000
2020-09-13 00:00,131986610962.3136000000
2020-09-14 00:00,114909425848.9510000000
2020-09-15 00:00,95990801503.7989000000
2020-09-16 00:00,342140403762.5238000000
2020-09-17 00:00,200493692077.7357000000
2020-09-18 00:00,105120549957.0273000000
2020-09-19 00:00,81998763702.1825000000
2020-09-20 00:00,106684734976.4338000000
2020-09-21 00:00,101031806121.6083000000
2020-09-22 00:00,81573196999.8975000000
2020-09-23 00:00,69380481267.8664000000
2020-09-24 00:00,62485432002.0792000000
2020-09-25 00:00,51567740305.3335000000
2020-09-26 00:00,52040502947.6300000000
2020-09-27 00:00,71302181610.1298000000
2020-09-28 00:00,90194515743.7730000000
2020-09-29 00:00,73392098009.4844000000
2020-09-30 00:00,58423873652.4325000000
2020-10-01 00:00,53779180360.6306000000
2020-10-02 00:00,41911451188.9418000000
2020-10-03 00:00,44162459855.4485000000
2020-10-04 00:00,47076977677.0472000000
2020-10-05 00:00,59779317888.7352000000
2020-10-06 00:00,46259718932.0472000000
2020-10-07 00:00,43634296009.6426000000
2020-10-08 00:00,44424030767.8247000000
2020-10-09 00:00,32519626303.1836000000
2020-10-10 00:00,25549595882.5346000000
2020-10-11 00:00,39908022366.2033000000
2020-10-12 00:00,39255199143.8176000000
2020-10-13 00:00,39576746587.6271000000
2020-10-14 00:00,41425884105.2146000000
2020-10-15 00:00,33991799486.7151000000
2020-10-16 00:00,18203946158.1305000000
2020-10-17 00:00,16903893612.1017000000
2020-10-18 00:00,26869356294.8662000000
2020-10-19 00:00,32539164552.4807000000
2020-10-20 00:00,44380202515.7935000000
2020-10-21 00:00,37744720304.3168000000
2020-10-22 00:00,33664022743.7059000000
2020-10-23 00:00,16077924720.6018000000
2020-10-24 00:00,16383781936.7299000000
2020-10-25 00:00,30457252701.7481000000
2020-10-26 00:00,23241657454.1154000000
2020-10-27 00:00,35673607484.0695000000
2020-10-28 00:00,36996672555.9663000000
2020-10-29 00:00,32746230336.0422000000
2020-10-30 00:00,20145692945.6368000000
2020-10-31 00:00,16825878645.9920000000
2020-11-01 00:00,34088957994.7226000000
2020-11-02 00:00,25933197647.6321000000
2020-11-03 00:00,20867954221.5404000000
2020-11-04 00:00,27732881663.7042000000
2020-11-05 00:00,35089926434.7359000000
2020-11-06 00:00,31862937678.7138000000
2020-11-07 00:00,15955327391.1715000000
2020-11-08 00:00,23307408159.8176000000
2020-11-09 00:00,28137413141.5587000000
2020-11-10 00:00,25087623236.3559000000
2020-11-11 00:00,22875502599.0134000000
2020-11-12 00:00,30087560903.2228000000
2020-11-13 00:00,16440781975.6464000000
2020-11-14 00:00,16611867006.0738000000
2020-11-15 00:00,24819744489.4602000000
2020-11-16 00:00,45379537739.2028000000
2020-11-17 00:00,48646345573.6044000000
2020-11-18 00:00,26093492042.0646000000
2020-11-19 00:00,39211247839.5603000000
2020-11-20 00:00,38564210914.1867000000
2020-11-21 00:00,37151009695.4841000000
2020-11-22 00:00,45310273823.1635000000
2020-11-23 00:00,55401535988.1888000000
2020-11-24 00:00,35123952205.7250000000
2020-11-25 00:00,73287074867.2215000000
2020-11-26 00:00,21049605933.0235000000
2020-11-27 00:00,13261123235.3678000000
2020-11-28 00:00,11509946555.6238000000
2020-11-29 00:00,43250409533.3332000000
2020-11-30 00:00,46724831180.1683000000
2020-12-01 00:00,22793854456.8429000000
2020-12-02 00:00,24681339490.1596000000
2020-12-03 00:00,29308656405.8955000000
2020-12-04 00:00,18532269496.1267000000
2020-12-05 00:00,17596101530.0874000000
2020-12-06 00:00,25200169709.2662000000
2020-12-07 00:00,35636854446.1750000000
2020-12-08 00:00,35568330275.7663000000
2020-12-09 00:00,29347741368.0230000000
2020-12-10 00:00,35042554920.0695000000
2020-12-11 00:00,22481565591.4566000000
2020-12-12 00:00,24005406661.5933000000
2020-12-13 00:00,35583557139.0241000000
2020-12-14 00:00,50261266314.7670000000
2020-12-15 00:00,49194076705.5461000000
2020-12-16 00:00,83862725086.9847000000
2020-12-17 00:00,43414314481.3314000000
2020-12-18 00:00,35637532541.5057000000
2020-12-19 00:00,25882097511.1304000000
2020-12-20 00:00,46031694649.5025000000
2020-12-21 00:00,38170867743.0974000000
2020-12-22 00:00,65929607864.9480000000
2020-12-23 00:00,49353430445.6165000000
2020-12-24 00:00,54431052774.8218000000
2020-12-25 00:00,41321009109.7029000000
2020-12-26 00:00,56093191724.3187000000
2020-12-27 00:00,65192816981.7317000000
2020-12-28 00:00,57623802382.9368000000
2020-12-29 00:00,70152312721.7330000000
2020-12-30 00:00,60575931548.0371000000
2020-12-31 00:00,40223181723.9352000000
2021-01-01 00:00,60389672431.0151000000
2021-01-02 00:00,96977958444.5584000000
2021-01-03 00:00,148822504787.8209000000
2021-01-04 00:00,84575810746.8760000000
2021-01-05 00:00,75403156600.1921000000
2021-01-06 00:00,82975804954.1939000000
2021-01-07 00:00,82453467632.4693000000
2021-01-08 00:00,57029785770.0750000000
2021-01-09 00:00,52952356641.4115000000
2021-01-10 00:00,139981105112.6373000000
2021-01-11 00:00,51817452716.8453000000
2021-01-12 00:00,40408542926.9377000000
2021-01-13 00:00,49760985834.6127000000
2021-01-14 00:00,53691485302.4249000000
2021-01-15 00:00,47088573672.9451000000
2021-01-16 00:00,38065960100.3719000000
2021-01-17 00:00,44542019507.7622000000
2021-01-18 00:00,60839117347.3721000000
2021-01-19 00:00,51071443637.3119000000
2021-01-20 00:00,71623428693.9734000000
2021-01-21 00:00,76708448336.1054000000
2021-01-22 00:00,48539670159.2021000000
2021-01-23 00:00,50085776550.8318000000
2021-01-24 00:00,63806129195.7287000000
2021-01-25 00:00,51275209974.5385000000
2021-01-26 00:00,58537933746.5659000000
2021-01-27 00:00,54311417037.1661000000
2021-01-28 00:00,76310276432.4634000000
2021-01-29 00:00,65055394966.9879000000
2021-01-30 00:00,76918630321.7175000000
2021-01-31 00:00,92645571115.2117000000
2021-02-01 00:00,97414203360.0702000000
2021-02-02 00:00,101305694191.2357000000
2021-02-03 00:00,135569430105.3654000000
2021-02-04 00:00,144686668054.0070000000
2021-02-05 00:00,106381737926.2145000000
2021-02-06 00:00,93369766530.2626000000
2021-02-07 00:00,120182833280.2171000000
2021-02-08 00:00,133725363662.1141000000
2021-02-09 00:00,126385760214.0337000000
2021-02-10 00:00,110874627042.9242000000
2021-02-11 00:00,113435353328.0305000000
2021-02-12 00:00,116516170616.7657000000
2021-02-13 00:00,93541398937.5156000000
2021-02-14 00:00,115338952109.6853000000
2021-02-15 00:00,110793531572.7357000000
2021-02-16 00:00,113632660430.9571000000
2021-02-17 00:00,119625374305.3492000000
2021-02-18 00:00,124855036132.8870000000
2021-02-19 00:00,131569260052.6253000000
2021-02-20 00:00,98924745366.1955000000
2021-02-21 00:00,180127007699.6245000000
2021-02-22 00:00,245681831472.3291000000
2021-02-23 00:00,133899576399.7125000000
2021-02-24 00:00,110410294738.6457000000
2021-02-25 00:00,106341074897.4703000000
2021-02-26 00:00,81137199769.9154000000
2021-02-27 00:00,76793878381.2299000000
2021-02-28 00:00,79514587105.2245000000
2021-03-01 00:00,82571345524.5576000000
2021-03-02 00:00,86725526499.2022000000
2021-03-03 00:00,76033560512.6706000000
2021-03-04 00:00,91852601077.9062000000
2021-03-05 00:00,65383578542.4280000000
2021-03-06 00:00,89840360770.8751000000
2021-03-07 00:00,91028960858.0389000000
2021-03-08 00:00,93708751838.4648000000
2021-03-09 00:00,92056604947.3377000000
2021-03-10 00:00,92626751303.5994000000
2021-03-11 00:00,117081360743.1589000000
2021-03-12 00:00,106741602038.4232000000
2021-03-13 00:00,101250018441.2873000000
2021-03-14 00:00,124703413806.4679000000
2021-03-15 00:00,120504178103.5411000000
2021-03-16 00:00,122519642715.9725000000
2021-03-17 00:00,109854096709.0306000000
2021-03-18 00:00,97265493158.4348000000
2021-03-19 00:00,88284444190.0677000000
2021-03-20 00:00,88315210673.7285000000
2021-03-21 00:00,118094713277.8878000000
2021-03-22 00:00,99684090000.4581000000
2021-03-23 00:00,106635437778.3942000000
2021-03-24 00:00,109781977501.2134000000
2021-03-25 00:00,87830598946.4175000000
2021-03-26 00:00,71684477442.4643000000
2021-03-27 00:00,76866148648.8213000000
2021-03-28 00:00,89284542872.8662000000
2021-03-29 00:00,97681104898.4977000000
2021-03-30 00:00,111298175518.5649000000
2021-03-31 00:00,103173219675.3332000000
2021-04-01 00:00,95865481593.6565000000
2021-04-02 00:00,79783057486.2609000000
2021-04-03 00:00,55231228928.2253000000
2021-04-04 00:00,64442128601.4217000000
2021-04-05 00:00,61899718984.2129000000
2021-04-06 00:00,59746525420.8102000000
2021-04-07 00:00,48388782602.4301000000
2021-04-08 00:00,47293313316.1699000000
2021-04-09 00:00,42166214080.6764000000
2021-04-10 00:00,37665538475.6364000000
2021-04-11 00:00,44518599345.8039000000
2021-04-12 00:00,47970438821.0927000000
2021-04-13 00:00,54579335500.4495000000
2021-04-14 00:00,41644067504.8871000000
2021-04-15 00:00,78862461307.2912000000
2021-04-16 00:00,65404692481.9603000000
2021-04-17 00:00,76200355049.6904000000
2021-04-18 00:00,91216463602.5438000000
2021-04-19 00:00,106945006166.6687000000
2021-04-20 00:00,66176218498.0672000000
2021-04-21 00:00,50239722040.2258000000
2021-04-22 00:00,40403769161.0140000000
2021-04-23 00:00,24198845852.1628000000
2021-04-24 00:00,20789081958.5366000000
2021-04-25 00:00,20335237782.0331000000
2021-04-26 00:00,22543449139.4941000000
2021-04-27 00:00,26774476946.0347000000
2021-04-28 00:00,23769795547.5035000000
2021-04-29 00:00,18247794843.0050000000
2021-04-30 00:00,13719603112.1723000000
2021-05-01 00:00,12512676572.4718000000
2021-05-02 00:00,21922032598.4689000000
2021-05-03 00:00,22320559668.9107000000
2021-05-04 00:00,22000509707.6918000000
2021-05-05 00:00,27405513935.4964000000
2021-05-06 00:00,28236758937.8474000000
2021-05-07 00:00,53718866946.4568000000
2021-05-08 00:00,50093926323.7198000000
2021-05-09 00:00,98095682748.6158000000
2021-05-10 00:00,127307893395.6924000000
2021-05-11 00:00,114352450997.7903000000
2021-05-12 00:00,67745127987.0252000000
2021-05-13 00:00,49014923938.1542000000
2021-05-14 00:00,32292890370.7831000000
2021-05-15 00:00,27200253393.5036000000
2021-05-16 00:00,30690707304.7615000000
2021-05-17 00:00,28725656633.3713000000
2021-05-18 00:00,104492131222.3673000000
2021-05-19 00:00,38257055189.9339000000
2021-05-20 00:00,30710977089.4799000000
2021-05-21 00:00,15578217962.2038000000
2021-05-22 00:00,35682320713.4475000000
2021-05-23 00:00,18893749714.5035000000
2021-05-24 00:00,17125282231.8384000000
2021-05-25 00:00,14676726267.2883000000
2021-05-26 00:00,11946374276.9861000000
2021-05-27 00:00,11433335191.0853000000
2021-05-28 00:00,9972583962.5199000000
2021-05-29 00:00,8189883003.3813000000
2021-05-30 00:00,9089197148.4043000000
2021-05-31 00:00,9167161345.2840000000
2021-06-01 00:00,8035959795.6256000000
2021-06-02 00:00,8135573215.1888000000
2021-06-03 00:00,6327381977.2437000000
2021-06-04 00:00,4553908327.8067000000
2021-06-05 00:00,4087978216.6877000000
2021-06-06 00:00,4903212350.6896000000
2021-06-07 00:00,7107071959.8057000000
2021-06-08 00:00,5695521327.2942000000
2021-06-09 00:00,4864859391.2433000000
2021-06-10 00:00,5380346330.7761000000
2021-06-11 00:00,4582804851.0754000000
2021-06-12 00:00,3933466928.4774000000
2021-06-13 00:00,5197138715.4044000000
2021-06-14 00:00,5645310256.6252000000
2021-06-15 00:00,5418504466.5535000000
2021-06-16 00:00,6210176041.7053000000
2021-06-17 00:00,5897165605.5063000000
2021-06-18 00:00,3931206655.6169000000
2021-06-19 00:00,4265620830.7177000000
2021-06-20 00:00,10848097613.2994000000
2021-06-21 00:00,18209941815.3868000000
2021-06-22 00:00,4900592129.2706000000
2021-06-23 00:00,4633395907.2136000000
2021-06-24 00:00,6433352278.7370000000
2021-06-25 00:00,3075359025.4475000000
2021-06-26 00:00,9309257249.6413000000
2021-06-27 00:00,5639818500.8639000000
2021-06-28 00:00,6084002649.7468000000
2021-06-29 00:00,8822486156.8552000000
2021-06-30 00:00,5434179407.9457000000
2021-07-01 00:00,3961014162.9946000000
2021-07-02 00:00,2754703737.2476000000
2021-07-03 00:00,2517130869.7330000000
2021-07-04 00:00,3719458983.3097000000
2021-07-05 00:00,15327012724.2565000000
2021-07-06 00:00,11333736171.4742000000
2021-07-07 00:00,10596903824.3217000000
2021-07-08 00:00,7311716795.8823000000
2021-07-09 00:00,3954209182.3692000000
2021-07-10 00:00,2945275524.0741000000
2021-07-11 00:00,8009340535.7568000000
2021-07-12 00:00,8438174486.1939000000
2021-07-13 00:00,11638606339.0283000000
2021-07-14 00:00,11088598549.5239000000
2021-07-15 00:00,12997276184.4559000000
2021-07-16 00:00,7198346617.8109000000
2021-07-17 00:00,6935604730.6983000000
2021-07-18 00:00,7450761390.4521000000
2021-07-19 00:00,7772171229.2087000000
2021-07-20 00:00,5395085017.0859000000
2021-07-21 00:00,9407408869.0729000000
2021-07-22 00:00,11044720229.8062000000
2021-07-23 00:00,5152063244.5105000000
2021-07-24 00:00,4314967486.5088000000
2021-07-25 00:00,8790441535.5770000000
2021-07-26 00:00,19325284548.1324000000
2021-07-27 00:00,15406994323.3062000000
2021-07-28 00:00,7037849247.7848000000
2021-07-29 00:00,9659748995.6233000000
2021-07-30 00:00,19643111064.0125000000
2021-07-31 00:00,10146296805.2685000000
2021-08-01 00:00,12723374752.0765000000
2021-08-02 00:00,15980529501.3065000000
2021-08-03 00:00,11835690486.4616000000
2021-08-04 00:00,41181952837.0567000000
2021-08-05 00:00,43130568739.6427000000
2021-08-06 00:00,43413018206.6958000000
2021-08-07 00:00,43861869518.3550000000
2021-08-08 00:00,45169118524.0157000000
2021-08-09 00:00,56304582389.7205000000
2021-08-10 00:00,55129910074.8041000000
2021-08-11 00:00,51444345150.7648000000
2021-08-12 00:00,51121873555.3038000000
2021-08-13 00:00,44935826969.2658000000
2021-08-14 00:00,58271947346.1601000000
2021-08-15 00:00,48946457904.4928000000
2021-08-16 00:00,44250424999.4751000000
2021-08-17 00:00,40260091756.0048000000
2021-08-18 00:00,40372531339.4611000000
2021-08-19 00:00,35898119843.4053000000
2021-08-20 00:00,31727412651.5262000000
2021-08-21 00:00,31690382328.4277000000
2021-08-22 00:00,55342306214.2275000000
2021-08-23 00:00,72760755376.3772000000
2021-08-24 00:00,86797478817.0405000000
2021-08-25 00:00,84258613971.1165000000
2021-08-26 00:00,115018686100.5187000000
2021-08-27 00:00,82076566592.3158000000
2021-08-28 00:00,88792828771.2711000000
2021-08-29 00:00,103617140609.2880000000
2021-08-30 00:00,113894204692.3876000000
2021-08-31 00:00,120964617037.6085000000
2021-09-01 00:00,102275884769.8869000000
2021-09-02 00:00,141539648716.2595000000
2021-09-03 00:00,110515920944.2278000000
2021-09-04 00:00,100928288120.4822000000
2021-09-05 00:00,107528259662.2141000000
2021-09-06 00:00,154786063256.5665000000
2021-09-07 00:00,144536082622.7528000000
2021-09-08 00:00,137968760716.3672000000
2021-09-09 00:00,90105823353.1421000000
2021-09-10 00:00,60351649761.1793000000
2021-09-11 00:00,58349023165.5480000000
2021-09-12 00:00,71038462942.5245000000
2021-09-13 00:00,70697647415.5066000000
2021-09-14 00:00,63873533028.3705000000
2021-09-15 00:00,79380620844.0408000000
2021-09-16 00:00,70096620930.8044000000
2021-09-17 00:00,50366194235.1073000000
2021-09-18 00:00,53134106133.4186000000
2021-09-19 00:00,80328629047.6259000000
2021-09-20 00:00,92930735475.9958000000
2021-09-21 00:00,63072009588.7606000000
2021-09-22 00:00,71055464610.9343000000
2021-09-23 00:00,67033039738.6948000000
2021-09-24 00:00,43430490657.9286000000
2021-09-25 00:00,61642335528.5928000000
2021-09-26 00:00,78784338383.4689000000
2021-09-27 00:00,82377613635.1724000000
2021-09-28 00:00,76488124131.7857000000
2021-09-29 00:00,106609828463.9975000000
2021-09-30 00:00,81485953962.9129000000
2021-10-01 00:00,57854354604.6327000000
2021-10-02 00:00,57382289047.4866000000
2021-10-03 00:00,94387609814.8717000000
2021-10-04 00:00,119897028586.7915000000
2021-10-05 00:00,136900212535.2258000000
2021-10-06 00:00,132178920289.8957000000
2021-10-07 00:00,118842731953.8863000000
2021-10-08 00:00,75059285372.0353000000
2021-10-09 00:00,76489787741.0113000000
2021-10-10 00:00,100832240075.3604000000
2021-10-11 00:00,83348652111.0546000000
2021-10-12 00:00,91082345581.0718000000
2021-10-13 00:00,123556013714.6490000000
2021-10-14 00:00,128794671798.4126000000
2021-10-15 00:00,79770216529.6582000000
2021-10-16 00:00,70282328149.1049000000
2021-10-17 00:00,100625900693.8672000000
2021-10-18 00:00,68497402198.7984000000
2021-10-19 00:00,74601092123.9059000000
2021-10-20 00:00,87406521705.6080000000
2021-10-21 00:00,81018896637.1168000000
2021-10-22 00:00,61016473729.9012000000
2021-10-23 00:00,68243066267.5322000000
2021-10-24 00:00,91327384072.5955000000
2021-10-25 00:00,115726901019.9616000000
2021-10-26 00:00,153565845599.2667000000
2021-10-27 00:00,173757542047.6328000000
2021-10-28 00:00,161728733189.1807000000
2021-10-29 00:00,148627946216.9983000000