date,activate_address
2015-08-06 00:00,1115.0000000000
2015-08-07 00:00,861.0000000000
2015-08-08 00:00,758.0000000000
2015-08-09 00:00,1039.0000000000
2015-08-10 00:00,2387.0000000000
2015-08-11 00:00,927.0000000000
2015-08-12 00:00,1317.0000000000
2015-08-13 00:00,1622.0000000000
2015-08-14 00:00,1347.0000000000
2015-08-15 00:00,1218.0000000000
2015-08-16 00:00,1256.0000000000
2015-08-17 00:00,1303.0000000000
2015-08-18 00:00,1385.0000000000
2015-08-19 00:00,1190.0000000000
2015-08-20 00:00,1446.0000000000
2015-08-21 00:00,1430.0000000000
2015-08-22 00:00,1609.0000000000
2015-08-23 00:00,1442.0000000000
2015-08-24 00:00,1609.0000000000
2015-08-25 00:00,1561.0000000000
2015-08-26 00:00,1617.0000000000
2015-08-27 00:00,1565.0000000000
2015-08-28 00:00,1395.0000000000
2015-08-29 00:00,1640.0000000000
2015-08-30 00:00,1535.0000000000
2015-08-31 00:00,1576.0000000000
2015-09-01 00:00,1525.0000000000
2015-09-02 00:00,1462.0000000000
2015-09-03 00:00,1465.0000000000
2015-09-04 00:00,1499.0000000000
2015-09-05 00:00,1604.0000000000
2015-09-06 00:00,1666.0000000000
2015-09-07 00:00,1561.0000000000
2015-09-08 00:00,1557.0000000000
2015-09-09 00:00,1548.0000000000
2015-09-10 00:00,1714.0000000000
2015-09-11 00:00,1562.0000000000
2015-09-12 00:00,1623.0000000000
2015-09-13 00:00,1643.0000000000
2015-09-14 00:00,1502.0000000000
2015-09-15 00:00,1524.0000000000
2015-09-16 00:00,1528.0000000000
2015-09-17 00:00,1500.0000000000
2015-09-18 00:00,1383.0000000000
2015-09-19 00:00,1487.0000000000
2015-09-20 00:00,1557.0000000000
2015-09-21 00:00,1591.0000000000
2015-09-22 00:00,1755.0000000000
2015-09-23 00:00,1608.0000000000
2015-09-24 00:00,1566.0000000000
2015-09-25 00:00,1423.0000000000
2015-09-26 00:00,1431.0000000000
2015-09-27 00:00,1555.0000000000
2015-09-28 00:00,1544.0000000000
2015-09-29 00:00,1512.0000000000
2015-09-30 00:00,1486.0000000000
2015-10-01 00:00,1387.0000000000
2015-10-02 00:00,1405.0000000000
2015-10-03 00:00,1404.0000000000
2015-10-04 00:00,1448.0000000000
2015-10-05 00:00,1440.0000000000
2015-10-06 00:00,1394.0000000000
2015-10-07 00:00,1350.0000000000
2015-10-08 00:00,1381.0000000000
2015-10-09 00:00,1284.0000000000
2015-10-10 00:00,1320.0000000000
2015-10-11 00:00,1371.0000000000
2015-10-12 00:00,1506.0000000000
2015-10-13 00:00,1614.0000000000
2015-10-14 00:00,1534.0000000000
2015-10-15 00:00,1406.0000000000
2015-10-16 00:00,1383.0000000000
2015-10-17 00:00,1355.0000000000
2015-10-18 00:00,1472.0000000000
2015-10-19 00:00,1343.0000000000
2015-10-20 00:00,1532.0000000000
2015-10-21 00:00,1441.0000000000
2015-10-22 00:00,1576.0000000000
2015-10-23 00:00,1712.0000000000
2015-10-24 00:00,1632.0000000000
2015-10-25 00:00,1679.0000000000
2015-10-26 00:00,1770.0000000000
2015-10-27 00:00,1731.0000000000
2015-10-28 00:00,2006.0000000000
2015-10-29 00:00,2291.0000000000
2015-10-30 00:00,2014.0000000000
2015-10-31 00:00,2144.0000000000
2015-11-01 00:00,2071.0000000000
2015-11-02 00:00,2110.0000000000
2015-11-03 00:00,2087.0000000000
2015-11-04 00:00,1968.0000000000
2015-11-05 00:00,1842.0000000000
2015-11-06 00:00,2163.0000000000
2015-11-07 00:00,2333.0000000000
2015-11-08 00:00,2116.0000000000
2015-11-09 00:00,1914.0000000000
2015-11-10 00:00,2092.0000000000
2015-11-11 00:00,1853.0000000000
2015-11-12 00:00,1851.0000000000
2015-11-13 00:00,1818.0000000000
2015-11-14 00:00,1791.0000000000
2015-11-15 00:00,1900.0000000000
2015-11-16 00:00,1931.0000000000
2015-11-17 00:00,1897.0000000000
2015-11-18 00:00,1899.0000000000
2015-11-19 00:00,1783.0000000000
2015-11-20 00:00,1752.0000000000
2015-11-21 00:00,2044.0000000000
2015-11-22 00:00,1794.0000000000
2015-11-23 00:00,1865.0000000000
2015-11-24 00:00,1737.0000000000
2015-11-25 00:00,1825.0000000000
2015-11-26 00:00,1667.0000000000
2015-11-27 00:00,1666.0000000000
2015-11-28 00:00,1687.0000000000
2015-11-29 00:00,1807.0000000000
2015-11-30 00:00,1799.0000000000
2015-12-01 00:00,1699.0000000000
2015-12-02 00:00,1793.0000000000
2015-12-03 00:00,1803.0000000000
2015-12-04 00:00,1786.0000000000
2015-12-05 00:00,2163.0000000000
2015-12-06 00:00,1985.0000000000
2015-12-07 00:00,1827.0000000000
2015-12-08 00:00,1779.0000000000
2015-12-09 00:00,1816.0000000000
2015-12-10 00:00,1832.0000000000
2015-12-11 00:00,2178.0000000000
2015-12-12 00:00,2027.0000000000
2015-12-13 00:00,2225.0000000000
2015-12-14 00:00,2190.0000000000
2015-12-15 00:00,2179.0000000000
2015-12-16 00:00,2501.0000000000
2015-12-17 00:00,2278.0000000000
2015-12-18 00:00,2205.0000000000
2015-12-19 00:00,2227.0000000000
2015-12-20 00:00,2366.0000000000
2015-12-21 00:00,2341.0000000000
2015-12-22 00:00,2237.0000000000
2015-12-23 00:00,2251.0000000000
2015-12-24 00:00,2169.0000000000
2015-12-25 00:00,2316.0000000000
2015-12-26 00:00,2224.0000000000
2015-12-27 00:00,2451.0000000000
2015-12-28 00:00,2404.0000000000
2015-12-29 00:00,2385.0000000000
2015-12-30 00:00,2599.0000000000
2015-12-31 00:00,2374.0000000000
2016-01-01 00:00,2429.0000000000
2016-01-02 00:00,2470.0000000000
2016-01-03 00:00,2557.0000000000
2016-01-04 00:00,2557.0000000000
2016-01-05 00:00,2673.0000000000
2016-01-06 00:00,2720.0000000000
2016-01-07 00:00,2630.0000000000
2016-01-08 00:00,2696.0000000000
2016-01-09 00:00,2847.0000000000
2016-01-10 00:00,2994.0000000000
2016-01-11 00:00,3013.0000000000
2016-01-12 00:00,2843.0000000000
2016-01-13 00:00,2768.0000000000
2016-01-14 00:00,3153.0000000000
2016-01-15 00:00,2703.0000000000
2016-01-16 00:00,2598.0000000000
2016-01-17 00:00,3075.0000000000
2016-01-18 00:00,2872.0000000000
2016-01-19 00:00,3404.0000000000
2016-01-20 00:00,2985.0000000000
2016-01-21 00:00,3062.0000000000
2016-01-22 00:00,3468.0000000000
2016-01-23 00:00,3878.0000000000
2016-01-24 00:00,4093.0000000000
2016-01-25 00:00,4370.0000000000
2016-01-26 00:00,4125.0000000000
2016-01-27 00:00,4519.0000000000
2016-01-28 00:00,4386.0000000000
2016-01-29 00:00,4395.0000000000
2016-01-30 00:00,4444.0000000000
2016-01-31 00:00,4257.0000000000
2016-02-01 00:00,4357.0000000000
2016-02-02 00:00,4374.0000000000
2016-02-03 00:00,4157.0000000000
2016-02-04 00:00,4755.0000000000
2016-02-05 00:00,3899.0000000000
2016-02-06 00:00,4102.0000000000
2016-02-07 00:00,4594.0000000000
2016-02-08 00:00,4810.0000000000
2016-02-09 00:00,6091.0000000000
2016-02-10 00:00,8011.0000000000
2016-02-11 00:00,6568.0000000000
2016-02-12 00:00,6122.0000000000
2016-02-13 00:00,5595.0000000000
2016-02-14 00:00,5729.0000000000
2016-02-15 00:00,5756.0000000000
2016-02-16 00:00,5790.0000000000
2016-02-17 00:00,5624.0000000000
2016-02-18 00:00,6136.0000000000
2016-02-19 00:00,5276.0000000000
2016-02-20 00:00,6411.0000000000
2016-02-21 00:00,6058.0000000000
2016-02-22 00:00,6121.0000000000
2016-02-23 00:00,6093.0000000000
2016-02-24 00:00,6685.0000000000
2016-02-25 00:00,6610.0000000000
2016-02-26 00:00,5991.0000000000
2016-02-27 00:00,6603.0000000000
2016-02-28 00:00,7283.0000000000
2016-02-29 00:00,7753.0000000000
2016-03-01 00:00,8626.0000000000
2016-03-02 00:00,9120.0000000000
2016-03-03 00:00,9145.0000000000
2016-03-04 00:00,10164.0000000000
2016-03-05 00:00,9831.0000000000
2016-03-06 00:00,8154.0000000000
2016-03-07 00:00,9615.0000000000
2016-03-08 00:00,9393.0000000000
2016-03-09 00:00,9883.0000000000
2016-03-10 00:00,9559.0000000000
2016-03-11 00:00,10065.0000000000
2016-03-12 00:00,10256.0000000000
2016-03-13 00:00,10582.0000000000
2016-03-14 00:00,10502.0000000000
2016-03-15 00:00,9774.0000000000
2016-03-16 00:00,10373.0000000000
2016-03-17 00:00,10859.0000000000
2016-03-18 00:00,9650.0000000000
2016-03-19 00:00,10225.0000000000
2016-03-20 00:00,10678.0000000000
2016-03-21 00:00,11766.0000000000
2016-03-22 00:00,10785.0000000000
2016-03-23 00:00,12760.0000000000
2016-03-24 00:00,11377.0000000000
2016-03-25 00:00,15093.0000000000
2016-03-26 00:00,11144.0000000000
2016-03-27 00:00,13407.0000000000
2016-03-28 00:00,12941.0000000000
2016-03-29 00:00,14676.0000000000
2016-03-30 00:00,12650.0000000000
2016-03-31 00:00,13148.0000000000
2016-04-01 00:00,11345.0000000000
2016-04-02 00:00,11319.0000000000
2016-04-03 00:00,13956.0000000000
2016-04-04 00:00,18068.0000000000
2016-04-05 00:00,12985.0000000000
2016-04-06 00:00,13478.0000000000
2016-04-07 00:00,13914.0000000000
2016-04-08 00:00,12918.0000000000
2016-04-09 00:00,13323.0000000000
2016-04-10 00:00,12535.0000000000
2016-04-11 00:00,14005.0000000000
2016-04-12 00:00,13958.0000000000
2016-04-13 00:00,13316.0000000000
2016-04-14 00:00,15813.0000000000
2016-04-15 00:00,12190.0000000000
2016-04-16 00:00,12763.0000000000
2016-04-17 00:00,13524.0000000000
2016-04-18 00:00,13252.0000000000
2016-04-19 00:00,13533.0000000000
2016-04-20 00:00,14288.0000000000
2016-04-21 00:00,13119.0000000000
2016-04-22 00:00,12824.0000000000
2016-04-23 00:00,14108.0000000000
2016-04-24 00:00,16117.0000000000
2016-04-25 00:00,14007.0000000000
2016-04-26 00:00,13496.0000000000
2016-04-27 00:00,13980.0000000000
2016-04-28 00:00,15715.0000000000
2016-04-29 00:00,19946.0000000000
2016-04-30 00:00,16434.0000000000
2016-05-01 00:00,17853.0000000000
2016-05-02 00:00,15179.0000000000
2016-05-03 00:00,15291.0000000000
2016-05-04 00:00,15088.0000000000
2016-05-05 00:00,17365.0000000000
2016-05-06 00:00,14497.0000000000
2016-05-07 00:00,15693.0000000000
2016-05-08 00:00,15608.0000000000
2016-05-09 00:00,15675.0000000000
2016-05-10 00:00,17226.0000000000
2016-05-11 00:00,18924.0000000000
2016-05-12 00:00,19050.0000000000
2016-05-13 00:00,17517.0000000000
2016-05-14 00:00,16368.0000000000
2016-05-15 00:00,16235.0000000000
2016-05-16 00:00,17387.0000000000
2016-05-17 00:00,20444.0000000000
2016-05-18 00:00,19902.0000000000
2016-05-19 00:00,20030.0000000000
2016-05-20 00:00,19182.0000000000
2016-05-21 00:00,16194.0000000000
2016-05-22 00:00,18489.0000000000
2016-05-23 00:00,17629.0000000000
2016-05-24 00:00,18637.0000000000
2016-05-25 00:00,24810.0000000000
2016-05-26 00:00,20485.0000000000
2016-05-27 00:00,32241.0000000000
2016-05-28 00:00,20346.0000000000
2016-05-29 00:00,18458.0000000000
2016-05-30 00:00,19109.0000000000
2016-05-31 00:00,18371.0000000000
2016-06-01 00:00,17988.0000000000
2016-06-02 00:00,17359.0000000000
2016-06-03 00:00,17050.0000000000
2016-06-04 00:00,16999.0000000000
2016-06-05 00:00,18307.0000000000
2016-06-06 00:00,22012.0000000000
2016-06-07 00:00,18906.0000000000
2016-06-08 00:00,18246.0000000000
2016-06-09 00:00,19034.0000000000
2016-06-10 00:00,16210.0000000000
2016-06-11 00:00,19763.0000000000
2016-06-12 00:00,22878.0000000000
2016-06-13 00:00,23221.0000000000
2016-06-14 00:00,20355.0000000000
2016-06-15 00:00,20851.0000000000
2016-06-16 00:00,36192.0000000000
2016-06-17 00:00,35671.0000000000
2016-06-18 00:00,24898.0000000000
2016-06-19 00:00,24052.0000000000
2016-06-20 00:00,23564.0000000000
2016-06-21 00:00,25497.0000000000
2016-06-22 00:00,20737.0000000000
2016-06-23 00:00,21660.0000000000
2016-06-24 00:00,18664.0000000000
2016-06-25 00:00,22384.0000000000
2016-06-26 00:00,19734.0000000000
2016-06-27 00:00,21670.0000000000
2016-06-28 00:00,20372.0000000000
2016-06-29 00:00,19877.0000000000
2016-06-30 00:00,20103.0000000000
2016-07-01 00:00,19842.0000000000
2016-07-02 00:00,20137.0000000000
2016-07-03 00:00,20670.0000000000
2016-07-04 00:00,21102.0000000000
2016-07-05 00:00,19976.0000000000
2016-07-06 00:00,20164.0000000000
2016-07-07 00:00,20991.0000000000
2016-07-08 00:00,21379.0000000000
2016-07-09 00:00,20383.0000000000
2016-07-10 00:00,19575.0000000000
2016-07-11 00:00,21220.0000000000
2016-07-12 00:00,18114.0000000000
2016-07-13 00:00,21022.0000000000
2016-07-14 00:00,21187.0000000000
2016-07-15 00:00,19764.0000000000
2016-07-16 00:00,16545.0000000000
2016-07-17 00:00,20137.0000000000
2016-07-18 00:00,26774.0000000000
2016-07-19 00:00,25476.0000000000
2016-07-20 00:00,22556.0000000000
2016-07-21 00:00,24749.0000000000
2016-07-22 00:00,22662.0000000000
2016-07-23 00:00,27114.0000000000
2016-07-24 00:00,25353.0000000000
2016-07-25 00:00,30263.0000000000
2016-07-26 00:00,28959.0000000000
2016-07-27 00:00,24490.0000000000
2016-07-28 00:00,23565.0000000000
2016-07-29 00:00,20605.0000000000
2016-07-30 00:00,21411.0000000000
2016-07-31 00:00,21789.0000000000
2016-08-01 00:00,20387.0000000000
2016-08-02 00:00,22812.0000000000
2016-08-03 00:00,21918.0000000000
2016-08-04 00:00,20775.0000000000
2016-08-05 00:00,19492.0000000000
2016-08-06 00:00,20107.0000000000
2016-08-07 00:00,20447.0000000000
2016-08-08 00:00,22870.0000000000
2016-08-09 00:00,21211.0000000000
2016-08-10 00:00,22562.0000000000
2016-08-11 00:00,20118.0000000000
2016-08-12 00:00,19468.0000000000
2016-08-13 00:00,19446.0000000000
2016-08-14 00:00,19907.0000000000
2016-08-15 00:00,20902.0000000000
2016-08-16 00:00,20055.0000000000
2016-08-17 00:00,19708.0000000000
2016-08-18 00:00,20033.0000000000
2016-08-19 00:00,19646.0000000000
2016-08-20 00:00,20206.0000000000
2016-08-21 00:00,20076.0000000000
2016-08-22 00:00,22051.0000000000
2016-08-23 00:00,20002.0000000000
2016-08-24 00:00,21408.0000000000
2016-08-25 00:00,19920.0000000000
2016-08-26 00:00,19832.0000000000
2016-08-27 00:00,20195.0000000000
2016-08-28 00:00,21124.0000000000
2016-08-29 00:00,20281.0000000000
2016-08-30 00:00,21846.0000000000
2016-08-31 00:00,22219.0000000000
2016-09-01 00:00,22724.0000000000
2016-09-02 00:00,20211.0000000000
2016-09-03 00:00,20969.0000000000
2016-09-04 00:00,20445.0000000000
2016-09-05 00:00,21080.0000000000
2016-09-06 00:00,19809.0000000000
2016-09-07 00:00,22687.0000000000
2016-09-08 00:00,20888.0000000000
2016-09-09 00:00,20368.0000000000
2016-09-10 00:00,20737.0000000000
2016-09-11 00:00,21977.0000000000
2016-09-12 00:00,20794.0000000000
2016-09-13 00:00,20539.0000000000
2016-09-14 00:00,21308.0000000000
2016-09-15 00:00,21607.0000000000
2016-09-16 00:00,21519.0000000000
2016-09-17 00:00,19690.0000000000
2016-09-18 00:00,21038.0000000000
2016-09-19 00:00,24691.0000000000
2016-09-20 00:00,21017.0000000000
2016-09-21 00:00,17555.0000000000
2016-09-22 00:00,18106.0000000000
2016-09-23 00:00,18601.0000000000
2016-09-24 00:00,17909.0000000000
2016-09-25 00:00,17905.0000000000
2016-09-26 00:00,17565.0000000000
2016-09-27 00:00,18841.0000000000
2016-09-28 00:00,19838.0000000000
2016-09-29 00:00,17829.0000000000
2016-09-30 00:00,19740.0000000000
2016-10-01 00:00,20500.0000000000
2016-10-02 00:00,19456.0000000000
2016-10-03 00:00,55156.0000000000
2016-10-04 00:00,47372.0000000000
2016-10-05 00:00,45320.0000000000
2016-10-06 00:00,40241.0000000000
2016-10-07 00:00,19657.0000000000
2016-10-08 00:00,20140.0000000000
2016-10-09 00:00,51837.0000000000
2016-10-10 00:00,2268374.0000000000
2016-10-11 00:00,7157280.0000000000
2016-10-12 00:00,4981628.0000000000
2016-10-13 00:00,1015335.0000000000
2016-10-14 00:00,713717.0000000000
2016-10-15 00:00,1183332.0000000000
2016-10-16 00:00,1078243.0000000000
2016-10-17 00:00,879352.0000000000
2016-10-18 00:00,15912.0000000000
2016-10-19 00:00,21053.0000000000
2016-10-20 00:00,23376.0000000000
2016-10-21 00:00,19156.0000000000
2016-10-22 00:00,17804.0000000000
2016-10-23 00:00,20429.0000000000
2016-10-24 00:00,19711.0000000000
2016-10-25 00:00,19223.0000000000
2016-10-26 00:00,18879.0000000000
2016-10-27 00:00,18942.0000000000
2016-10-28 00:00,17205.0000000000
2016-10-29 00:00,15495.0000000000
2016-10-30 00:00,20037.0000000000
2016-10-31 00:00,20742.0000000000
2016-11-01 00:00,21235.0000000000
2016-11-02 00:00,19484.0000000000
2016-11-03 00:00,13432.0000000000
2016-11-04 00:00,16560.0000000000
2016-11-05 00:00,15047.0000000000
2016-11-06 00:00,18230.0000000000
2016-11-07 00:00,17031.0000000000
2016-11-08 00:00,17588.0000000000
2016-11-09 00:00,16269.0000000000
2016-11-10 00:00,17758.0000000000
2016-11-11 00:00,16318.0000000000
2016-11-12 00:00,17723.0000000000
2016-11-13 00:00,16280.0000000000
2016-11-14 00:00,17250.0000000000
2016-11-15 00:00,16124.0000000000
2016-11-16 00:00,15974.0000000000
2016-11-17 00:00,16559.0000000000
2016-11-18 00:00,15769.0000000000
2016-11-19 00:00,16851.0000000000
2016-11-20 00:00,16661.0000000000
2016-11-21 00:00,30778.0000000000
2016-11-22 00:00,38946.0000000000
2016-11-23 00:00,16481.0000000000
2016-11-24 00:00,42503.0000000000
2016-11-25 00:00,16771.0000000000
2016-11-26 00:00,17184.0000000000
2016-11-27 00:00,16711.0000000000
2016-11-28 00:00,15773.0000000000
2016-11-29 00:00,16497.0000000000
2016-11-30 00:00,14980.0000000000
2016-12-01 00:00,18721.0000000000
2016-12-02 00:00,19945.0000000000
2016-12-03 00:00,21085.0000000000
2016-12-04 00:00,20691.0000000000
2016-12-05 00:00,18729.0000000000
2016-12-06 00:00,16703.0000000000
2016-12-07 00:00,15462.0000000000
2016-12-08 00:00,16500.0000000000
2016-12-09 00:00,17310.0000000000
2016-12-10 00:00,15745.0000000000
2016-12-11 00:00,16118.0000000000
2016-12-12 00:00,15094.0000000000
2016-12-13 00:00,17799.0000000000
2016-12-14 00:00,18176.0000000000
2016-12-15 00:00,16398.0000000000
2016-12-16 00:00,15788.0000000000
2016-12-17 00:00,13841.0000000000
2016-12-18 00:00,17890.0000000000
2016-12-19 00:00,17050.0000000000
2016-12-20 00:00,17457.0000000000
2016-12-21 00:00,24176.0000000000
2016-12-22 00:00,18054.0000000000
2016-12-23 00:00,15411.0000000000
2016-12-24 00:00,13952.0000000000
2016-12-25 00:00,14071.0000000000
2016-12-26 00:00,15960.0000000000
2016-12-27 00:00,15838.0000000000
2016-12-28 00:00,16203.0000000000
2016-12-29 00:00,16553.0000000000
2016-12-30 00:00,16138.0000000000
2016-12-31 00:00,14151.0000000000
2017-01-01 00:00,15485.0000000000
2017-01-02 00:00,16354.0000000000
2017-01-03 00:00,18683.0000000000
2017-01-04 00:00,20009.0000000000
2017-01-05 00:00,18010.0000000000
2017-01-06 00:00,17303.0000000000
2017-01-07 00:00,16390.0000000000
2017-01-08 00:00,18046.0000000000
2017-01-09 00:00,17743.0000000000
2017-01-10 00:00,16946.0000000000
2017-01-11 00:00,18977.0000000000
2017-01-12 00:00,18732.0000000000
2017-01-13 00:00,17115.0000000000
2017-01-14 00:00,16719.0000000000
2017-01-15 00:00,17191.0000000000
2017-01-16 00:00,19087.0000000000
2017-01-17 00:00,17183.0000000000
2017-01-18 00:00,17218.0000000000
2017-01-19 00:00,19347.0000000000
2017-01-20 00:00,16770.0000000000
2017-01-21 00:00,16881.0000000000
2017-01-22 00:00,17053.0000000000
2017-01-23 00:00,19095.0000000000
2017-01-24 00:00,17242.0000000000
2017-01-25 00:00,17956.0000000000
2017-01-26 00:00,17361.0000000000
2017-01-27 00:00,17099.0000000000
2017-01-28 00:00,16159.0000000000
2017-01-29 00:00,17535.0000000000
2017-01-30 00:00,17247.0000000000
2017-01-31 00:00,17600.0000000000
2017-02-01 00:00,17427.0000000000
2017-02-02 00:00,17311.0000000000
2017-02-03 00:00,17739.0000000000
2017-02-04 00:00,17796.0000000000
2017-02-05 00:00,16672.0000000000
2017-02-06 00:00,18328.0000000000
2017-02-07 00:00,18426.0000000000
2017-02-08 00:00,18095.0000000000
2017-02-09 00:00,18097.0000000000
2017-02-10 00:00,16865.0000000000
2017-02-11 00:00,18263.0000000000
2017-02-12 00:00,18919.0000000000
2017-02-13 00:00,20869.0000000000
2017-02-14 00:00,20349.0000000000
2017-02-15 00:00,18792.0000000000
2017-02-16 00:00,18573.0000000000
2017-02-17 00:00,18706.0000000000
2017-02-18 00:00,17710.0000000000
2017-02-19 00:00,19102.0000000000
2017-02-20 00:00,21529.0000000000
2017-02-21 00:00,19682.0000000000
2017-02-22 00:00,19069.0000000000
2017-02-23 00:00,21062.0000000000
2017-02-24 00:00,21459.0000000000
2017-02-25 00:00,19597.0000000000
2017-02-26 00:00,20997.0000000000
2017-02-27 00:00,24893.0000000000
2017-02-28 00:00,26725.0000000000
2017-03-01 00:00,33198.0000000000
2017-03-02 00:00,28419.0000000000
2017-03-03 00:00,24423.0000000000
2017-03-04 00:00,24133.0000000000
2017-03-05 00:00,23739.0000000000
2017-03-06 00:00,23360.0000000000
2017-03-07 00:00,22992.0000000000
2017-03-08 00:00,26629.0000000000
2017-03-09 00:00,26680.0000000000
2017-03-10 00:00,25795.0000000000
2017-03-11 00:00,27333.0000000000
2017-03-12 00:00,35536.0000000000
2017-03-13 00:00,32741.0000000000
2017-03-14 00:00,33740.0000000000
2017-03-15 00:00,47082.0000000000
2017-03-16 00:00,45251.0000000000
2017-03-17 00:00,37692.0000000000
2017-03-18 00:00,32823.0000000000
2017-03-19 00:00,33244.0000000000
2017-03-20 00:00,35166.0000000000
2017-03-21 00:00,32126.0000000000
2017-03-22 00:00,32317.0000000000
2017-03-23 00:00,38359.0000000000
2017-03-24 00:00,35203.0000000000
2017-03-25 00:00,31541.0000000000
2017-03-26 00:00,38226.0000000000
2017-03-27 00:00,34999.0000000000
2017-03-28 00:00,41235.0000000000
2017-03-29 00:00,42746.0000000000
2017-03-30 00:00,47520.0000000000
2017-03-31 00:00,34177.0000000000
2017-04-01 00:00,37213.0000000000
2017-04-02 00:00,44533.0000000000
2017-04-03 00:00,38352.0000000000
2017-04-04 00:00,38493.0000000000
2017-04-05 00:00,43038.0000000000
2017-04-06 00:00,35021.0000000000
2017-04-07 00:00,31504.0000000000
2017-04-08 00:00,30809.0000000000
2017-04-09 00:00,33353.0000000000
2017-04-10 00:00,33559.0000000000
2017-04-11 00:00,36503.0000000000
2017-04-12 00:00,37197.0000000000
2017-04-13 00:00,35104.0000000000
2017-04-14 00:00,32773.0000000000
2017-04-15 00:00,29251.0000000000
2017-04-16 00:00,31022.0000000000
2017-04-17 00:00,37841.0000000000
2017-04-18 00:00,38186.0000000000
2017-04-19 00:00,39040.0000000000
2017-04-20 00:00,38928.0000000000
2017-04-21 00:00,34137.0000000000
2017-04-22 00:00,32714.0000000000
2017-04-23 00:00,38252.0000000000
2017-04-24 00:00,37822.0000000000
2017-04-25 00:00,45570.0000000000
2017-04-26 00:00,53794.0000000000
2017-04-27 00:00,47351.0000000000
2017-04-28 00:00,43079.0000000000
2017-04-29 00:00,44762.0000000000
2017-04-30 00:00,57885.0000000000
2017-05-01 00:00,51912.0000000000
2017-05-02 00:00,45814.0000000000
2017-05-03 00:00,58927.0000000000
2017-05-04 00:00,53821.0000000000
2017-05-05 00:00,49814.0000000000
2017-05-06 00:00,54955.0000000000
2017-05-07 00:00,60596.0000000000
2017-05-08 00:00,60053.0000000000
2017-05-09 00:00,58582.0000000000
2017-05-10 00:00,60042.0000000000
2017-05-11 00:00,54663.0000000000
2017-05-12 00:00,50476.0000000000
2017-05-13 00:00,51594.0000000000
2017-05-14 00:00,62892.0000000000
2017-05-15 00:00,62286.0000000000
2017-05-16 00:00,69985.0000000000
2017-05-17 00:00,70035.0000000000
2017-05-18 00:00,84428.0000000000
2017-05-19 00:00,69626.0000000000
2017-05-20 00:00,72591.0000000000
2017-05-21 00:00,88977.0000000000
2017-05-22 00:00,103059.0000000000
2017-05-23 00:00,103375.0000000000
2017-05-24 00:00,97959.0000000000
2017-05-25 00:00,90523.0000000000
2017-05-26 00:00,79221.0000000000
2017-05-27 00:00,78339.0000000000
2017-05-28 00:00,85165.0000000000
2017-05-29 00:00,107769.0000000000
2017-05-30 00:00,117355.0000000000
2017-05-31 00:00,110757.0000000000
2017-06-01 00:00,109071.0000000000
2017-06-02 00:00,94118.0000000000
2017-06-03 00:00,99721.0000000000
2017-06-04 00:00,105113.0000000000
2017-06-05 00:00,111267.0000000000
2017-06-06 00:00,114830.0000000000
2017-06-07 00:00,104188.0000000000
2017-06-08 00:00,121228.0000000000
2017-06-09 00:00,117672.0000000000
2017-06-10 00:00,138178.0000000000
2017-06-11 00:00,162808.0000000000
2017-06-12 00:00,158034.0000000000
2017-06-13 00:00,142630.0000000000
2017-06-14 00:00,144954.0000000000
2017-06-15 00:00,132476.0000000000
2017-06-16 00:00,129456.0000000000
2017-06-17 00:00,134689.0000000000
2017-06-18 00:00,160451.0000000000
2017-06-19 00:00,171211.0000000000
2017-06-20 00:00,133996.0000000000
2017-06-21 00:00,169666.0000000000
2017-06-22 00:00,161079.0000000000
2017-06-23 00:00,150141.0000000000
2017-06-24 00:00,139969.0000000000
2017-06-25 00:00,178299.0000000000
2017-06-26 00:00,148927.0000000000
2017-06-27 00:00,155121.0000000000
2017-06-28 00:00,150857.0000000000
2017-06-29 00:00,148216.0000000000
2017-06-30 00:00,133428.0000000000
2017-07-01 00:00,132632.0000000000
2017-07-02 00:00,162221.0000000000
2017-07-03 00:00,154629.0000000000
2017-07-04 00:00,151739.0000000000
2017-07-05 00:00,140211.0000000000
2017-07-06 00:00,162261.0000000000
2017-07-07 00:00,141105.0000000000
2017-07-08 00:00,130203.0000000000
2017-07-09 00:00,154780.0000000000
2017-07-10 00:00,155516.0000000000
2017-07-11 00:00,153563.0000000000
2017-07-12 00:00,147787.0000000000
2017-07-13 00:00,131960.0000000000
2017-07-14 00:00,122185.0000000000
2017-07-15 00:00,136264.0000000000
2017-07-16 00:00,137826.0000000000
2017-07-17 00:00,152068.0000000000
2017-07-18 00:00,145157.0000000000
2017-07-19 00:00,146804.0000000000
2017-07-20 00:00,135560.0000000000
2017-07-21 00:00,117251.0000000000
2017-07-22 00:00,154717.0000000000
2017-07-23 00:00,138756.0000000000
2017-07-24 00:00,141120.0000000000
2017-07-25 00:00,125919.0000000000
2017-07-26 00:00,128889.0000000000
2017-07-27 00:00,135197.0000000000
2017-07-28 00:00,106916.0000000000
2017-07-29 00:00,122877.0000000000
2017-07-30 00:00,150913.0000000000
2017-07-31 00:00,127318.0000000000
2017-08-01 00:00,132731.0000000000
2017-08-02 00:00,133223.0000000000
2017-08-03 00:00,136686.0000000000
2017-08-04 00:00,136120.0000000000
2017-08-05 00:00,151509.0000000000
2017-08-06 00:00,160451.0000000000
2017-08-07 00:00,171922.0000000000
2017-08-08 00:00,157363.0000000000
2017-08-09 00:00,179985.0000000000
2017-08-10 00:00,179749.0000000000
2017-08-11 00:00,181227.0000000000
2017-08-12 00:00,174029.0000000000
2017-08-13 00:00,222366.0000000000
2017-08-14 00:00,225510.0000000000
2017-08-15 00:00,197686.0000000000
2017-08-16 00:00,206857.0000000000
2017-08-17 00:00,217874.0000000000
2017-08-18 00:00,202840.0000000000
2017-08-19 00:00,179771.0000000000
2017-08-20 00:00,210760.0000000000
2017-08-21 00:00,203202.0000000000
2017-08-22 00:00,213942.0000000000
2017-08-23 00:00,187784.0000000000
2017-08-24 00:00,195168.0000000000
2017-08-25 00:00,160426.0000000000
2017-08-26 00:00,166630.0000000000
2017-08-27 00:00,193638.0000000000
2017-08-28 00:00,204856.0000000000
2017-08-29 00:00,215207.0000000000
2017-08-30 00:00,215174.0000000000
2017-08-31 00:00,209732.0000000000
2017-09-01 00:00,188965.0000000000
2017-09-02 00:00,171335.0000000000
2017-09-03 00:00,238071.0000000000
2017-09-04 00:00,234672.0000000000
2017-09-05 00:00,253907.0000000000
2017-09-06 00:00,235694.0000000000
2017-09-07 00:00,252014.0000000000
2017-09-08 00:00,212234.0000000000
2017-09-09 00:00,187804.0000000000
2017-09-10 00:00,215971.0000000000
2017-09-11 00:00,231118.0000000000
2017-09-12 00:00,228652.0000000000
2017-09-13 00:00,256021.0000000000
2017-09-14 00:00,249783.0000000000
2017-09-15 00:00,225405.0000000000
2017-09-16 00:00,241743.0000000000
2017-09-17 00:00,262269.0000000000
2017-09-18 00:00,252041.0000000000
2017-09-19 00:00,220409.0000000000
2017-09-20 00:00,249030.0000000000
2017-09-21 00:00,200906.0000000000
2017-09-22 00:00,179824.0000000000
2017-09-23 00:00,149012.0000000000
2017-09-24 00:00,183149.0000000000
2017-09-25 00:00,202177.0000000000
2017-09-26 00:00,203349.0000000000
2017-09-27 00:00,198830.0000000000
2017-09-28 00:00,193431.0000000000
2017-09-29 00:00,177205.0000000000
2017-09-30 00:00,155768.0000000000
2017-10-01 00:00,179287.0000000000
2017-10-02 00:00,185722.0000000000
2017-10-03 00:00,165655.0000000000
2017-10-04 00:00,157083.0000000000
2017-10-05 00:00,157500.0000000000
2017-10-06 00:00,159471.0000000000
2017-10-07 00:00,168368.0000000000
2017-10-08 00:00,186195.0000000000
2017-10-09 00:00,190517.0000000000
2017-10-10 00:00,188998.0000000000
2017-10-11 00:00,199361.0000000000
2017-10-12 00:00,208496.0000000000
2017-10-13 00:00,186355.0000000000
2017-10-14 00:00,185490.0000000000
2017-10-15 00:00,252611.0000000000
2017-10-16 00:00,297447.0000000000
2017-10-17 00:00,242640.0000000000
2017-10-18 00:00,249524.0000000000
2017-10-19 00:00,259515.0000000000
2017-10-20 00:00,200128.0000000000
2017-10-21 00:00,222827.0000000000
2017-10-22 00:00,286817.0000000000
2017-10-23 00:00,285864.0000000000
2017-10-24 00:00,276255.0000000000
2017-10-25 00:00,307575.0000000000
2017-10-26 00:00,310563.0000000000
2017-10-27 00:00,317403.0000000000
2017-10-28 00:00,328472.0000000000
2017-10-29 00:00,345001.0000000000
2017-10-30 00:00,356717.0000000000
2017-10-31 00:00,347787.0000000000
2017-11-01 00:00,389864.0000000000
2017-11-02 00:00,404130.0000000000
2017-11-03 00:00,338887.0000000000
2017-11-04 00:00,261549.0000000000
2017-11-05 00:00,273745.0000000000
2017-11-06 00:00,276020.0000000000
2017-11-07 00:00,278850.0000000000
2017-11-08 00:00,268173.0000000000
2017-11-09 00:00,281821.0000000000
2017-11-10 00:00,337256.0000000000
2017-11-11 00:00,344734.0000000000
2017-11-12 00:00,343412.0000000000
2017-11-13 00:00,319608.0000000000
2017-11-14 00:00,307852.0000000000
2017-11-15 00:00,302059.0000000000
2017-11-16 00:00,310750.0000000000
2017-11-17 00:00,346451.0000000000
2017-11-18 00:00,329757.0000000000
2017-11-19 00:00,334921.0000000000
2017-11-20 00:00,334518.0000000000
2017-11-21 00:00,312424.0000000000
2017-11-22 00:00,308345.0000000000
2017-11-23 00:00,325414.0000000000
2017-11-24 00:00,357162.0000000000
2017-11-25 00:00,309318.0000000000
2017-11-26 00:00,1140902.0000000000
2017-11-27 00:00,433571.0000000000
2017-11-28 00:00,380017.0000000000
2017-11-29 00:00,334503.0000000000
2017-11-30 00:00,347161.0000000000
2017-12-01 00:00,342785.0000000000
2017-12-02 00:00,346680.0000000000
2017-12-03 00:00,315630.0000000000
2017-12-04 00:00,335984.0000000000
2017-12-05 00:00,418914.0000000000
2017-12-06 00:00,351641.0000000000
2017-12-07 00:00,384026.0000000000
2017-12-08 00:00,354325.0000000000
2017-12-09 00:00,370003.0000000000
2017-12-10 00:00,434440.0000000000
2017-12-11 00:00,462200.0000000000
2017-12-12 00:00,499656.0000000000
2017-12-13 00:00,535064.0000000000
2017-12-14 00:00,489506.0000000000
2017-12-15 00:00,478616.0000000000
2017-12-16 00:00,489497.0000000000
2017-12-17 00:00,570531.0000000000
2017-12-18 00:00,579070.0000000000
2017-12-19 00:00,579534.0000000000
2017-12-20 00:00,665112.0000000000
2017-12-21 00:00,676546.0000000000
2017-12-22 00:00,599127.0000000000
2017-12-23 00:00,467790.0000000000
2017-12-24 00:00,484447.0000000000
2017-12-25 00:00,575476.0000000000
2017-12-26 00:00,621153.0000000000
2017-12-27 00:00,618616.0000000000
2017-12-28 00:00,668043.0000000000
2017-12-29 00:00,655694.0000000000
2017-12-30 00:00,550909.0000000000
2017-12-31 00:00,581570.0000000000
2018-01-01 00:00,683821.0000000000
2018-01-02 00:00,710807.0000000000
2018-01-03 00:00,770277.0000000000
2018-01-04 00:00,776585.0000000000
2018-01-05 00:00,735118.0000000000
2018-01-06 00:00,677757.0000000000
2018-01-07 00:00,726143.0000000000
2018-01-08 00:00,780391.0000000000
2018-01-09 00:00,743734.0000000000
2018-01-10 00:00,739009.0000000000
2018-01-11 00:00,686498.0000000000
2018-01-12 00:00,718883.0000000000
2018-01-13 00:00,683521.0000000000
2018-01-14 00:00,787071.0000000000
2018-01-15 00:00,804822.0000000000
2018-01-16 00:00,800105.0000000000
2018-01-17 00:00,750075.0000000000
2018-01-18 00:00,611987.0000000000
2018-01-19 00:00,567479.0000000000
2018-01-20 00:00,706647.0000000000
2018-01-21 00:00,625205.0000000000
2018-01-22 00:00,623888.0000000000
2018-01-23 00:00,616535.0000000000
2018-01-24 00:00,555545.0000000000
2018-01-25 00:00,632953.0000000000
2018-01-26 00:00,506594.0000000000
2018-01-27 00:00,523473.0000000000
2018-01-28 00:00,539964.0000000000
2018-01-29 00:00,542820.0000000000
2018-01-30 00:00,562837.0000000000
2018-01-31 00:00,569823.0000000000
2018-02-01 00:00,587931.0000000000
2018-02-02 00:00,508046.0000000000
2018-02-03 00:00,527787.0000000000
2018-02-04 00:00,556545.0000000000
2018-02-05 00:00,558062.0000000000
2018-02-06 00:00,501025.0000000000
2018-02-07 00:00,418267.0000000000
2018-02-08 00:00,464356.0000000000
2018-02-09 00:00,474095.0000000000
2018-02-10 00:00,458804.0000000000
2018-02-11 00:00,491409.0000000000
2018-02-12 00:00,445958.0000000000
2018-02-13 00:00,454248.0000000000
2018-02-14 00:00,478809.0000000000
2018-02-15 00:00,440172.0000000000
2018-02-16 00:00,447573.0000000000
2018-02-17 00:00,421594.0000000000
2018-02-18 00:00,456242.0000000000
2018-02-19 00:00,483293.0000000000
2018-02-20 00:00,492502.0000000000
2018-02-21 00:00,517999.0000000000
2018-02-22 00:00,519760.0000000000
2018-02-23 00:00,522251.0000000000
2018-02-24 00:00,450017.0000000000
2018-02-25 00:00,472217.0000000000
2018-02-26 00:00,459909.0000000000
2018-02-27 00:00,535484.0000000000
2018-02-28 00:00,482376.0000000000
2018-03-01 00:00,522185.0000000000
2018-03-02 00:00,466353.0000000000
2018-03-03 00:00,447428.0000000000
2018-03-04 00:00,534287.0000000000
2018-03-05 00:00,496362.0000000000
2018-03-06 00:00,612727.0000000000
2018-03-07 00:00,510237.0000000000
2018-03-08 00:00,520184.0000000000
2018-03-09 00:00,448979.0000000000
2018-03-10 00:00,426887.0000000000
2018-03-11 00:00,529007.0000000000
2018-03-12 00:00,520086.0000000000
2018-03-13 00:00,515947.0000000000
2018-03-14 00:00,556897.0000000000
2018-03-15 00:00,502320.0000000000
2018-03-16 00:00,448252.0000000000
2018-03-17 00:00,510126.0000000000
2018-03-18 00:00,552559.0000000000
2018-03-19 00:00,474316.0000000000
2018-03-20 00:00,472831.0000000000
2018-03-21 00:00,435559.0000000000
2018-03-22 00:00,496996.0000000000
2018-03-23 00:00,434202.0000000000
2018-03-24 00:00,350829.0000000000
2018-03-25 00:00,440556.0000000000
2018-03-26 00:00,420804.0000000000
2018-03-27 00:00,422689.0000000000
2018-03-28 00:00,434628.0000000000
2018-03-29 00:00,472316.0000000000
2018-03-30 00:00,421083.0000000000
2018-03-31 00:00,429699.0000000000
2018-04-01 00:00,437634.0000000000
2018-04-02 00:00,484070.0000000000
2018-04-03 00:00,436151.0000000000
2018-04-04 00:00,478518.0000000000
2018-04-05 00:00,448418.0000000000
2018-04-06 00:00,441926.0000000000
2018-04-07 00:00,424570.0000000000
2018-04-08 00:00,462284.0000000000
2018-04-09 00:00,470930.0000000000
2018-04-10 00:00,495715.0000000000
2018-04-11 00:00,500517.0000000000
2018-04-12 00:00,501659.0000000000
2018-04-13 00:00,399251.0000000000
2018-04-14 00:00,403058.0000000000
2018-04-15 00:00,494785.0000000000
2018-04-16 00:00,471788.0000000000
2018-04-17 00:00,539388.0000000000
2018-04-18 00:00,542698.0000000000
2018-04-19 00:00,582333.0000000000
2018-04-20 00:00,531005.0000000000
2018-04-21 00:00,572711.0000000000
2018-04-22 00:00,536209.0000000000
2018-04-23 00:00,536858.0000000000
2018-04-24 00:00,533976.0000000000
2018-04-25 00:00,572079.0000000000
2018-04-26 00:00,546591.0000000000
2018-04-27 00:00,533923.0000000000
2018-04-28 00:00,461130.0000000000
2018-04-29 00:00,525179.0000000000
2018-04-30 00:00,549936.0000000000
2018-05-01 00:00,650518.0000000000
2018-05-02 00:00,631462.0000000000
2018-05-03 00:00,801756.0000000000
2018-05-04 00:00,655974.0000000000
2018-05-05 00:00,735619.0000000000
2018-05-06 00:00,564478.0000000000
2018-05-07 00:00,518804.0000000000
2018-05-08 00:00,499245.0000000000
2018-05-09 00:00,484780.0000000000
2018-05-10 00:00,532048.0000000000
2018-05-11 00:00,538853.0000000000
2018-05-12 00:00,518186.0000000000
2018-05-13 00:00,501068.0000000000
2018-05-14 00:00,547021.0000000000
2018-05-15 00:00,532082.0000000000
2018-05-16 00:00,503986.0000000000
2018-05-17 00:00,554528.0000000000
2018-05-18 00:00,534675.0000000000
2018-05-19 00:00,525359.0000000000
2018-05-20 00:00,562145.0000000000
2018-05-21 00:00,528907.0000000000
2018-05-22 00:00,550439.0000000000
2018-05-23 00:00,546540.0000000000
2018-05-24 00:00,530679.0000000000
2018-05-25 00:00,532038.0000000000
2018-05-26 00:00,526453.0000000000
2018-05-27 00:00,555773.0000000000
2018-05-28 00:00,531194.0000000000
2018-05-29 00:00,534906.0000000000
2018-05-30 00:00,540630.0000000000
2018-05-31 00:00,599057.0000000000
2018-06-01 00:00,593449.0000000000
2018-06-02 00:00,574852.0000000000
2018-06-03 00:00,573925.0000000000
2018-06-04 00:00,548603.0000000000
2018-06-05 00:00,507222.0000000000
2018-06-06 00:00,537556.0000000000
2018-06-07 00:00,647261.0000000000
2018-06-08 00:00,588953.0000000000
2018-06-09 00:00,605694.0000000000
2018-06-10 00:00,562397.0000000000
2018-06-11 00:00,531534.0000000000
2018-06-12 00:00,683396.0000000000
2018-06-13 00:00,618179.0000000000
2018-06-14 00:00,521769.0000000000
2018-06-15 00:00,1549988.0000000000
2018-06-16 00:00,479691.0000000000
2018-06-17 00:00,542941.0000000000
2018-06-18 00:00,577714.0000000000
2018-06-19 00:00,564883.0000000000
2018-06-20 00:00,566694.0000000000
2018-06-21 00:00,599871.0000000000
2018-06-22 00:00,515863.0000000000
2018-06-23 00:00,559862.0000000000
2018-06-24 00:00,665309.0000000000
2018-06-25 00:00,677286.0000000000
2018-06-26 00:00,671377.0000000000
2018-06-27 00:00,669305.0000000000
2018-06-28 00:00,604579.0000000000
2018-06-29 00:00,407660.0000000000
2018-06-30 00:00,363992.0000000000
2018-07-01 00:00,434731.0000000000
2018-07-02 00:00,556178.0000000000
2018-07-03 00:00,505738.0000000000
2018-07-04 00:00,549776.0000000000
2018-07-05 00:00,506421.0000000000
2018-07-06 00:00,496774.0000000000
2018-07-07 00:00,580885.0000000000
2018-07-08 00:00,673684.0000000000
2018-07-09 00:00,629539.0000000000
2018-07-10 00:00,618084.0000000000
2018-07-11 00:00,561584.0000000000
2018-07-12 00:00,540460.0000000000
2018-07-13 00:00,518055.0000000000
2018-07-14 00:00,616557.0000000000
2018-07-15 00:00,633674.0000000000
2018-07-16 00:00,619835.0000000000
2018-07-17 00:00,581024.0000000000
2018-07-18 00:00,580423.0000000000
2018-07-19 00:00,512164.0000000000
2018-07-20 00:00,487047.0000000000
2018-07-21 00:00,560390.0000000000
2018-07-22 00:00,518692.0000000000
2018-07-23 00:00,588278.0000000000
2018-07-24 00:00,572533.0000000000
2018-07-25 00:00,613695.0000000000
2018-07-26 00:00,528871.0000000000
2018-07-27 00:00,498311.0000000000
2018-07-28 00:00,492554.0000000000
2018-07-29 00:00,553331.0000000000
2018-07-30 00:00,552948.0000000000
2018-07-31 00:00,540439.0000000000
2018-08-01 00:00,535841.0000000000
2018-08-02 00:00,571438.0000000000
2018-08-03 00:00,522212.0000000000
2018-08-04 00:00,529689.0000000000
2018-08-05 00:00,553795.0000000000
2018-08-06 00:00,415292.0000000000
2018-08-07 00:00,337209.0000000000
2018-08-08 00:00,336781.0000000000
2018-08-09 00:00,400941.0000000000
2018-08-10 00:00,492102.0000000000
2018-08-11 00:00,472827.0000000000
2018-08-12 00:00,507494.0000000000
2018-08-13 00:00,501201.0000000000
2018-08-14 00:00,472483.0000000000
2018-08-15 00:00,495279.0000000000
2018-08-16 00:00,442541.0000000000
2018-08-17 00:00,466737.0000000000
2018-08-18 00:00,435830.0000000000
2018-08-19 00:00,491414.0000000000
2018-08-20 00:00,522393.0000000000
2018-08-21 00:00,462326.0000000000
2018-08-22 00:00,482842.0000000000
2018-08-23 00:00,531534.0000000000
2018-08-24 00:00,524228.0000000000
2018-08-25 00:00,464962.0000000000
2018-08-26 00:00,663963.0000000000
2018-08-27 00:00,617375.0000000000
2018-08-28 00:00,518959.0000000000
2018-08-29 00:00,515704.0000000000
2018-08-30 00:00,495843.0000000000
2018-08-31 00:00,481471.0000000000
2018-09-01 00:00,454969.0000000000
2018-09-02 00:00,469932.0000000000
2018-09-03 00:00,449598.0000000000
2018-09-04 00:00,455077.0000000000
2018-09-05 00:00,716608.0000000000
2018-09-06 00:00,982012.0000000000
2018-09-07 00:00,402685.0000000000
2018-09-08 00:00,406533.0000000000
2018-09-09 00:00,432992.0000000000
2018-09-10 00:00,410798.0000000000
2018-09-11 00:00,419213.0000000000
2018-09-12 00:00,425669.0000000000
2018-09-13 00:00,414626.0000000000
2018-09-14 00:00,411860.0000000000
2018-09-15 00:00,419203.0000000000
2018-09-16 00:00,454220.0000000000
2018-09-17 00:00,416004.0000000000
2018-09-18 00:00,332641.0000000000
2018-09-19 00:00,426417.0000000000
2018-09-20 00:00,409723.0000000000
2018-09-21 00:00,399491.0000000000
2018-09-22 00:00,380345.0000000000
2018-09-23 00:00,399335.0000000000
2018-09-24 00:00,432424.0000000000
2018-09-25 00:00,442235.0000000000
2018-09-26 00:00,444100.0000000000
2018-09-27 00:00,422702.0000000000
2018-09-28 00:00,332063.0000000000
2018-09-29 00:00,411951.0000000000
2018-09-30 00:00,416548.0000000000
2018-10-01 00:00,402379.0000000000
2018-10-02 00:00,423493.0000000000
2018-10-03 00:00,391779.0000000000
2018-10-04 00:00,401593.0000000000
2018-10-05 00:00,421038.0000000000
2018-10-06 00:00,352736.0000000000
2018-10-07 00:00,409688.0000000000
2018-10-08 00:00,420539.0000000000
2018-10-09 00:00,362983.0000000000
2018-10-10 00:00,371973.0000000000
2018-10-11 00:00,718430.0000000000
2018-10-12 00:00,401895.0000000000
2018-10-13 00:00,360059.0000000000
2018-10-14 00:00,382041.0000000000
2018-10-15 00:00,394108.0000000000
2018-10-16 00:00,398998.0000000000
2018-10-17 00:00,451626.0000000000
2018-10-18 00:00,417918.0000000000
2018-10-19 00:00,438656.0000000000
2018-10-20 00:00,387611.0000000000
2018-10-21 00:00,463954.0000000000
2018-10-22 00:00,430732.0000000000
2018-10-23 00:00,414860.0000000000
2018-10-24 00:00,422022.0000000000
2018-10-25 00:00,417299.0000000000
2018-10-26 00:00,401256.0000000000
2018-10-27 00:00,409039.0000000000
2018-10-28 00:00,442065.0000000000
2018-10-29 00:00,465480.0000000000
2018-10-30 00:00,463990.0000000000
2018-10-31 00:00,448724.0000000000
2018-11-01 00:00,404950.0000000000
2018-11-02 00:00,402400.0000000000
2018-11-03 00:00,352511.0000000000
2018-11-04 00:00,354974.0000000000
2018-11-05 00:00,419324.0000000000
2018-11-06 00:00,379157.0000000000
2018-11-07 00:00,380059.0000000000
2018-11-08 00:00,381683.0000000000
2018-11-09 00:00,426638.0000000000
2018-11-10 00:00,464326.0000000000
2018-11-11 00:00,426820.0000000000
2018-11-12 00:00,385141.0000000000
2018-11-13 00:00,394638.0000000000
2018-11-14 00:00,414439.0000000000
2018-11-15 00:00,390308.0000000000
2018-11-16 00:00,398394.0000000000
2018-11-17 00:00,372937.0000000000
2018-11-18 00:00,402856.0000000000
2018-11-19 00:00,366408.0000000000
2018-11-20 00:00,403476.0000000000
2018-11-21 00:00,411590.0000000000
2018-11-22 00:00,392398.0000000000
2018-11-23 00:00,355337.0000000000
2018-11-24 00:00,361849.0000000000
2018-11-25 00:00,377942.0000000000
2018-11-26 00:00,413403.0000000000
2018-11-27 00:00,419475.0000000000
2018-11-28 00:00,338080.0000000000
2018-11-29 00:00,372023.0000000000
2018-11-30 00:00,365798.0000000000
2018-12-01 00:00,341030.0000000000
2018-12-02 00:00,372867.0000000000
2018-12-03 00:00,344457.0000000000
2018-12-04 00:00,361919.0000000000
2018-12-05 00:00,391495.0000000000
2018-12-06 00:00,354747.0000000000
2018-12-07 00:00,427142.0000000000
2018-12-08 00:00,409479.0000000000
2018-12-09 00:00,463054.0000000000
2018-12-10 00:00,426339.0000000000
2018-12-11 00:00,410425.0000000000
2018-12-12 00:00,404262.0000000000
2018-12-13 00:00,375882.0000000000
2018-12-14 00:00,431317.0000000000
2018-12-15 00:00,437315.0000000000
2018-12-16 00:00,393329.0000000000
2018-12-17 00:00,376979.0000000000
2018-12-18 00:00,406469.0000000000
2018-12-19 00:00,401609.0000000000
2018-12-20 00:00,402142.0000000000
2018-12-21 00:00,404170.0000000000
2018-12-22 00:00,402608.0000000000
2018-12-23 00:00,431958.0000000000
2018-12-24 00:00,363403.0000000000
2018-12-25 00:00,448175.0000000000
2018-12-26 00:00,484786.0000000000
2018-12-27 00:00,436993.0000000000
2018-12-28 00:00,414221.0000000000
2018-12-29 00:00,371022.0000000000
2018-12-30 00:00,462667.0000000000
2018-12-31 00:00,291250.0000000000
2019-01-01 00:00,412467.0000000000
2019-01-02 00:00,414427.0000000000
2019-01-03 00:00,385976.0000000000
2019-01-04 00:00,368316.0000000000
2019-01-05 00:00,354602.0000000000
2019-01-06 00:00,405964.0000000000
2019-01-07 00:00,377298.0000000000
2019-01-08 00:00,390657.0000000000
2019-01-09 00:00,387766.0000000000
2019-01-10 00:00,440308.0000000000
2019-01-11 00:00,344343.0000000000
2019-01-12 00:00,340499.0000000000
2019-01-13 00:00,388617.0000000000
2019-01-14 00:00,365929.0000000000
2019-01-15 00:00,325021.0000000000
2019-01-16 00:00,344866.0000000000
2019-01-17 00:00,347932.0000000000
2019-01-18 00:00,341277.0000000000
2019-01-19 00:00,323015.0000000000
2019-01-20 00:00,364538.0000000000
2019-01-21 00:00,417801.0000000000
2019-01-22 00:00,324521.0000000000
2019-01-23 00:00,332019.0000000000
2019-01-24 00:00,330057.0000000000
2019-01-25 00:00,309194.0000000000
2019-01-26 00:00,296924.0000000000
2019-01-27 00:00,354068.0000000000
2019-01-28 00:00,351045.0000000000
2019-01-29 00:00,305562.0000000000
2019-01-30 00:00,322251.0000000000
2019-01-31 00:00,334728.0000000000
2019-02-01 00:00,320737.0000000000
2019-02-02 00:00,302139.0000000000
2019-02-03 00:00,317400.0000000000
2019-02-04 00:00,254019.0000000000
2019-02-05 00:00,243233.0000000000
2019-02-06 00:00,254564.0000000000
2019-02-07 00:00,281635.0000000000
2019-02-08 00:00,233911.0000000000
2019-02-09 00:00,193704.0000000000
2019-02-10 00:00,254348.0000000000
2019-02-11 00:00,279971.0000000000
2019-02-12 00:00,318771.0000000000
2019-02-13 00:00,304653.0000000000
2019-02-14 00:00,312563.0000000000
2019-02-15 00:00,262638.0000000000
2019-02-16 00:00,247259.0000000000
2019-02-17 00:00,297735.0000000000
2019-02-18 00:00,310921.0000000000
2019-02-19 00:00,328940.0000000000
2019-02-20 00:00,338453.0000000000
2019-02-21 00:00,376724.0000000000
2019-02-22 00:00,333166.0000000000
2019-02-23 00:00,342946.0000000000
2019-02-24 00:00,335388.0000000000
2019-02-25 00:00,316253.0000000000
2019-02-26 00:00,321973.0000000000
2019-02-27 00:00,373198.0000000000
2019-02-28 00:00,437013.0000000000
2019-03-01 00:00,343771.0000000000
2019-03-02 00:00,365138.0000000000
2019-03-03 00:00,437282.0000000000
2019-03-04 00:00,403727.0000000000
2019-03-05 00:00,370048.0000000000
2019-03-06 00:00,241168.0000000000
2019-03-07 00:00,361052.0000000000
2019-03-08 00:00,315847.0000000000
2019-03-09 00:00,266938.0000000000
2019-03-10 00:00,328312.0000000000
2019-03-11 00:00,293984.0000000000
2019-03-12 00:00,369170.0000000000
2019-03-13 00:00,353842.0000000000
2019-03-14 00:00,365481.0000000000
2019-03-15 00:00,332904.0000000000
2019-03-16 00:00,332540.0000000000
2019-03-17 00:00,384781.0000000000
2019-03-18 00:00,437254.0000000000
2019-03-19 00:00,363276.0000000000
2019-03-20 00:00,322428.0000000000
2019-03-21 00:00,352701.0000000000
2019-03-22 00:00,336822.0000000000
2019-03-23 00:00,321203.0000000000
2019-03-24 00:00,374920.0000000000
2019-03-25 00:00,358356.0000000000
2019-03-26 00:00,441074.0000000000
2019-03-27 00:00,364878.0000000000
2019-03-28 00:00,345854.0000000000
2019-03-29 00:00,400895.0000000000
2019-03-30 00:00,423872.0000000000
2019-03-31 00:00,416700.0000000000
2019-04-01 00:00,436751.0000000000
2019-04-02 00:00,413782.0000000000
2019-04-03 00:00,403672.0000000000
2019-04-04 00:00,374328.0000000000
2019-04-05 00:00,303503.0000000000
2019-04-06 00:00,318226.0000000000
2019-04-07 00:00,340226.0000000000
2019-04-08 00:00,382249.0000000000
2019-04-09 00:00,357960.0000000000
2019-04-10 00:00,412687.0000000000
2019-04-11 00:00,424431.0000000000
2019-04-12 00:00,338684.0000000000
2019-04-13 00:00,313681.0000000000
2019-04-14 00:00,371064.0000000000
2019-04-15 00:00,374510.0000000000
2019-04-16 00:00,420986.0000000000
2019-04-17 00:00,445562.0000000000
2019-04-18 00:00,414452.0000000000
2019-04-19 00:00,406313.0000000000
2019-04-20 00:00,364119.0000000000
2019-04-21 00:00,442218.0000000000
2019-04-22 00:00,448635.0000000000
2019-04-23 00:00,428496.0000000000
2019-04-24 00:00,357785.0000000000
2019-04-25 00:00,365198.0000000000
2019-04-26 00:00,327989.0000000000
2019-04-27 00:00,390619.0000000000
2019-04-28 00:00,400721.0000000000
2019-04-29 00:00,422430.0000000000
2019-04-30 00:00,370267.0000000000
2019-05-01 00:00,312331.0000000000
2019-05-02 00:00,363911.0000000000
2019-05-03 00:00,343624.0000000000
2019-05-04 00:00,359039.0000000000
2019-05-05 00:00,375338.0000000000
2019-05-06 00:00,368466.0000000000
2019-05-07 00:00,351417.0000000000
2019-05-08 00:00,415530.0000000000
2019-05-09 00:00,494832.0000000000
2019-05-10 00:00,411955.0000000000
2019-05-11 00:00,395429.0000000000
2019-05-12 00:00,473202.0000000000
2019-05-13 00:00,490195.0000000000
2019-05-14 00:00,516094.0000000000
2019-05-15 00:00,508533.0000000000
2019-05-16 00:00,451594.0000000000
2019-05-17 00:00,490371.0000000000
2019-05-18 00:00,501512.0000000000
2019-05-19 00:00,501423.0000000000
2019-05-20 00:00,493690.0000000000
2019-05-21 00:00,516188.0000000000
2019-05-22 00:00,241467.0000000000
2019-05-23 00:00,505219.0000000000
2019-05-24 00:00,459516.0000000000
2019-05-25 00:00,398652.0000000000
2019-05-26 00:00,539972.0000000000
2019-05-27 00:00,495756.0000000000
2019-05-28 00:00,512341.0000000000
2019-05-29 00:00,513020.0000000000
2019-05-30 00:00,563394.0000000000
2019-05-31 00:00,665843.0000000000
2019-06-01 00:00,600653.0000000000
2019-06-02 00:00,566950.0000000000
2019-06-03 00:00,552644.0000000000
2019-06-04 00:00,497951.0000000000
2019-06-05 00:00,542251.0000000000
2019-06-06 00:00,450844.0000000000
2019-06-07 00:00,446907.0000000000
2019-06-08 00:00,423623.0000000000
2019-06-09 00:00,521128.0000000000
2019-06-10 00:00,598643.0000000000
2019-06-11 00:00,569482.0000000000
2019-06-12 00:00,420504.0000000000
2019-06-13 00:00,470994.0000000000
2019-06-14 00:00,221581.0000000000
2019-06-16 00:00,277330.0000000000
2019-06-17 00:00,482991.0000000000
2019-06-18 00:00,303482.0000000000
2019-06-19 00:00,506886.0000000000
2019-06-20 00:00,299495.0000000000
2019-06-21 00:00,409500.0000000000
2019-06-22 00:00,451008.0000000000
2019-06-23 00:00,474892.0000000000
2019-06-24 00:00,551973.0000000000
2019-06-25 00:00,449615.0000000000
2019-06-26 00:00,398643.0000000000
2019-06-27 00:00,561066.0000000000
2019-06-28 00:00,390954.0000000000
2019-06-29 00:00,444085.0000000000
2019-06-30 00:00,536676.0000000000
2019-07-01 00:00,655680.0000000000
2019-07-02 00:00,526863.0000000000
2019-07-03 00:00,470025.0000000000
2019-07-04 00:00,531522.0000000000
2019-07-05 00:00,504373.0000000000
2019-07-06 00:00,370321.0000000000
2019-07-07 00:00,523114.0000000000
2019-07-08 00:00,432255.0000000000
2019-07-09 00:00,397577.0000000000
2019-07-10 00:00,520301.0000000000
2019-07-11 00:00,413286.0000000000
2019-07-12 00:00,328181.0000000000
2019-07-13 00:00,167635.0000000000
2019-07-14 00:00,370154.0000000000
2019-07-15 00:00,422553.0000000000
2019-07-16 00:00,502897.0000000000
2019-07-17 00:00,398836.0000000000
2019-07-18 00:00,530890.0000000000
2019-07-19 00:00,379615.0000000000
2019-07-20 00:00,354037.0000000000
2019-07-21 00:00,430403.0000000000
2019-07-22 00:00,380134.0000000000
2019-07-23 00:00,442345.0000000000
2019-07-24 00:00,456209.0000000000
2019-07-25 00:00,432916.0000000000
2019-07-26 00:00,353663.0000000000
2019-07-27 00:00,398964.0000000000
2019-07-28 00:00,382804.0000000000
2019-07-29 00:00,415312.0000000000
2019-07-30 00:00,446308.0000000000
2019-07-31 00:00,503797.0000000000
2019-08-01 00:00,221916.0000000000
2019-08-02 00:00,432555.0000000000
2019-08-03 00:00,383084.0000000000
2019-08-04 00:00,441285.0000000000
2019-08-05 00:00,437092.0000000000
2019-08-06 00:00,460076.0000000000
2019-08-07 00:00,515149.0000000000
2019-08-08 00:00,457935.0000000000
2019-08-09 00:00,363888.0000000000
2019-08-10 00:00,329928.0000000000
2019-08-11 00:00,433099.0000000000
2019-08-12 00:00,411915.0000000000
2019-08-13 00:00,381357.0000000000
2019-08-14 00:00,369754.0000000000
2019-08-15 00:00,449825.0000000000
2019-08-16 00:00,398637.0000000000
2019-08-17 00:00,358274.0000000000
2019-08-18 00:00,398176.0000000000
2019-08-19 00:00,407847.0000000000
2019-08-20 00:00,426313.0000000000
2019-08-21 00:00,400831.0000000000
2019-08-22 00:00,396488.0000000000
2019-08-23 00:00,366621.0000000000
2019-08-24 00:00,364176.0000000000
2019-08-25 00:00,393594.0000000000
2019-08-26 00:00,414568.0000000000
2019-08-27 00:00,395052.0000000000
2019-08-28 00:00,397589.0000000000
2019-08-29 00:00,409505.0000000000
2019-08-30 00:00,373380.0000000000
2019-08-31 00:00,353134.0000000000
2019-09-01 00:00,389970.0000000000
2019-09-02 00:00,403978.0000000000
2019-09-03 00:00,406299.0000000000
2019-09-04 00:00,424576.0000000000
2019-09-05 00:00,400045.0000000000
2019-09-06 00:00,360591.0000000000
2019-09-07 00:00,357705.0000000000
2019-09-08 00:00,414717.0000000000
2019-09-09 00:00,389547.0000000000
2019-09-10 00:00,399939.0000000000
2019-09-11 00:00,402539.0000000000
2019-09-12 00:00,356504.0000000000
2019-09-13 00:00,352275.0000000000
2019-09-14 00:00,358944.0000000000
2019-09-15 00:00,397054.0000000000
2019-09-16 00:00,384932.0000000000
2019-09-17 00:00,398828.0000000000
2019-09-18 00:00,389980.0000000000
2019-09-19 00:00,413143.0000000000
2019-09-20 00:00,324523.0000000000
2019-09-21 00:00,317264.0000000000
2019-09-22 00:00,344589.0000000000
2019-09-23 00:00,367250.0000000000
2019-09-24 00:00,350583.0000000000
2019-09-25 00:00,338191.0000000000
2019-09-26 00:00,329487.0000000000
2019-09-27 00:00,329811.0000000000
2019-09-28 00:00,298724.0000000000
2019-09-29 00:00,357167.0000000000
2019-09-30 00:00,397152.0000000000
2019-10-01 00:00,356478.0000000000
2019-10-02 00:00,460660.0000000000
2019-10-03 00:00,496948.0000000000
2019-10-04 00:00,323455.0000000000
2019-10-05 00:00,398009.0000000000
2019-10-06 00:00,353398.0000000000
2019-10-07 00:00,373654.0000000000
2019-10-08 00:00,401947.0000000000
2019-10-09 00:00,373769.0000000000
2019-10-10 00:00,394587.0000000000
2019-10-11 00:00,341002.0000000000
2019-10-12 00:00,294255.0000000000
2019-10-13 00:00,377487.0000000000
2019-10-14 00:00,371928.0000000000
2019-10-15 00:00,367920.0000000000
2019-10-16 00:00,374203.0000000000
2019-10-17 00:00,402903.0000000000
2019-10-18 00:00,356822.0000000000
2019-10-19 00:00,358785.0000000000
2019-10-20 00:00,398580.0000000000
2019-10-21 00:00,390709.0000000000
2019-10-22 00:00,391430.0000000000
2019-10-23 00:00,379769.0000000000
2019-10-24 00:00,383693.0000000000
2019-10-25 00:00,372194.0000000000
2019-10-26 00:00,342437.0000000000
2019-10-27 00:00,382754.0000000000
2019-10-28 00:00,367794.0000000000
2019-10-29 00:00,391802.0000000000
2019-10-30 00:00,398895.0000000000
2019-10-31 00:00,388263.0000000000
2019-11-01 00:00,312567.0000000000
2019-11-02 00:00,297424.0000000000
2019-11-03 00:00,360972.0000000000
2019-11-04 00:00,404056.0000000000
2019-11-05 00:00,372439.0000000000
2019-11-06 00:00,438081.0000000000
2019-11-07 00:00,376926.0000000000
2019-11-08 00:00,304275.0000000000
2019-11-09 00:00,296408.0000000000
2019-11-10 00:00,404360.0000000000
2019-11-11 00:00,377726.0000000000
2019-11-12 00:00,391517.0000000000
2019-11-13 00:00,382371.0000000000
2019-11-14 00:00,374456.0000000000
2019-11-15 00:00,323099.0000000000
2019-11-16 00:00,351218.0000000000
2019-11-17 00:00,403081.0000000000
2019-11-18 00:00,399804.0000000000
2019-11-19 00:00,360917.0000000000
2019-11-20 00:00,401997.0000000000
2019-11-21 00:00,385193.0000000000
2019-11-22 00:00,271335.0000000000
2019-11-23 00:00,296572.0000000000
2019-11-24 00:00,350604.0000000000
2019-11-25 00:00,340890.0000000000
2019-11-26 00:00,465613.0000000000
2019-11-27 00:00,637698.0000000000
2019-11-28 00:00,417977.0000000000
2019-11-29 00:00,420833.0000000000
2019-11-30 00:00,404929.0000000000
2019-12-01 00:00,443011.0000000000
2019-12-02 00:00,387169.0000000000
2019-12-03 00:00,416094.0000000000
2019-12-04 00:00,384249.0000000000
2019-12-05 00:00,307741.0000000000
2019-12-06 00:00,240823.0000000000
2019-12-07 00:00,452053.0000000000
2019-12-08 00:00,458643.0000000000
2019-12-09 00:00,427818.0000000000
2019-12-10 00:00,347483.0000000000
2019-12-11 00:00,343299.0000000000
2019-12-12 00:00,326354.0000000000
2019-12-13 00:00,281025.0000000000
2019-12-14 00:00,282864.0000000000
2019-12-15 00:00,327065.0000000000
2019-12-16 00:00,310779.0000000000
2019-12-17 00:00,354869.0000000000
2019-12-18 00:00,344785.0000000000
2019-12-19 00:00,326850.0000000000
2019-12-20 00:00,284696.0000000000
2019-12-21 00:00,269723.0000000000
2019-12-22 00:00,333244.0000000000
2019-12-23 00:00,319977.0000000000
2019-12-24 00:00,297522.0000000000
2019-12-25 00:00,306046.0000000000
2019-12-26 00:00,317677.0000000000
2019-12-27 00:00,240166.0000000000
2019-12-28 00:00,235334.0000000000
2019-12-29 00:00,329735.0000000000
2019-12-30 00:00,291655.0000000000
2019-12-31 00:00,329251.0000000000
2020-01-01 00:00,323137.0000000000
2020-01-02 00:00,341709.0000000000
2020-01-03 00:00,327344.0000000000
2020-01-04 00:00,310320.0000000000
2020-01-05 00:00,314692.0000000000
2020-01-06 00:00,350716.0000000000
2020-01-07 00:00,326545.0000000000
2020-01-08 00:00,265143.0000000000
2020-01-09 00:00,327471.0000000000
2020-01-10 00:00,273486.0000000000
2020-01-11 00:00,251001.0000000000
2020-01-12 00:00,505796.0000000000
2020-01-13 00:00,367626.0000000000
2020-01-14 00:00,339981.0000000000
2020-01-15 00:00,383410.0000000000
2020-01-16 00:00,342461.0000000000
2020-01-17 00:00,333503.0000000000
2020-01-18 00:00,321285.0000000000
2020-01-19 00:00,312880.0000000000
2020-01-20 00:00,374614.0000000000
2020-01-21 00:00,366669.0000000000
2020-01-22 00:00,353768.0000000000
2020-01-23 00:00,298418.0000000000
2020-01-24 00:00,279365.0000000000
2020-01-25 00:00,253230.0000000000
2020-01-26 00:00,317784.0000000000
2020-01-27 00:00,235433.0000000000
2020-01-28 00:00,294361.0000000000
2020-01-29 00:00,322416.0000000000
2020-01-30 00:00,326242.0000000000
2020-01-31 00:00,342742.0000000000
2020-02-01 00:00,313139.0000000000
2020-02-02 00:00,379857.0000000000
2020-02-03 00:00,311237.0000000000
2020-02-04 00:00,363739.0000000000
2020-02-05 00:00,373429.0000000000
2020-02-06 00:00,360957.0000000000
2020-02-07 00:00,458729.0000000000
2020-02-08 00:00,420755.0000000000
2020-02-09 00:00,461448.0000000000
2020-02-10 00:00,418862.0000000000
2020-02-11 00:00,379707.0000000000
2020-02-12 00:00,534121.0000000000
2020-02-13 00:00,514413.0000000000
2020-02-14 00:00,308728.0000000000
2020-02-15 00:00,423546.0000000000
2020-02-16 00:00,454492.0000000000
2020-02-17 00:00,452273.0000000000
2020-02-18 00:00,440801.0000000000
2020-02-19 00:00,430789.0000000000
2020-02-20 00:00,426227.0000000000
2020-02-21 00:00,417741.0000000000
2020-02-22 00:00,379201.0000000000
2020-02-23 00:00,405732.0000000000
2020-02-24 00:00,378217.0000000000
2020-02-25 00:00,445022.0000000000
2020-02-26 00:00,457467.0000000000
2020-02-27 00:00,474640.0000000000
2020-02-28 00:00,384476.0000000000
2020-02-29 00:00,392370.0000000000
2020-03-01 00:00,412696.0000000000
2020-03-02 00:00,425816.0000000000
2020-03-03 00:00,401302.0000000000
2020-03-04 00:00,434858.0000000000
2020-03-05 00:00,413123.0000000000
2020-03-06 00:00,383682.0000000000
2020-03-07 00:00,404418.0000000000
2020-03-08 00:00,463176.0000000000
2020-03-09 00:00,442434.0000000000
2020-03-10 00:00,453244.0000000000
2020-03-11 00:00,484966.0000000000
2020-03-12 00:00,479909.0000000000
2020-03-13 00:00,573664.0000000000
2020-03-14 00:00,532451.0000000000
2020-03-15 00:00,566893.0000000000
2020-03-16 00:00,565251.0000000000
2020-03-17 00:00,578354.0000000000
2020-03-18 00:00,579157.0000000000
2020-03-19 00:00,620006.0000000000
2020-03-20 00:00,648922.0000000000
2020-03-21 00:00,502782.0000000000
2020-03-22 00:00,542927.0000000000
2020-03-23 00:00,513359.0000000000
2020-03-24 00:00,492973.0000000000
2020-03-25 00:00,530774.0000000000
2020-03-26 00:00,497304.0000000000
2020-03-27 00:00,468613.0000000000
2020-03-28 00:00,411665.0000000000
2020-03-29 00:00,450500.0000000000
2020-03-30 00:00,467524.0000000000
2020-03-31 00:00,477515.0000000000
2020-04-01 00:00,429753.0000000000
2020-04-02 00:00,418366.0000000000
2020-04-03 00:00,411255.0000000000
2020-04-04 00:00,393015.0000000000
2020-04-05 00:00,474223.0000000000
2020-04-06 00:00,466215.0000000000
2020-04-07 00:00,533236.0000000000
2020-04-08 00:00,504305.0000000000
2020-04-09 00:00,535865.0000000000
2020-04-10 00:00,830380.0000000000
2020-04-11 00:00,790616.0000000000
2020-04-12 00:00,597916.0000000000
2020-04-13 00:00,605248.0000000000
2020-04-14 00:00,636989.0000000000
2020-04-15 00:00,262887.0000000000
2020-04-16 00:00,642017.0000000000
2020-04-17 00:00,517081.0000000000
2020-04-18 00:00,507671.0000000000
2020-04-19 00:00,538197.0000000000
2020-04-20 00:00,506217.0000000000
2020-04-21 00:00,507786.0000000000
2020-04-22 00:00,507828.0000000000
2020-04-23 00:00,509352.0000000000
2020-04-24 00:00,504842.0000000000
2020-04-25 00:00,487627.0000000000
2020-04-26 00:00,493657.0000000000
2020-04-27 00:00,534405.0000000000
2020-04-28 00:00,531073.0000000000
2020-04-29 00:00,493967.0000000000
2020-04-30 00:00,503213.0000000000
2020-05-01 00:00,482997.0000000000
2020-05-02 00:00,487889.0000000000
2020-05-03 00:00,677599.0000000000
2020-05-04 00:00,515000.0000000000
2020-05-05 00:00,822571.0000000000
2020-05-06 00:00,1360688.0000000000
2020-05-07 00:00,503614.0000000000
2020-05-08 00:00,533332.0000000000
2020-05-09 00:00,491021.0000000000
2020-05-10 00:00,513029.0000000000
2020-05-11 00:00,482664.0000000000
2020-05-12 00:00,466001.0000000000
2020-05-13 00:00,467852.0000000000
2020-05-14 00:00,500953.0000000000
2020-05-15 00:00,474967.0000000000
2020-05-16 00:00,432377.0000000000
2020-05-17 00:00,484004.0000000000
2020-05-18 00:00,501975.0000000000
2020-05-19 00:00,492213.0000000000
2020-05-20 00:00,493648.0000000000
2020-05-21 00:00,494166.0000000000
2020-05-22 00:00,512480.0000000000
2020-05-23 00:00,454431.0000000000
2020-05-24 00:00,498213.0000000000
2020-05-25 00:00,502288.0000000000
2020-05-26 00:00,473497.0000000000
2020-05-27 00:00,504667.0000000000
2020-05-28 00:00,552934.0000000000
2020-05-29 00:00,505860.0000000000
2020-05-30 00:00,504795.0000000000
2020-05-31 00:00,517494.0000000000
2020-06-01 00:00,558199.0000000000
2020-06-02 00:00,515282.0000000000
2020-06-03 00:00,566412.0000000000
2020-06-04 00:00,661198.0000000000
2020-06-05 00:00,635391.0000000000
2020-06-06 00:00,594408.0000000000
2020-06-07 00:00,578586.0000000000
2020-06-08 00:00,532861.0000000000
2020-06-09 00:00,494648.0000000000
2020-06-10 00:00,490873.0000000000
2020-06-11 00:00,552960.0000000000
2020-06-12 00:00,519350.0000000000
2020-06-13 00:00,499848.0000000000
2020-06-14 00:00,529447.0000000000
2020-06-15 00:00,519746.0000000000
2020-06-16 00:00,494713.0000000000
2020-06-17 00:00,561242.0000000000
2020-06-18 00:00,556269.0000000000
2020-06-19 00:00,572695.0000000000
2020-06-20 00:00,411076.0000000000
2020-06-21 00:00,546089.0000000000
2020-06-22 00:00,599099.0000000000
2020-06-23 00:00,553332.0000000000
2020-06-24 00:00,566754.0000000000
2020-06-25 00:00,584713.0000000000
2020-06-26 00:00,554079.0000000000
2020-06-27 00:00,587223.0000000000
2020-06-28 00:00,635711.0000000000
2020-06-29 00:00,614460.0000000000
2020-06-30 00:00,597262.0000000000
2020-07-01 00:00,624507.0000000000
2020-07-02 00:00,362086.0000000000
2020-07-03 00:00,607407.0000000000
2020-07-04 00:00,636290.0000000000
2020-07-05 00:00,614873.0000000000
2020-07-06 00:00,641730.0000000000
2020-07-07 00:00,609487.0000000000
2020-07-08 00:00,608536.0000000000
2020-07-09 00:00,595935.0000000000
2020-07-10 00:00,645004.0000000000
2020-07-11 00:00,647211.0000000000
2020-07-12 00:00,622571.0000000000
2020-07-13 00:00,617160.0000000000
2020-07-14 00:00,603857.0000000000
2020-07-15 00:00,529895.0000000000
2020-07-16 00:00,555538.0000000000
2020-07-17 00:00,467894.0000000000
2020-07-18 00:00,523907.0000000000
2020-07-19 00:00,562292.0000000000
2020-07-20 00:00,536284.0000000000
2020-07-21 00:00,549055.0000000000
2020-07-22 00:00,570997.0000000000
2020-07-23 00:00,568917.0000000000
2020-07-24 00:00,587214.0000000000
2020-07-25 00:00,591090.0000000000
2020-07-26 00:00,635422.0000000000
2020-07-27 00:00,678860.0000000000
2020-07-28 00:00,605219.0000000000
2020-07-29 00:00,623305.0000000000
2020-07-30 00:00,627947.0000000000
2020-07-31 00:00,640725.0000000000
2020-08-01 00:00,691986.0000000000
2020-08-02 00:00,654037.0000000000
2020-08-03 00:00,680053.0000000000
2020-08-04 00:00,683054.0000000000
2020-08-05 00:00,652994.0000000000
2020-08-06 00:00,602745.0000000000
2020-08-07 00:00,600729.0000000000
2020-08-08 00:00,559804.0000000000
2020-08-09 00:00,571598.0000000000
2020-08-10 00:00,556903.0000000000
2020-08-11 00:00,527977.0000000000
2020-08-12 00:00,587301.0000000000
2020-08-13 00:00,624168.0000000000
2020-08-14 00:00,693496.0000000000
2020-08-15 00:00,633935.0000000000
2020-08-16 00:00,594759.0000000000
2020-08-17 00:00,572118.0000000000
2020-08-18 00:00,573982.0000000000
2020-08-19 00:00,556386.0000000000
2020-08-20 00:00,577413.0000000000
2020-08-21 00:00,624824.0000000000
2020-08-22 00:00,647131.0000000000
2020-08-23 00:00,566847.0000000000
2020-08-24 00:00,598777.0000000000
2020-08-25 00:00,600832.0000000000
2020-08-26 00:00,629311.0000000000
2020-08-27 00:00,589861.0000000000
2020-08-28 00:00,524706.0000000000
2020-08-29 00:00,464745.0000000000
2020-08-30 00:00,506146.0000000000
2020-08-31 00:00,531520.0000000000
2020-09-01 00:00,503010.0000000000
2020-09-02 00:00,502442.0000000000
2020-09-03 00:00,568608.0000000000
2020-09-04 00:00,477590.0000000000
2020-09-05 00:00,616344.0000000000
2020-09-06 00:00,554914.0000000000
2020-09-07 00:00,605596.0000000000
2020-09-08 00:00,486199.0000000000
2020-09-09 00:00,445328.0000000000
2020-09-10 00:00,435709.0000000000
2020-09-11 00:00,483331.0000000000
2020-09-12 00:00,492628.0000000000
2020-09-13 00:00,462805.0000000000
2020-09-14 00:00,489107.0000000000
2020-09-15 00:00,477922.0000000000
2020-09-16 00:00,589062.0000000000
2020-09-17 00:00,579299.0000000000
2020-09-18 00:00,565363.0000000000
2020-09-19 00:00,540941.0000000000
2020-09-20 00:00,568687.0000000000
2020-09-21 00:00,512456.0000000000
2020-09-22 00:00,537501.0000000000
2020-09-23 00:00,573469.0000000000
2020-09-24 00:00,526463.0000000000
2020-09-25 00:00,562386.0000000000
2020-09-26 00:00,566734.0000000000
2020-09-27 00:00,509979.0000000000
2020-09-28 00:00,517401.0000000000
2020-09-29 00:00,514065.0000000000
2020-09-30 00:00,515789.0000000000
2020-10-01 00:00,523963.0000000000
2020-10-02 00:00,536434.0000000000
2020-10-03 00:00,537678.0000000000
2020-10-04 00:00,481266.0000000000
2020-10-05 00:00,503791.0000000000
2020-10-06 00:00,514755.0000000000
2020-10-07 00:00,509561.0000000000
2020-10-08 00:00,542401.0000000000
2020-10-09 00:00,545758.0000000000
2020-10-10 00:00,642035.0000000000
2020-10-11 00:00,575314.0000000000
2020-10-12 00:00,590560.0000000000
2020-10-13 00:00,590065.0000000000
2020-10-14 00:00,694748.0000000000
2020-10-15 00:00,729766.0000000000
2020-10-16 00:00,733625.0000000000
2020-10-17 00:00,681475.0000000000
2020-10-18 00:00,568052.0000000000
2020-10-19 00:00,556871.0000000000
2020-10-20 00:00,575971.0000000000
2020-10-21 00:00,582880.0000000000
2020-10-22 00:00,582902.0000000000
2020-10-23 00:00,661955.0000000000
2020-10-24 00:00,643003.0000000000
2020-10-25 00:00,548816.0000000000
2020-10-26 00:00,605265.0000000000
2020-10-27 00:00,455309.0000000000
2020-10-28 00:00,500791.0000000000
2020-10-29 00:00,550624.0000000000
2020-10-30 00:00,609737.0000000000
2020-10-31 00:00,583507.0000000000
2020-11-01 00:00,563205.0000000000
2020-11-02 00:00,612056.0000000000
2020-11-03 00:00,689995.0000000000
2020-11-04 00:00,568713.0000000000
2020-11-05 00:00,636128.0000000000
2020-11-06 00:00,610929.0000000000
2020-11-07 00:00,673799.0000000000
2020-11-08 00:00,607890.0000000000
2020-11-09 00:00,555834.0000000000
2020-11-10 00:00,736876.0000000000
2020-11-11 00:00,704267.0000000000
2020-11-12 00:00,631443.0000000000
2020-11-13 00:00,638923.0000000000
2020-11-14 00:00,567995.0000000000
2020-11-15 00:00,574613.0000000000
2020-11-16 00:00,585142.0000000000
2020-11-17 00:00,568365.0000000000
2020-11-18 00:00,569472.0000000000
2020-11-19 00:00,603613.0000000000
2020-11-20 00:00,649820.0000000000
2020-11-21 00:00,621121.0000000000
2020-11-22 00:00,645709.0000000000
2020-11-23 00:00,647477.0000000000
2020-11-24 00:00,630369.0000000000
2020-11-25 00:00,637506.0000000000
2020-11-26 00:00,646070.0000000000
2020-11-27 00:00,773433.0000000000
2020-11-28 00:00,825686.0000000000
2020-11-29 00:00,619847.0000000000
2020-11-30 00:00,644182.0000000000
2020-12-01 00:00,534210.0000000000
2020-12-02 00:00,569476.0000000000
2020-12-03 00:00,552203.0000000000
2020-12-04 00:00,620679.0000000000
2020-12-05 00:00,567199.0000000000
2020-12-06 00:00,567773.0000000000
2020-12-07 00:00,568480.0000000000
2020-12-08 00:00,565316.0000000000
2020-12-09 00:00,529780.0000000000
2020-12-10 00:00,552035.0000000000
2020-12-11 00:00,579524.0000000000
2020-12-12 00:00,643338.0000000000
2020-12-13 00:00,623812.0000000000
2020-12-14 00:00,608224.0000000000
2020-12-15 00:00,659701.0000000000
2020-12-16 00:00,736866.0000000000
2020-12-17 00:00,637469.0000000000
2020-12-18 00:00,614767.0000000000
2020-12-19 00:00,565717.0000000000
2020-12-20 00:00,566837.0000000000
2020-12-21 00:00,556385.0000000000
2020-12-22 00:00,620323.0000000000
2020-12-23 00:00,602265.0000000000
2020-12-24 00:00,539560.0000000000
2020-12-25 00:00,529431.0000000000
2020-12-26 00:00,578679.0000000000
2020-12-27 00:00,637004.0000000000
2020-12-28 00:00,607521.0000000000
2020-12-29 00:00,596375.0000000000
2020-12-30 00:00,569932.0000000000
2020-12-31 00:00,575623.0000000000
2021-01-01 00:00,584253.0000000000
2021-01-02 00:00,659116.0000000000
2021-01-03 00:00,705103.0000000000
2021-01-04 00:00,678859.0000000000
2021-01-05 00:00,699216.0000000000
2021-01-06 00:00,666450.0000000000
2021-01-07 00:00,553944.0000000000
2021-01-08 00:00,684414.0000000000
2021-01-09 00:00,695391.0000000000
2021-01-10 00:00,716843.0000000000
2021-01-11 00:00,639264.0000000000
2021-01-12 00:00,612033.0000000000
2021-01-13 00:00,642116.0000000000
2021-01-14 00:00,656789.0000000000
2021-01-15 00:00,640515.0000000000
2021-01-16 00:00,611817.0000000000
2021-01-17 00:00,626955.0000000000
2021-01-18 00:00,670881.0000000000
2021-01-19 00:00,632212.0000000000
2021-01-20 00:00,602777.0000000000
2021-01-21 00:00,591902.0000000000
2021-01-22 00:00,569737.0000000000
2021-01-23 00:00,570367.0000000000
2021-01-24 00:00,610659.0000000000
2021-01-25 00:00,625527.0000000000
2021-01-26 00:00,585418.0000000000
2021-01-27 00:00,621417.0000000000
2021-01-28 00:00,704869.0000000000
2021-01-29 00:00,672873.0000000000
2021-01-30 00:00,638770.0000000000
2021-01-31 00:00,657568.0000000000
2021-02-01 00:00,685726.0000000000
2021-02-02 00:00,711585.0000000000
2021-02-03 00:00,716948.0000000000
2021-02-04 00:00,694120.0000000000
2021-02-05 00:00,707658.0000000000
2021-02-06 00:00,694280.0000000000
2021-02-07 00:00,717175.0000000000
2021-02-08 00:00,697701.0000000000
2021-02-09 00:00,704629.0000000000
2021-02-10 00:00,698089.0000000000
2021-02-11 00:00,671219.0000000000
2021-02-12 00:00,637530.0000000000
2021-02-13 00:00,620976.0000000000
2021-02-14 00:00,652838.0000000000
2021-02-15 00:00,645248.0000000000
2021-02-16 00:00,660698.0000000000
2021-02-17 00:00,687015.0000000000
2021-02-18 00:00,715161.0000000000
2021-02-19 00:00,728753.0000000000
2021-02-20 00:00,682782.0000000000
2021-02-21 00:00,705979.0000000000
2021-02-22 00:00,706326.0000000000
2021-02-23 00:00,705912.0000000000
2021-02-24 00:00,693669.0000000000
2021-02-25 00:00,676864.0000000000
2021-02-26 00:00,632231.0000000000
2021-02-27 00:00,642788.0000000000
2021-02-28 00:00,652179.0000000000
2021-03-01 00:00,663403.0000000000
2021-03-02 00:00,631108.0000000000
2021-03-03 00:00,666819.0000000000
2021-03-04 00:00,588534.0000000000
2021-03-05 00:00,592908.0000000000
2021-03-06 00:00,553843.0000000000
2021-03-07 00:00,604230.0000000000
2021-03-08 00:00,647923.0000000000
2021-03-09 00:00,681558.0000000000
2021-03-10 00:00,723238.0000000000
2021-03-11 00:00,666464.0000000000
2021-03-12 00:00,662598.0000000000
2021-03-13 00:00,655153.0000000000
2021-03-14 00:00,674543.0000000000
2021-03-15 00:00,632301.0000000000
2021-03-16 00:00,644491.0000000000
2021-03-17 00:00,679725.0000000000
2021-03-18 00:00,674857.0000000000
2021-03-19 00:00,649263.0000000000
2021-03-20 00:00,649895.0000000000
2021-03-21 00:00,653921.0000000000
2021-03-22 00:00,686833.0000000000
2021-03-23 00:00,682828.0000000000
2021-03-24 00:00,706720.0000000000
2021-03-25 00:00,655708.0000000000
2021-03-26 00:00,652656.0000000000
2021-03-27 00:00,636315.0000000000
2021-03-28 00:00,649514.0000000000
2021-03-29 00:00,654173.0000000000
2021-03-30 00:00,690816.0000000000
2021-03-31 00:00,740483.0000000000
2021-04-01 00:00,733822.0000000000
2021-04-02 00:00,672841.0000000000
2021-04-03 00:00,680936.0000000000
2021-04-04 00:00,702040.0000000000
2021-04-05 00:00,704900.0000000000
2021-04-06 00:00,697664.0000000000
2021-04-07 00:00,704838.0000000000
2021-04-08 00:00,689410.0000000000
2021-04-09 00:00,766940.0000000000
2021-04-10 00:00,730662.0000000000
2021-04-11 00:00,756880.0000000000
2021-04-12 00:00,762785.0000000000
2021-04-13 00:00,763994.0000000000
2021-04-14 00:00,653409.0000000000
2021-04-15 00:00,771219.0000000000
2021-04-16 00:00,786758.0000000000
2021-04-17 00:00,759030.0000000000
2021-04-18 00:00,811602.0000000000
2021-04-19 00:00,884492.0000000000
2021-04-20 00:00,886892.0000000000
2021-04-21 00:00,868340.0000000000
2021-04-22 00:00,846489.0000000000
2021-04-23 00:00,977746.0000000000
2021-04-24 00:00,974114.0000000000
2021-04-25 00:00,831322.0000000000
2021-04-26 00:00,850863.0000000000
2021-04-27 00:00,824187.0000000000
2021-04-28 00:00,815613.0000000000
2021-04-29 00:00,811032.0000000000
2021-04-30 00:00,886760.0000000000
2021-05-01 00:00,841286.0000000000
2021-05-02 00:00,856620.0000000000
2021-05-03 00:00,890570.0000000000
2021-05-04 00:00,898197.0000000000
2021-05-05 00:00,888066.0000000000
2021-05-06 00:00,882331.0000000000
2021-05-07 00:00,979134.0000000000
2021-05-08 00:00,1002954.0000000000
2021-05-09 00:00,1027669.0000000000
2021-05-10 00:00,1014260.0000000000
2021-05-11 00:00,972575.0000000000
2021-05-12 00:00,993436.0000000000
2021-05-13 00:00,917260.0000000000
2021-05-14 00:00,889624.0000000000
2021-05-15 00:00,829407.0000000000
2021-05-16 00:00,829302.0000000000
2021-05-17 00:00,787538.0000000000
2021-05-18 00:00,888401.0000000000
2021-05-19 00:00,864027.0000000000
2021-05-20 00:00,794375.0000000000
2021-05-21 00:00,773092.0000000000
2021-05-22 00:00,821319.0000000000
2021-05-23 00:00,780072.0000000000
2021-05-24 00:00,749235.0000000000
2021-05-25 00:00,780925.0000000000
2021-05-26 00:00,653256.0000000000
2021-05-27 00:00,717622.0000000000
2021-05-28 00:00,885547.0000000000
2021-05-29 00:00,794981.0000000000
2021-05-30 00:00,809635.0000000000
2021-05-31 00:00,746949.0000000000
2021-06-01 00:00,729023.0000000000
2021-06-02 00:00,770101.0000000000
2021-06-03 00:00,780651.0000000000
2021-06-04 00:00,884977.0000000000
2021-06-05 00:00,871000.0000000000
2021-06-06 00:00,746202.0000000000
2021-06-07 00:00,685513.0000000000
2021-06-08 00:00,687850.0000000000
2021-06-09 00:00,721999.0000000000
2021-06-10 00:00,678800.0000000000
2021-06-11 00:00,745969.0000000000
2021-06-12 00:00,729989.0000000000
2021-06-13 00:00,704042.0000000000
2021-06-14 00:00,703724.0000000000
2021-06-15 00:00,662114.0000000000
2021-06-16 00:00,658524.0000000000
2021-06-17 00:00,648328.0000000000
2021-06-18 00:00,635855.0000000000
2021-06-19 00:00,698124.0000000000
2021-06-20 00:00,714205.0000000000
2021-06-21 00:00,738464.0000000000
2021-06-22 00:00,715748.0000000000
2021-06-23 00:00,735405.0000000000
2021-06-24 00:00,725275.0000000000
2021-06-25 00:00,748120.0000000000
2021-06-26 00:00,769237.0000000000
2021-06-27 00:00,893265.0000000000
2021-06-28 00:00,757464.0000000000
2021-06-29 00:00,703314.0000000000
2021-06-30 00:00,698437.0000000000
2021-07-01 00:00,718836.0000000000
2021-07-02 00:00,734531.0000000000
2021-07-03 00:00,719191.0000000000
2021-07-04 00:00,697633.0000000000
2021-07-05 00:00,670141.0000000000
2021-07-06 00:00,664323.0000000000
2021-07-07 00:00,671354.0000000000
2021-07-08 00:00,723336.0000000000
2021-07-09 00:00,612573.0000000000
2021-07-10 00:00,640961.0000000000
2021-07-11 00:00,617720.0000000000
2021-07-12 00:00,633751.0000000000
2021-07-13 00:00,646838.0000000000
2021-07-14 00:00,664903.0000000000
2021-07-15 00:00,626821.0000000000
2021-07-16 00:00,605498.0000000000
2021-07-17 00:00,579221.0000000000
2021-07-18 00:00,640826.0000000000
2021-07-19 00:00,653918.0000000000
2021-07-20 00:00,659862.0000000000
2021-07-21 00:00,653781.0000000000
2021-07-22 00:00,692586.0000000000
2021-07-23 00:00,706337.0000000000
2021-07-24 00:00,620745.0000000000
2021-07-25 00:00,729200.0000000000
2021-07-26 00:00,798415.0000000000
2021-07-27 00:00,759369.0000000000
2021-07-28 00:00,704519.0000000000
2021-07-29 00:00,699982.0000000000
2021-07-30 00:00,672234.0000000000
2021-07-31 00:00,668763.0000000000
2021-08-01 00:00,715240.0000000000
2021-08-02 00:00,653910.0000000000
2021-08-03 00:00,671778.0000000000
2021-08-04 00:00,577503.0000000000
2021-08-05 00:00,585660.0000000000
2021-08-06 00:00,565788.0000000000
2021-08-07 00:00,587003.0000000000
2021-08-08 00:00,589507.0000000000
2021-08-09 00:00,580728.0000000000
2021-08-10 00:00,598271.0000000000
2021-08-11 00:00,594500.0000000000
2021-08-12 00:00,580377.0000000000
2021-08-13 00:00,557777.0000000000
2021-08-14 00:00,539877.0000000000
2021-08-15 00:00,610770.0000000000
2021-08-16 00:00,588678.0000000000
2021-08-17 00:00,570266.0000000000
2021-08-18 00:00,625786.0000000000
2021-08-19 00:00,627965.0000000000
2021-08-20 00:00,583221.0000000000
2021-08-21 00:00,557039.0000000000
2021-08-22 00:00,591376.0000000000
2021-08-23 00:00,573167.0000000000
2021-08-24 00:00,548353.0000000000
2021-08-25 00:00,543028.0000000000
2021-08-26 00:00,550408.0000000000
2021-08-27 00:00,550839.0000000000
2021-08-28 00:00,530310.0000000000
2021-08-29 00:00,562702.0000000000
2021-08-30 00:00,607027.0000000000
2021-08-31 00:00,612986.0000000000
2021-09-01 00:00,631525.0000000000
2021-09-02 00:00,572033.0000000000
2021-09-03 00:00,563449.0000000000
2021-09-04 00:00,540038.0000000000
2021-09-05 00:00,584506.0000000000
2021-09-06 00:00,625885.0000000000
2021-09-07 00:00,587475.0000000000
2021-09-08 00:00,591729.0000000000
2021-09-09 00:00,635918.0000000000
2021-09-10 00:00,678764.0000000000
2021-09-11 00:00,609460.0000000000
2021-09-12 00:00,682236.0000000000
2021-09-13 00:00,643751.0000000000
2021-09-14 00:00,633188.0000000000
2021-09-15 00:00,613089.0000000000
2021-09-16 00:00,624737.0000000000
2021-09-17 00:00,573734.0000000000
2021-09-18 00:00,562716.0000000000
2021-09-19 00:00,539530.0000000000
2021-09-20 00:00,565754.0000000000
2021-09-21 00:00,575530.0000000000
2021-09-22 00:00,579018.0000000000
2021-09-23 00:00,548562.0000000000
2021-09-24 00:00,554803.0000000000
2021-09-25 00:00,513204.0000000000
2021-09-26 00:00,540584.0000000000
2021-09-27 00:00,529192.0000000000
2021-09-28 00:00,537929.0000000000
2021-09-29 00:00,542434.0000000000
2021-09-30 00:00,614509.0000000000
2021-10-01 00:00,556355.0000000000
2021-10-02 00:00,555110.0000000000
2021-10-03 00:00,540515.0000000000
2021-10-04 00:00,622030.0000000000
2021-10-05 00:00,727565.0000000000
2021-10-06 00:00,709893.0000000000
2021-10-07 00:00,652862.0000000000
2021-10-08 00:00,627390.0000000000
2021-10-09 00:00,579780.0000000000
2021-10-10 00:00,586307.0000000000
2021-10-11 00:00,603330.0000000000
2021-10-12 00:00,586084.0000000000
2021-10-13 00:00,606968.0000000000
2021-10-14 00:00,623293.0000000000
2021-10-15 00:00,629490.0000000000
2021-10-16 00:00,594617.0000000000
2021-10-17 00:00,632584.0000000000
2021-10-18 00:00,650800.0000000000
2021-10-19 00:00,687699.0000000000
2021-10-20 00:00,676605.0000000000
2021-10-21 00:00,664524.0000000000
2021-10-22 00:00,659288.0000000000
2021-10-23 00:00,652252.0000000000
2021-10-24 00:00,666376.0000000000
2021-10-25 00:00,698380.0000000000
2021-10-26 00:00,738167.0000000000
2021-10-27 00:00,812670.0000000000
2021-10-28 00:00,826217.0000000000
2021-10-29 00:00,765907.0000000000