date,avg_computing_power
2015-08-06 00:00,95297747680.0000000000
2015-08-07 00:00,104892236891.0000000000
2015-08-08 00:00,109676945486.0000000000
2015-08-09 00:00,120610799180.0000000000
2015-08-10 00:00,134766886331.0000000000
2015-08-11 00:00,142999727420.0000000000
2015-08-12 00:00,156606018232.0000000000
2015-08-13 00:00,196722874450.0000000000
2015-08-14 00:00,227666580264.0000000000
2015-08-15 00:00,231942202731.0000000000
2015-08-16 00:00,258915864705.0000000000
2015-08-17 00:00,270470331405.0000000000
2015-08-18 00:00,284044135459.0000000000
2015-08-19 00:00,221468069465.0000000000
2015-08-20 00:00,277264309584.0000000000
2015-08-21 00:00,312618144214.0000000000
2015-08-22 00:00,317162749743.0000000000
2015-08-23 00:00,333335492749.0000000000
2015-08-24 00:00,325201816316.0000000000
2015-08-25 00:00,343102359407.0000000000
2015-08-26 00:00,341118418030.0000000000
2015-08-27 00:00,355219519712.0000000000
2015-08-28 00:00,351443303077.0000000000
2015-08-29 00:00,340150290111.0000000000
2015-08-30 00:00,359341490869.0000000000
2015-08-31 00:00,363512354042.0000000000
2015-09-01 00:00,355779356316.0000000000
2015-09-02 00:00,339122685055.0000000000
2015-09-03 00:00,349982135772.0000000000
2015-09-04 00:00,374913124969.0000000000
2015-09-05 00:00,388433114376.0000000000
2015-09-06 00:00,379841573552.0000000000
2015-09-07 00:00,370785471097.0000000000
2015-09-08 00:00,386137579875.0000000000
2015-09-09 00:00,392080890204.0000000000
2015-09-10 00:00,421668550189.0000000000
2015-09-11 00:00,424171784402.0000000000
2015-09-12 00:00,432689994307.0000000000
2015-09-13 00:00,399653850867.0000000000
2015-09-14 00:00,387803268389.0000000000
2015-09-15 00:00,383930083752.0000000000
2015-09-16 00:00,362139920117.0000000000
2015-09-17 00:00,346369552396.0000000000
2015-09-18 00:00,357412908757.0000000000
2015-09-19 00:00,408789286949.0000000000
2015-09-20 00:00,410003700797.0000000000
2015-09-21 00:00,410100833217.0000000000
2015-09-22 00:00,438890619973.0000000000
2015-09-23 00:00,436218902912.0000000000
2015-09-24 00:00,443478115526.0000000000
2015-09-25 00:00,440625930565.0000000000
2015-09-26 00:00,426457256785.0000000000
2015-09-27 00:00,391416619823.0000000000
2015-09-28 00:00,347260201937.0000000000
2015-09-29 00:00,332846785960.0000000000
2015-09-30 00:00,365320370591.0000000000
2015-10-01 00:00,378477872389.0000000000
2015-10-02 00:00,390965346687.0000000000
2015-10-03 00:00,371097040216.0000000000
2015-10-04 00:00,385593881655.0000000000
2015-10-05 00:00,368489379087.0000000000
2015-10-06 00:00,366973205024.0000000000
2015-10-07 00:00,375201688581.0000000000
2015-10-08 00:00,364870086205.0000000000
2015-10-09 00:00,360603795392.0000000000
2015-10-10 00:00,381956474380.0000000000
2015-10-11 00:00,386254502402.0000000000
2015-10-12 00:00,397934772325.0000000000
2015-10-13 00:00,394174872462.0000000000
2015-10-14 00:00,372916030147.0000000000
2015-10-15 00:00,347004215423.0000000000
2015-10-16 00:00,373030407773.0000000000
2015-10-17 00:00,362435658041.0000000000
2015-10-18 00:00,360920293657.0000000000
2015-10-19 00:00,359406256764.0000000000
2015-10-20 00:00,359015928569.0000000000
2015-10-21 00:00,341132964351.0000000000
2015-10-22 00:00,380733704574.0000000000
2015-10-23 00:00,400712364373.0000000000
2015-10-24 00:00,415421916600.0000000000
2015-10-25 00:00,399352419352.0000000000
2015-10-26 00:00,423606935733.0000000000
2015-10-27 00:00,425217897401.0000000000
2015-10-28 00:00,457118050623.0000000000
2015-10-29 00:00,485181790381.0000000000
2015-10-30 00:00,512482245181.0000000000
2015-10-31 00:00,520751967660.0000000000
2015-11-01 00:00,494438532536.0000000000
2015-11-02 00:00,480200507887.0000000000
2015-11-03 00:00,508443346288.0000000000
2015-11-04 00:00,489331291050.0000000000
2015-11-05 00:00,491429618713.0000000000
2015-11-06 00:00,478048414470.0000000000
2015-11-07 00:00,498826132097.0000000000
2015-11-08 00:00,496545107608.0000000000
2015-11-09 00:00,505390345518.0000000000
2015-11-10 00:00,509043487357.0000000000
2015-11-11 00:00,517330958183.0000000000
2015-11-12 00:00,528346135781.0000000000
2015-11-13 00:00,534865998776.0000000000
2015-11-14 00:00,550254722975.0000000000
2015-11-15 00:00,541283940502.0000000000
2015-11-16 00:00,535672271869.0000000000
2015-11-17 00:00,550612437839.0000000000
2015-11-18 00:00,552743812355.0000000000
2015-11-19 00:00,472848994780.0000000000
2015-11-20 00:00,480042302797.0000000000
2015-11-21 00:00,480238901991.0000000000
2015-11-22 00:00,487941982010.0000000000
2015-11-23 00:00,486567873808.0000000000
2015-11-24 00:00,470159496207.0000000000
2015-11-25 00:00,470861416175.0000000000
2015-11-26 00:00,492944670594.0000000000
2015-11-27 00:00,498720992634.0000000000
2015-11-28 00:00,500380846291.0000000000
2015-11-29 00:00,503871991566.0000000000
2015-11-30 00:00,514321990762.0000000000
2015-12-01 00:00,481807290452.0000000000
2015-12-02 00:00,504306948388.0000000000
2015-12-03 00:00,493198143647.0000000000
2015-12-04 00:00,511916968889.0000000000
2015-12-05 00:00,487659801017.0000000000
2015-12-06 00:00,483667889043.0000000000
2015-12-07 00:00,469523295122.0000000000
2015-12-08 00:00,494321277216.0000000000
2015-12-09 00:00,504825004080.0000000000
2015-12-10 00:00,514558594892.0000000000
2015-12-11 00:00,517896070712.0000000000
2015-12-12 00:00,556792870328.0000000000
2015-12-13 00:00,541236871655.0000000000
2015-12-14 00:00,559707647367.0000000000
2015-12-15 00:00,534079108914.0000000000
2015-12-16 00:00,553982448707.0000000000
2015-12-17 00:00,552164106190.0000000000
2015-12-18 00:00,548837540000.0000000000
2015-12-19 00:00,533099835937.0000000000
2015-12-20 00:00,531446645564.0000000000
2015-12-21 00:00,564947516476.0000000000
2015-12-22 00:00,553008752220.0000000000
2015-12-23 00:00,539483402900.0000000000
2015-12-24 00:00,539187075853.0000000000
2015-12-25 00:00,529362229713.0000000000
2015-12-26 00:00,545440760250.0000000000
2015-12-27 00:00,545158448549.0000000000
2015-12-28 00:00,542193003611.0000000000
2015-12-29 00:00,534548572972.0000000000
2015-12-30 00:00,542725192824.0000000000
2015-12-31 00:00,526080043796.0000000000
2016-01-01 00:00,528053698175.0000000000
2016-01-02 00:00,544840649374.0000000000
2016-01-03 00:00,541290799401.0000000000
2016-01-04 00:00,548861090240.0000000000
2016-01-05 00:00,552182610632.0000000000
2016-01-06 00:00,526218703270.0000000000
2016-01-07 00:00,550687942230.0000000000
2016-01-08 00:00,551657034472.0000000000
2016-01-09 00:00,537946675624.0000000000
2016-01-10 00:00,561657576052.0000000000
2016-01-11 00:00,541092686637.0000000000
2016-01-12 00:00,530560897082.0000000000
2016-01-13 00:00,553750991919.0000000000
2016-01-14 00:00,567139411682.0000000000
2016-01-15 00:00,574085617131.0000000000
2016-01-16 00:00,568321719087.0000000000
2016-01-17 00:00,591499464715.0000000000
2016-01-18 00:00,584880064828.0000000000
2016-01-19 00:00,588126075577.0000000000
2016-01-20 00:00,584138167496.0000000000
2016-01-21 00:00,610658435633.0000000000
2016-01-22 00:00,608804210103.0000000000
2016-01-23 00:00,650658976677.0000000000
2016-01-24 00:00,624622219811.0000000000
2016-01-25 00:00,673085445474.0000000000
2016-01-26 00:00,663597075386.0000000000
2016-01-27 00:00,652271801201.0000000000
2016-01-28 00:00,670039338114.0000000000
2016-01-29 00:00,668791594515.0000000000
2016-01-30 00:00,646688845759.0000000000
2016-01-31 00:00,679240541887.0000000000
2016-02-01 00:00,648634013329.0000000000
2016-02-02 00:00,696796696967.0000000000
2016-02-03 00:00,694226017950.0000000000
2016-02-04 00:00,698595552827.0000000000
2016-02-05 00:00,674528669042.0000000000
2016-02-06 00:00,693340554522.0000000000
2016-02-07 00:00,723386657108.0000000000
2016-02-08 00:00,699338436984.0000000000
2016-02-09 00:00,718057329716.0000000000
2016-02-10 00:00,747546711562.0000000000
2016-02-11 00:00,720869052804.0000000000
2016-02-12 00:00,765950669837.0000000000
2016-02-13 00:00,775298804747.0000000000
2016-02-14 00:00,794712612388.0000000000
2016-02-15 00:00,789639709927.0000000000
2016-02-16 00:00,770078994275.0000000000
2016-02-17 00:00,750945258002.0000000000
2016-02-18 00:00,794783219653.0000000000
2016-02-19 00:00,800295691793.0000000000
2016-02-20 00:00,808846880926.0000000000
2016-02-21 00:00,844642383440.0000000000
2016-02-22 00:00,849490910313.0000000000
2016-02-23 00:00,846587713730.0000000000
2016-02-24 00:00,855874001111.0000000000
2016-02-25 00:00,881651031093.0000000000
2016-02-26 00:00,896853524619.0000000000
2016-02-27 00:00,915812758040.0000000000
2016-02-28 00:00,885965041543.0000000000
2016-02-29 00:00,900562920443.0000000000
2016-03-01 00:00,939133918966.0000000000
2016-03-02 00:00,957272847075.0000000000
2016-03-03 00:00,982821086060.0000000000
2016-03-04 00:00,1030054717986.0000000000
2016-03-05 00:00,1036733655665.0000000000
2016-03-06 00:00,1047340044431.0000000000
2016-03-07 00:00,1060230669041.0000000000
2016-03-08 00:00,1080955371409.0000000000
2016-03-09 00:00,1124356306383.0000000000
2016-03-10 00:00,1152216595865.0000000000
2016-03-11 00:00,1215700099243.0000000000
2016-03-12 00:00,1291076502129.0000000000
2016-03-13 00:00,1246558725868.0000000000
2016-03-14 00:00,1295479530865.0000000000
2016-03-15 00:00,1322233879118.0000000000
2016-03-16 00:00,1369126446533.0000000000
2016-03-17 00:00,1354841058934.0000000000
2016-03-18 00:00,1419687675841.0000000000
2016-03-19 00:00,1451318582726.0000000000
2016-03-20 00:00,1429138053075.0000000000
2016-03-21 00:00,1466450428498.0000000000
2016-03-22 00:00,1389293532704.0000000000
2016-03-23 00:00,1505188788529.0000000000
2016-03-24 00:00,1574226191933.0000000000
2016-03-25 00:00,1620682564584.0000000000
2016-03-26 00:00,1641833074167.0000000000
2016-03-27 00:00,1608136382092.0000000000
2016-03-28 00:00,1670778019603.0000000000
2016-03-29 00:00,1712185700381.0000000000
2016-03-30 00:00,1769035745511.0000000000
2016-03-31 00:00,1789817393680.0000000000
2016-04-01 00:00,1726949885023.0000000000
2016-04-02 00:00,1825846322391.0000000000
2016-04-03 00:00,1909197642345.0000000000
2016-04-04 00:00,1918397536244.0000000000
2016-04-05 00:00,1894439759421.0000000000
2016-04-06 00:00,1812659262510.0000000000
2016-04-07 00:00,1973048220070.0000000000
2016-04-08 00:00,1960189595187.0000000000
2016-04-09 00:00,2037024862972.0000000000
2016-04-10 00:00,1971575627451.0000000000
2016-04-11 00:00,1930473092384.0000000000
2016-04-12 00:00,2027421380537.0000000000
2016-04-13 00:00,2040375130699.0000000000
2016-04-14 00:00,2122167529802.0000000000
2016-04-15 00:00,2151074943474.0000000000
2016-04-16 00:00,2099280806855.0000000000
2016-04-17 00:00,2224801291535.0000000000
2016-04-18 00:00,2223765137484.0000000000
2016-04-19 00:00,2269763007714.0000000000
2016-04-20 00:00,2289254378967.0000000000
2016-04-21 00:00,2219076317705.0000000000
2016-04-22 00:00,2314448469916.0000000000
2016-04-23 00:00,2282030666868.0000000000
2016-04-24 00:00,2397721099664.0000000000
2016-04-25 00:00,2327815891337.0000000000
2016-04-26 00:00,2343464828717.0000000000
2016-04-27 00:00,2397904794417.0000000000
2016-04-28 00:00,2445448200824.0000000000
2016-04-29 00:00,2541228932038.0000000000
2016-04-30 00:00,2519767225621.0000000000
2016-05-01 00:00,2435219840603.0000000000
2016-05-02 00:00,2570410522390.0000000000
2016-05-03 00:00,2540344787717.0000000000
2016-05-04 00:00,2548701166409.0000000000
2016-05-05 00:00,2558523712818.0000000000
2016-05-06 00:00,2546813749285.0000000000
2016-05-07 00:00,2596710290954.0000000000
2016-05-08 00:00,2619743999545.0000000000
2016-05-09 00:00,2678717440177.0000000000
2016-05-10 00:00,2576603383368.0000000000
2016-05-11 00:00,2640637107458.0000000000
2016-05-12 00:00,2813675684482.0000000000
2016-05-13 00:00,2768627001262.0000000000
2016-05-14 00:00,2788563368348.0000000000
2016-05-15 00:00,2781613597347.0000000000
2016-05-16 00:00,2777192964685.0000000000
2016-05-17 00:00,2892843814287.0000000000
2016-05-18 00:00,2959044583329.0000000000
2016-05-19 00:00,3019774847808.0000000000
2016-05-20 00:00,3043448414846.0000000000
2016-05-21 00:00,3033650218078.0000000000
2016-05-22 00:00,3047866153189.0000000000
2016-05-23 00:00,3097543437134.0000000000
2016-05-24 00:00,3126327811496.0000000000
2016-05-25 00:00,3161298629924.0000000000
2016-05-26 00:00,3175261885373.0000000000
2016-05-27 00:00,3252982017093.0000000000
2016-05-28 00:00,3275694018885.0000000000
2016-05-29 00:00,3266297530676.0000000000
2016-05-30 00:00,3226586976636.0000000000
2016-05-31 00:00,3169792296894.0000000000
2016-06-01 00:00,3240178229617.0000000000
2016-06-02 00:00,3413333089837.0000000000
2016-06-03 00:00,3396866078719.0000000000
2016-06-04 00:00,3326191023565.0000000000
2016-06-05 00:00,3441892302428.0000000000
2016-06-06 00:00,3465442263387.0000000000
2016-06-07 00:00,3478174070680.0000000000
2016-06-08 00:00,3639714923172.0000000000
2016-06-09 00:00,3423547415654.0000000000
2016-06-10 00:00,3555787603259.0000000000
2016-06-11 00:00,3581064327399.0000000000
2016-06-12 00:00,3715149232170.0000000000
2016-06-13 00:00,3749406503192.0000000000
2016-06-14 00:00,3718384153629.0000000000
2016-06-15 00:00,3717038953443.0000000000
2016-06-16 00:00,3856724752027.0000000000
2016-06-17 00:00,3763134226515.0000000000
2016-06-18 00:00,3854049984436.0000000000
2016-06-19 00:00,3813587474124.0000000000
2016-06-20 00:00,3755188733715.0000000000
2016-06-21 00:00,3913920422087.0000000000
2016-06-22 00:00,3993617789516.0000000000
2016-06-23 00:00,3987681765878.0000000000
2016-06-24 00:00,3971150219540.0000000000
2016-06-25 00:00,4090308262819.0000000000
2016-06-26 00:00,4165065826116.0000000000
2016-06-27 00:00,4215914871751.0000000000
2016-06-28 00:00,4115126939838.0000000000
2016-06-29 00:00,4138141994846.0000000000
2016-06-30 00:00,4234255557706.0000000000
2016-07-01 00:00,4246288363046.0000000000
2016-07-02 00:00,4343521691235.0000000000
2016-07-03 00:00,4332688742843.0000000000
2016-07-04 00:00,4334015062396.0000000000
2016-07-05 00:00,4336923604526.0000000000
2016-07-06 00:00,4321273099862.0000000000
2016-07-07 00:00,4345648467793.0000000000
2016-07-08 00:00,4355709093042.0000000000
2016-07-09 00:00,4385782907557.0000000000
2016-07-10 00:00,4454897495875.0000000000
2016-07-11 00:00,4454066920182.0000000000
2016-07-12 00:00,4517358014101.0000000000
2016-07-13 00:00,4471449708708.0000000000
2016-07-14 00:00,4401908333529.0000000000
2016-07-15 00:00,4427690388551.0000000000
2016-07-16 00:00,4445281837909.0000000000
2016-07-17 00:00,4569667322186.0000000000
2016-07-18 00:00,4514037582813.0000000000
2016-07-19 00:00,4425692444449.0000000000
2016-07-20 00:00,4601325592901.0000000000
2016-07-21 00:00,4434067480648.0000000000
2016-07-22 00:00,4620428149188.0000000000
2016-07-23 00:00,4497641817329.0000000000
2016-07-24 00:00,4352798934013.0000000000
2016-07-25 00:00,4147535225344.0000000000
2016-07-26 00:00,3974787711235.0000000000
2016-07-27 00:00,4230899907958.0000000000
2016-07-28 00:00,4137606101683.0000000000
2016-07-29 00:00,4058070741443.0000000000
2016-07-30 00:00,4120254389555.0000000000
2016-07-31 00:00,4033375880514.0000000000
2016-08-01 00:00,3736337701640.0000000000
2016-08-02 00:00,3614636398718.0000000000
2016-08-03 00:00,3935860678507.0000000000
2016-08-04 00:00,4031183899245.0000000000
2016-08-05 00:00,3924809359558.0000000000
2016-08-06 00:00,4057566463839.0000000000
2016-08-07 00:00,4136885718543.0000000000
2016-08-08 00:00,4353321145857.0000000000
2016-08-09 00:00,4442388028996.0000000000
2016-08-10 00:00,4539975826097.0000000000
2016-08-11 00:00,4528215404511.0000000000
2016-08-12 00:00,4479007633116.0000000000
2016-08-13 00:00,4489678502019.0000000000
2016-08-14 00:00,4511128562479.0000000000
2016-08-15 00:00,4622474361691.0000000000
2016-08-16 00:00,4616770688048.0000000000
2016-08-17 00:00,4716782171136.0000000000
2016-08-18 00:00,4666174949021.0000000000
2016-08-19 00:00,4808963420746.0000000000
2016-08-20 00:00,4859174821378.0000000000
2016-08-21 00:00,4890827822999.0000000000
2016-08-22 00:00,4979463377275.0000000000
2016-08-23 00:00,4968598031878.0000000000
2016-08-24 00:00,5076635939694.0000000000
2016-08-25 00:00,5242074400511.0000000000
2016-08-26 00:00,5240906111792.0000000000
2016-08-27 00:00,5174788189237.0000000000
2016-08-28 00:00,5109615112202.0000000000
2016-08-29 00:00,5105237416201.0000000000
2016-08-30 00:00,5212281330355.0000000000
2016-08-31 00:00,5264592356650.0000000000
2016-09-01 00:00,5339215306304.0000000000
2016-09-02 00:00,5064148018535.0000000000
2016-09-03 00:00,4926821438165.0000000000
2016-09-04 00:00,5115919825049.0000000000
2016-09-05 00:00,5066067359084.0000000000
2016-09-06 00:00,5191916302042.0000000000
2016-09-07 00:00,5135603106466.0000000000
2016-09-08 00:00,5165513697069.0000000000
2016-09-09 00:00,5212562052532.0000000000
2016-09-10 00:00,5414214307149.0000000000
2016-09-11 00:00,5397753845864.0000000000
2016-09-12 00:00,5368991270296.0000000000
2016-09-13 00:00,5550815463191.0000000000
2016-09-14 00:00,5538613239828.0000000000
2016-09-15 00:00,5504613845325.0000000000
2016-09-16 00:00,5705668907509.0000000000
2016-09-17 00:00,5038401364910.0000000000
2016-09-18 00:00,5154735261225.0000000000
2016-09-19 00:00,5747673908171.0000000000
2016-09-20 00:00,5918559502963.0000000000
2016-09-21 00:00,5407052047400.0000000000
2016-09-22 00:00,5966677050154.0000000000
2016-09-23 00:00,5986874545945.0000000000
2016-09-24 00:00,6210908011922.0000000000
2016-09-25 00:00,5860603209924.0000000000
2016-09-26 00:00,6183216760227.0000000000
2016-09-27 00:00,6242795375692.0000000000
2016-09-28 00:00,6382146651150.0000000000
2016-09-29 00:00,6211431586203.0000000000
2016-09-30 00:00,6429507249084.0000000000
2016-10-01 00:00,6609471605187.0000000000
2016-10-02 00:00,6475198340174.0000000000
2016-10-03 00:00,6617234595975.0000000000
2016-10-04 00:00,6578741272468.0000000000
2016-10-05 00:00,6633222989212.0000000000
2016-10-06 00:00,6419073464507.0000000000
2016-10-07 00:00,6690447174344.0000000000
2016-10-08 00:00,6812695135426.0000000000
2016-10-09 00:00,6855611030795.0000000000
2016-10-10 00:00,6936505421897.0000000000
2016-10-11 00:00,6697249894525.0000000000
2016-10-12 00:00,6954090469601.0000000000
2016-10-13 00:00,7223457825489.0000000000
2016-10-14 00:00,7301581737604.0000000000
2016-10-15 00:00,7491259106460.0000000000
2016-10-16 00:00,7123331984755.0000000000
2016-10-17 00:00,7389812047545.0000000000
2016-10-18 00:00,7384622520342.0000000000
2016-10-19 00:00,7641027798448.0000000000
2016-10-20 00:00,7757501088671.0000000000
2016-10-21 00:00,7767737651432.0000000000
2016-10-22 00:00,7558216010463.0000000000
2016-10-23 00:00,7712454634484.0000000000
2016-10-24 00:00,7817568737950.0000000000
2016-10-25 00:00,7897002715176.0000000000
2016-10-26 00:00,7754708478185.0000000000
2016-10-27 00:00,7447345107079.0000000000
2016-10-28 00:00,5934101483043.0000000000
2016-10-29 00:00,5767185826259.0000000000
2016-10-30 00:00,6170146292986.0000000000
2016-10-31 00:00,5264344460861.0000000000
2016-11-01 00:00,4743955573511.0000000000
2016-11-02 00:00,4528247898556.0000000000
2016-11-03 00:00,4164223377819.0000000000
2016-11-04 00:00,3926610001662.0000000000
2016-11-05 00:00,3870623424145.0000000000
2016-11-06 00:00,4600510545734.0000000000
2016-11-07 00:00,5126400228977.0000000000
2016-11-08 00:00,5000551438007.0000000000
2016-11-09 00:00,4596658342083.0000000000
2016-11-10 00:00,4470953656485.0000000000
2016-11-11 00:00,4556290367110.0000000000
2016-11-12 00:00,4936709823390.0000000000
2016-11-13 00:00,5122431700696.0000000000
2016-11-14 00:00,5155448643602.0000000000
2016-11-15 00:00,5050248888061.0000000000
2016-11-16 00:00,4837876540772.0000000000
2016-11-17 00:00,5192955809769.0000000000
2016-11-18 00:00,5480853319418.0000000000
2016-11-19 00:00,5988916058367.0000000000
2016-11-20 00:00,6324216351917.0000000000
2016-11-21 00:00,5955185513094.0000000000
2016-11-22 00:00,5901229126833.0000000000
2016-11-23 00:00,5290842718223.0000000000
2016-11-24 00:00,5298406734969.0000000000
2016-11-25 00:00,5361820116963.0000000000
2016-11-26 00:00,5348315574625.0000000000
2016-11-27 00:00,5543472225129.0000000000
2016-11-28 00:00,5451866153863.0000000000
2016-11-29 00:00,5209584283120.0000000000
2016-11-30 00:00,5268317373670.0000000000
2016-12-01 00:00,5341342479592.0000000000
2016-12-02 00:00,5613994404618.0000000000
2016-12-03 00:00,5551353977925.0000000000
2016-12-04 00:00,5410063894432.0000000000
2016-12-05 00:00,5366883343469.0000000000
2016-12-06 00:00,5497013104241.0000000000
2016-12-07 00:00,5783461856585.0000000000
2016-12-08 00:00,5914498236056.0000000000
2016-12-09 00:00,6040528556964.0000000000
2016-12-10 00:00,6205280528794.0000000000
2016-12-11 00:00,5974147134604.0000000000
2016-12-12 00:00,6168933997548.0000000000
2016-12-13 00:00,6132463114477.0000000000
2016-12-14 00:00,6097211968301.0000000000
2016-12-15 00:00,6289786272862.0000000000
2016-12-16 00:00,6369426664620.0000000000
2016-12-17 00:00,6595238075294.0000000000
2016-12-18 00:00,6587402137653.0000000000
2016-12-19 00:00,6748577273753.0000000000
2016-12-20 00:00,6697088680121.0000000000
2016-12-21 00:00,6475574731777.0000000000
2016-12-22 00:00,6022843642180.0000000000
2016-12-23 00:00,5671700772749.0000000000
2016-12-24 00:00,5939614677772.0000000000
2016-12-25 00:00,6147497385530.0000000000
2016-12-26 00:00,5944281884058.0000000000
2016-12-27 00:00,5906054665049.0000000000
2016-12-28 00:00,5885490261280.0000000000
2016-12-29 00:00,5892064520235.0000000000
2016-12-30 00:00,5957323400156.0000000000
2016-12-31 00:00,5962954525922.0000000000
2017-01-01 00:00,5980211427913.0000000000
2017-01-02 00:00,5984178836632.0000000000
2017-01-03 00:00,6603631484689.0000000000
2017-01-04 00:00,6749130445039.0000000000
2017-01-05 00:00,6783053065833.0000000000
2017-01-06 00:00,7025644445007.0000000000
2017-01-07 00:00,7052193421394.0000000000
2017-01-08 00:00,7280987777442.0000000000
2017-01-09 00:00,7282948747267.0000000000
2017-01-10 00:00,7356760661755.0000000000
2017-01-11 00:00,7432161814724.0000000000
2017-01-12 00:00,7568450607947.0000000000
2017-01-13 00:00,7587787876489.0000000000
2017-01-14 00:00,7741465213588.0000000000
2017-01-15 00:00,7734976409405.0000000000
2017-01-16 00:00,7657616507291.0000000000
2017-01-17 00:00,7593546802973.0000000000
2017-01-18 00:00,8111084485563.0000000000
2017-01-19 00:00,7838909666799.0000000000
2017-01-20 00:00,8044098901852.0000000000
2017-01-21 00:00,8084044428462.0000000000
2017-01-22 00:00,8232968691545.0000000000
2017-01-23 00:00,8124636572855.0000000000
2017-01-24 00:00,8145156577091.0000000000
2017-01-25 00:00,8367276354162.0000000000
2017-01-26 00:00,8243101735427.0000000000
2017-01-27 00:00,8278939903902.0000000000
2017-01-28 00:00,8116559422024.0000000000
2017-01-29 00:00,8343037780448.0000000000
2017-01-30 00:00,8338932534519.0000000000
2017-01-31 00:00,8225635341901.0000000000
2017-02-01 00:00,8407666756899.0000000000
2017-02-02 00:00,8271396566721.0000000000
2017-02-03 00:00,8428021808832.0000000000
2017-02-04 00:00,8774812257046.0000000000
2017-02-05 00:00,8875580182846.0000000000
2017-02-06 00:00,8865609825593.0000000000
2017-02-07 00:00,8983095244664.0000000000
2017-02-08 00:00,8945633844956.0000000000
2017-02-09 00:00,9217779993315.0000000000
2017-02-10 00:00,9274787676125.0000000000
2017-02-11 00:00,9392533947270.0000000000
2017-02-12 00:00,9522655901119.0000000000
2017-02-13 00:00,9632194825209.0000000000
2017-02-14 00:00,9670953372908.0000000000
2017-02-15 00:00,9633921231401.0000000000
2017-02-16 00:00,9813753369307.0000000000
2017-02-17 00:00,9910632573280.0000000000
2017-02-18 00:00,10076262978739.0000000000
2017-02-19 00:00,10118135044858.0000000000
2017-02-20 00:00,10346070101240.0000000000
2017-02-21 00:00,10222183307433.0000000000
2017-02-22 00:00,10250363193032.0000000000
2017-02-23 00:00,10300750497953.0000000000
2017-02-24 00:00,10612939587663.0000000000
2017-02-25 00:00,11038763955106.0000000000
2017-02-26 00:00,11078623264907.0000000000
2017-02-27 00:00,11579003227419.0000000000
2017-02-28 00:00,11192778816831.0000000000
2017-03-01 00:00,11370841358481.0000000000
2017-03-02 00:00,11790130545656.0000000000
2017-03-03 00:00,11641557927748.0000000000
2017-03-04 00:00,12169536312718.0000000000
2017-03-05 00:00,12201281755910.0000000000
2017-03-06 00:00,12126214131965.0000000000
2017-03-07 00:00,12565722668665.0000000000
2017-03-08 00:00,12593048536828.0000000000
2017-03-09 00:00,12622672673823.0000000000
2017-03-10 00:00,12870787395445.0000000000
2017-03-11 00:00,12911525663913.0000000000
2017-03-12 00:00,13436176110758.0000000000
2017-03-13 00:00,13253974171555.0000000000
2017-03-14 00:00,13629941371841.0000000000
2017-03-15 00:00,13792475423742.0000000000
2017-03-16 00:00,14519820538547.0000000000
2017-03-17 00:00,14696883239651.0000000000
2017-03-18 00:00,13914394691333.0000000000
2017-03-19 00:00,14862975859188.0000000000
2017-03-20 00:00,14561766877646.0000000000
2017-03-21 00:00,14911469979000.0000000000
2017-03-22 00:00,15425886961445.0000000000
2017-03-23 00:00,15334129933486.0000000000
2017-03-24 00:00,15438555150946.0000000000
2017-03-25 00:00,16222645176266.0000000000
2017-03-26 00:00,16892212352617.0000000000
2017-03-27 00:00,16458794418227.0000000000
2017-03-28 00:00,17141183652411.0000000000
2017-03-29 00:00,17183397785954.0000000000
2017-03-30 00:00,17642576203344.0000000000
2017-03-31 00:00,17341834914855.0000000000
2017-04-01 00:00,17320601567507.0000000000
2017-04-02 00:00,16563173217425.0000000000
2017-04-03 00:00,17592069988088.0000000000
2017-04-04 00:00,18094393499611.0000000000
2017-04-05 00:00,17966797013807.0000000000
2017-04-06 00:00,18252581031231.0000000000
2017-04-07 00:00,18343845646431.0000000000
2017-04-08 00:00,18006639650478.0000000000
2017-04-09 00:00,18072135432281.0000000000
2017-04-10 00:00,18670212999138.0000000000
2017-04-11 00:00,18558538230555.0000000000
2017-04-12 00:00,18202235778270.0000000000
2017-04-13 00:00,19836962402149.0000000000
2017-04-14 00:00,19258952698128.0000000000
2017-04-15 00:00,19594368968029.0000000000
2017-04-16 00:00,19889026965111.0000000000
2017-04-17 00:00,20298692148239.0000000000
2017-04-18 00:00,20079153889145.0000000000
2017-04-19 00:00,20288754675160.0000000000
2017-04-20 00:00,20804783410412.0000000000
2017-04-21 00:00,20900639480556.0000000000
2017-04-22 00:00,21389227083454.0000000000
2017-04-23 00:00,20668784361415.0000000000
2017-04-24 00:00,21580963790187.0000000000
2017-04-25 00:00,21293433595605.0000000000
2017-04-26 00:00,21615736970064.0000000000
2017-04-27 00:00,22953067545661.0000000000
2017-04-28 00:00,23466987418261.0000000000
2017-04-29 00:00,22938986695269.0000000000
2017-04-30 00:00,23204421241332.0000000000
2017-05-01 00:00,23246153355565.0000000000
2017-05-02 00:00,23613726543062.0000000000
2017-05-03 00:00,23268341687478.0000000000
2017-05-04 00:00,24464896023967.0000000000
2017-05-05 00:00,24414531910224.0000000000
2017-05-06 00:00,24861102254737.0000000000
2017-05-07 00:00,24481903267426.0000000000
2017-05-08 00:00,25605313998653.0000000000
2017-05-09 00:00,25350224219782.0000000000
2017-05-10 00:00,25795186438819.0000000000
2017-05-11 00:00,26695341935412.0000000000
2017-05-12 00:00,26051389681105.0000000000
2017-05-13 00:00,26883364411734.0000000000
2017-05-14 00:00,27814805765594.0000000000
2017-05-15 00:00,28229905680239.0000000000
2017-05-16 00:00,26763741801487.0000000000
2017-05-17 00:00,27739997833515.0000000000
2017-05-18 00:00,28818324304260.0000000000
2017-05-19 00:00,29607032640269.0000000000
2017-05-20 00:00,30499285609706.0000000000
2017-05-21 00:00,31381775201643.0000000000
2017-05-22 00:00,30235255599301.0000000000
2017-05-23 00:00,30980176158629.0000000000
2017-05-24 00:00,31136245767636.0000000000
2017-05-25 00:00,31203740130239.0000000000
2017-05-26 00:00,32146815826109.0000000000
2017-05-27 00:00,31939185482570.0000000000
2017-05-28 00:00,34018541222590.0000000000
2017-05-29 00:00,36264049064390.0000000000
2017-05-30 00:00,35306634737651.0000000000
2017-05-31 00:00,37248785117661.0000000000
2017-06-01 00:00,36295190932520.0000000000
2017-06-02 00:00,37395663236245.0000000000
2017-06-03 00:00,38371754243152.0000000000
2017-06-04 00:00,39291444274002.0000000000
2017-06-05 00:00,39828834039852.0000000000
2017-06-06 00:00,41467730532518.0000000000
2017-06-07 00:00,41829684498879.0000000000
2017-06-08 00:00,41760674161064.0000000000
2017-06-09 00:00,43939891193463.0000000000
2017-06-10 00:00,45025182578530.0000000000
2017-06-11 00:00,44968294068819.0000000000
2017-06-12 00:00,46522075087971.0000000000
2017-06-13 00:00,47651607769747.0000000000
2017-06-14 00:00,48521860791531.0000000000
2017-06-15 00:00,49363897981452.0000000000
2017-06-16 00:00,50985969882110.0000000000
2017-06-17 00:00,51995669793454.0000000000
2017-06-18 00:00,52570822426350.0000000000
2017-06-19 00:00,53614719103983.0000000000
2017-06-20 00:00,54098240797200.0000000000
2017-06-21 00:00,54738964742491.0000000000
2017-06-22 00:00,54336704373890.0000000000
2017-06-23 00:00,55693605003757.0000000000
2017-06-24 00:00,56393524710369.0000000000
2017-06-25 00:00,58417112349132.0000000000
2017-06-26 00:00,58320978141848.0000000000
2017-06-27 00:00,59938051087500.0000000000
2017-06-28 00:00,61540789098593.0000000000
2017-06-29 00:00,61649495641450.0000000000
2017-06-30 00:00,62565703649500.0000000000
2017-07-01 00:00,63099816232763.0000000000
2017-07-02 00:00,65002338599111.0000000000
2017-07-03 00:00,66564360885704.0000000000
2017-07-04 00:00,64819978567358.0000000000
2017-07-05 00:00,65974487088450.0000000000
2017-07-06 00:00,67077555537398.0000000000
2017-07-07 00:00,67475713453228.0000000000
2017-07-08 00:00,68043932032263.0000000000
2017-07-09 00:00,69105357448269.0000000000
2017-07-10 00:00,68636544301587.0000000000
2017-07-11 00:00,66934754201803.0000000000
2017-07-12 00:00,67570452633878.0000000000
2017-07-13 00:00,66157611392631.0000000000
2017-07-14 00:00,68604712664505.0000000000
2017-07-15 00:00,70214316465202.0000000000
2017-07-16 00:00,66699855238819.0000000000
2017-07-17 00:00,68405207369200.0000000000
2017-07-18 00:00,71176220538012.0000000000
2017-07-19 00:00,73427793198749.0000000000
2017-07-20 00:00,73177456447550.0000000000
2017-07-21 00:00,72969298228549.0000000000
2017-07-22 00:00,75690247408162.0000000000
2017-07-23 00:00,73613003654415.0000000000
2017-07-24 00:00,77163027212658.0000000000
2017-07-25 00:00,76844126914345.0000000000
2017-07-26 00:00,75605726052384.0000000000
2017-07-27 00:00,77536893123692.0000000000
2017-07-28 00:00,76587712193575.0000000000
2017-07-29 00:00,79036254012639.0000000000
2017-07-30 00:00,80870476773081.0000000000
2017-07-31 00:00,80827530505399.0000000000
2017-08-01 00:00,79669656055409.0000000000
2017-08-02 00:00,76678415380719.0000000000
2017-08-03 00:00,79753467651343.0000000000
2017-08-04 00:00,78969008598029.0000000000
2017-08-05 00:00,80016730186190.0000000000
2017-08-06 00:00,82340643487617.0000000000
2017-08-07 00:00,83297114037169.0000000000
2017-08-08 00:00,84948343528036.0000000000
2017-08-09 00:00,83420854767183.0000000000
2017-08-10 00:00,84612950571944.0000000000
2017-08-11 00:00,87290695848031.0000000000
2017-08-12 00:00,87635589348478.0000000000
2017-08-13 00:00,89581393516323.0000000000
2017-08-14 00:00,90836494873348.0000000000
2017-08-15 00:00,91248373026761.0000000000
2017-08-16 00:00,92535537740725.0000000000
2017-08-17 00:00,91773692624084.0000000000
2017-08-18 00:00,95424273700766.0000000000
2017-08-19 00:00,93274287176701.0000000000
2017-08-20 00:00,95757569588099.0000000000
2017-08-21 00:00,95960991442831.0000000000
2017-08-22 00:00,98272645366046.0000000000
2017-08-23 00:00,97233837607220.0000000000
2017-08-24 00:00,95298874686829.0000000000
2017-08-25 00:00,95967825974359.0000000000
2017-08-26 00:00,95482570176750.0000000000
2017-08-27 00:00,92567335390140.0000000000
2017-08-28 00:00,99220957951685.0000000000
2017-08-29 00:00,99669559523407.0000000000
2017-08-30 00:00,97947765322725.0000000000
2017-08-31 00:00,98965237441495.0000000000
2017-09-01 00:00,98874661449838.0000000000
2017-09-02 00:00,98437959907366.0000000000
2017-09-03 00:00,99992590644828.0000000000
2017-09-04 00:00,100464519186490.0000000000
2017-09-05 00:00,99585601607870.0000000000
2017-09-06 00:00,101756550594400.0000000000
2017-09-07 00:00,106716493491660.0000000000
2017-09-08 00:00,104056581125800.0000000000
2017-09-09 00:00,102477841305420.0000000000
2017-09-10 00:00,102497581167686.0000000000
2017-09-11 00:00,108066800064060.0000000000
2017-09-12 00:00,103543309652420.0000000000
2017-09-13 00:00,105591558195860.0000000000
2017-09-14 00:00,109237978425240.0000000000
2017-09-15 00:00,107171646891020.0000000000
2017-09-16 00:00,108032157089500.0000000000
2017-09-17 00:00,105807740827190.0000000000
2017-09-18 00:00,108633939983640.0000000000
2017-09-19 00:00,107416384860160.0000000000
2017-09-20 00:00,109365187550280.0000000000
2017-09-21 00:00,108396930569380.0000000000
2017-09-22 00:00,103937808485240.0000000000
2017-09-23 00:00,106726599394790.0000000000
2017-09-24 00:00,101537180383960.0000000000
2017-09-25 00:00,102984514223520.0000000000
2017-09-26 00:00,105665834360470.0000000000
2017-09-27 00:00,101864865062530.0000000000
2017-09-28 00:00,97743120327242.0000000000
2017-09-29 00:00,97248907770733.0000000000
2017-09-30 00:00,101854408028010.0000000000
2017-10-01 00:00,101478644261270.0000000000
2017-10-02 00:00,101325580986480.0000000000
2017-10-03 00:00,104274857165030.0000000000
2017-10-04 00:00,107719603821870.0000000000
2017-10-05 00:00,102810717472320.0000000000
2017-10-06 00:00,100659958931260.0000000000
2017-10-07 00:00,104056142578230.0000000000
2017-10-08 00:00,104683502185760.0000000000
2017-10-09 00:00,106104971219040.0000000000
2017-10-10 00:00,109280939673000.0000000000
2017-10-11 00:00,105445572727640.0000000000
2017-10-12 00:00,110089657316210.0000000000
2017-10-13 00:00,105103065907430.0000000000
2017-10-14 00:00,108597951486660.0000000000
2017-10-15 00:00,111731904578690.0000000000
2017-10-16 00:00,114459112505680.0000000000
2017-10-17 00:00,113759231248420.0000000000
2017-10-18 00:00,117989667731756.0000000000
2017-10-19 00:00,117238821150850.0000000000
2017-10-20 00:00,116668819600260.0000000000
2017-10-21 00:00,118895505369490.0000000000
2017-10-22 00:00,117747115284920.0000000000
2017-10-23 00:00,121641692178940.0000000000
2017-10-24 00:00,118673607964520.0000000000
2017-10-25 00:00,114773222741110.0000000000
2017-10-31 00:00,120981632662830.0000000000
2017-11-01 00:00,115560010361330.0000000000
2017-11-02 00:00,113920221175180.0000000000
2017-11-03 00:00,111943269817370.0000000000
2017-11-04 00:00,117056719309308.0000000000
2017-11-05 00:00,114585660284740.0000000000
2017-11-06 00:00,113913683475880.0000000000
2017-11-07 00:00,116125614803750.0000000000
2017-11-08 00:00,114115178304720.0000000000
2017-11-09 00:00,115763909074260.0000000000
2017-11-10 00:00,115717580582960.0000000000
2017-11-11 00:00,118255012784580.0000000000
2017-11-12 00:00,117460009362610.0000000000
2017-11-13 00:00,114720045808620.0000000000
2017-11-14 00:00,115345249990620.0000000000
2017-11-15 00:00,111674481405850.0000000000
2017-11-16 00:00,112607951497860.0000000000
2017-11-17 00:00,111518292601010.0000000000
2017-11-18 00:00,112978516905890.0000000000
2017-11-19 00:00,120194442743430.0000000000
2017-11-20 00:00,118772015929330.0000000000
2017-11-21 00:00,118388702119580.0000000000
2017-11-22 00:00,122149426220030.0000000000
2017-11-23 00:00,124807826681320.0000000000
2017-11-24 00:00,125319280437740.0000000000
2017-11-25 00:00,125155284202080.0000000000
2017-11-26 00:00,123422418656400.0000000000
2017-11-27 00:00,121376286665420.0000000000
2017-11-28 00:00,123410568062090.0000000000
2017-11-29 00:00,124818010753220.0000000000
2017-11-30 00:00,125497470346090.0000000000
2017-12-01 00:00,125605486490460.0000000000
2017-12-02 00:00,121857522474160.0000000000
2017-12-03 00:00,125843696025640.0000000000
2017-12-04 00:00,123438986759100.0000000000
2017-12-05 00:00,123624915809870.0000000000
2017-12-06 00:00,125156984627450.0000000000
2017-12-07 00:00,127319291958280.0000000000
2017-12-08 00:00,128293290537240.0000000000
2017-12-09 00:00,126709536570270.0000000000
2017-12-10 00:00,128319253114190.0000000000
2017-12-11 00:00,128981535002790.0000000000
2017-12-12 00:00,134036381500000.0000000000
2017-12-13 00:00,137612597335270.0000000000
2017-12-14 00:00,143725774606250.0000000000
2017-12-15 00:00,141972695379730.0000000000
2017-12-16 00:00,142918324635650.0000000000
2017-12-17 00:00,147373025169700.0000000000
2017-12-18 00:00,144741471010950.0000000000
2017-12-19 00:00,143780474245120.0000000000
2017-12-20 00:00,143920485079630.0000000000
2017-12-21 00:00,143222510205960.0000000000
2017-12-22 00:00,149540215510300.0000000000
2017-12-23 00:00,148918504533100.0000000000
2017-12-24 00:00,150642951070870.0000000000
2017-12-25 00:00,151478703604140.0000000000
2017-12-26 00:00,152530029541290.0000000000
2017-12-27 00:00,156607334495610.0000000000
2017-12-28 00:00,153645075687590.0000000000
2017-12-29 00:00,154721672463480.0000000000
2017-12-30 00:00,156914020914800.0000000000
2017-12-31 00:00,159403492170397.0000000000
2018-01-01 00:00,159071599588750.0000000000
2018-01-02 00:00,158739066452980.0000000000
2018-01-03 00:00,162548273234740.0000000000
2018-01-04 00:00,166355485113170.0000000000
2018-01-05 00:00,163077108417770.0000000000
2018-01-06 00:00,168942803513020.0000000000
2018-01-07 00:00,168712808919630.0000000000
2018-01-08 00:00,170778577805600.0000000000
2018-01-09 00:00,174276216494990.0000000000
2018-01-10 00:00,179708431552900.0000000000
2018-01-11 00:00,180350876979540.0000000000
2018-01-12 00:00,181073237136750.0000000000
2018-01-13 00:00,185369549137810.0000000000
2018-01-14 00:00,181560500959180.0000000000
2018-01-15 00:00,187135717952850.0000000000
2018-01-16 00:00,190968657448280.0000000000
2018-01-17 00:00,189385723161977.0000000000
2018-01-18 00:00,188803626772820.0000000000
2018-01-19 00:00,196630223023580.0000000000
2018-01-20 00:00,192482795590580.0000000000
2018-01-21 00:00,197019474918330.0000000000
2018-01-22 00:00,196562080234430.0000000000
2018-01-23 00:00,201681362530660.0000000000
2018-01-24 00:00,203457127895070.0000000000
2018-01-25 00:00,203468789458570.0000000000
2018-01-26 00:00,202034183516560.0000000000
2018-01-27 00:00,204763715588173.0000000000
2018-01-28 00:00,213054001223510.0000000000
2018-01-29 00:00,210425511285270.0000000000
2018-01-30 00:00,215881196950560.0000000000
2018-01-31 00:00,220944472785690.0000000000
2018-02-01 00:00,224334960967330.0000000000
2018-02-02 00:00,223740928105640.0000000000
2018-02-03 00:00,223546448234460.0000000000
2018-02-04 00:00,229318790939430.0000000000
2018-02-05 00:00,226611982527780.0000000000
2018-02-06 00:00,231991499382600.0000000000
2018-02-07 00:00,229518642906670.0000000000
2018-02-08 00:00,232846657937900.0000000000
2018-02-09 00:00,234394889526780.0000000000
2018-02-10 00:00,236446662682800.0000000000
2018-02-11 00:00,241100094043710.0000000000
2018-02-12 00:00,242601631360604.0000000000
2018-02-13 00:00,236282408033950.0000000000
2018-02-14 00:00,238432858768810.0000000000
2018-02-15 00:00,243064928851660.0000000000
2018-02-16 00:00,243574974053330.0000000000
2018-02-17 00:00,243541277674140.0000000000
2018-02-18 00:00,242843487641810.0000000000
2018-02-19 00:00,239632359855470.0000000000
2018-02-20 00:00,241622810397300.0000000000
2018-02-21 00:00,243599880023080.0000000000
2018-02-22 00:00,245940670604850.0000000000
2018-02-23 00:00,244466633878540.0000000000
2018-02-24 00:00,250239336022880.0000000000
2018-02-25 00:00,247475638761650.0000000000
2018-02-26 00:00,243296196567300.0000000000
2018-02-27 00:00,252040977307280.0000000000
2018-02-28 00:00,253205046899790.0000000000
2018-03-01 00:00,254976235385980.0000000000
2018-03-02 00:00,260367216246310.0000000000
2018-03-03 00:00,253485605047190.0000000000
2018-03-04 00:00,254470916978830.0000000000
2018-03-05 00:00,255080408365760.0000000000
2018-03-06 00:00,263406579418290.0000000000
2018-03-07 00:00,262541342841350.0000000000
2018-03-08 00:00,256506005065660.0000000000
2018-03-09 00:00,259117448231670.0000000000
2018-03-10 00:00,257904367400270.0000000000
2018-03-11 00:00,259721499896700.0000000000
2018-03-12 00:00,259138669251200.0000000000
2018-03-13 00:00,256470645022950.0000000000
2018-03-14 00:00,259560224150190.0000000000
2018-03-15 00:00,268729178965910.0000000000
2018-03-16 00:00,266939230230930.0000000000
2018-03-17 00:00,264790146326660.0000000000
2018-03-18 00:00,265833452966500.0000000000
2018-03-19 00:00,267078066757140.0000000000
2018-03-20 00:00,263619249079630.0000000000
2018-03-21 00:00,263077620665020.0000000000
2018-03-22 00:00,264313600022100.0000000000
2018-03-23 00:00,262570347188820.0000000000
2018-03-24 00:00,263815072682060.0000000000
2018-03-25 00:00,270972062346810.0000000000
2018-03-26 00:00,264784704955710.0000000000
2018-03-27 00:00,264372257820710.0000000000
2018-03-28 00:00,259781002814190.0000000000
2018-03-29 00:00,262817377867200.0000000000
2018-03-30 00:00,259190942286670.0000000000
2018-03-31 00:00,259584174219870.0000000000
2018-04-01 00:00,259759295300550.0000000000
2018-04-02 00:00,253834801688980.0000000000
2018-04-03 00:00,256190849234650.0000000000
2018-04-04 00:00,257731973775640.0000000000
2018-04-05 00:00,264211194850600.0000000000
2018-04-06 00:00,259794999002250.0000000000
2018-04-07 00:00,257958637969190.0000000000
2018-04-08 00:00,249621837585080.0000000000
2018-04-09 00:00,255923340473121.0000000000
2018-04-10 00:00,253463080243040.0000000000
2018-04-11 00:00,252092296213270.0000000000
2018-04-12 00:00,254815167821390.0000000000
2018-04-13 00:00,255112515733320.0000000000
2018-04-14 00:00,255078131926610.0000000000
2018-04-15 00:00,256010846790920.0000000000
2018-04-16 00:00,255719336298230.0000000000
2018-04-17 00:00,249290872937960.0000000000
2018-04-18 00:00,256507828883120.0000000000
2018-04-19 00:00,250252567176420.0000000000
2018-04-20 00:00,259839709879710.0000000000
2018-04-21 00:00,256645637760650.0000000000
2018-04-22 00:00,260802658683900.0000000000
2018-04-23 00:00,255599586836400.0000000000
2018-04-24 00:00,257815989161160.0000000000
2018-04-25 00:00,267358980732940.0000000000
2018-04-26 00:00,257879799018440.0000000000
2018-04-27 00:00,254236167460130.0000000000
2018-04-28 00:00,265618574210370.0000000000
2018-04-29 00:00,264145348944080.0000000000
2018-04-30 00:00,256461617282290.0000000000
2018-05-01 00:00,261962414435610.0000000000
2018-05-02 00:00,262965689745720.0000000000
2018-05-03 00:00,265969568751510.0000000000
2018-05-04 00:00,270325580627500.0000000000
2018-05-05 00:00,270785830978080.0000000000
2018-05-06 00:00,276476227284670.0000000000
2018-05-07 00:00,273676598352453.0000000000
2018-05-08 00:00,270094259834910.0000000000
2018-05-09 00:00,270043591299130.0000000000
2018-05-10 00:00,272951524216500.0000000000
2018-05-11 00:00,278866158730970.0000000000
2018-05-12 00:00,278359107356220.0000000000
2018-05-13 00:00,272985314492680.0000000000
2018-05-14 00:00,269451031792980.0000000000
2018-05-15 00:00,269813421067220.0000000000
2018-05-16 00:00,272638802104620.0000000000
2018-05-17 00:00,270563358491420.0000000000
2018-05-18 00:00,271885036650670.0000000000
2018-05-19 00:00,275772348357430.0000000000
2018-05-20 00:00,278233880946750.0000000000
2018-05-21 00:00,275010662861020.0000000000
2018-05-22 00:00,274252755598910.0000000000
2018-05-23 00:00,264359018089420.0000000000
2018-05-24 00:00,266436039444785.0000000000
2018-05-25 00:00,270786186936250.0000000000
2018-05-26 00:00,264375383937480.0000000000
2018-05-27 00:00,269018389387890.0000000000
2018-05-28 00:00,268082786405530.0000000000
2018-05-29 00:00,265870983234620.0000000000
2018-05-30 00:00,272219654475160.0000000000
2018-05-31 00:00,261135098866150.0000000000
2018-06-01 00:00,268062807809110.0000000000
2018-06-02 00:00,266117890371490.0000000000
2018-06-03 00:00,267373757982560.0000000000
2018-06-04 00:00,266589991962450.0000000000
2018-06-05 00:00,265028332733380.0000000000
2018-06-06 00:00,267481994480360.0000000000
2018-06-07 00:00,268823437131980.0000000000
2018-06-08 00:00,280201029460200.0000000000
2018-06-09 00:00,269635272339320.0000000000
2018-06-10 00:00,274164139696260.0000000000
2018-06-11 00:00,277843771992970.0000000000
2018-06-12 00:00,270269642393720.0000000000
2018-06-13 00:00,269814086543190.0000000000
2018-06-14 00:00,269032052426070.0000000000
2018-06-15 00:00,271756263902450.0000000000
2018-06-16 00:00,269634369713250.0000000000
2018-06-17 00:00,279843536875130.0000000000
2018-06-18 00:00,282438031123410.0000000000
2018-06-19 00:00,279103653169980.0000000000
2018-06-20 00:00,282765455447820.0000000000
2018-06-21 00:00,284576660625710.0000000000
2018-06-22 00:00,280587950069400.0000000000
2018-06-23 00:00,281651583937920.0000000000
2018-06-24 00:00,282703230904010.0000000000
2018-06-25 00:00,280084554769300.0000000000
2018-06-26 00:00,288118669886060.0000000000
2018-06-27 00:00,279384210616140.0000000000
2018-06-28 00:00,277138107460770.0000000000
2018-06-29 00:00,287707849596300.0000000000
2018-06-30 00:00,276202857180180.0000000000
2018-07-01 00:00,281003779615370.0000000000
2018-07-02 00:00,285346832916490.0000000000
2018-07-03 00:00,282942023631240.0000000000
2018-07-04 00:00,292281984675240.0000000000
2018-07-05 00:00,287550943709950.0000000000
2018-07-06 00:00,290914850023080.0000000000
2018-07-07 00:00,285194237529950.0000000000
2018-07-08 00:00,292696472265610.0000000000
2018-07-09 00:00,285449153712090.0000000000
2018-07-10 00:00,277602232719310.0000000000
2018-07-11 00:00,280759937497240.0000000000
2018-07-12 00:00,278000904190680.0000000000
2018-07-13 00:00,278473943390590.0000000000
2018-07-14 00:00,280157513213910.0000000000
2018-07-15 00:00,280441467460420.0000000000
2018-07-16 00:00,286535924819830.0000000000
2018-07-17 00:00,284175004078060.0000000000
2018-07-18 00:00,280874127921060.0000000000
2018-07-19 00:00,276238140760870.0000000000
2018-07-20 00:00,265322164340400.0000000000
2018-07-21 00:00,277880421532580.0000000000
2018-07-22 00:00,287386862947550.0000000000
2018-07-23 00:00,282587537086624.0000000000
2018-07-24 00:00,289923524232190.0000000000
2018-07-25 00:00,287446738436630.0000000000
2018-07-26 00:00,286943708524390.0000000000
2018-07-27 00:00,288269222891090.0000000000
2018-07-28 00:00,289513506527280.0000000000
2018-07-29 00:00,289051122261160.0000000000
2018-07-30 00:00,290296695483630.0000000000
2018-07-31 00:00,287121077438720.0000000000
2018-08-01 00:00,292708997582800.0000000000
2018-08-02 00:00,285661389432920.0000000000
2018-08-03 00:00,292893660104930.0000000000
2018-08-04 00:00,293021488825789.0000000000
2018-08-05 00:00,293322314183810.0000000000
2018-08-06 00:00,291964735840280.0000000000
2018-08-07 00:00,294987539036720.0000000000
2018-08-08 00:00,295896218514880.0000000000
2018-08-09 00:00,292140993710760.0000000000
2018-08-10 00:00,293378993343790.0000000000
2018-08-11 00:00,285376836426060.0000000000
2018-08-12 00:00,285212763906650.0000000000
2018-08-13 00:00,286506569622020.0000000000
2018-08-14 00:00,283435168990480.0000000000
2018-08-15 00:00,279011407455540.0000000000
2018-08-16 00:00,284915149190260.0000000000
2018-08-17 00:00,280410143006400.0000000000
2018-08-18 00:00,281972283742180.0000000000
2018-08-19 00:00,283814000965380.0000000000
2018-08-20 00:00,286133189308860.0000000000
2018-08-21 00:00,289738343132640.0000000000
2018-08-22 00:00,279100785040120.0000000000
2018-08-23 00:00,282976813869910.0000000000
2018-08-24 00:00,283538993309180.0000000000
2018-08-25 00:00,288803939728600.0000000000
2018-08-26 00:00,285295661808440.0000000000
2018-08-27 00:00,282894027888200.0000000000
2018-08-28 00:00,277999389301250.0000000000
2018-08-29 00:00,279567420332920.0000000000
2018-08-30 00:00,280339005850150.0000000000
2018-08-31 00:00,277535220829300.0000000000
2018-09-01 00:00,274833001808970.0000000000
2018-09-02 00:00,274893788521770.0000000000
2018-09-03 00:00,276767944583180.0000000000
2018-09-04 00:00,276990615172700.0000000000
2018-09-05 00:00,276911713204090.0000000000
2018-09-06 00:00,272275291568140.0000000000
2018-09-07 00:00,271225433331330.0000000000
2018-09-08 00:00,257735414220140.0000000000
2018-09-09 00:00,260720920021680.0000000000
2018-09-10 00:00,255585894661850.0000000000
2018-09-11 00:00,252567872314844.0000000000
2018-09-12 00:00,246303571733460.0000000000
2018-09-13 00:00,253579145858140.0000000000
2018-09-14 00:00,254425591793690.0000000000
2018-09-15 00:00,253288140325948.0000000000
2018-09-16 00:00,254251199957420.0000000000
2018-09-17 00:00,253593354357260.0000000000
2018-09-18 00:00,257703610399320.0000000000
2018-09-19 00:00,256659439718810.0000000000
2018-09-20 00:00,255386971277330.0000000000
2018-09-21 00:00,262878974346460.0000000000
2018-09-22 00:00,260365957215800.0000000000
2018-09-23 00:00,261714824136260.0000000000
2018-09-24 00:00,259364280398620.0000000000
2018-09-25 00:00,266703730518020.0000000000
2018-09-26 00:00,265466939055310.0000000000
2018-09-27 00:00,264430197784020.0000000000
2018-09-28 00:00,259931123366900.0000000000
2018-09-29 00:00,263746820444430.0000000000
2018-09-30 00:00,259029981677500.0000000000
2018-10-01 00:00,259454751829760.0000000000
2018-10-02 00:00,258110931016580.0000000000
2018-10-03 00:00,261289476954990.0000000000
2018-10-04 00:00,259925705101880.0000000000
2018-10-05 00:00,261827063818420.0000000000
2018-10-06 00:00,263776886858050.0000000000
2018-10-07 00:00,266067985706710.0000000000
2018-10-08 00:00,263510241771360.0000000000
2018-10-09 00:00,263776037429600.0000000000
2018-10-10 00:00,259567841484460.0000000000
2018-10-11 00:00,259243138646480.0000000000
2018-10-12 00:00,256882267979270.0000000000
2018-10-13 00:00,259211818687980.0000000000
2018-10-14 00:00,256957147724800.0000000000
2018-10-15 00:00,257248846026080.0000000000
2018-10-16 00:00,255952304998150.0000000000
2018-10-17 00:00,260416539248000.0000000000
2018-10-18 00:00,256981985641270.0000000000
2018-10-19 00:00,253992209096520.0000000000
2018-10-20 00:00,250893663926300.0000000000
2018-10-21 00:00,248395695165780.0000000000
2018-10-22 00:00,251295723079550.0000000000
2018-10-23 00:00,252627366238590.0000000000
2018-10-24 00:00,248533543580870.0000000000
2018-10-25 00:00,247432443037460.0000000000
2018-10-26 00:00,249118641671330.0000000000
2018-10-27 00:00,247248125244500.0000000000
2018-10-28 00:00,244975854223880.0000000000
2018-10-29 00:00,246181612095340.0000000000
2018-10-30 00:00,250912935032600.0000000000
2018-10-31 00:00,243997812675270.0000000000
2018-11-01 00:00,238269105436100.0000000000
2018-11-02 00:00,238090046928310.0000000000
2018-11-03 00:00,242172465066370.0000000000
2018-11-04 00:00,240395712355400.0000000000
2018-11-05 00:00,240599815090119.0000000000
2018-11-06 00:00,242321794024370.0000000000
2018-11-07 00:00,244329654058550.0000000000
2018-11-08 00:00,239310589717630.0000000000
2018-11-09 00:00,241532454115000.0000000000
2018-11-10 00:00,246472104601890.0000000000
2018-11-11 00:00,240146955347020.0000000000
2018-11-12 00:00,242046447063600.0000000000
2018-11-13 00:00,242688609893850.0000000000
2018-11-14 00:00,241484697890680.0000000000
2018-11-15 00:00,245824430689140.0000000000
2018-11-16 00:00,236747606285430.0000000000
2018-11-17 00:00,237365964822080.0000000000
2018-11-18 00:00,234633578976250.0000000000
2018-11-19 00:00,230295242437720.0000000000
2018-11-20 00:00,221566796082300.0000000000
2018-11-21 00:00,215689547905340.0000000000
2018-11-22 00:00,218429979513000.0000000000
2018-11-23 00:00,216033459063090.0000000000
2018-11-24 00:00,212245886270272.0000000000
2018-11-25 00:00,212100501218170.0000000000
2018-11-26 00:00,195092609882560.0000000000
2018-11-27 00:00,187564003664410.0000000000
2018-11-28 00:00,190638762929750.0000000000
2018-11-29 00:00,189671498488230.0000000000
2018-11-30 00:00,194448985034110.0000000000
2018-12-01 00:00,186147631508180.0000000000
2018-12-02 00:00,185696072355580.0000000000
2018-12-03 00:00,189767464721670.0000000000
2018-12-04 00:00,185166751954510.0000000000
2018-12-05 00:00,188464769426230.0000000000
2018-12-06 00:00,180036274466300.0000000000
2018-12-07 00:00,176329496098100.0000000000
2018-12-08 00:00,174779146367420.0000000000
2018-12-09 00:00,184569782198800.0000000000
2018-12-10 00:00,177711738862680.0000000000
2018-12-11 00:00,172762924194380.0000000000
2018-12-12 00:00,171176084989920.0000000000
2018-12-13 00:00,167949464257290.0000000000
2018-12-14 00:00,171972615485070.0000000000
2018-12-15 00:00,169428638302090.0000000000
2018-12-16 00:00,166813938769800.0000000000
2018-12-17 00:00,163330446297180.0000000000
2018-12-18 00:00,165210546673420.0000000000
2018-12-19 00:00,164230891976020.0000000000
2018-12-20 00:00,166134908766410.0000000000
2018-12-21 00:00,168324969691470.0000000000
2018-12-22 00:00,169314561043410.0000000000
2018-12-23 00:00,177120199715160.0000000000
2018-12-24 00:00,182556771293750.0000000000
2018-12-25 00:00,189650114779800.0000000000
2018-12-26 00:00,184493827712440.0000000000
2018-12-27 00:00,181439076633581.0000000000
2018-12-28 00:00,182096863505260.0000000000
2018-12-29 00:00,183080717609180.0000000000
2018-12-30 00:00,185549892873690.0000000000
2018-12-31 00:00,174832246186400.0000000000
2019-01-01 00:00,180860689910100.0000000000
2019-01-02 00:00,181235777835320.0000000000
2019-01-03 00:00,180422356371150.0000000000
2019-01-04 00:00,185492837267620.0000000000
2019-01-05 00:00,187147617866760.0000000000
2019-01-06 00:00,190299031086600.0000000000
2019-01-07 00:00,184975053074820.0000000000
2019-01-08 00:00,190204811642950.0000000000
2019-01-09 00:00,186249201355220.0000000000
2019-01-10 00:00,186799922252190.0000000000
2019-01-11 00:00,181132806944500.0000000000
2019-01-12 00:00,182513524853340.0000000000
2019-01-13 00:00,184944123912811.0000000000
2019-01-14 00:00,188705698141580.0000000000
2019-01-15 00:00,179519366955960.0000000000
2019-01-16 00:00,177726193236590.0000000000
2019-01-17 00:00,177734368509050.0000000000
2019-01-18 00:00,184502025173820.0000000000
2019-01-19 00:00,184523995389220.0000000000
2019-01-20 00:00,178144583052380.0000000000
2019-01-21 00:00,180012991253680.0000000000
2019-01-22 00:00,168485386774165.0000000000
2019-01-23 00:00,175251010693270.0000000000
2019-01-24 00:00,175633126944540.0000000000
2019-01-25 00:00,170991273525800.0000000000
2019-01-26 00:00,168655951590300.0000000000
2019-01-27 00:00,155949804676350.0000000000
2019-01-28 00:00,146870917913300.0000000000
2019-01-29 00:00,145290375271490.0000000000
2019-01-30 00:00,150015460778650.0000000000
2019-01-31 00:00,143109055776050.0000000000
2019-02-01 00:00,143029268639930.0000000000
2019-02-02 00:00,139148727195760.0000000000
2019-02-03 00:00,141056080280040.0000000000
2019-02-04 00:00,141589112988700.0000000000
2019-02-05 00:00,139433918775590.0000000000
2019-02-06 00:00,139445298527960.0000000000
2019-02-07 00:00,142456070998440.0000000000
2019-02-08 00:00,141181235002700.0000000000
2019-02-09 00:00,145117075009250.0000000000
2019-02-10 00:00,142234953555800.0000000000
2019-02-11 00:00,147544989321910.0000000000
2019-02-12 00:00,142560806564260.0000000000
2019-02-13 00:00,140321756540860.0000000000
2019-02-14 00:00,139948556116370.0000000000
2019-02-15 00:00,144003389683360.0000000000
2019-02-16 00:00,140514136522180.0000000000
2019-02-17 00:00,144779062825570.0000000000
2019-02-18 00:00,154084794650570.0000000000
2019-02-19 00:00,152914323494160.0000000000
2019-02-20 00:00,152029718604820.0000000000
2019-02-21 00:00,150085495942770.0000000000
2019-02-22 00:00,160000186022460.0000000000
2019-02-23 00:00,156166198164380.0000000000
2019-02-24 00:00,154098124666200.0000000000
2019-02-25 00:00,156448060101130.0000000000
2019-02-26 00:00,156100234592790.0000000000
2019-02-27 00:00,157678257435960.0000000000
2019-02-28 00:00,152998838942010.0000000000
2019-03-01 00:00,153087945298120.0000000000
2019-03-02 00:00,151523383958580.0000000000
2019-03-03 00:00,150437211268352.0000000000
2019-03-04 00:00,152785823746570.0000000000
2019-03-05 00:00,151327641750480.0000000000
2019-03-06 00:00,151872885301850.0000000000
2019-03-07 00:00,153459218252730.0000000000
2019-03-08 00:00,148658083425030.0000000000
2019-03-09 00:00,152282556586770.0000000000
2019-03-10 00:00,148704118737090.0000000000
2019-03-11 00:00,147942780115460.0000000000
2019-03-12 00:00,146442848219200.0000000000
2019-03-13 00:00,147583348253000.0000000000
2019-03-14 00:00,147373688909800.0000000000
2019-03-15 00:00,153103055631180.0000000000
2019-03-16 00:00,150858129954050.0000000000
2019-03-17 00:00,148624614626100.0000000000
2019-03-18 00:00,144228463434320.0000000000
2019-03-19 00:00,150207921759330.0000000000
2019-03-20 00:00,148054045403720.0000000000
2019-03-21 00:00,146791356737560.0000000000
2019-03-22 00:00,147436844545370.0000000000
2019-03-23 00:00,147249010638840.0000000000
2019-03-24 00:00,147005410403620.0000000000
2019-03-25 00:00,142480795223220.0000000000
2019-03-26 00:00,141591603994360.0000000000
2019-03-27 00:00,141422943475310.0000000000
2019-03-28 00:00,141971090093478.0000000000
2019-03-29 00:00,136776643271240.0000000000
2019-03-30 00:00,137783667463100.0000000000
2019-03-31 00:00,145050515677710.0000000000
2019-04-01 00:00,143405471800610.0000000000
2019-04-02 00:00,142103799034470.0000000000
2019-04-03 00:00,146661991319370.0000000000
2019-04-04 00:00,145447232435150.0000000000
2019-04-05 00:00,146621797936280.0000000000
2019-04-06 00:00,145747487681340.0000000000
2019-04-07 00:00,146570253107240.0000000000
2019-04-08 00:00,147738692607320.0000000000
2019-04-09 00:00,151047005783680.0000000000
2019-04-10 00:00,150411686110460.0000000000
2019-04-11 00:00,149356785800860.0000000000
2019-04-12 00:00,152087701667320.0000000000
2019-04-13 00:00,153894211976130.0000000000
2019-04-14 00:00,154385510947430.0000000000
2019-04-15 00:00,151772839285300.0000000000
2019-04-16 00:00,147992682732590.0000000000
2019-04-17 00:00,147580719366330.0000000000
2019-04-18 00:00,150836508860450.0000000000
2019-04-19 00:00,149413949587750.0000000000
2019-04-20 00:00,150568560610540.0000000000
2019-04-21 00:00,152194902826650.0000000000
2019-04-22 00:00,150501460922570.0000000000
2019-04-23 00:00,147637501088070.0000000000
2019-04-24 00:00,148050520316693.0000000000
2019-04-25 00:00,148901593973070.0000000000
2019-04-26 00:00,151590777735700.0000000000
2019-04-27 00:00,150038077493240.0000000000
2019-04-28 00:00,152497658194230.0000000000
2019-04-29 00:00,154034583769540.0000000000
2019-04-30 00:00,153702048663930.0000000000
2019-05-01 00:00,152303249840320.0000000000
2019-05-02 00:00,149725870708390.0000000000
2019-05-03 00:00,157291493595370.0000000000
2019-05-04 00:00,156282749065380.0000000000
2019-05-05 00:00,152372842116640.0000000000
2019-05-06 00:00,155270100115040.0000000000
2019-05-07 00:00,153736147693580.0000000000
2019-05-08 00:00,154248231092770.0000000000
2019-05-09 00:00,154756310777680.0000000000
2019-05-10 00:00,155015475961900.0000000000
2019-05-11 00:00,157769814036250.0000000000
2019-05-12 00:00,155751304729580.0000000000
2019-05-13 00:00,160905303276590.0000000000
2019-05-14 00:00,163003425245900.0000000000
2019-05-15 00:00,161371049411188.0000000000
2019-05-16 00:00,170925204692330.0000000000
2019-05-17 00:00,171703165336650.0000000000
2019-05-18 00:00,168195812561070.0000000000
2019-05-19 00:00,165527407555750.0000000000
2019-05-20 00:00,163075802797850.0000000000
2019-05-21 00:00,164934016356790.0000000000
2019-05-22 00:00,162417334038950.0000000000
2019-05-23 00:00,159709607004210.0000000000
2019-05-24 00:00,162221486972040.0000000000
2019-05-25 00:00,161020293963160.0000000000
2019-05-26 00:00,165797975440800.0000000000
2019-05-27 00:00,161346485177960.0000000000
2019-05-28 00:00,171512304943170.0000000000
2019-05-29 00:00,168016567648800.0000000000
2019-05-30 00:00,169054749191810.0000000000
2019-05-31 00:00,169034006296900.0000000000
2019-06-01 00:00,170473449712650.0000000000
2019-06-02 00:00,163192436066130.0000000000
2019-06-03 00:00,164511341081650.0000000000
2019-06-04 00:00,162092390337550.0000000000
2019-06-05 00:00,168409810439870.0000000000
2019-06-06 00:00,167646089047850.0000000000
2019-06-07 00:00,163023521823160.0000000000
2019-06-08 00:00,159775220530070.0000000000
2019-06-09 00:00,163748001671568.0000000000
2019-06-10 00:00,161590997127250.0000000000
2019-06-11 00:00,161264830645270.0000000000
2019-06-12 00:00,158720207288920.0000000000
2019-06-13 00:00,159831738092800.0000000000
2019-06-14 00:00,160163762463820.0000000000
2019-06-15 00:00,160779121830430.0000000000
2019-06-16 00:00,161705699598850.0000000000
2019-06-19 00:00,162084314883610.0000000000
2019-06-20 00:00,159405399541210.0000000000
2019-06-21 00:00,159816211524160.0000000000
2019-06-22 00:00,162333256797980.0000000000
2019-06-23 00:00,166149501203550.0000000000
2019-06-24 00:00,167022300144710.0000000000
2019-06-26 00:00,172583290392610.0000000000
2019-06-27 00:00,170008695576520.0000000000
2019-06-28 00:00,174665284994230.0000000000
2019-06-29 00:00,174493970011330.0000000000
2019-06-30 00:00,172458371589090.0000000000
2019-07-01 00:00,175181833107520.0000000000
2019-07-02 00:00,169417809531000.0000000000
2019-07-03 00:00,168942379734973.0000000000
2019-07-04 00:00,169047079554160.0000000000
2019-07-05 00:00,174357424821090.0000000000
2019-07-06 00:00,171998334231100.0000000000
2019-07-07 00:00,170718535039220.0000000000
2019-07-08 00:00,174567349236170.0000000000
2019-07-09 00:00,175220482829950.0000000000
2019-07-10 00:00,179351975357530.0000000000
2019-07-11 00:00,179299681760470.0000000000
2019-07-12 00:00,178735067253030.0000000000
2019-07-13 00:00,182078884964610.0000000000
2019-07-14 00:00,180013771371010.0000000000
2019-07-15 00:00,174832197421310.0000000000
2019-07-16 00:00,179656303111050.0000000000
2019-07-17 00:00,179785131906700.0000000000
2019-07-18 00:00,173652922886670.0000000000
2019-07-19 00:00,177846815118040.0000000000
2019-07-20 00:00,173257467509360.0000000000
2019-07-21 00:00,172775012115070.0000000000
2019-07-24 00:00,175361036720630.0000000000
2019-07-25 00:00,174397657700620.0000000000
2019-07-26 00:00,179361369975017.0000000000
2019-07-27 00:00,176418907649330.0000000000
2019-07-28 00:00,175639703514840.0000000000
2019-07-29 00:00,180314084858450.0000000000
2019-07-30 00:00,174909981044280.0000000000
2019-07-31 00:00,173218525918160.0000000000
2019-08-01 00:00,176081457974040.0000000000
2019-08-02 00:00,178406045894200.0000000000
2019-08-03 00:00,139278807940910.0000000000
2019-08-04 00:00,183235065358430.0000000000
2019-08-05 00:00,182820539123630.0000000000
2019-08-06 00:00,184301215737130.0000000000
2019-08-07 00:00,182912626173270.0000000000
2019-08-08 00:00,181123384858830.0000000000
2019-08-09 00:00,186221814938670.0000000000
2019-08-10 00:00,181705998541330.0000000000
2019-08-11 00:00,184507505162890.0000000000
2019-08-12 00:00,183967938902930.0000000000
2019-08-13 00:00,182889813843570.0000000000
2019-08-14 00:00,182814670127270.0000000000
2019-08-15 00:00,182715976394990.0000000000
2019-08-16 00:00,186566179246020.0000000000
2019-08-17 00:00,179545555309830.0000000000
2019-08-18 00:00,179943776618950.0000000000
2019-08-19 00:00,178788871260560.0000000000
2019-08-20 00:00,177552012615620.0000000000
2019-08-21 00:00,171281108648430.0000000000
2019-08-22 00:00,177586756836700.0000000000
2019-08-23 00:00,173081431302640.0000000000
2019-08-24 00:00,174760184289710.0000000000
2019-08-25 00:00,177089067311170.0000000000
2019-08-26 00:00,170421961393000.0000000000
2019-08-27 00:00,173710909598240.0000000000
2019-08-28 00:00,179206398412500.0000000000
2019-08-29 00:00,180477054756160.0000000000
2019-08-30 00:00,177972338566000.0000000000
2019-08-31 00:00,176691751952400.0000000000
2019-09-01 00:00,178599696087640.0000000000
2019-09-02 00:00,179043118413750.0000000000
2019-09-03 00:00,175082511941130.0000000000
2019-09-04 00:00,178184196265510.0000000000
2019-09-05 00:00,172713176322040.0000000000
2019-09-06 00:00,181089445337280.0000000000
2019-09-07 00:00,180474848469720.0000000000
2019-09-08 00:00,177111848983390.0000000000
2019-09-09 00:00,178394707594040.0000000000
2019-09-10 00:00,179039349892750.0000000000
2019-09-11 00:00,185531965644070.0000000000
2019-09-12 00:00,181420535858150.0000000000
2019-09-13 00:00,184800003738480.0000000000
2019-09-23 00:00,191303010004080.0000000000
2019-09-24 00:00,196677081016460.0000000000
2019-09-25 00:00,197288622970790.0000000000
2019-09-27 00:00,195696488270120.0000000000
2019-09-28 00:00,194447165379690.0000000000
2019-09-29 00:00,193284092404180.0000000000
2019-10-01 00:00,188134520510740.0000000000
2019-10-02 00:00,186874741041990.0000000000
2019-10-03 00:00,188233584769460.0000000000
2019-10-05 00:00,189703819594570.0000000000
2019-10-06 00:00,187521079757500.0000000000
2019-10-11 00:00,187120002983970.0000000000
2019-10-12 00:00,192886028171790.0000000000
2019-10-14 00:00,199627029024630.0000000000
2019-10-15 00:00,193983568124440.0000000000
2019-10-16 00:00,193163709149900.0000000000
2019-10-18 00:00,193133980148450.0000000000
2019-10-19 00:00,193523976594300.0000000000
2019-10-20 00:00,185998401512450.0000000000
2019-10-21 00:00,187613054703630.0000000000
2019-10-22 00:00,194385028717630.0000000000
2019-10-23 00:00,189509524170720.0000000000
2019-10-24 00:00,182918944426890.0000000000
2019-10-25 00:00,187591000107710.0000000000
2019-10-26 00:00,182315454611900.0000000000
2019-10-27 00:00,184699400622060.0000000000
2019-10-28 00:00,185686176200990.0000000000
2019-10-29 00:00,188954404688550.0000000000
2019-10-30 00:00,188922361604450.0000000000
2019-10-31 00:00,190501926037880.0000000000
2019-11-01 00:00,187500815895740.0000000000
2019-11-02 00:00,186368509318260.0000000000
2019-11-04 00:00,185628855103980.0000000000
2019-11-05 00:00,188159382440180.0000000000
2019-11-06 00:00,187900690950680.0000000000
2019-11-07 00:00,186111104174500.0000000000
2019-11-08 00:00,185618861481030.0000000000
2019-11-10 00:00,183815802800040.0000000000
2019-11-11 00:00,186494790882040.0000000000
2019-11-12 00:00,189817800205160.0000000000
2019-11-13 00:00,185743483523310.0000000000
2019-11-14 00:00,184337700150300.0000000000
2019-11-15 00:00,180709457630370.0000000000
2019-11-16 00:00,185678062380412.0000000000
2019-11-17 00:00,186170138843020.0000000000
2019-11-18 00:00,175339112698980.0000000000
2019-11-19 00:00,173687985800440.0000000000
2019-11-20 00:00,183089394668080.0000000000
2019-11-21 00:00,178071442561440.0000000000
2019-11-22 00:00,180526431005840.0000000000
2019-11-26 00:00,174864931052230.0000000000
2019-11-27 00:00,174311144135120.0000000000
2019-11-28 00:00,174011224911900.0000000000
2019-11-29 00:00,176385613233040.0000000000
2019-11-30 00:00,172298729343831.0000000000
2019-12-01 00:00,175869515500910.0000000000
2019-12-02 00:00,178895505936070.0000000000
2019-12-03 00:00,175039027133230.0000000000
2019-12-04 00:00,172717999534020.0000000000
2019-12-05 00:00,171223470189520.0000000000
2019-12-06 00:00,176275315925430.0000000000
2019-12-08 00:00,172058354053790.0000000000
2019-12-09 00:00,179237757566570.0000000000
2019-12-10 00:00,171879797211730.0000000000
2019-12-11 00:00,174145582305180.0000000000
2019-12-12 00:00,174453892194940.0000000000
2019-12-13 00:00,175956272507410.0000000000
2019-12-14 00:00,174565853900440.0000000000
2019-12-15 00:00,172709050070060.0000000000
2019-12-16 00:00,165001817839550.0000000000
2019-12-18 00:00,157328510817750.0000000000
2019-12-19 00:00,152176857113070.0000000000
2019-12-20 00:00,156298534298030.0000000000
2019-12-21 00:00,153702638930870.0000000000
2019-12-22 00:00,154445288169570.0000000000
2019-12-23 00:00,154680569351620.0000000000
2019-12-24 00:00,150672571975632.0000000000
2019-12-25 00:00,147371573955732.0000000000
2019-12-26 00:00,144834717403438.0000000000
2019-12-27 00:00,144993361095625.0000000000
2019-12-28 00:00,149818327576926.0000000000
2019-12-29 00:00,149579105471512.0000000000
2019-12-31 00:00,147433943167817.0000000000
2020-01-02 00:00,128133420565259.0000000000
2020-01-03 00:00,154713830258512.0000000000
2020-01-04 00:00,160711785047101.0000000000
2020-01-05 00:00,151920487772147.0000000000
2020-01-06 00:00,157299053677775.0000000000
2020-01-07 00:00,159681876617012.0000000000
2020-01-08 00:00,153207592104589.0000000000
2020-01-09 00:00,165532069926300.0000000000
2020-01-10 00:00,166705689832830.0000000000
2020-01-11 00:00,165171163226410.0000000000
2020-01-12 00:00,156588388278598.0000000000
2020-01-13 00:00,157180857430516.0000000000
2020-01-14 00:00,167671788705440.0000000000
2020-01-15 00:00,160495824111109.0000000000
2020-01-16 00:00,155131736043478.0000000000
2020-01-17 00:00,158659920428907.0000000000
2020-01-18 00:00,158363249343019.0000000000
2020-01-19 00:00,159480165955896.0000000000
2020-01-20 00:00,160023847163789.0000000000
2020-01-21 00:00,159783882823563.0000000000
2020-01-22 00:00,157453836051225.0000000000
2020-01-23 00:00,159907569169548.0000000000
2020-01-24 00:00,159343059396466.0000000000
2020-01-25 00:00,156495735129082.0000000000
2020-01-26 00:00,157188824514088.0000000000
2020-01-27 00:00,156031545883975.0000000000
2020-01-28 00:00,153251163548386.0000000000
2020-01-29 00:00,162758369054939.0000000000
2020-01-30 00:00,152949072607041.0000000000
2020-01-31 00:00,155295619182222.0000000000
2020-02-01 00:00,153407576096394.0000000000
2020-02-02 00:00,160897817191736.0000000000
2020-02-06 00:00,158863076037161.0000000000
2020-02-07 00:00,159356927750158.0000000000
2020-02-08 00:00,160467066902327.0000000000
2020-02-09 00:00,157220564049231.0000000000
2020-02-10 00:00,171011134920330.0000000000
2020-02-11 00:00,171986835452540.0000000000
2020-02-12 00:00,174675732827110.0000000000
2020-02-13 00:00,176201528524470.0000000000
2020-02-14 00:00,175946280899730.0000000000
2020-02-15 00:00,177476604938540.0000000000
2020-02-16 00:00,177050956540340.0000000000
2020-02-17 00:00,178177683420400.0000000000
2020-02-18 00:00,186385029422640.0000000000
2020-02-19 00:00,179714645347250.0000000000
2020-02-20 00:00,176900179399220.0000000000
2020-02-21 00:00,181621796436010.0000000000
2020-02-22 00:00,180192099144030.0000000000
2020-02-23 00:00,182377202607460.0000000000
2020-02-24 00:00,177634891669350.0000000000
2020-02-25 00:00,179981940927510.0000000000
2020-02-26 00:00,186066951634790.0000000000
2020-02-27 00:00,181939700244410.0000000000
2020-02-28 00:00,182080448907740.0000000000
2020-02-29 00:00,179996774604260.0000000000
2020-03-01 00:00,178672588002770.0000000000
2020-03-02 00:00,180459811635950.0000000000
2020-03-03 00:00,182749993304730.0000000000
2020-03-04 00:00,181084372550300.0000000000
2020-03-05 00:00,178351785191880.0000000000
2020-03-06 00:00,181279862284150.0000000000
2020-03-07 00:00,185883854767700.0000000000
2020-03-08 00:00,181831711521880.0000000000
2020-03-09 00:00,182245764571390.0000000000
2020-03-10 00:00,179466045068780.0000000000
2020-03-11 00:00,181886101731627.0000000000
2020-03-12 00:00,175556468305680.0000000000
2020-03-13 00:00,172705285457770.0000000000
2020-03-14 00:00,173957537139630.0000000000
2020-03-15 00:00,174898020150160.0000000000
2020-03-16 00:00,170002407579510.0000000000
2020-03-17 00:00,174361562499430.0000000000
2020-03-18 00:00,174889779889190.0000000000
2020-03-19 00:00,174036866631350.0000000000
2020-03-20 00:00,180097099937440.0000000000
2020-03-21 00:00,171182448828860.0000000000
2020-03-22 00:00,175185836376790.0000000000
2020-03-23 00:00,177949719199380.0000000000
2020-03-24 00:00,175649892045200.0000000000
2020-03-25 00:00,176090401429740.0000000000
2020-03-26 00:00,176478546232670.0000000000
2020-03-27 00:00,175746811185000.0000000000
2020-03-28 00:00,179538328367800.0000000000
2020-03-29 00:00,178534064251520.0000000000
2020-03-30 00:00,173936776217010.0000000000
2020-03-31 00:00,175401520293770.0000000000
2020-04-01 00:00,179394124759950.0000000000
2020-04-02 00:00,176897176075030.0000000000
2020-04-03 00:00,173151650046450.0000000000
2020-04-04 00:00,175358799360120.0000000000
2020-04-05 00:00,169175653499490.0000000000
2020-04-06 00:00,175024913950040.0000000000
2020-04-07 00:00,175139534547780.0000000000
2020-04-08 00:00,175972994881340.0000000000
2020-04-09 00:00,179750071917320.0000000000
2020-04-10 00:00,172884462460360.0000000000
2020-04-11 00:00,179002190307860.0000000000
2020-04-12 00:00,177005142672530.0000000000
2020-04-13 00:00,180305179052200.0000000000
2020-04-14 00:00,179369413709530.0000000000
2020-04-15 00:00,180761606334200.0000000000
2020-04-16 00:00,177408583222240.0000000000
2020-04-17 00:00,178310495979560.0000000000
2020-04-18 00:00,174686045568580.0000000000
2020-04-19 00:00,174348575439570.0000000000
2020-04-20 00:00,176847120614930.0000000000
2020-04-21 00:00,176795077150870.0000000000
2020-04-22 00:00,180275184956370.0000000000
2020-04-23 00:00,177249172680260.0000000000
2020-04-24 00:00,175992475307660.0000000000
2020-04-25 00:00,176999323997140.0000000000
2020-04-26 00:00,173340644097160.0000000000
2020-04-27 00:00,172854507780860.0000000000
2020-04-28 00:00,179601305770870.0000000000
2020-04-29 00:00,182011596067590.0000000000
2020-04-30 00:00,187051723927970.0000000000
2020-05-01 00:00,185523115297150.0000000000
2020-05-02 00:00,180670762303670.0000000000
2020-05-03 00:00,187490688869100.0000000000
2020-05-04 00:00,186877276708930.0000000000
2020-05-05 00:00,180869803978770.0000000000
2020-05-06 00:00,178857056571430.0000000000
2020-05-07 00:00,182847537466040.0000000000
2020-05-08 00:00,181432933438730.0000000000
2020-05-09 00:00,179657032517470.0000000000
2020-05-10 00:00,180376222944760.0000000000
2020-05-11 00:00,180019683643570.0000000000
2020-05-12 00:00,179841921820910.0000000000
2020-05-13 00:00,182792983090670.0000000000
2020-05-14 00:00,184976336545620.0000000000
2020-05-15 00:00,180019214421670.0000000000
2020-05-16 00:00,186225222377370.0000000000
2020-05-17 00:00,179815781330640.0000000000
2020-05-18 00:00,177249176005740.0000000000
2020-05-19 00:00,183087785726298.0000000000
2020-05-20 00:00,178427594831200.0000000000
2020-05-21 00:00,178274961702340.0000000000
2020-05-22 00:00,183769483736440.0000000000
2020-05-23 00:00,182761406067800.0000000000
2020-05-24 00:00,178237465549970.0000000000
2020-05-25 00:00,179229580896490.0000000000
2020-05-26 00:00,182848867026060.0000000000
2020-05-27 00:00,178637555298720.0000000000
2020-05-28 00:00,181026597186960.0000000000
2020-05-29 00:00,183448863013330.0000000000
2020-05-30 00:00,186408870199120.0000000000
2020-05-31 00:00,182653399012980.0000000000
2020-06-01 00:00,185086675040340.0000000000
2020-06-02 00:00,186560545367250.0000000000
2020-06-03 00:00,187369990213430.0000000000
2020-06-04 00:00,186073134599820.0000000000
2020-06-05 00:00,186058469722800.0000000000
2020-06-06 00:00,188556856187320.0000000000
2020-06-07 00:00,185022870276400.0000000000
2020-06-08 00:00,183289484192280.0000000000
2020-06-09 00:00,179061170571510.0000000000
2020-06-10 00:00,181455692753950.0000000000
2020-06-11 00:00,182330721713590.0000000000
2020-06-12 00:00,182738505208410.0000000000
2020-06-13 00:00,183610717293220.0000000000
2020-06-14 00:00,183323527166280.0000000000
2020-06-15 00:00,186199187098980.0000000000
2020-06-16 00:00,181586314581410.0000000000
2020-06-17 00:00,183047177164700.0000000000
2020-06-18 00:00,187063580102400.0000000000
2020-06-19 00:00,187915283042914.0000000000
2020-06-20 00:00,187583048417660.0000000000
2020-06-21 00:00,184147453645850.0000000000
2020-06-22 00:00,187652704836520.0000000000
2020-06-23 00:00,189004753545240.0000000000
2020-06-24 00:00,191623273002770.0000000000
2020-06-25 00:00,191503061273360.0000000000
2020-06-26 00:00,187735467536520.0000000000
2020-06-27 00:00,188045827989600.0000000000
2020-06-28 00:00,189986863604200.0000000000
2020-06-29 00:00,189203997230330.0000000000
2020-06-30 00:00,185550150845230.0000000000
2020-07-01 00:00,186911563206410.0000000000
2020-07-02 00:00,190398643293511.0000000000
2020-07-03 00:00,190439350603970.0000000000
2020-07-04 00:00,188951064445330.0000000000
2020-07-05 00:00,190275858512780.0000000000
2020-07-06 00:00,188110889898520.0000000000
2020-07-07 00:00,194437750141990.0000000000
2020-07-08 00:00,191389567070740.0000000000
2020-07-09 00:00,188568396895130.0000000000
2020-07-10 00:00,192491001432190.0000000000
2020-07-11 00:00,193603614354590.0000000000
2020-07-12 00:00,195187487613000.0000000000
2020-07-13 00:00,190755179390734.0000000000
2020-07-14 00:00,190147080601320.0000000000
2020-07-15 00:00,190639176883880.0000000000
2020-07-16 00:00,186766174432460.0000000000
2020-07-17 00:00,192879697762230.0000000000
2020-07-18 00:00,191819525838520.0000000000
2020-07-19 00:00,187918469505380.0000000000
2020-07-20 00:00,182581243674350.0000000000
2020-07-21 00:00,180688788019070.0000000000
2020-07-22 00:00,189793694968850.0000000000
2020-07-23 00:00,195800645477940.0000000000
2020-07-24 00:00,186974815387850.0000000000
2020-07-25 00:00,194560916584750.0000000000
2020-07-26 00:00,194653034671786.0000000000
2020-07-27 00:00,200567071098470.0000000000
2020-07-28 00:00,201593861667680.0000000000
2020-07-29 00:00,196455823694270.0000000000
2020-07-30 00:00,191022549646560.0000000000
2020-07-31 00:00,195166820122240.0000000000
2020-08-01 00:00,200611809030310.0000000000
2020-08-02 00:00,193862534497400.0000000000
2020-08-03 00:00,195075381577840.0000000000
2020-08-04 00:00,194386861791890.0000000000
2020-08-05 00:00,197253550679490.0000000000
2020-08-06 00:00,200374314120920.0000000000
2020-08-07 00:00,201241657972210.0000000000
2020-08-08 00:00,206636642971720.0000000000
2020-08-09 00:00,204232765645290.0000000000
2020-08-10 00:00,201382514966850.0000000000
2020-08-11 00:00,204993920410380.0000000000
2020-08-12 00:00,204906855863970.0000000000
2020-08-13 00:00,213000842197490.0000000000
2020-08-14 00:00,216247877083330.0000000000
2020-08-15 00:00,210945144693010.0000000000
2020-08-16 00:00,201917292593250.0000000000
2020-08-17 00:00,198698184440410.0000000000
2020-08-18 00:00,207157840125500.0000000000
2020-08-19 00:00,211574087646280.0000000000
2020-08-20 00:00,216360184777100.0000000000
2020-08-21 00:00,213019498051280.0000000000
2020-08-22 00:00,218579571116990.0000000000
2020-08-23 00:00,215629550865990.0000000000
2020-08-24 00:00,216549848112920.0000000000
2020-08-25 00:00,219523155402300.0000000000
2020-08-26 00:00,215616286100150.0000000000
2020-08-27 00:00,220807855006430.0000000000
2020-08-28 00:00,214524471277600.0000000000
2020-08-29 00:00,218625646125710.0000000000
2020-08-30 00:00,219787452342790.0000000000
2020-08-31 00:00,228236059283970.0000000000
2020-09-01 00:00,227644565010590.0000000000
2020-09-02 00:00,222992387390380.0000000000
2020-09-03 00:00,234425549603530.0000000000
2020-09-04 00:00,233429349672490.0000000000
2020-09-05 00:00,241687013197030.0000000000
2020-09-06 00:00,241277022321920.0000000000
2020-09-07 00:00,239305323432820.0000000000
2020-09-08 00:00,237496005239980.0000000000
2020-09-09 00:00,234099332474350.0000000000
2020-09-10 00:00,241831451277600.0000000000
2020-09-11 00:00,246620063087530.0000000000
2020-09-12 00:00,245792613100450.0000000000
2020-09-13 00:00,242993172211600.0000000000
2020-09-14 00:00,246286904576720.0000000000
2020-09-15 00:00,240507062371610.0000000000
2020-09-16 00:00,254088188092460.0000000000
2020-09-17 00:00,244639348929040.0000000000
2020-09-18 00:00,249145046662670.0000000000
2020-09-19 00:00,252139794171860.0000000000
2020-09-20 00:00,255530737907790.0000000000
2020-09-21 00:00,249374655409107.0000000000
2020-09-22 00:00,256269579861760.0000000000
2020-09-23 00:00,248093268890040.0000000000
2020-09-24 00:00,247776204415060.0000000000
2020-09-25 00:00,254197236552860.0000000000
2020-09-26 00:00,252514690959550.0000000000
2020-09-27 00:00,251387539419990.0000000000
2020-09-28 00:00,250894839334440.0000000000
2020-09-29 00:00,253210167151250.0000000000
2020-09-30 00:00,253002023477070.0000000000
2020-10-01 00:00,254362663527090.0000000000
2020-10-02 00:00,249449520562570.0000000000
2020-10-03 00:00,251326042296240.0000000000
2020-10-04 00:00,254971802588290.0000000000
2020-10-05 00:00,265373725037150.0000000000
2020-10-06 00:00,259376966042730.0000000000
2020-10-07 00:00,254594226820820.0000000000
2020-10-08 00:00,257755650810550.0000000000
2020-10-09 00:00,262526145287620.0000000000
2020-10-10 00:00,260736737516250.0000000000
2020-10-11 00:00,259779148891610.0000000000
2020-10-12 00:00,265921442073940.0000000000
2020-10-13 00:00,260068559053280.0000000000
2020-10-14 00:00,265501898580900.0000000000
2020-10-15 00:00,262411310563050.0000000000
2020-10-16 00:00,264137512260440.0000000000
2020-10-17 00:00,253726001582290.0000000000
2020-10-18 00:00,267414274685660.0000000000
2020-10-19 00:00,264325664755250.0000000000
2020-10-20 00:00,262885206776670.0000000000
2020-10-21 00:00,264624005092420.0000000000
2020-10-22 00:00,265267064989950.0000000000
2020-10-23 00:00,270607244822160.0000000000
2020-10-24 00:00,263138999998200.0000000000
2020-10-25 00:00,255030598173120.0000000000
2020-10-26 00:00,261283910855030.0000000000
2020-10-27 00:00,264423528728760.0000000000
2020-10-28 00:00,269893434962840.0000000000
2020-10-29 00:00,262882531380060.0000000000
2020-10-30 00:00,264356204018730.0000000000
2020-10-31 00:00,268616212092520.0000000000
2020-11-01 00:00,257629051173720.0000000000
2020-11-02 00:00,264414652724810.0000000000
2020-11-03 00:00,262880030650230.0000000000
2020-11-04 00:00,260933325265860.0000000000
2020-11-05 00:00,269020846313040.0000000000
2020-11-06 00:00,270813558930890.0000000000
2020-11-07 00:00,261639834988610.0000000000
2020-11-08 00:00,264378700591470.0000000000
2020-11-09 00:00,265177794655460.0000000000
2020-11-10 00:00,268484969632160.0000000000
2020-11-11 00:00,264608517644580.0000000000
2020-11-12 00:00,270715821617250.0000000000
2020-11-13 00:00,265436738853700.0000000000
2020-11-14 00:00,273314736082890.0000000000
2020-11-15 00:00,263966972645700.0000000000
2020-11-16 00:00,269946198912990.0000000000
2020-11-17 00:00,266833820305600.0000000000
2020-11-18 00:00,275274395526250.0000000000
2020-11-19 00:00,274950067490570.0000000000
2020-11-20 00:00,278227564898430.0000000000
2020-11-21 00:00,280194258238070.0000000000
2020-11-22 00:00,268610711085960.0000000000
2020-11-23 00:00,280060187070450.0000000000
2020-11-24 00:00,280101274203620.0000000000
2020-11-25 00:00,277597472469080.0000000000
2020-11-26 00:00,276543629773350.0000000000
2020-11-27 00:00,276615035521610.0000000000
2020-11-28 00:00,285275641428350.0000000000
2020-11-29 00:00,288165178311480.0000000000
2020-11-30 00:00,291774744417197.0000000000
2020-12-01 00:00,274315245106100.0000000000
2020-12-02 00:00,286316227284250.0000000000
2020-12-03 00:00,284418185273140.0000000000
2020-12-04 00:00,284726009688820.0000000000
2020-12-05 00:00,287930591678860.0000000000
2020-12-06 00:00,283126967263538.0000000000
2020-12-07 00:00,285463964781430.0000000000
2020-12-08 00:00,289913016493180.0000000000
2020-12-09 00:00,286100584008850.0000000000
2020-12-10 00:00,280178110938020.0000000000
2020-12-11 00:00,283494338744580.0000000000
2020-12-12 00:00,285915910818510.0000000000
2020-12-13 00:00,278591551507000.0000000000
2020-12-14 00:00,279631148653550.0000000000
2020-12-15 00:00,281809995280120.0000000000
2020-12-16 00:00,283556511537760.0000000000
2020-12-17 00:00,285559377580590.0000000000
2020-12-18 00:00,280983735913880.0000000000
2020-12-19 00:00,286897319449160.0000000000
2020-12-20 00:00,289576573513220.0000000000
2020-12-21 00:00,287683369035820.0000000000
2020-12-22 00:00,295172227050380.0000000000
2020-12-23 00:00,286669437458170.0000000000
2020-12-24 00:00,281844877931060.0000000000
2020-12-25 00:00,292161971911920.0000000000
2020-12-26 00:00,286871657268950.0000000000
2020-12-27 00:00,300732176348750.0000000000
2020-12-28 00:00,292931789244115.0000000000
2020-12-29 00:00,289628436496300.0000000000
2020-12-30 00:00,293677406630190.0000000000
2020-12-31 00:00,293698510139180.0000000000
2021-01-01 00:00,306343778059930.0000000000
2021-01-02 00:00,303868365249540.0000000000
2021-01-03 00:00,303232497686410.0000000000
2021-01-04 00:00,306065893538440.0000000000
2021-01-05 00:00,308043435097150.0000000000
2021-01-06 00:00,306666931517800.0000000000
2021-01-07 00:00,314470458018460.0000000000
2021-01-08 00:00,311774298881560.0000000000
2021-01-09 00:00,317380855832520.0000000000
2021-01-10 00:00,321688687454260.0000000000
2021-01-11 00:00,324376866568930.0000000000
2021-01-12 00:00,325777977609010.0000000000
2021-01-13 00:00,328045095105570.0000000000
2021-01-14 00:00,326199562631616.0000000000
2021-01-15 00:00,332260711409620.0000000000
2021-01-16 00:00,323383181429870.0000000000
2021-01-17 00:00,328428590524680.0000000000
2021-01-18 00:00,330776570492810.0000000000
2021-01-19 00:00,338197767360200.0000000000
2021-01-20 00:00,333639004692980.0000000000
2021-01-21 00:00,337140493264080.0000000000
2021-01-22 00:00,342778385169110.0000000000
2021-01-23 00:00,344270548749590.0000000000
2021-01-24 00:00,349254472717860.0000000000
2021-01-25 00:00,350550947728030.0000000000
2021-01-26 00:00,356119954901520.0000000000
2021-01-27 00:00,353864628019156.0000000000
2021-01-28 00:00,346652244921240.0000000000
2021-01-29 00:00,344740657556260.0000000000
2021-01-30 00:00,355631554483390.0000000000
2021-01-31 00:00,363451824275440.0000000000
2021-02-01 00:00,363542704506230.0000000000
2021-02-02 00:00,359826190406650.0000000000
2021-02-03 00:00,368308620568020.0000000000
2021-02-04 00:00,367916681162860.0000000000
2021-02-05 00:00,369161080682734.0000000000
2021-02-06 00:00,383325011832300.0000000000
2021-02-07 00:00,380557085708520.0000000000
2021-02-08 00:00,378184549935710.0000000000
2021-02-09 00:00,379888143668140.0000000000
2021-02-10 00:00,385280260654180.0000000000
2021-02-11 00:00,394549461097330.0000000000
2021-02-12 00:00,388363241507960.0000000000
2021-02-13 00:00,397958213095340.0000000000
2021-02-14 00:00,397126532417250.0000000000
2021-02-15 00:00,397157666370580.0000000000
2021-02-16 00:00,403377147219590.0000000000
2021-02-17 00:00,395680897481860.0000000000
2021-02-18 00:00,409071979966990.0000000000
2021-02-19 00:00,402672558588360.0000000000
2021-02-20 00:00,394270798026460.0000000000
2021-02-21 00:00,411039307102210.0000000000
2021-02-22 00:00,408108136363870.0000000000
2021-02-23 00:00,416096332519560.0000000000
2021-02-24 00:00,413569923813840.0000000000
2021-02-25 00:00,415831447238140.0000000000
2021-02-26 00:00,418999866460920.0000000000
2021-02-27 00:00,418150694098060.0000000000
2021-02-28 00:00,419986407697560.0000000000
2021-03-01 00:00,423561221743890.0000000000
2021-03-02 00:00,408685368664470.0000000000
2021-03-03 00:00,413032912241450.0000000000
2021-03-04 00:00,424870590799506.0000000000
2021-03-05 00:00,437606472407300.0000000000
2021-03-06 00:00,432343604567430.0000000000
2021-03-07 00:00,434013680691440.0000000000
2021-03-08 00:00,429438571938950.0000000000
2021-03-09 00:00,432058866622520.0000000000
2021-03-10 00:00,429156297730370.0000000000
2021-03-11 00:00,426202056303580.0000000000
2021-03-12 00:00,436523794869390.0000000000
2021-03-13 00:00,446578175491350.0000000000
2021-03-14 00:00,439936622023710.0000000000
2021-03-15 00:00,447630959505480.0000000000
2021-03-16 00:00,451435465753310.0000000000
2021-03-17 00:00,445462346208950.0000000000
2021-03-18 00:00,452378855359620.0000000000
2021-03-19 00:00,463749915046290.0000000000
2021-03-20 00:00,457059829426980.0000000000
2021-03-21 00:00,453643316299810.0000000000
2021-03-22 00:00,458806296204720.0000000000
2021-03-23 00:00,456681636944140.0000000000
2021-03-24 00:00,466881474149860.0000000000
2021-03-25 00:00,478080068184450.0000000000
2021-03-26 00:00,473386121284200.0000000000
2021-03-27 00:00,477358630242730.0000000000
2021-03-28 00:00,487249772473740.0000000000
2021-03-29 00:00,486350705428970.0000000000
2021-03-30 00:00,482290526330694.0000000000
2021-03-31 00:00,488243974443710.0000000000
2021-04-01 00:00,490898332467240.0000000000
2021-04-02 00:00,493994310934320.0000000000
2021-04-03 00:00,504582805952730.0000000000
2021-04-04 00:00,514483844189640.0000000000
2021-04-05 00:00,507877612480410.0000000000
2021-04-06 00:00,519177951658950.0000000000
2021-04-07 00:00,520071347585160.0000000000
2021-04-08 00:00,512257204686520.0000000000
2021-04-09 00:00,518128862819570.0000000000
2021-04-10 00:00,510240619984260.0000000000
2021-04-11 00:00,539961741662720.0000000000
2021-04-12 00:00,536437524572390.0000000000
2021-04-13 00:00,534862159659060.0000000000
2021-04-14 00:00,534703966699480.0000000000
2021-04-15 00:00,514142401055240.0000000000
2021-04-16 00:00,522208330878680.0000000000
2021-04-17 00:00,531043733827760.0000000000
2021-04-18 00:00,510473303039220.0000000000
2021-04-19 00:00,530861948393156.0000000000
2021-04-20 00:00,541343220107180.0000000000
2021-04-21 00:00,538951894981380.0000000000
2021-04-22 00:00,539110845690090.0000000000
2021-04-23 00:00,541471525240640.0000000000
2021-04-24 00:00,558264706673860.0000000000
2021-04-25 00:00,562480675311640.0000000000
2021-04-26 00:00,557147692422650.0000000000
2021-04-27 00:00,575093096989740.0000000000
2021-04-28 00:00,568256247160550.0000000000
2021-04-29 00:00,566110333586740.0000000000
2021-04-30 00:00,572166639373600.0000000000
2021-05-01 00:00,572043905411560.0000000000
2021-05-02 00:00,573010700585590.0000000000
2021-05-03 00:00,587905748099180.0000000000
2021-05-04 00:00,583327742093540.0000000000
2021-05-05 00:00,596108790605110.0000000000
2021-05-06 00:00,580190579811607.0000000000
2021-05-07 00:00,592453732238129.0000000000
2021-05-08 00:00,601055592802200.0000000000
2021-05-09 00:00,603209341314760.0000000000
2021-05-10 00:00,604035510156490.0000000000
2021-05-11 00:00,604472319157470.0000000000
2021-05-12 00:00,618560567675050.0000000000
2021-05-13 00:00,619362909996170.0000000000
2021-05-14 00:00,612671916358570.0000000000
2021-05-15 00:00,629708086525560.0000000000
2021-05-16 00:00,613770740979430.0000000000
2021-05-17 00:00,628516553217480.0000000000
2021-05-18 00:00,632797515530101.0000000000
2021-05-19 00:00,643815532600700.0000000000
2021-05-20 00:00,621394474847880.0000000000
2021-05-21 00:00,621761851002880.0000000000
2021-05-22 00:00,613918258484080.0000000000
2021-05-23 00:00,608673095653240.0000000000
2021-05-24 00:00,605000474145920.0000000000
2021-05-25 00:00,606480684351520.0000000000
2021-05-26 00:00,600180339324130.0000000000
2021-05-27 00:00,599432159157020.0000000000
2021-05-28 00:00,597043647303610.0000000000
2021-05-29 00:00,604671454342637.0000000000
2021-05-30 00:00,597024005336800.0000000000
2021-05-31 00:00,584884017068240.0000000000
2021-06-01 00:00,598167342719060.0000000000
2021-06-02 00:00,598334261447960.0000000000
2021-06-03 00:00,613231975759570.0000000000
2021-06-04 00:00,610309847701890.0000000000
2021-06-05 00:00,617999506979590.0000000000
2021-06-06 00:00,615427644095090.0000000000
2021-06-07 00:00,618853259605350.0000000000
2021-06-08 00:00,607392955456060.0000000000
2021-06-09 00:00,590878305038810.0000000000
2021-06-10 00:00,595835798615399.0000000000
2021-06-11 00:00,584177894700782.0000000000
2021-06-12 00:00,577684975050206.0000000000
2021-06-13 00:00,576534919255570.0000000000
2021-06-14 00:00,594800137252699.0000000000
2021-06-15 00:00,575428491175980.0000000000
2021-06-16 00:00,575278335617270.0000000000
2021-06-17 00:00,580305915075309.0000000000
2021-06-18 00:00,562070956008110.0000000000
2021-06-19 00:00,548762752242200.0000000000
2021-06-20 00:00,524846945508610.0000000000
2021-06-21 00:00,515197853783660.0000000000
2021-06-22 00:00,496943966200940.0000000000
2021-06-23 00:00,493931901810380.0000000000
2021-06-24 00:00,481101312025450.0000000000
2021-06-25 00:00,477517272420960.0000000000
2021-06-26 00:00,479076050776440.0000000000
2021-06-27 00:00,489238825210650.0000000000
2021-06-28 00:00,492157382403270.0000000000
2021-06-29 00:00,497649989805420.0000000000
2021-06-30 00:00,487705892280120.0000000000
2021-07-01 00:00,495835249682340.0000000000
2021-07-02 00:00,494048098777210.0000000000
2021-07-03 00:00,499563203186956.0000000000
2021-07-04 00:00,505776630530930.0000000000
2021-07-05 00:00,513537843816730.0000000000
2021-07-06 00:00,507958782661860.0000000000
2021-07-07 00:00,511050836270140.0000000000
2021-07-08 00:00,507269714118400.0000000000
2021-07-09 00:00,528351388823422.0000000000
2021-07-10 00:00,521080548972020.0000000000
2021-07-11 00:00,525639364334140.0000000000
2021-07-12 00:00,505914295726450.0000000000
2021-07-13 00:00,507412776928780.0000000000
2021-07-14 00:00,515492612680330.0000000000
2021-07-15 00:00,514119581353680.0000000000
2021-07-16 00:00,519564398172710.0000000000
2021-07-17 00:00,515029480563140.0000000000
2021-07-18 00:00,522649229045950.0000000000
2021-07-19 00:00,517240226108790.0000000000
2021-07-20 00:00,527122139165050.0000000000
2021-07-21 00:00,526691080091960.0000000000
2021-07-22 00:00,530314822257340.0000000000
2021-07-23 00:00,539431999963140.0000000000
2021-07-24 00:00,546494913315290.0000000000
2021-07-25 00:00,549450268240120.0000000000
2021-07-26 00:00,545523730915390.0000000000
2021-07-27 00:00,552927642238200.0000000000
2021-07-28 00:00,554955495665390.0000000000
2021-07-29 00:00,535558432564250.0000000000
2021-07-30 00:00,554894412446840.0000000000
2021-07-31 00:00,560871931723670.0000000000
2021-08-01 00:00,572805191172850.0000000000
2021-08-02 00:00,583102483853080.0000000000
2021-08-03 00:00,589211986277390.0000000000
2021-08-04 00:00,586180850970870.0000000000
2021-08-05 00:00,583004437128510.0000000000
2021-08-06 00:00,593197977141890.0000000000
2021-08-07 00:00,591029109549030.0000000000
2021-08-08 00:00,607367976568130.0000000000
2021-08-09 00:00,619306639252450.0000000000
2021-08-10 00:00,597233737068180.0000000000
2021-08-11 00:00,611585385956747.0000000000
2021-08-12 00:00,608653290073160.0000000000
2021-08-13 00:00,608911871476350.0000000000
2021-08-14 00:00,599437948061800.0000000000
2021-08-15 00:00,600701079417040.0000000000
2021-08-16 00:00,612564714437265.0000000000
2021-08-17 00:00,614331363251200.0000000000
2021-08-18 00:00,639140853283230.0000000000
2021-08-19 00:00,620199194741456.0000000000
2021-08-20 00:00,634336628316320.0000000000
2021-08-21 00:00,637610485924440.0000000000
2021-08-22 00:00,622148035597900.0000000000
2021-08-23 00:00,641091453663690.0000000000
2021-08-24 00:00,646706494188250.0000000000
2021-08-25 00:00,650808190493760.0000000000
2021-08-26 00:00,649094153247640.0000000000
2021-08-27 00:00,641045581119160.0000000000
2021-08-28 00:00,644357088134040.0000000000
2021-08-29 00:00,653900248361580.0000000000
2021-08-30 00:00,663093590440387.0000000000
2021-08-31 00:00,652093297866350.0000000000
2021-09-01 00:00,675133928081090.0000000000
2021-09-02 00:00,676640694981190.0000000000
2021-09-03 00:00,665870338395790.0000000000
2021-09-04 00:00,689461726729460.0000000000
2021-09-05 00:00,686825994814580.0000000000
2021-09-06 00:00,684845791968178.0000000000
2021-09-07 00:00,695134247875860.0000000000
2021-09-08 00:00,689926034060050.0000000000
2021-09-09 00:00,693479010414680.0000000000
2021-09-10 00:00,695876928434270.0000000000
2021-09-11 00:00,715310913983040.0000000000
2021-09-12 00:00,695483195384630.0000000000
2021-09-13 00:00,693890923112180.0000000000
2021-09-14 00:00,701955624632320.0000000000
2021-09-15 00:00,703596700008350.0000000000
2021-09-16 00:00,701788561755640.0000000000
2021-09-17 00:00,709708201273610.0000000000
2021-09-18 00:00,712986779273270.0000000000
2021-09-19 00:00,708281481481730.0000000000
2021-09-20 00:00,729831437497130.0000000000
2021-09-21 00:00,713135940809220.0000000000
2021-09-22 00:00,696220379661460.0000000000
2021-09-23 00:00,709200915794852.0000000000
2021-09-24 00:00,736645256077300.0000000000
2021-09-25 00:00,718499287131360.0000000000
2021-09-26 00:00,719224923802050.0000000000
2021-09-27 00:00,703255412913140.0000000000
2021-09-28 00:00,714295941779690.0000000000
2021-09-29 00:00,705568567144230.0000000000
2021-09-30 00:00,728942654975870.0000000000
2021-10-01 00:00,728703295891060.0000000000
2021-10-02 00:00,721674699446980.0000000000
2021-10-03 00:00,718464656020700.0000000000
2021-10-04 00:00,745261614856340.0000000000
2021-10-05 00:00,744163386236080.0000000000
2021-10-06 00:00,732902356883790.0000000000
2021-10-07 00:00,755013130046390.0000000000
2021-10-08 00:00,734280280427610.0000000000
2021-10-09 00:00,734877398615484.0000000000
2021-10-10 00:00,753623566286830.0000000000
2021-10-11 00:00,751558343080446.0000000000
2021-10-12 00:00,755045447685510.0000000000
2021-10-13 00:00,750285990449730.0000000000
2021-10-14 00:00,730232041853980.0000000000
2021-10-15 00:00,750421233898510.0000000000
2021-10-16 00:00,750123405060400.0000000000
2021-10-17 00:00,743872042620210.0000000000
2021-10-18 00:00,747901664368750.0000000000
2021-10-19 00:00,754590717225970.0000000000
2021-10-20 00:00,764794342159710.0000000000
2021-10-21 00:00,775504796860720.0000000000
2021-10-22 00:00,761984426323210.0000000000
2021-10-23 00:00,771099579617445.0000000000
2021-10-24 00:00,791111059512340.0000000000
2021-10-25 00:00,796270805634339.0000000000
2021-10-26 00:00,792894014866850.0000000000
2021-10-27 00:00,782147183782790.0000000000
2021-10-28 00:00,784279724047630.0000000000
2021-10-29 00:00,798609041222780.0000000000