date,unit_computing_income
2015-08-06 00:00,0.8970000000
2015-08-07 00:00,0.4560000000
2015-08-08 00:00,0.1980000000
2015-08-09 00:00,0.1690000000
2015-08-10 00:00,0.1700000000
2015-08-11 00:00,0.2100000000
2015-08-12 00:00,0.2530000000
2015-08-13 00:00,0.3120000000
2015-08-14 00:00,0.2250000000
2015-08-15 00:00,0.1620000000
2015-08-16 00:00,0.1510000000
2015-08-17 00:00,0.1160000000
2015-08-18 00:00,0.1200000000
2015-08-19 00:00,0.1280000000
2015-08-20 00:00,0.1440000000
2015-08-21 00:00,0.1290000000
2015-08-22 00:00,0.1120000000
2015-08-23 00:00,0.1070000000
2015-08-24 00:00,0.0982000000
2015-08-25 00:00,0.0870000000
2015-08-26 00:00,0.0834000000
2015-08-27 00:00,0.0796000000
2015-08-28 00:00,0.0754000000
2015-08-29 00:00,0.0772000000
2015-08-30 00:00,0.0779000000
2015-08-31 00:00,0.0760000000
2015-09-01 00:00,0.0683000000
2015-09-02 00:00,0.0652000000
2015-09-03 00:00,0.0839000000
2015-09-04 00:00,0.0886000000
2015-09-05 00:00,0.0899000000
2015-09-06 00:00,0.0862000000
2015-09-07 00:00,0.0877000000
2015-09-08 00:00,0.0841000000
2015-09-09 00:00,0.0804000000
2015-09-10 00:00,0.0681000000
2015-09-11 00:00,0.0640000000
2015-09-12 00:00,0.0595000000
2015-09-13 00:00,0.0579000000
2015-09-14 00:00,0.0607000000
2015-09-15 00:00,0.0637000000
2015-09-16 00:00,0.0619000000
2015-09-17 00:00,0.0648000000
2015-09-18 00:00,0.0647000000
2015-09-19 00:00,0.0612000000
2015-09-20 00:00,0.0602000000
2015-09-21 00:00,0.0576000000
2015-09-22 00:00,0.0552000000
2015-09-23 00:00,0.0523000000
2015-09-24 00:00,0.0470000000
2015-09-25 00:00,0.0432000000
2015-09-26 00:00,0.0438000000
2015-09-27 00:00,0.0414000000
2015-09-28 00:00,0.0433000000
2015-09-29 00:00,0.0507000000
2015-09-30 00:00,0.0523000000
2015-10-01 00:00,0.0481000000
2015-10-02 00:00,0.0469000000
2015-10-03 00:00,0.0464000000
2015-10-04 00:00,0.0448000000
2015-10-05 00:00,0.0423000000
2015-10-06 00:00,0.0451000000
2015-10-07 00:00,0.0431000000
2015-10-08 00:00,0.0458000000
2015-10-09 00:00,0.0453000000
2015-10-10 00:00,0.0436000000
2015-10-11 00:00,0.0440000000
2015-10-12 00:00,0.0411000000
2015-10-13 00:00,0.0374000000
2015-10-14 00:00,0.0371000000
2015-10-15 00:00,0.0403000000
2015-10-16 00:00,0.0382000000
2015-10-17 00:00,0.0381000000
2015-10-18 00:00,0.0361000000
2015-10-19 00:00,0.0357000000
2015-10-20 00:00,0.0322000000
2015-10-21 00:00,0.0339000000
2015-10-22 00:00,0.0397000000
2015-10-23 00:00,0.0371000000
2015-10-24 00:00,0.0402000000
2015-10-25 00:00,0.0416000000
2015-10-26 00:00,0.0531000000
2015-10-27 00:00,0.0545000000
2015-10-28 00:00,0.0645000000
2015-10-29 00:00,0.0651000000
2015-10-30 00:00,0.0522000000
2015-10-31 00:00,0.0516000000
2015-11-01 00:00,0.0582000000
2015-11-02 00:00,0.0573000000
2015-11-03 00:00,0.0509000000
2015-11-04 00:00,0.0521000000
2015-11-05 00:00,0.0503000000
2015-11-06 00:00,0.0513000000
2015-11-07 00:00,0.0531000000
2015-11-08 00:00,0.0564000000
2015-11-09 00:00,0.0538000000
2015-11-10 00:00,0.0468000000
2015-11-11 00:00,0.0466000000
2015-11-12 00:00,0.0472000000
2015-11-13 00:00,0.0474000000
2015-11-14 00:00,0.0462000000
2015-11-15 00:00,0.0463000000
2015-11-16 00:00,0.0493000000
2015-11-17 00:00,0.0485000000
2015-11-18 00:00,0.0471000000
2015-11-19 00:00,0.0493000000
2015-11-20 00:00,0.0529000000
2015-11-21 00:00,0.0546000000
2015-11-22 00:00,0.0536000000
2015-11-23 00:00,0.0517000000
2015-11-24 00:00,0.0495000000
2015-11-25 00:00,0.0489000000
2015-11-26 00:00,0.0498000000
2015-11-27 00:00,0.0492000000
2015-11-28 00:00,0.0486000000
2015-11-29 00:00,0.0474000000
2015-11-30 00:00,0.0467000000
2015-12-01 00:00,0.0457000000
2015-12-02 00:00,0.0453000000
2015-12-03 00:00,0.0444000000
2015-12-04 00:00,0.0440000000
2015-12-05 00:00,0.0462000000
2015-12-06 00:00,0.0449000000
2015-12-07 00:00,0.0447000000
2015-12-08 00:00,0.0456000000
2015-12-09 00:00,0.0446000000
2015-12-10 00:00,0.0453000000
2015-12-11 00:00,0.0516000000
2015-12-12 00:00,0.0489000000
2015-12-13 00:00,0.0502000000
2015-12-14 00:00,0.0493000000
2015-12-15 00:00,0.0498000000
2015-12-16 00:00,0.0470000000
2015-12-17 00:00,0.0452000000
2015-12-18 00:00,0.0445000000
2015-12-19 00:00,0.0458000000
2015-12-20 00:00,0.0453000000
2015-12-21 00:00,0.0442000000
2015-12-22 00:00,0.0438000000
2015-12-23 00:00,0.0432000000
2015-12-24 00:00,0.0436000000
2015-12-25 00:00,0.0435000000
2015-12-26 00:00,0.0421000000
2015-12-27 00:00,0.0427000000
2015-12-28 00:00,0.0421000000
2015-12-29 00:00,0.0452000000
2015-12-30 00:00,0.0474000000
2015-12-31 00:00,0.0476000000
2016-01-01 00:00,0.0502000000
2016-01-02 00:00,0.0499000000
2016-01-03 00:00,0.0494000000
2016-01-04 00:00,0.0497000000
2016-01-05 00:00,0.0490000000
2016-01-06 00:00,0.0515000000
2016-01-07 00:00,0.0505000000
2016-01-08 00:00,0.0535000000
2016-01-09 00:00,0.0552000000
2016-01-10 00:00,0.0508000000
2016-01-11 00:00,0.0565000000
2016-01-12 00:00,0.0568000000
2016-01-13 00:00,0.0556000000
2016-01-14 00:00,0.0588000000
2016-01-15 00:00,0.0575000000
2016-01-16 00:00,0.0580000000
2016-01-17 00:00,0.0642000000
2016-01-18 00:00,0.0615000000
2016-01-19 00:00,0.0663000000
2016-01-20 00:00,0.0679000000
2016-01-21 00:00,0.0655000000
2016-01-22 00:00,0.0739000000
2016-01-23 00:00,0.0900000000
2016-01-24 00:00,0.0951000000
2016-01-25 00:00,0.1040000000
2016-01-26 00:00,0.0950000000
2016-01-27 00:00,0.1020000000
2016-01-28 00:00,0.0984000000
2016-01-29 00:00,0.0992000000
2016-01-30 00:00,0.0953000000
2016-01-31 00:00,0.0869000000
2016-02-01 00:00,0.0896000000
2016-02-02 00:00,0.0955000000
2016-02-03 00:00,0.0975000000
2016-02-04 00:00,0.0966000000
2016-02-05 00:00,0.1000000000
2016-02-06 00:00,0.1040000000
2016-02-07 00:00,0.1150000000
2016-02-08 00:00,0.1330000000
2016-02-09 00:00,0.1600000000
2016-02-10 00:00,0.1760000000
2016-02-11 00:00,0.2180000000
2016-02-12 00:00,0.1760000000
2016-02-13 00:00,0.1670000000
2016-02-14 00:00,0.1810000000
2016-02-15 00:00,0.1640000000
2016-02-16 00:00,0.1370000000
2016-02-17 00:00,0.1410000000
2016-02-18 00:00,0.1520000000
2016-02-19 00:00,0.1480000000
2016-02-20 00:00,0.1460000000
2016-02-21 00:00,0.1640000000
2016-02-22 00:00,0.1760000000
2016-02-23 00:00,0.1820000000
2016-02-24 00:00,0.1980000000
2016-02-25 00:00,0.1820000000
2016-02-26 00:00,0.1830000000
2016-02-27 00:00,0.1870000000
2016-02-28 00:00,0.1840000000
2016-02-29 00:00,0.1990000000
2016-03-01 00:00,0.2280000000
2016-03-02 00:00,0.2530000000
2016-03-03 00:00,0.2450000000
2016-03-04 00:00,0.2890000000
2016-03-05 00:00,0.2730000000
2016-03-06 00:00,0.2570000000
2016-03-07 00:00,0.2350000000
2016-03-08 00:00,0.2530000000
2016-03-09 00:00,0.2760000000
2016-03-10 00:00,0.2540000000
2016-03-11 00:00,0.2810000000
2016-03-12 00:00,0.3030000000
2016-03-13 00:00,0.2860000000
2016-03-14 00:00,0.3070000000
2016-03-15 00:00,0.3160000000
2016-03-16 00:00,0.2720000000
2016-03-17 00:00,0.2360000000
2016-03-18 00:00,0.2400000000
2016-03-19 00:00,0.2230000000
2016-03-20 00:00,0.2420000000
2016-03-21 00:00,0.2520000000
2016-03-22 00:00,0.2680000000
2016-03-23 00:00,0.2440000000
2016-03-24 00:00,0.2190000000
2016-03-25 00:00,0.2140000000
2016-03-26 00:00,0.2060000000
2016-03-27 00:00,0.2180000000
2016-03-28 00:00,0.2180000000
2016-03-29 00:00,0.2200000000
2016-03-30 00:00,0.2090000000
2016-03-31 00:00,0.2070000000
2016-04-01 00:00,0.2070000000
2016-04-02 00:00,0.2000000000
2016-04-03 00:00,0.1890000000
2016-04-04 00:00,0.1770000000
2016-04-05 00:00,0.1750000000
2016-04-06 00:00,0.1790000000
2016-04-07 00:00,0.1600000000
2016-04-08 00:00,0.1520000000
2016-04-09 00:00,0.1350000000
2016-04-10 00:00,0.1330000000
2016-04-11 00:00,0.1280000000
2016-04-12 00:00,0.1210000000
2016-04-13 00:00,0.1290000000
2016-04-14 00:00,0.1250000000
2016-04-15 00:00,0.1220000000
2016-04-16 00:00,0.1390000000
2016-04-17 00:00,0.1300000000
2016-04-18 00:00,0.1280000000
2016-04-19 00:00,0.1210000000
2016-04-20 00:00,0.1160000000
2016-04-21 00:00,0.1140000000
2016-04-22 00:00,0.1100000000
2016-04-23 00:00,0.1130000000
2016-04-24 00:00,0.1050000000
2016-04-25 00:00,0.0985000000
2016-04-26 00:00,0.1040000000
2016-04-27 00:00,0.0983000000
2016-04-28 00:00,0.0969000000
2016-04-29 00:00,0.1040000000
2016-04-30 00:00,0.1080000000
2016-05-01 00:00,0.1260000000
2016-05-02 00:00,0.1190000000
2016-05-03 00:00,0.1190000000
2016-05-04 00:00,0.1190000000
2016-05-05 00:00,0.1210000000
2016-05-06 00:00,0.1160000000
2016-05-07 00:00,0.1140000000
2016-05-08 00:00,0.1150000000
2016-05-09 00:00,0.1110000000
2016-05-10 00:00,0.1180000000
2016-05-11 00:00,0.1240000000
2016-05-12 00:00,0.1210000000
2016-05-13 00:00,0.1170000000
2016-05-14 00:00,0.1160000000
2016-05-15 00:00,0.1190000000
2016-05-16 00:00,0.1360000000
2016-05-17 00:00,0.1460000000
2016-05-18 00:00,0.1510000000
2016-05-19 00:00,0.1530000000
2016-05-20 00:00,0.1430000000
2016-05-21 00:00,0.1500000000
2016-05-22 00:00,0.1480000000
2016-05-23 00:00,0.1350000000
2016-05-24 00:00,0.1290000000
2016-05-25 00:00,0.1260000000
2016-05-26 00:00,0.1160000000
2016-05-27 00:00,0.1130000000
2016-05-28 00:00,0.1180000000
2016-05-29 00:00,0.1220000000
2016-05-30 00:00,0.1300000000
2016-05-31 00:00,0.1410000000
2016-06-01 00:00,0.1380000000
2016-06-02 00:00,0.1290000000
2016-06-03 00:00,0.1290000000
2016-06-04 00:00,0.1310000000
2016-06-05 00:00,0.1310000000
2016-06-06 00:00,0.1300000000
2016-06-07 00:00,0.1350000000
2016-06-08 00:00,0.1280000000
2016-06-09 00:00,0.1280000000
2016-06-10 00:00,0.1260000000
2016-06-11 00:00,0.1320000000
2016-06-12 00:00,0.1440000000
2016-06-13 00:00,0.1560000000
2016-06-14 00:00,0.1580000000
2016-06-15 00:00,0.1680000000
2016-06-16 00:00,0.1520000000
2016-06-17 00:00,0.1190000000
2016-06-18 00:00,0.1050000000
2016-06-19 00:00,0.0978000000
2016-06-20 00:00,0.1030000000
2016-06-21 00:00,0.1190000000
2016-06-22 00:00,0.1040000000
2016-06-23 00:00,0.1120000000
2016-06-24 00:00,0.1130000000
2016-06-25 00:00,0.1100000000
2016-06-26 00:00,0.1070000000
2016-06-27 00:00,0.1000000000
2016-06-28 00:00,0.0944000000
2016-06-29 00:00,0.0966000000
2016-06-30 00:00,0.0937000000
2016-07-01 00:00,0.0903000000
2016-07-02 00:00,0.0877000000
2016-07-03 00:00,0.0858000000
2016-07-04 00:00,0.0765000000
2016-07-05 00:00,0.0791000000
2016-07-06 00:00,0.0743000000
2016-07-07 00:00,0.0769000000
2016-07-08 00:00,0.0827000000
2016-07-09 00:00,0.0793000000
2016-07-10 00:00,0.0760000000
2016-07-11 00:00,0.0752000000
2016-07-12 00:00,0.0744000000
2016-07-13 00:00,0.0789000000
2016-07-14 00:00,0.0864000000
2016-07-15 00:00,0.0856000000
2016-07-16 00:00,0.0807000000
2016-07-17 00:00,0.0808000000
2016-07-18 00:00,0.0795000000
2016-07-19 00:00,0.0876000000
2016-07-20 00:00,0.0886000000
2016-07-21 00:00,0.0966000000
2016-07-22 00:00,0.1010000000
2016-07-23 00:00,0.0940000000
2016-07-24 00:00,0.0983000000
2016-07-25 00:00,0.0957000000
2016-07-26 00:00,0.1050000000
2016-07-27 00:00,0.0978000000
2016-07-28 00:00,0.0983000000
2016-07-29 00:00,0.0989000000
2016-07-30 00:00,0.0954000000
2016-07-31 00:00,0.0910000000
2016-08-01 00:00,0.0859000000
2016-08-02 00:00,0.0844000000
2016-08-03 00:00,0.0897000000
2016-08-04 00:00,0.0877000000
2016-08-05 00:00,0.0864000000
2016-08-06 00:00,0.0870000000
2016-08-07 00:00,0.0856000000
2016-08-08 00:00,0.0878000000
2016-08-09 00:00,0.0885000000
2016-08-10 00:00,0.0844000000
2016-08-11 00:00,0.0840000000
2016-08-12 00:00,0.0836000000
2016-08-13 00:00,0.0818000000
2016-08-14 00:00,0.0803000000
2016-08-15 00:00,0.0775000000
2016-08-16 00:00,0.0763000000
2016-08-17 00:00,0.0758000000
2016-08-18 00:00,0.0736000000
2016-08-19 00:00,0.0746000000
2016-08-20 00:00,0.0748000000
2016-08-21 00:00,0.0742000000
2016-08-22 00:00,0.0719000000
2016-08-23 00:00,0.0720000000
2016-08-24 00:00,0.0710000000
2016-08-25 00:00,0.0690000000
2016-08-26 00:00,0.0694000000
2016-08-27 00:00,0.0686000000
2016-08-28 00:00,0.0687000000
2016-08-29 00:00,0.0697000000
2016-08-30 00:00,0.0702000000
2016-08-31 00:00,0.0736000000
2016-09-01 00:00,0.0740000000
2016-09-02 00:00,0.0743000000
2016-09-03 00:00,0.0760000000
2016-09-04 00:00,0.0739000000
2016-09-05 00:00,0.0727000000
2016-09-06 00:00,0.0723000000
2016-09-07 00:00,0.0715000000
2016-09-08 00:00,0.0723000000
2016-09-09 00:00,0.0716000000
2016-09-10 00:00,0.0713000000
2016-09-11 00:00,0.0707000000
2016-09-12 00:00,0.0716000000
2016-09-13 00:00,0.0702000000
2016-09-14 00:00,0.0701000000
2016-09-15 00:00,0.0719000000
2016-09-16 00:00,0.0714000000
2016-09-17 00:00,0.0753000000
2016-09-18 00:00,0.0860000000
2016-09-19 00:00,0.0777000000
2016-09-20 00:00,0.0752000000
2016-09-21 00:00,0.0772000000
2016-09-22 00:00,0.0767000000
2016-09-23 00:00,0.0728000000
2016-09-24 00:00,0.0723000000
2016-09-25 00:00,0.0713000000
2016-09-26 00:00,0.0749000000
2016-09-27 00:00,0.0692000000
2016-09-28 00:00,0.0668000000
2016-09-29 00:00,0.0673000000
2016-09-30 00:00,0.0708000000
2016-10-01 00:00,0.0717000000
2016-10-02 00:00,0.0684000000
2016-10-03 00:00,0.0653000000
2016-10-04 00:00,0.0668000000
2016-10-05 00:00,0.0641000000
2016-10-06 00:00,0.0726000000
2016-10-07 00:00,0.0664000000
2016-10-08 00:00,0.0601000000
2016-10-09 00:00,0.0574000000
2016-10-10 00:00,0.0560000000
2016-10-11 00:00,0.0585000000
2016-10-12 00:00,0.0601000000
2016-10-13 00:00,0.0546000000
2016-10-14 00:00,0.0525000000
2016-10-15 00:00,0.0527000000
2016-10-16 00:00,0.0543000000
2016-10-17 00:00,0.0565000000
2016-10-18 00:00,0.0552000000
2016-10-19 00:00,0.0548000000
2016-10-20 00:00,0.0501000000
2016-10-21 00:00,0.0493000000
2016-10-22 00:00,0.0498000000
2016-10-23 00:00,0.0499000000
2016-10-24 00:00,0.0468000000
2016-10-25 00:00,0.0467000000
2016-10-26 00:00,0.0464000000
2016-10-27 00:00,0.0471000000
2016-10-28 00:00,0.0533000000
2016-10-29 00:00,0.0591000000
2016-10-30 00:00,0.0580000000
2016-10-31 00:00,0.0621000000
2016-11-01 00:00,0.0716000000
2016-11-02 00:00,0.0754000000
2016-11-03 00:00,0.0816000000
2016-11-04 00:00,0.0887000000
2016-11-05 00:00,0.0904000000
2016-11-06 00:00,0.0789000000
2016-11-07 00:00,0.0685000000
2016-11-08 00:00,0.0660000000
2016-11-09 00:00,0.0719000000
2016-11-10 00:00,0.0731000000
2016-11-11 00:00,0.0711000000
2016-11-12 00:00,0.0663000000
2016-11-13 00:00,0.0627000000
2016-11-14 00:00,0.0615000000
2016-11-15 00:00,0.0637000000
2016-11-16 00:00,0.0637000000
2016-11-17 00:00,0.0619000000
2016-11-18 00:00,0.0568000000
2016-11-19 00:00,0.0520000000
2016-11-20 00:00,0.0483000000
2016-11-21 00:00,0.0519000000
2016-11-22 00:00,0.0545000000
2016-11-23 00:00,0.0583000000
2016-11-24 00:00,0.0594000000
2016-11-25 00:00,0.0568000000
2016-11-26 00:00,0.0575000000
2016-11-27 00:00,0.0542000000
2016-11-28 00:00,0.0499000000
2016-11-29 00:00,0.0515000000
2016-11-30 00:00,0.0510000000
2016-12-01 00:00,0.0475000000
2016-12-02 00:00,0.0452000000
2016-12-03 00:00,0.0431000000
2016-12-04 00:00,0.0419000000
2016-12-05 00:00,0.0408000000
2016-12-06 00:00,0.0448000000
2016-12-07 00:00,0.0484000000
2016-12-08 00:00,0.0449000000
2016-12-09 00:00,0.0435000000
2016-12-10 00:00,0.0420000000
2016-12-11 00:00,0.0438000000
2016-12-12 00:00,0.0434000000
2016-12-13 00:00,0.0435000000
2016-12-14 00:00,0.0411000000
2016-12-15 00:00,0.0396000000
2016-12-16 00:00,0.0384000000
2016-12-17 00:00,0.0379000000
2016-12-18 00:00,0.0370000000
2016-12-19 00:00,0.0359000000
2016-12-20 00:00,0.0367000000
2016-12-21 00:00,0.0366000000
2016-12-22 00:00,0.0380000000
2016-12-23 00:00,0.0401000000
2016-12-24 00:00,0.0389000000
2016-12-25 00:00,0.0372000000
2016-12-26 00:00,0.0378000000
2016-12-27 00:00,0.0386000000
2016-12-28 00:00,0.0440000000
2016-12-29 00:00,0.0445000000
2016-12-30 00:00,0.0421000000
2016-12-31 00:00,0.0440000000
2017-01-01 00:00,0.0433000000
2017-01-02 00:00,0.0466000000
2017-01-03 00:00,0.0510000000
2017-01-04 00:00,0.0496000000
2017-01-05 00:00,0.0465000000
2017-01-06 00:00,0.0446000000
2017-01-07 00:00,0.0451000000
2017-01-08 00:00,0.0457000000
2017-01-09 00:00,0.0450000000
2017-01-10 00:00,0.0432000000
2017-01-11 00:00,0.0405000000
2017-01-12 00:00,0.0403000000
2017-01-13 00:00,0.0400000000
2017-01-14 00:00,0.0400000000
2017-01-15 00:00,0.0393000000
2017-01-16 00:00,0.0410000000
2017-01-17 00:00,0.0425000000
2017-01-18 00:00,0.0407000000
2017-01-19 00:00,0.0419000000
2017-01-20 00:00,0.0421000000
2017-01-21 00:00,0.0423000000
2017-01-22 00:00,0.0411000000
2017-01-23 00:00,0.0412000000
2017-01-24 00:00,0.0406000000
2017-01-25 00:00,0.0401000000
2017-01-26 00:00,0.0396000000
2017-01-27 00:00,0.0401000000
2017-01-28 00:00,0.0402000000
2017-01-29 00:00,0.0402000000
2017-01-30 00:00,0.0400000000
2017-01-31 00:00,0.0407000000
2017-02-01 00:00,0.0399000000
2017-02-02 00:00,0.0407000000
2017-02-03 00:00,0.0425000000
2017-02-04 00:00,0.0404000000
2017-02-05 00:00,0.0402000000
2017-02-06 00:00,0.0406000000
2017-02-07 00:00,0.0402000000
2017-02-08 00:00,0.0391000000
2017-02-09 00:00,0.0378000000
2017-02-10 00:00,0.0387000000
2017-02-11 00:00,0.0382000000
2017-02-12 00:00,0.0378000000
2017-02-13 00:00,0.0403000000
2017-02-14 00:00,0.0423000000
2017-02-15 00:00,0.0419000000
2017-02-16 00:00,0.0409000000
2017-02-17 00:00,0.0403000000
2017-02-18 00:00,0.0398000000
2017-02-19 00:00,0.0397000000
2017-02-20 00:00,0.0384000000
2017-02-21 00:00,0.0386000000
2017-02-22 00:00,0.0391000000
2017-02-23 00:00,0.0398000000
2017-02-24 00:00,0.0400000000
2017-02-25 00:00,0.0398000000
2017-02-26 00:00,0.0416000000
2017-02-27 00:00,0.0435000000
2017-02-28 00:00,0.0446000000
2017-03-01 00:00,0.0507000000
2017-03-02 00:00,0.0527000000
2017-03-03 00:00,0.0523000000
2017-03-04 00:00,0.0492000000
2017-03-05 00:00,0.0501000000
2017-03-06 00:00,0.0493000000
2017-03-07 00:00,0.0449000000
2017-03-08 00:00,0.0426000000
2017-03-09 00:00,0.0450000000
2017-03-10 00:00,0.0483000000
2017-03-11 00:00,0.0537000000
2017-03-12 00:00,0.0645000000
2017-03-13 00:00,0.0675000000
2017-03-14 00:00,0.0701000000
2017-03-15 00:00,0.0929000000
2017-03-16 00:00,0.1020000000
2017-03-17 00:00,0.0844000000
2017-03-18 00:00,0.0887000000
2017-03-19 00:00,0.0932000000
2017-03-20 00:00,0.0922000000
2017-03-21 00:00,0.0876000000
2017-03-22 00:00,0.0844000000
2017-03-23 00:00,0.0936000000
2017-03-24 00:00,0.1020000000
2017-03-25 00:00,0.0977000000
2017-03-26 00:00,0.0938000000
2017-03-27 00:00,0.0933000000
2017-03-28 00:00,0.0962000000
2017-03-29 00:00,0.0955000000
2017-03-30 00:00,0.0897000000
2017-03-31 00:00,0.0901000000
2017-04-01 00:00,0.0884000000
2017-04-02 00:00,0.0868000000
2017-04-03 00:00,0.0775000000
2017-04-04 00:00,0.0801000000
2017-04-05 00:00,0.0763000000
2017-04-06 00:00,0.0743000000
2017-04-07 00:00,0.0754000000
2017-04-08 00:00,0.0741000000
2017-04-09 00:00,0.0726000000
2017-04-10 00:00,0.0720000000
2017-04-11 00:00,0.0729000000
2017-04-12 00:00,0.0816000000
2017-04-13 00:00,0.0758000000
2017-04-14 00:00,0.0753000000
2017-04-15 00:00,0.0762000000
2017-04-16 00:00,0.0751000000
2017-04-17 00:00,0.0751000000
2017-04-18 00:00,0.0751000000
2017-04-19 00:00,0.0742000000
2017-04-20 00:00,0.0731000000
2017-04-21 00:00,0.0708000000
2017-04-22 00:00,0.0702000000
2017-04-23 00:00,0.0733000000
2017-04-24 00:00,0.0725000000
2017-04-25 00:00,0.0725000000
2017-04-26 00:00,0.0790000000
2017-04-27 00:00,0.0866000000
2017-04-28 00:00,0.0880000000
2017-04-29 00:00,0.0934000000
2017-04-30 00:00,0.1010000000
2017-05-01 00:00,0.0985000000
2017-05-02 00:00,0.0978000000
2017-05-03 00:00,0.1090000000
2017-05-04 00:00,0.1130000000
2017-05-05 00:00,0.1110000000
2017-05-06 00:00,0.1130000000
2017-05-07 00:00,0.1070000000
2017-05-08 00:00,0.0982000000
2017-05-09 00:00,0.1030000000
2017-05-10 00:00,0.1010000000
2017-05-11 00:00,0.0996000000
2017-05-12 00:00,0.0972000000
2017-05-13 00:00,0.0934000000
2017-05-14 00:00,0.0931000000
2017-05-15 00:00,0.0910000000
2017-05-16 00:00,0.0913000000
2017-05-17 00:00,0.0962000000
2017-05-18 00:00,0.1120000000
2017-05-19 00:00,0.1230000000
2017-05-20 00:00,0.1270000000
2017-05-21 00:00,0.1530000000
2017-05-22 00:00,0.1580000000
2017-05-23 00:00,0.1770000000
2017-05-24 00:00,0.1840000000
2017-05-25 00:00,0.1680000000
2017-05-26 00:00,0.1360000000
2017-05-27 00:00,0.1540000000
2017-05-28 00:00,0.1560000000
2017-05-29 00:00,0.1760000000
2017-05-30 00:00,0.1920000000
2017-05-31 00:00,0.1730000000
2017-06-01 00:00,0.1700000000
2017-06-02 00:00,0.1660000000
2017-06-03 00:00,0.1730000000
2017-06-04 00:00,0.1780000000
2017-06-05 00:00,0.1810000000
2017-06-06 00:00,0.1780000000
2017-06-07 00:00,0.1730000000
2017-06-08 00:00,0.1810000000
2017-06-09 00:00,0.1950000000
2017-06-10 00:00,0.2160000000
2017-06-11 00:00,0.2390000000
2017-06-12 00:00,0.2410000000
2017-06-13 00:00,0.2270000000
2017-06-14 00:00,0.1940000000
2017-06-15 00:00,0.2050000000
2017-06-16 00:00,0.2030000000
2017-06-17 00:00,0.2040000000
2017-06-18 00:00,0.2000000000
2017-06-19 00:00,0.1890000000
2017-06-20 00:00,0.1710000000
2017-06-21 00:00,0.1660000000
2017-06-22 00:00,0.1660000000
2017-06-23 00:00,0.1600000000
2017-06-24 00:00,0.1450000000
2017-06-25 00:00,0.1270000000
2017-06-26 00:00,0.1150000000
2017-06-27 00:00,0.1380000000
2017-06-28 00:00,0.1410000000
2017-06-29 00:00,0.1310000000
2017-06-30 00:00,0.1180000000
2017-07-01 00:00,0.1170000000
2017-07-02 00:00,0.1210000000
2017-07-03 00:00,0.1180000000
2017-07-04 00:00,0.1140000000
2017-07-05 00:00,0.1120000000
2017-07-06 00:00,0.1070000000
2017-07-07 00:00,0.1010000000
2017-07-08 00:00,0.0997000000
2017-07-09 00:00,0.0825000000
2017-07-10 00:00,0.0707000000
2017-07-11 00:00,0.0753000000
2017-07-12 00:00,0.0759000000
2017-07-13 00:00,0.0727000000
2017-07-14 00:00,0.0668000000
2017-07-15 00:00,0.0551000000
2017-07-16 00:00,0.0624000000
2017-07-17 00:00,0.0741000000
2017-07-18 00:00,0.0789000000
2017-07-19 00:00,0.0744000000
2017-07-20 00:00,0.0750000000
2017-07-21 00:00,0.0765000000
2017-07-22 00:00,0.0758000000
2017-07-23 00:00,0.0764000000
2017-07-24 00:00,0.0708000000
2017-07-25 00:00,0.0660000000
2017-07-26 00:00,0.0670000000
2017-07-27 00:00,0.0654000000
2017-07-28 00:00,0.0614000000
2017-07-29 00:00,0.0635000000
2017-07-30 00:00,0.0600000000
2017-07-31 00:00,0.0593000000
2017-08-01 00:00,0.0607000000
2017-08-02 00:00,0.0628000000
2017-08-03 00:00,0.0616000000
2017-08-04 00:00,0.0660000000
2017-08-05 00:00,0.0717000000
2017-08-06 00:00,0.0735000000
2017-08-07 00:00,0.0762000000
2017-08-08 00:00,0.0793000000
2017-08-09 00:00,0.0809000000
2017-08-10 00:00,0.0818000000
2017-08-11 00:00,0.0822000000
2017-08-12 00:00,0.0773000000
2017-08-13 00:00,0.0772000000
2017-08-14 00:00,0.0745000000
2017-08-15 00:00,0.0804000000
2017-08-16 00:00,0.0794000000
2017-08-17 00:00,0.0810000000
2017-08-18 00:00,0.0743000000
2017-08-19 00:00,0.0729000000
2017-08-20 00:00,0.0799000000
2017-08-21 00:00,0.0768000000
2017-08-22 00:00,0.0770000000
2017-08-23 00:00,0.0781000000
2017-08-24 00:00,0.0694000000
2017-08-25 00:00,0.0670000000
2017-08-26 00:00,0.0688000000
2017-08-27 00:00,0.0725000000
2017-08-28 00:00,0.0747000000
2017-08-29 00:00,0.0779000000
2017-08-30 00:00,0.0829000000
2017-08-31 00:00,0.0815000000
2017-09-01 00:00,0.0742000000
2017-09-02 00:00,0.0701000000
2017-09-03 00:00,0.0656000000
2017-09-04 00:00,0.0632000000
2017-09-05 00:00,0.0720000000
2017-09-06 00:00,0.0698000000
2017-09-07 00:00,0.0669000000
2017-09-08 00:00,0.0599000000
2017-09-09 00:00,0.0604000000
2017-09-10 00:00,0.0590000000
2017-09-11 00:00,0.0586000000
2017-09-12 00:00,0.0544000000
2017-09-13 00:00,0.0498000000
2017-09-14 00:00,0.0479000000
2017-09-15 00:00,0.0509000000
2017-09-16 00:00,0.0486000000
2017-09-17 00:00,0.0571000000
2017-09-18 00:00,0.0548000000
2017-09-19 00:00,0.0554000000
2017-09-20 00:00,0.0516000000
2017-09-21 00:00,0.0405000000
2017-09-22 00:00,0.0421000000
2017-09-23 00:00,0.0443000000
2017-09-24 00:00,0.0458000000
2017-09-25 00:00,0.0464000000
2017-09-26 00:00,0.0466000000
2017-09-27 00:00,0.0483000000
2017-09-28 00:00,0.0475000000
2017-09-29 00:00,0.0495000000
2017-09-30 00:00,0.0475000000
2017-10-01 00:00,0.0475000000
2017-10-02 00:00,0.0471000000
2017-10-03 00:00,0.0460000000
2017-10-04 00:00,0.0455000000
2017-10-05 00:00,0.0478000000
2017-10-06 00:00,0.0489000000
2017-10-07 00:00,0.0486000000
2017-10-08 00:00,0.0470000000
2017-10-09 00:00,0.0476000000
2017-10-10 00:00,0.0477000000
2017-10-11 00:00,0.0480000000
2017-10-12 00:00,0.0496000000
2017-10-13 00:00,0.0533000000
2017-10-14 00:00,0.0508000000
2017-10-15 00:00,0.0520000000
2017-10-16 00:00,0.0598000000
2017-10-17 00:00,0.0571000000
2017-10-18 00:00,0.0558000000
2017-10-19 00:00,0.0567000000
2017-10-20 00:00,0.0531000000
2017-10-21 00:00,0.0521000000
2017-10-22 00:00,0.0515000000
2017-10-23 00:00,0.0539000000
2017-10-24 00:00,0.0525000000
2017-10-25 00:00,0.0543000000
2017-10-31 00:00,0.0530000000
2017-11-01 00:00,0.0529000000
2017-11-02 00:00,0.0547000000
2017-11-03 00:00,0.0559000000
2017-11-04 00:00,0.0541000000
2017-11-05 00:00,0.0558000000
2017-11-06 00:00,0.0553000000
2017-11-07 00:00,0.0554000000
2017-11-08 00:00,0.0593000000
2017-11-09 00:00,0.0574000000
2017-11-10 00:00,0.0561000000
2017-11-11 00:00,0.0550000000
2017-11-12 00:00,0.0571000000
2017-11-13 00:00,0.0601000000
2017-11-14 00:00,0.0630000000
2017-11-15 00:00,0.0627000000
2017-11-16 00:00,0.0631000000
2017-11-17 00:00,0.0632000000
2017-11-18 00:00,0.0672000000
2017-11-19 00:00,0.0655000000
2017-11-20 00:00,0.0662000000
2017-11-21 00:00,0.0667000000
2017-11-22 00:00,0.0698000000
2017-11-23 00:00,0.0736000000
2017-11-24 00:00,0.0792000000
2017-11-25 00:00,0.0785000000
2017-11-26 00:00,0.0823000000
2017-11-27 00:00,0.0841000000
2017-11-28 00:00,0.0833000000
2017-11-29 00:00,0.0757000000
2017-11-30 00:00,0.0771000000
2017-12-01 00:00,0.0781000000
2017-12-02 00:00,0.0826000000
2017-12-03 00:00,0.0838000000
2017-12-04 00:00,0.0902000000
2017-12-05 00:00,0.0878000000
2017-12-06 00:00,0.0906000000
2017-12-07 00:00,0.0958000000
2017-12-08 00:00,0.0981000000
2017-12-09 00:00,0.0915000000
2017-12-10 00:00,0.0926000000
2017-12-11 00:00,0.1100000000
2017-12-12 00:00,0.1230000000
2017-12-13 00:00,0.1320000000
2017-12-14 00:00,0.1170000000
2017-12-15 00:00,0.1240000000
2017-12-16 00:00,0.1170000000
2017-12-17 00:00,0.1180000000
2017-12-18 00:00,0.1410000000
2017-12-19 00:00,0.1390000000
2017-12-20 00:00,0.1400000000
2017-12-21 00:00,0.1180000000
2017-12-22 00:00,0.1170000000
2017-12-23 00:00,0.1030000000
2017-12-24 00:00,0.1080000000
2017-12-25 00:00,0.1110000000
2017-12-26 00:00,0.1130000000
2017-12-27 00:00,0.1040000000
2017-12-28 00:00,0.1120000000
2017-12-29 00:00,0.1060000000
2017-12-30 00:00,0.1050000000
2017-12-31 00:00,0.1090000000
2018-01-01 00:00,0.1260000000
2018-01-02 00:00,0.1350000000
2018-01-03 00:00,0.1460000000
2018-01-04 00:00,0.1720000000
2018-01-05 00:00,0.1850000000
2018-01-06 00:00,0.1850000000
2018-01-07 00:00,0.1990000000
2018-01-08 00:00,0.2070000000
2018-01-09 00:00,0.2330000000
2018-01-10 00:00,0.2000000000
2018-01-11 00:00,0.1870000000
2018-01-12 00:00,0.2040000000
2018-01-13 00:00,0.1970000000
2018-01-14 00:00,0.1950000000
2018-01-15 00:00,0.1670000000
2018-01-16 00:00,0.1330000000
2018-01-17 00:00,0.1480000000
2018-01-18 00:00,0.1440000000
2018-01-19 00:00,0.1500000000
2018-01-20 00:00,0.1380000000
2018-01-21 00:00,0.1260000000
2018-01-22 00:00,0.1240000000
2018-01-23 00:00,0.1220000000
2018-01-24 00:00,0.1240000000
2018-01-25 00:00,0.1190000000
2018-01-26 00:00,0.1220000000
2018-01-27 00:00,0.1360000000
2018-01-28 00:00,0.1390000000
2018-01-29 00:00,0.1270000000
2018-01-30 00:00,0.1210000000
2018-01-31 00:00,0.1300000000
2018-02-01 00:00,0.1020000000
2018-02-02 00:00,0.0993000000
2018-02-03 00:00,0.0942000000
2018-02-04 00:00,0.0791000000
2018-02-05 00:00,0.0693000000
2018-02-06 00:00,0.0788000000
2018-02-07 00:00,0.0802000000
2018-02-08 00:00,0.0808000000
2018-02-09 00:00,0.0865000000
2018-02-10 00:00,0.0772000000
2018-02-11 00:00,0.0798000000
2018-02-12 00:00,0.0778000000
2018-02-13 00:00,0.0827000000
2018-02-14 00:00,0.0879000000
2018-02-15 00:00,0.0852000000
2018-02-16 00:00,0.0889000000
2018-02-17 00:00,0.0875000000
2018-02-18 00:00,0.0865000000
2018-02-19 00:00,0.0879000000
2018-02-20 00:00,0.0818000000
2018-02-21 00:00,0.0760000000
2018-02-22 00:00,0.0774000000
2018-02-23 00:00,0.0771000000
2018-02-24 00:00,0.0744000000
2018-02-25 00:00,0.0771000000
2018-02-26 00:00,0.0802000000
2018-02-27 00:00,0.0797000000
2018-02-28 00:00,0.0761000000
2018-03-01 00:00,0.0788000000
2018-03-02 00:00,0.0731000000
2018-03-03 00:00,0.0736000000
2018-03-04 00:00,0.0760000000
2018-03-05 00:00,0.0722000000
2018-03-06 00:00,0.0670000000
2018-03-07 00:00,0.0620000000
2018-03-08 00:00,0.0589000000
2018-03-09 00:00,0.0609000000
2018-03-10 00:00,0.0589000000
2018-03-11 00:00,0.0604000000
2018-03-12 00:00,0.0580000000
2018-03-13 00:00,0.0561000000
2018-03-14 00:00,0.0503000000
2018-03-15 00:00,0.0492000000
2018-03-16 00:00,0.0468000000
2018-03-17 00:00,0.0410000000
2018-03-18 00:00,0.0435000000
2018-03-19 00:00,0.0440000000
2018-03-20 00:00,0.0466000000
2018-03-21 00:00,0.0452000000
2018-03-22 00:00,0.0428000000
2018-03-23 00:00,0.0442000000
2018-03-24 00:00,0.0422000000
2018-03-25 00:00,0.0399000000
2018-03-26 00:00,0.0374000000
2018-03-27 00:00,0.0367000000
2018-03-28 00:00,0.0344000000
2018-03-29 00:00,0.0318000000
2018-03-30 00:00,0.0331000000
2018-03-31 00:00,0.0309000000
2018-04-01 00:00,0.0318000000
2018-04-02 00:00,0.0341000000
2018-04-03 00:00,0.0324000000
2018-04-04 00:00,0.0325000000
2018-04-05 00:00,0.0303000000
2018-04-06 00:00,0.0311000000
2018-04-07 00:00,0.0329000000
2018-04-08 00:00,0.0347000000
2018-04-09 00:00,0.0344000000
2018-04-10 00:00,0.0354000000
2018-04-11 00:00,0.0384000000
2018-04-12 00:00,0.0436000000
2018-04-13 00:00,0.0421000000
2018-04-14 00:00,0.0438000000
2018-04-15 00:00,0.0435000000
2018-04-16 00:00,0.0432000000
2018-04-17 00:00,0.0446000000
2018-04-18 00:00,0.0468000000
2018-04-19 00:00,0.0510000000
2018-04-20 00:00,0.0507000000
2018-04-21 00:00,0.0523000000
2018-04-22 00:00,0.0532000000
2018-04-23 00:00,0.0592000000
2018-04-24 00:00,0.0566000000
2018-04-25 00:00,0.0545000000
2018-04-26 00:00,0.0593000000
2018-04-27 00:00,0.0619000000
2018-04-28 00:00,0.0615000000
2018-04-29 00:00,0.0604000000
2018-04-30 00:00,0.0567000000
2018-05-01 00:00,0.0584000000
2018-05-02 00:00,0.0625000000
2018-05-03 00:00,0.0655000000
2018-05-04 00:00,0.0663000000
2018-05-05 00:00,0.0638000000
2018-05-06 00:00,0.0595000000
2018-05-07 00:00,0.0606000000
2018-05-08 00:00,0.0604000000
2018-05-09 00:00,0.0633000000
2018-05-10 00:00,0.0583000000
2018-05-11 00:00,0.0530000000
2018-05-12 00:00,0.0556000000
2018-05-13 00:00,0.0586000000
2018-05-14 00:00,0.0604000000
2018-05-15 00:00,0.0578000000
2018-05-16 00:00,0.0588000000
2018-05-17 00:00,0.0570000000
2018-05-18 00:00,0.0577000000
2018-05-19 00:00,0.0579000000
2018-05-20 00:00,0.0584000000
2018-05-21 00:00,0.0572000000
2018-05-22 00:00,0.0538000000
2018-05-23 00:00,0.0512000000
2018-05-24 00:00,0.0511000000
2018-05-25 00:00,0.0492000000
2018-05-26 00:00,0.0481000000
2018-05-27 00:00,0.0460000000
2018-05-28 00:00,0.0469000000
2018-05-29 00:00,0.0491000000
2018-05-30 00:00,0.0498000000
2018-05-31 00:00,0.0507000000
2018-06-01 00:00,0.0495000000
2018-06-02 00:00,0.0509000000
2018-06-03 00:00,0.0517000000
2018-06-04 00:00,0.0499000000
2018-06-05 00:00,0.0527000000
2018-06-06 00:00,0.0518000000
2018-06-07 00:00,0.0502000000
2018-06-08 00:00,0.0480000000
2018-06-09 00:00,0.0455000000
2018-06-10 00:00,0.0434000000
2018-06-11 00:00,0.0426000000
2018-06-12 00:00,0.0411000000
2018-06-13 00:00,0.0415000000
2018-06-14 00:00,0.0439000000
2018-06-15 00:00,0.0428000000
2018-06-16 00:00,0.0399000000
2018-06-17 00:00,0.0392000000
2018-06-18 00:00,0.0425000000
2018-06-19 00:00,0.0430000000
2018-06-20 00:00,0.0413000000
2018-06-21 00:00,0.0430000000
2018-06-22 00:00,0.0369000000
2018-06-23 00:00,0.0350000000
2018-06-24 00:00,0.0371000000
2018-06-25 00:00,0.0353000000
2018-06-26 00:00,0.0329000000
2018-06-27 00:00,0.0338000000
2018-06-28 00:00,0.0338000000
2018-06-29 00:00,0.0392000000
2018-06-30 00:00,0.0433000000
2018-07-01 00:00,0.0496000000
2018-07-02 00:00,0.0464000000
2018-07-03 00:00,0.0421000000
2018-07-04 00:00,0.0407000000
2018-07-05 00:00,0.0430000000
2018-07-06 00:00,0.0419000000
2018-07-07 00:00,0.0402000000
2018-07-08 00:00,0.0417000000
2018-07-09 00:00,0.0389000000
2018-07-10 00:00,0.0357000000
2018-07-11 00:00,0.0362000000
2018-07-12 00:00,0.0365000000
2018-07-13 00:00,0.0396000000
2018-07-14 00:00,0.0421000000
2018-07-15 00:00,0.0365000000
2018-07-16 00:00,0.0373000000
2018-07-17 00:00,0.0381000000
2018-07-18 00:00,0.0367000000
2018-07-19 00:00,0.0362000000
2018-07-20 00:00,0.0392000000
2018-07-21 00:00,0.0365000000
2018-07-22 00:00,0.0353000000
2018-07-23 00:00,0.0364000000
2018-07-24 00:00,0.0363000000
2018-07-25 00:00,0.0359000000
2018-07-26 00:00,0.0352000000
2018-07-27 00:00,0.0359000000
2018-07-28 00:00,0.0344000000
2018-07-29 00:00,0.0341000000
2018-07-30 00:00,0.0332000000
2018-07-31 00:00,0.0321000000
2018-08-01 00:00,0.0307000000
2018-08-02 00:00,0.0310000000
2018-08-03 00:00,0.0306000000
2018-08-04 00:00,0.0296000000
2018-08-05 00:00,0.0301000000
2018-08-06 00:00,0.0349000000
2018-08-07 00:00,0.0392000000
2018-08-08 00:00,0.0361000000
2018-08-09 00:00,0.0337000000
2018-08-10 00:00,0.0246000000
2018-08-11 00:00,0.0243000000
2018-08-12 00:00,0.0239000000
2018-08-13 00:00,0.0206000000
2018-08-14 00:00,0.0225000000
2018-08-15 00:00,0.0230000000
2018-08-16 00:00,0.0322000000
2018-08-17 00:00,0.0235000000
2018-08-18 00:00,0.0230000000
2018-08-19 00:00,0.0224000000
2018-08-20 00:00,0.0212000000
2018-08-21 00:00,0.0222000000
2018-08-22 00:00,0.0221000000
2018-08-23 00:00,0.0239000000
2018-08-24 00:00,0.0213000000
2018-08-25 00:00,0.0218000000
2018-08-26 00:00,0.0211000000
2018-08-27 00:00,0.0220000000
2018-08-28 00:00,0.0231000000
2018-08-29 00:00,0.0224000000
2018-08-30 00:00,0.0222000000
2018-08-31 00:00,0.0227000000
2018-09-01 00:00,0.0231000000
2018-09-02 00:00,0.0230000000
2018-09-03 00:00,0.0233000000
2018-09-04 00:00,0.0209000000
2018-09-05 00:00,0.0184000000
2018-09-06 00:00,0.0180000000
2018-09-07 00:00,0.0169000000
2018-09-08 00:00,0.0170000000
2018-09-09 00:00,0.0167000000
2018-09-10 00:00,0.0174000000
2018-09-11 00:00,0.0158000000
2018-09-12 00:00,0.0182000000
2018-09-13 00:00,0.0183000000
2018-09-14 00:00,0.0187000000
2018-09-15 00:00,0.0188000000
2018-09-16 00:00,0.0183000000
2018-09-17 00:00,0.0174000000
2018-09-18 00:00,0.0185000000
2018-09-19 00:00,0.0182000000
2018-09-20 00:00,0.0212000000
2018-09-21 00:00,0.0199000000
2018-09-22 00:00,0.0199000000
2018-09-23 00:00,0.0201000000
2018-09-24 00:00,0.0180000000
2018-09-25 00:00,0.0178000000
2018-09-26 00:00,0.0181000000
2018-09-27 00:00,0.0188000000
2018-09-28 00:00,0.0190000000
2018-09-29 00:00,0.0194000000
2018-09-30 00:00,0.0198000000
2018-10-01 00:00,0.0196000000
2018-10-02 00:00,0.0183000000
2018-10-03 00:00,0.0185000000
2018-10-04 00:00,0.0184000000
2018-10-05 00:00,0.0184000000
2018-10-06 00:00,0.0182000000
2018-10-07 00:00,0.0187000000
2018-10-08 00:00,0.0188000000
2018-10-09 00:00,0.0187000000
2018-10-10 00:00,0.0172000000
2018-10-11 00:00,0.0168000000
2018-10-12 00:00,0.0172000000
2018-10-13 00:00,0.0167000000
2018-10-14 00:00,0.0178000000
2018-10-15 00:00,0.0179000000
2018-10-16 00:00,0.0178000000
2018-10-17 00:00,0.0173000000
2018-10-18 00:00,0.0177000000
2018-10-19 00:00,0.0180000000
2018-10-20 00:00,0.0178000000
2018-10-21 00:00,0.0178000000
2018-10-22 00:00,0.0178000000
2018-10-23 00:00,0.0177000000
2018-10-24 00:00,0.0179000000
2018-10-25 00:00,0.0181000000
2018-10-26 00:00,0.0180000000
2018-10-27 00:00,0.0178000000
2018-10-28 00:00,0.0179000000
2018-10-29 00:00,0.0172000000
2018-10-30 00:00,0.0171000000
2018-10-31 00:00,0.0177000000
2018-11-01 00:00,0.0185000000
2018-11-02 00:00,0.0181000000
2018-11-03 00:00,0.0182000000
2018-11-04 00:00,0.0194000000
2018-11-05 00:00,0.0196000000
2018-11-06 00:00,0.0202000000
2018-11-07 00:00,0.0194000000
2018-11-08 00:00,0.0192000000
2018-11-09 00:00,0.0189000000
2018-11-10 00:00,0.0183000000
2018-11-11 00:00,0.0192000000
2018-11-12 00:00,0.0189000000
2018-11-13 00:00,0.0179000000
2018-11-14 00:00,0.0165000000
2018-11-15 00:00,0.0161000000
2018-11-16 00:00,0.0158000000
2018-11-17 00:00,0.0162000000
2018-11-18 00:00,0.0150000000
2018-11-19 00:00,0.0135000000
2018-11-20 00:00,0.0134000000
2018-11-21 00:00,0.0136000000
2018-11-22 00:00,0.0124000000
2018-11-23 00:00,0.0123000000
2018-11-24 00:00,0.0113000000
2018-11-25 00:00,0.0116000000
2018-11-26 00:00,0.0118000000
2018-11-27 00:00,0.0138000000
2018-11-28 00:00,0.0142000000
2018-11-29 00:00,0.0143000000
2018-11-30 00:00,0.0130000000
2018-12-01 00:00,0.0135000000
2018-12-02 00:00,0.0130000000
2018-12-03 00:00,0.0127000000
2018-12-04 00:00,0.0127000000
2018-12-05 00:00,0.0115000000
2018-12-06 00:00,0.0105000000
2018-12-07 00:00,0.0110000000
2018-12-08 00:00,0.0113000000
2018-12-09 00:00,0.0108000000
2018-12-10 00:00,0.0107000000
2018-12-11 00:00,0.0112000000
2018-12-12 00:00,0.0115000000
2018-12-13 00:00,0.0113000000
2018-12-14 00:00,0.0104000000
2018-12-15 00:00,0.0106000000
2018-12-16 00:00,0.0111000000
2018-12-17 00:00,0.0124000000
2018-12-18 00:00,0.0130000000
2018-12-19 00:00,0.0137000000
2018-12-20 00:00,0.0142000000
2018-12-21 00:00,0.0136000000
2018-12-22 00:00,0.0158000000
2018-12-23 00:00,0.0177000000
2018-12-24 00:00,0.0147000000
2018-12-25 00:00,0.0145000000
2018-12-26 00:00,0.0137000000
2018-12-27 00:00,0.0139000000
2018-12-28 00:00,0.0157000000
2018-12-29 00:00,0.0157000000
2018-12-30 00:00,0.0151000000
2018-12-31 00:00,0.0156000000
2019-01-01 00:00,0.0171000000
2019-01-02 00:00,0.0163000000
2019-01-03 00:00,0.0164000000
2019-01-04 00:00,0.0168000000
2019-01-05 00:00,0.0158000000
2019-01-06 00:00,0.0159000000
2019-01-07 00:00,0.0157000000
2019-01-08 00:00,0.0155000000
2019-01-09 00:00,0.0144000000
2019-01-10 00:00,0.0131000000
2019-01-11 00:00,0.0132000000
2019-01-12 00:00,0.0129000000
2019-01-13 00:00,0.0130000000
2019-01-14 00:00,0.0131000000
2019-01-15 00:00,0.0131000000
2019-01-16 00:00,0.0130000000
2019-01-17 00:00,0.0131000000
2019-01-18 00:00,0.0130000000
2019-01-19 00:00,0.0125000000
2019-01-20 00:00,0.0116000000
2019-01-21 00:00,0.0116000000
2019-01-22 00:00,0.0120000000
2019-01-23 00:00,0.0116000000
2019-01-24 00:00,0.0115000000
2019-01-25 00:00,0.0118000000
2019-01-26 00:00,0.0117000000
2019-01-27 00:00,0.0118000000
2019-01-28 00:00,0.0121000000
2019-01-29 00:00,0.0126000000
2019-01-30 00:00,0.0124000000
2019-01-31 00:00,0.0125000000
2019-02-01 00:00,0.0126000000
2019-02-02 00:00,0.0128000000
2019-02-03 00:00,0.0125000000
2019-02-04 00:00,0.0125000000
2019-02-05 00:00,0.0123000000
2019-02-06 00:00,0.0126000000
2019-02-07 00:00,0.0132000000
2019-02-08 00:00,0.0141000000
2019-02-09 00:00,0.0120000000
2019-02-10 00:00,0.0126000000
2019-02-11 00:00,0.0121000000
2019-02-12 00:00,0.0127000000
2019-02-13 00:00,0.0129000000
2019-02-14 00:00,0.0128000000
2019-02-15 00:00,0.0127000000
2019-02-16 00:00,0.0131000000
2019-02-17 00:00,0.0151000000
2019-02-18 00:00,0.0214000000
2019-02-19 00:00,0.0149000000
2019-02-20 00:00,0.0150000000
2019-02-21 00:00,0.0150000000
2019-02-22 00:00,0.0146000000
2019-02-23 00:00,0.0157000000
2019-02-24 00:00,0.0144000000
2019-02-25 00:00,0.0140000000
2019-02-26 00:00,0.0139000000
2019-02-27 00:00,0.0142000000
2019-02-28 00:00,0.0190000000
2019-03-01 00:00,0.0189000000
2019-03-02 00:00,0.0133000000
2019-03-03 00:00,0.0137000000
2019-03-04 00:00,0.0139000000
2019-03-05 00:00,0.0143000000
2019-03-06 00:00,0.0144000000
2019-03-07 00:00,0.0139000000
2019-03-08 00:00,0.0137000000
2019-03-09 00:00,0.0134000000
2019-03-10 00:00,0.0133000000
2019-03-11 00:00,0.0135000000
2019-03-12 00:00,0.0135000000
2019-03-13 00:00,0.0132000000
2019-03-14 00:00,0.0135000000
2019-03-15 00:00,0.0137000000
2019-03-16 00:00,0.0134000000
2019-03-17 00:00,0.0160000000
2019-03-18 00:00,0.0145000000
2019-03-19 00:00,0.0140000000
2019-03-20 00:00,0.0148000000
2019-03-21 00:00,0.0143000000
2019-03-22 00:00,0.0140000000
2019-03-23 00:00,0.0138000000
2019-03-24 00:00,0.0140000000
2019-03-25 00:00,0.0143000000
2019-03-26 00:00,0.0150000000
2019-03-27 00:00,0.0148000000
2019-03-28 00:00,0.0150000000
2019-03-29 00:00,0.0158000000
2019-03-30 00:00,0.0155000000
2019-03-31 00:00,0.0151000000
2019-04-01 00:00,0.0168000000
2019-04-02 00:00,0.0190000000
2019-04-03 00:00,0.0171000000
2019-04-04 00:00,0.0169000000
2019-04-05 00:00,0.0167000000
2019-04-06 00:00,0.0173000000
2019-04-07 00:00,0.0190000000
2019-04-08 00:00,0.0181000000
2019-04-09 00:00,0.0184000000
2019-04-10 00:00,0.0171000000
2019-04-11 00:00,0.0166000000
2019-04-12 00:00,0.0160000000
2019-04-13 00:00,0.0157000000
2019-04-14 00:00,0.0160000000
2019-04-15 00:00,0.0164000000
2019-04-16 00:00,0.0172000000
2019-04-17 00:00,0.0183000000
2019-04-18 00:00,0.0168000000
2019-04-19 00:00,0.0162000000
2019-04-20 00:00,0.0158000000
2019-04-21 00:00,0.0157000000
2019-04-22 00:00,0.0160000000
2019-04-23 00:00,0.0157000000
2019-04-24 00:00,0.0154000000
2019-04-25 00:00,0.0148000000
2019-04-26 00:00,0.0145000000
2019-04-27 00:00,0.0146000000
2019-04-28 00:00,0.0143000000
2019-04-29 00:00,0.0144000000
2019-04-30 00:00,0.0147000000
2019-05-01 00:00,0.0152000000
2019-05-02 00:00,0.0154000000
2019-05-03 00:00,0.0148000000
2019-05-04 00:00,0.0146000000
2019-05-05 00:00,0.0153000000
2019-05-06 00:00,0.0160000000
2019-05-07 00:00,0.0154000000
2019-05-08 00:00,0.0154000000
2019-05-09 00:00,0.0158000000
2019-05-10 00:00,0.0168000000
2019-05-11 00:00,0.0171000000
2019-05-12 00:00,0.0175000000
2019-05-13 00:00,0.0183000000
2019-05-14 00:00,0.0206000000
2019-05-15 00:00,0.0234000000
2019-05-16 00:00,0.0203000000
2019-05-17 00:00,0.0196000000
2019-05-18 00:00,0.0212000000
2019-05-19 00:00,0.0212000000
2019-05-20 00:00,0.0217000000
2019-05-21 00:00,0.0220000000
2019-05-22 00:00,0.0209000000
2019-05-23 00:00,0.0222000000
2019-05-24 00:00,0.0220000000
2019-05-25 00:00,0.0219000000
2019-05-26 00:00,0.0230000000
2019-05-27 00:00,0.0237000000
2019-05-28 00:00,0.0228000000
2019-05-29 00:00,0.0231000000
2019-05-30 00:00,0.0219000000
2019-05-31 00:00,0.0226000000
2019-06-01 00:00,0.0220000000
2019-06-02 00:00,0.0226000000
2019-06-03 00:00,0.0210000000
2019-06-04 00:00,0.0213000000
2019-06-05 00:00,0.0206000000
2019-06-06 00:00,0.0207000000
2019-06-07 00:00,0.0215000000
2019-06-08 00:00,0.0206000000
2019-06-09 00:00,0.0212000000
2019-06-10 00:00,0.0213000000
2019-06-11 00:00,0.0217000000
2019-06-12 00:00,0.0228000000
2019-06-13 00:00,0.0227000000
2019-06-14 00:00,0.0236000000
2019-06-15 00:00,0.0237000000
2019-06-16 00:00,0.0241000000
2019-06-19 00:00,0.0239000000
2019-06-20 00:00,0.0250000000
2019-06-21 00:00,0.0270000000
2019-06-22 00:00,0.0270000000
2019-06-23 00:00,0.0262000000
2019-06-24 00:00,0.0268000000
2019-06-26 00:00,0.0259000000
2019-06-27 00:00,0.0257000000
2019-06-28 00:00,0.0247000000
2019-06-29 00:00,0.0248000000
2019-06-30 00:00,0.0243000000
2019-07-01 00:00,0.1060000000
2019-07-24 00:00,0.0180000000
2019-07-25 00:00,0.0174000000
2019-07-26 00:00,0.0167000000
2019-07-27 00:00,0.0163000000
2019-07-28 00:00,0.0166000000
2019-07-29 00:00,0.0164000000
2019-07-30 00:00,0.0171000000
2019-07-31 00:00,0.0176000000
2019-08-01 00:00,0.0177000000
2019-08-02 00:00,0.0178000000
2019-08-03 00:00,0.0169000000
2019-08-04 00:00,0.0177000000
2019-08-05 00:00,0.0176000000
2019-08-06 00:00,0.0173000000
2019-08-07 00:00,0.0170000000
2019-08-08 00:00,0.0164000000
2019-08-09 00:00,0.0158000000
2019-08-10 00:00,0.0161000000
2019-08-11 00:00,0.0162000000
2019-08-12 00:00,0.0159000000
2019-08-13 00:00,0.0156000000
2019-08-14 00:00,0.0141000000
2019-08-15 00:00,0.0142000000
2019-08-16 00:00,0.0138000000
2019-08-17 00:00,0.0147000000
2019-08-18 00:00,0.0154000000
2019-08-19 00:00,0.0156000000
2019-08-20 00:00,0.0150000000
2019-08-21 00:00,0.0154000000
2019-08-22 00:00,0.0154000000
2019-08-23 00:00,0.0150000000
2019-08-24 00:00,0.0155000000
2019-08-25 00:00,0.0151000000
2019-08-26 00:00,0.0154000000
2019-08-27 00:00,0.0149000000
2019-08-28 00:00,0.0135000000
2019-08-29 00:00,0.0132000000
2019-08-30 00:00,0.0133000000
2019-08-31 00:00,0.0136000000
2019-09-01 00:00,0.0138000000
2019-09-02 00:00,0.0140000000
2019-09-03 00:00,0.0142000000
2019-09-04 00:00,0.0139000000
2019-09-05 00:00,0.0144000000
2019-09-06 00:00,0.0137000000
2019-09-07 00:00,0.0143000000
2019-09-08 00:00,0.0146000000
2019-09-09 00:00,0.0146000000
2019-09-10 00:00,0.0144000000
2019-09-11 00:00,0.0141000000
2019-09-12 00:00,0.0141000000
2019-09-13 00:00,0.0145000000
2019-09-23 00:00,0.0149000000
2019-09-24 00:00,0.0131000000
2019-09-25 00:00,0.0124000000
2019-09-26 00:00,0.0126000000
2019-09-27 00:00,0.0131000000
2019-09-28 00:00,0.0129000000
2019-09-29 00:00,0.0129000000
2019-10-01 00:00,0.0130000000
2019-10-02 00:00,0.0133000000
2019-10-03 00:00,0.0130000000
2019-10-11 00:00,0.0134000000
2019-10-12 00:00,0.0131000000
2019-10-14 00:00,0.0129000000
2019-10-15 00:00,0.0126000000
2019-10-16 00:00,0.0125000000
2019-10-17 00:00,0.0128000000
2019-10-18 00:00,0.0124000000
2019-10-19 00:00,0.0123000000
2019-10-20 00:00,0.0128000000
2019-10-21 00:00,0.0129000000
2019-10-22 00:00,0.0119000000
2019-10-23 00:00,0.0117000000
2019-10-24 00:00,0.0125000000
2019-10-25 00:00,0.0134000000
2019-10-26 00:00,0.0134000000
2019-10-27 00:00,0.0136000000
2019-10-28 00:00,0.0137000000
2019-10-29 00:00,0.0135000000
2019-10-30 00:00,0.0132000000
2019-10-31 00:00,0.0132000000
2019-11-01 00:00,0.0132000000
2019-11-02 00:00,0.0134000000
2019-11-03 00:00,0.0137000000
2019-11-04 00:00,0.0138000000
2019-11-05 00:00,0.0138000000
2019-11-06 00:00,0.0138000000
2019-11-07 00:00,0.0135000000
2019-11-08 00:00,0.0132000000
2019-11-09 00:00,0.0132000000
2019-11-10 00:00,0.0134000000
2019-11-11 00:00,0.0132000000
2019-11-12 00:00,0.0130000000
2019-11-13 00:00,0.0132000000
2019-11-14 00:00,0.0130000000
2019-11-15 00:00,0.0131000000
2019-11-16 00:00,0.0130000000
2019-11-17 00:00,0.0130000000
2019-11-18 00:00,0.0131000000
2019-11-19 00:00,0.0134000000
2019-11-20 00:00,0.0126000000
2019-11-21 00:00,0.0119000000
2019-11-22 00:00,0.0110000000
2019-11-24 00:00,0.0104000000
2019-11-25 00:00,0.0109000000
2019-11-26 00:00,0.0106000000
2019-11-27 00:00,0.0108000000
2019-11-28 00:00,0.0108000000
2019-11-29 00:00,0.0108000000
2019-11-30 00:00,0.0106000000
2019-12-01 00:00,0.0105000000
2019-12-02 00:00,0.0103000000
2019-12-03 00:00,0.0103000000
2019-12-04 00:00,0.0105000000
2019-12-05 00:00,0.0106000000
2019-12-06 00:00,0.0103000000
2019-12-08 00:00,0.0106000000
2019-12-09 00:00,0.0102000000
2019-12-10 00:00,0.0103000000
2019-12-11 00:00,0.0102000000
2019-12-12 00:00,9.8350000000
2019-12-13 00:00,8.9690000000
2019-12-14 00:00,9.0390000000
2019-12-15 00:00,9.0450000000
2019-12-16 00:00,8.8140000000
2019-12-18 00:00,0.0088000000
2019-12-19 00:00,0.0091000000
2019-12-20 00:00,0.0089000000
2019-12-21 00:00,0.0092000000
2019-12-22 00:00,0.0092000000
2019-12-23 00:00,0.0091000000
2019-12-24 00:00,0.0089000000
2019-12-25 00:00,0.0087000000
2019-12-26 00:00,0.0086000000
2019-12-27 00:00,0.0089000000
2019-12-28 00:00,0.0087000000
2019-12-29 00:00,0.0090000000
2019-12-31 00:00,0.0088000000
2020-01-02 00:00,0.0107000000
2020-01-03 00:00,0.0114000000
2020-01-04 00:00,0.0111000000
2020-01-05 00:00,0.0116000000
2020-01-06 00:00,0.0120000000
2020-01-07 00:00,0.0119000000
2020-01-08 00:00,0.0118000000
2020-01-12 00:00,0.0120000000
2020-01-13 00:00,0.0120000000
2020-01-15 00:00,0.0134000000
2020-01-16 00:00,0.0136000000
2020-01-17 00:00,0.0142000000
2020-01-18 00:00,0.0147000000
2020-01-19 00:00,0.0137000000
2020-01-20 00:00,0.0136000000
2020-01-21 00:00,0.0140000000
2020-01-22 00:00,0.0138000000
2020-01-23 00:00,0.0135000000
2020-01-24 00:00,0.0130000000
2020-01-25 00:00,0.0133000000
2020-01-26 00:00,0.0140000000
2020-01-27 00:00,0.0144000000
2020-01-28 00:00,0.0149000000
2020-01-29 00:00,0.0140000000
2020-01-30 00:00,0.0155000000
2020-01-31 00:00,0.0153000000
2020-02-01 00:00,0.0154000000
2020-02-02 00:00,0.0156000000
2020-02-06 00:00,0.0179000000
2020-02-07 00:00,0.0183000000
2020-02-08 00:00,0.0183000000
2020-02-09 00:00,0.0187000000
2020-02-10 00:00,0.0187000000
2020-02-11 00:00,0.0211000000
2020-02-12 00:00,0.0218000000
2020-02-13 00:00,0.0220000000
2020-02-14 00:00,0.0223000000
2020-02-15 00:00,0.0213000000
2020-02-16 00:00,0.0202000000
2020-02-17 00:00,0.0215000000
2020-02-18 00:00,0.0213000000
2020-02-19 00:00,0.0202000000
2020-02-20 00:00,0.0206000000
2020-02-21 00:00,0.0202000000
2020-02-22 00:00,0.0209000000
2020-02-23 00:00,0.0205000000
2020-02-24 00:00,0.0203000000
2020-02-25 00:00,0.0190000000
2020-02-26 00:00,0.0173000000
2020-02-27 00:00,0.0175000000
2020-02-28 00:00,0.0173000000
2020-02-29 00:00,0.0170000000
2020-03-01 00:00,0.0177000000
2020-03-02 00:00,0.0177000000
2020-03-03 00:00,0.0173000000
2020-03-04 00:00,0.0176000000
2020-03-05 00:00,0.0187000000
2020-03-06 00:00,18.8310000000
2020-03-07 00:00,17.3450000000
2020-03-08 00:00,15.7610000000
2020-03-09 00:00,0.0157000000
2020-03-10 00:00,0.0156000000
2020-03-11 00:00,0.0160000000
2020-03-12 00:00,0.0130000000
2020-03-13 00:00,0.0106000000
2020-03-14 00:00,0.0101000000
2020-03-15 00:00,0.0097300000
2020-03-16 00:00,0.0097700000
2020-03-17 00:00,0.0093700000
2020-03-18 00:00,0.0103000000
2020-03-19 00:00,0.0112000000
2020-03-20 00:00,0.0105000000
2020-03-21 00:00,0.0106000000
2020-03-22 00:00,0.0105000000
2020-03-23 00:00,0.0109000000
2020-03-24 00:00,0.0111000000
2020-03-25 00:00,0.0109000000
2020-03-26 00:00,0.0111000000
2020-03-27 00:00,0.0103000000
2020-03-28 00:00,0.0101000000
2020-03-29 00:00,0.0103000000
2020-03-30 00:00,0.0108000000
2020-03-31 00:00,0.0107000000
2020-04-01 00:00,0.0109000000
2020-04-02 00:00,0.0114000000
2020-04-03 00:00,0.0115000000
2020-04-04 00:00,0.0114000000
2020-04-05 00:00,0.0130000000
2020-04-06 00:00,0.0140000000
2020-04-07 00:00,0.0137000000
2020-04-08 00:00,0.0137000000
2020-04-09 00:00,0.0127000000
2020-04-10 00:00,0.0127000000
2020-04-11 00:00,0.0126000000
2020-04-12 00:00,0.0124000000
2020-04-13 00:00,0.0124000000
2020-04-14 00:00,0.0125000000
2020-04-15 00:00,0.0131000000
2020-04-16 00:00,0.0136000000
2020-04-17 00:00,0.0141000000
2020-04-18 00:00,0.0148000000
2020-04-19 00:00,0.0147000000
2020-04-20 00:00,0.0139000000
2020-04-21 00:00,0.0144000000
2020-04-22 00:00,0.0147000000
2020-04-23 00:00,0.0151000000
2020-04-24 00:00,0.0155000000
2020-04-25 00:00,0.0157000000
2020-04-26 00:00,0.0161000000
2020-04-27 00:00,0.0161000000
2020-04-28 00:00,0.0170000000
2020-04-29 00:00,0.0175000000
2020-04-30 00:00,0.0164000000
2020-05-01 00:00,0.0163000000
2020-05-02 00:00,0.0167000000
2020-05-03 00:00,0.0157000000
2020-05-04 00:00,0.0159000000
2020-05-05 00:00,0.0164000000
2020-05-06 00:00,0.0171000000
2020-05-07 00:00,0.0173000000
2020-05-08 00:00,0.0169000000
2020-05-09 00:00,0.0162000000
2020-05-10 00:00,0.0155000000
2020-05-11 00:00,0.0158000000
2020-05-12 00:00,0.0167000000
2020-05-13 00:00,0.0175000000
2020-05-14 00:00,0.0165000000
2020-05-15 00:00,0.0166000000
2020-05-16 00:00,0.0167000000
2020-05-17 00:00,0.0184000000
2020-05-18 00:00,0.0184000000
2020-05-19 00:00,0.0182000000
2020-05-20 00:00,0.0189000000
2020-05-21 00:00,0.0176000000
2020-05-22 00:00,0.0170000000
2020-05-23 00:00,0.0172000000
2020-05-24 00:00,0.0178000000
2020-05-25 00:00,0.0179000000
2020-05-26 00:00,0.0179000000
2020-05-27 00:00,0.0186000000
2020-05-28 00:00,0.0190000000
2020-05-29 00:00,0.0197000000
2020-05-30 00:00,0.0195000000
2020-05-31 00:00,0.0201000000
2020-06-01 00:00,0.0208000000
2020-06-02 00:00,0.0194000000
2020-06-03 00:00,0.0199000000
2020-06-04 00:00,0.0203000000
2020-06-05 00:00,0.0204000000
2020-06-06 00:00,0.0203000000
2020-06-07 00:00,0.0209000000
2020-06-08 00:00,0.0211000000
2020-06-09 00:00,0.0363000000
2020-06-10 00:00,0.0387000000
2020-06-11 00:00,0.0204000000
2020-06-12 00:00,0.0198000000
2020-06-13 00:00,0.0193000000
2020-06-14 00:00,0.0201000000
2020-06-15 00:00,0.0199000000
2020-06-16 00:00,0.0205000000
2020-06-17 00:00,0.0202000000
2020-06-18 00:00,0.0199000000
2020-06-19 00:00,0.0190000000
2020-06-20 00:00,0.0192000000
2020-06-21 00:00,0.0213000000
2020-06-22 00:00,0.0219000000
2020-06-23 00:00,0.0216000000
2020-06-24 00:00,0.0202000000
2020-06-25 00:00,0.0197000000
2020-06-26 00:00,0.0194000000
2020-06-27 00:00,0.0192000000
2020-06-28 00:00,0.0193000000
2020-06-29 00:00,0.0208000000
2020-06-30 00:00,0.0208000000
2020-07-01 00:00,0.0202000000
2020-07-02 00:00,0.0200000000
2020-07-03 00:00,0.0189000000
2020-07-04 00:00,0.0190000000
2020-07-05 00:00,0.0202000000
2020-07-06 00:00,0.0210000000
2020-07-07 00:00,0.0218000000
2020-07-08 00:00,0.0216000000
2020-07-09 00:00,0.0205000000
2020-07-10 00:00,0.0201000000
2020-07-11 00:00,0.0197000000
2020-07-12 00:00,0.0216000000
2020-07-13 00:00,0.0209000000
2020-07-14 00:00,0.0218000000
2020-07-15 00:00,0.0215000000
2020-07-16 00:00,0.0220000000
2020-07-17 00:00,0.0213000000
2020-07-18 00:00,0.0216000000
2020-07-19 00:00,0.0238000000
2020-07-20 00:00,0.0252000000
2020-07-21 00:00,0.0257000000
2020-07-22 00:00,0.0280000000
2020-07-23 00:00,0.0272000000
2020-07-24 00:00,0.0302000000
2020-07-25 00:00,0.0304000000
2020-07-26 00:00,0.0348000000
2020-07-27 00:00,0.0302000000
2020-07-28 00:00,0.0307000000
2020-07-29 00:00,0.0308000000
2020-07-30 00:00,0.0349000000
2020-07-31 00:00,0.0343000000
2020-08-01 00:00,0.0369000000
2020-08-02 00:00,0.0378000000
2020-08-03 00:00,0.0359000000
2020-08-04 00:00,0.0358000000
2020-08-05 00:00,0.0367000000
2020-08-06 00:00,0.0375000000
2020-08-07 00:00,0.0359000000
2020-08-08 00:00,0.0375000000
2020-08-09 00:00,0.0444000000
2020-08-10 00:00,0.0454000000
2020-08-11 00:00,0.0585000000
2020-08-12 00:00,0.0653000000
2020-08-13 00:00,0.0606000000
2020-08-14 00:00,0.0458000000
2020-08-15 00:00,0.0436000000
2020-08-16 00:00,0.0470000000
2020-08-17 00:00,0.0518000000
2020-08-18 00:00,0.0485000000
2020-08-19 00:00,0.0443000000
2020-08-20 00:00,0.0491000000
2020-08-21 00:00,0.0393000000
2020-08-22 00:00,0.0363000000
2020-08-23 00:00,0.0396000000
2020-08-24 00:00,0.0395000000
2020-08-25 00:00,0.0368000000
2020-08-26 00:00,0.0372000000
2020-08-27 00:00,0.0369000000
2020-08-28 00:00,0.0400000000
2020-08-29 00:00,0.0570000000
2020-08-30 00:00,0.0639000000
2020-08-31 00:00,0.0999000000
2020-09-01 00:00,0.1030000000
2020-09-02 00:00,0.0840000000
2020-09-03 00:00,0.0528000000
2020-09-04 00:00,0.0548000000
2020-09-05 00:00,0.0338000000
2020-09-06 00:00,0.0318000000
2020-09-07 00:00,0.0309000000
2020-09-08 00:00,0.0332000000
2020-09-09 00:00,0.0432000000
2020-09-10 00:00,0.0382000000
2020-09-11 00:00,0.0330000000
2020-09-12 00:00,0.0349000000
2020-09-13 00:00,0.0443000000
2020-09-14 00:00,0.0428000000
2020-09-15 00:00,0.0381000000
2020-09-16 00:00,0.0850000000
2020-09-17 00:00,0.0600000000
2020-09-18 00:00,0.0418000000
2020-09-19 00:00,0.0357000000
2020-09-20 00:00,0.0381000000
2020-09-21 00:00,0.0352000000
2020-09-22 00:00,0.0312000000
2020-09-23 00:00,0.0298000000
2020-09-24 00:00,0.0297000000
2020-09-25 00:00,0.0273000000
2020-09-26 00:00,0.0276000000
2020-09-27 00:00,0.0321000000
2020-09-28 00:00,0.0348000000
2020-09-29 00:00,0.0312000000
2020-09-30 00:00,0.0296000000
2020-10-01 00:00,0.0273000000
2020-10-02 00:00,0.0263000000
2020-10-03 00:00,0.0266000000
2020-10-04 00:00,0.0275000000
2020-10-05 00:00,0.0286000000
2020-10-06 00:00,0.0253000000
2020-10-07 00:00,0.0259000000
2020-10-08 00:00,0.0265000000
2020-10-09 00:00,0.0256000000
2020-10-10 00:00,0.0247000000
2020-10-11 00:00,0.0278000000
2020-10-12 00:00,0.0280000000
2020-10-13 00:00,0.0286000000
2020-10-14 00:00,0.0276000000
2020-10-15 00:00,0.0257000000
2020-10-16 00:00,0.0225000000
2020-10-17 00:00,0.0237000000
2020-10-18 00:00,0.0254000000
2020-10-19 00:00,0.0256000000
2020-10-20 00:00,0.0282000000
2020-10-21 00:00,0.0284000000
2020-10-22 00:00,0.0278000000
2020-10-23 00:00,0.0243000000
2020-10-24 00:00,0.0246000000
2020-10-25 00:00,0.0282000000
2020-10-26 00:00,0.0257000000
2020-10-27 00:00,0.0276000000
2020-10-28 00:00,0.0270000000
2020-10-29 00:00,0.0263000000
2020-10-30 00:00,0.0242000000
2020-10-31 00:00,0.0232000000
2020-11-01 00:00,0.0271000000
2020-11-02 00:00,0.0244000000
2020-11-03 00:00,0.0241000000
2020-11-04 00:00,0.0270000000
2020-11-05 00:00,0.0296000000
2020-11-06 00:00,0.0298000000
2020-11-07 00:00,0.0267000000
2020-11-08 00:00,0.0284000000
2020-11-09 00:00,0.0291000000
2020-11-10 00:00,0.0299000000
2020-11-11 00:00,0.0308000000
2020-11-12 00:00,0.0305000000
2020-11-13 00:00,0.0287000000
2020-11-14 00:00,0.0269000000
2020-11-15 00:00,0.0294000000
2020-11-16 00:00,0.0339000000
2020-11-17 00:00,0.0355000000
2020-11-18 00:00,0.0304000000
2020-11-19 00:00,0.0336000000
2020-11-20 00:00,0.0353000000
2020-11-21 00:00,0.0360000000
2020-11-22 00:00,0.0422000000
2020-11-23 00:00,0.0453000000
2020-11-24 00:00,0.0383000000
2020-11-25 00:00,0.0465000000
2020-11-26 00:00,0.0306000000
2020-11-27 00:00,0.0303000000
2020-11-28 00:00,0.0299000000
2020-11-29 00:00,0.0406000000
2020-11-30 00:00,0.0416000000
2020-12-01 00:00,0.0358000000
2020-12-02 00:00,0.0362000000
2020-12-03 00:00,0.0365000000
2020-12-04 00:00,0.0334000000
2020-12-05 00:00,0.0337000000
2020-12-06 00:00,0.0357000000
2020-12-07 00:00,0.0372000000
2020-12-08 00:00,0.0361000000
2020-12-09 00:00,0.0345000000
2020-12-10 00:00,0.0357000000
2020-12-11 00:00,0.0328000000
2020-12-12 00:00,0.0340000000
2020-12-13 00:00,0.0385000000
2020-12-14 00:00,0.0420000000
2020-12-15 00:00,0.0428000000
2020-12-16 00:00,0.0565000000
2020-12-17 00:00,0.0432000000
2020-12-18 00:00,0.0430000000
2020-12-19 00:00,0.0385000000
2020-12-20 00:00,0.0425000000
2020-12-21 00:00,0.0399000000
2020-12-22 00:00,0.0471000000
2020-12-23 00:00,0.0412000000
2020-12-24 00:00,0.0449000000
2020-12-25 00:00,0.0409000000
2020-12-26 00:00,0.0486000000
2020-12-27 00:00,0.0543000000
2020-12-28 00:00,0.0509000000
2020-12-29 00:00,0.0573000000
2020-12-30 00:00,0.0536000000
2020-12-31 00:00,0.0470000000
2021-01-01 00:00,0.0531000000
2021-01-02 00:00,0.0747000000
2021-01-03 00:00,0.1120000000
2021-01-04 00:00,0.0847000000
2021-01-05 00:00,0.0859000000
2021-01-06 00:00,0.0954000000
2021-01-07 00:00,0.0948000000
2021-01-08 00:00,0.0810000000
2021-01-09 00:00,0.0843000000
2021-01-10 00:00,0.1110000000
2021-01-11 00:00,0.0682000000
2021-01-12 00:00,0.0622000000
2021-01-13 00:00,0.0707000000
2021-01-14 00:00,0.0772000000
2021-01-15 00:00,0.0726000000
2021-01-16 00:00,0.0696000000
2021-01-17 00:00,0.0723000000
2021-01-18 00:00,0.0891000000
2021-01-19 00:00,0.0801000000
2021-01-20 00:00,0.0870000000
2021-01-21 00:00,0.0845000000
2021-01-22 00:00,0.0721000000
2021-01-23 00:00,0.0763000000
2021-01-24 00:00,0.0890000000
2021-01-25 00:00,0.0767000000
2021-01-26 00:00,0.0760000000
2021-01-27 00:00,0.0773000000
2021-01-28 00:00,0.0955000000
2021-01-29 00:00,0.0866000000
2021-01-30 00:00,0.0903000000
2021-01-31 00:00,0.0934000000
2021-02-01 00:00,0.1080000000
2021-02-02 00:00,0.1190000000
2021-02-03 00:00,0.1450000000
2021-02-04 00:00,0.1510000000
2021-02-05 00:00,0.1260000000
2021-02-06 00:00,0.1100000000
2021-02-07 00:00,0.1310000000
2021-02-08 00:00,0.1480000000
2021-02-09 00:00,0.1420000000
2021-02-10 00:00,0.1240000000
2021-02-11 00:00,0.1250000000
2021-02-12 00:00,0.1310000000
2021-02-13 00:00,0.1160000000
2021-02-14 00:00,0.1240000000
2021-02-15 00:00,0.1210000000
2021-02-16 00:00,0.1230000000
2021-02-17 00:00,0.1340000000
2021-02-18 00:00,0.1360000000
2021-02-19 00:00,0.1450000000
2021-02-20 00:00,0.1230000000
2021-02-21 00:00,0.1580000000
2021-02-22 00:00,0.1740000000
2021-02-23 00:00,0.1170000000
2021-02-24 00:00,0.1040000000
2021-02-25 00:00,0.0938000000
2021-02-26 00:00,0.0815000000
2021-02-27 00:00,0.0761000000
2021-02-28 00:00,0.0809000000
2021-03-01 00:00,0.0858000000
2021-03-02 00:00,0.0910000000
2021-03-03 00:00,0.0852000000
2021-03-04 00:00,0.0863000000
2021-03-05 00:00,0.0776000000
2021-03-06 00:00,0.0922000000
2021-03-07 00:00,0.0976000000
2021-03-08 00:00,0.1040000000
2021-03-09 00:00,0.1030000000
2021-03-10 00:00,0.1000000000
2021-03-11 00:00,0.1130000000
2021-03-12 00:00,0.1120000000
2021-03-13 00:00,0.1080000000
2021-03-14 00:00,0.1170000000
2021-03-15 00:00,0.1130000000
2021-03-16 00:00,0.1150000000
2021-03-17 00:00,0.1130000000
2021-03-18 00:00,0.1040000000
2021-03-19 00:00,0.0985000000
2021-03-20 00:00,0.0946000000
2021-03-21 00:00,0.1110000000
2021-03-22 00:00,0.0982000000
2021-03-23 00:00,0.1010000000
2021-03-24 00:00,0.0958000000
2021-03-25 00:00,0.0866000000
2021-03-26 00:00,0.0821000000
2021-03-27 00:00,0.0831000000
2021-03-28 00:00,0.0918000000
2021-03-29 00:00,0.1010000000
2021-03-30 00:00,0.1160000000
2021-03-31 00:00,0.1150000000
2021-04-01 00:00,0.1160000000
2021-04-02 00:00,0.1070000000
2021-04-03 00:00,0.0913000000
2021-04-04 00:00,0.1020000000
2021-04-05 00:00,0.1070000000
2021-04-06 00:00,0.1010000000
2021-04-07 00:00,0.0901000000
2021-04-08 00:00,0.0921000000
2021-04-09 00:00,0.0892000000
2021-04-10 00:00,0.0850000000
2021-04-11 00:00,0.0883000000
2021-04-12 00:00,0.0949000000
2021-04-13 00:00,0.1070000000
2021-04-14 00:00,0.0983000000
2021-04-15 00:00,0.1310000000
2021-04-16 00:00,0.1170000000
2021-04-17 00:00,0.1130000000
2021-04-18 00:00,0.1240000000
2021-04-19 00:00,0.1460000000
2021-04-20 00:00,0.1240000000
2021-04-21 00:00,0.1220000000
2021-04-22 00:00,0.1050000000
2021-04-23 00:00,0.0831000000
2021-04-24 00:00,0.0757000000
2021-04-25 00:00,0.0842000000
2021-04-26 00:00,0.0902000000
2021-04-27 00:00,0.0967000000
2021-04-28 00:00,0.0969000000
2021-04-29 00:00,0.0906000000
2021-04-30 00:00,0.0924000000
2021-05-01 00:00,0.0884000000
2021-05-02 00:00,0.1090000000
2021-05-03 00:00,0.1130000000
2021-05-04 00:00,0.1100000000
2021-05-05 00:00,0.1150000000
2021-05-06 00:00,0.1180000000
2021-05-07 00:00,0.1640000000
2021-05-08 00:00,0.1650000000
2021-05-09 00:00,0.2430000000
2021-05-10 00:00,0.2750000000
2021-05-11 00:00,0.2820000000
2021-05-12 00:00,0.1860000000
2021-05-13 00:00,0.1650000000
2021-05-14 00:00,0.1430000000
2021-05-15 00:00,0.1240000000
2021-05-16 00:00,0.1230000000
2021-05-17 00:00,0.1180000000
2021-05-18 00:00,0.1980000000
2021-05-19 00:00,0.1080000000
2021-05-20 00:00,0.1030000000
2021-05-21 00:00,0.0711000000
2021-05-22 00:00,0.0928000000
2021-05-23 00:00,0.0769000000
2021-05-24 00:00,0.0774000000
2021-05-25 00:00,0.0828000000
2021-05-26 00:00,0.0784000000
2021-05-27 00:00,0.0735000000
2021-05-28 00:00,0.0668000000
2021-05-29 00:00,0.0633000000
2021-05-30 00:00,0.0690000000
2021-05-31 00:00,0.0728000000
2021-06-01 00:00,0.0744000000
2021-06-02 00:00,0.0768000000
2021-06-03 00:00,0.0710000000
2021-06-04 00:00,0.0670000000
2021-06-05 00:00,0.0660000000
2021-06-06 00:00,0.0693000000
2021-06-07 00:00,0.0658000000
2021-06-08 00:00,0.0656000000
2021-06-09 00:00,0.0658000000
2021-06-10 00:00,0.0642000000
2021-06-11 00:00,0.0619000000
2021-06-12 00:00,0.0617000000
2021-06-13 00:00,0.0675000000
2021-06-14 00:00,0.0677000000
2021-06-15 00:00,0.0655000000
2021-06-16 00:00,0.0650000000
2021-06-17 00:00,0.0605000000
2021-06-18 00:00,0.0592000000
2021-06-19 00:00,0.0599000000
2021-06-20 00:00,0.0667000000
2021-06-21 00:00,0.0739000000
2021-06-22 00:00,0.0620000000
2021-06-23 00:00,0.0605000000
2021-06-24 00:00,0.0617000000
2021-06-25 00:00,0.0557000000
2021-06-26 00:00,0.0616000000
2021-06-27 00:00,0.0657000000
2021-06-28 00:00,0.0688000000
2021-06-29 00:00,0.0718000000
2021-06-30 00:00,0.0678000000
2021-07-01 00:00,0.0634000000
2021-07-02 00:00,0.0659000000
2021-07-03 00:00,0.0680000000
2021-07-04 00:00,0.0675000000
2021-07-05 00:00,0.0816000000
2021-07-06 00:00,0.0792000000
2021-07-07 00:00,0.0723000000
2021-07-08 00:00,0.0668000000
2021-07-09 00:00,0.0604000000
2021-07-10 00:00,0.0595000000
2021-07-11 00:00,0.0636000000
2021-07-12 00:00,0.0635000000
2021-07-13 00:00,0.0680000000
2021-07-14 00:00,0.0663000000
2021-07-15 00:00,0.0638000000
2021-07-16 00:00,0.0576000000
2021-07-17 00:00,0.0598000000
2021-07-18 00:00,0.0571000000
2021-07-19 00:00,0.0559000000
2021-07-20 00:00,0.0572000000
2021-07-21 00:00,0.0626000000
2021-07-22 00:00,0.0655000000
2021-07-23 00:00,0.0623000000
2021-07-24 00:00,0.0604000000
2021-07-25 00:00,0.0722000000
2021-07-26 00:00,0.0735000000
2021-07-27 00:00,0.0759000000
2021-07-28 00:00,0.0674000000
2021-07-29 00:00,0.0740000000
2021-07-30 00:00,0.0799000000
2021-07-31 00:00,0.0778000000
2021-08-01 00:00,0.0789000000
2021-08-02 00:00,0.0780000000
2021-08-03 00:00,0.0762000000
2021-08-04 00:00,0.0905000000
2021-08-05 00:00,0.0906000000
2021-08-06 00:00,0.0967000000
2021-08-07 00:00,0.0991000000
2021-08-08 00:00,0.1000000000
2021-08-09 00:00,0.1070000000
2021-08-10 00:00,0.1080000000
2021-08-11 00:00,0.1020000000
2021-08-12 00:00,0.1070000000
2021-08-13 00:00,0.1050000000
2021-08-14 00:00,0.1120000000
2021-08-15 00:00,0.1060000000
2021-08-16 00:00,0.1000000000
2021-08-17 00:00,0.0923000000
2021-08-18 00:00,0.0950000000
2021-08-19 00:00,0.0950000000
2021-08-20 00:00,0.0740000000
2021-08-21 00:00,0.0730000000
2021-08-22 00:00,0.0783000000
2021-08-23 00:00,0.0774000000
2021-08-24 00:00,0.0750000000
2021-08-25 00:00,0.0732000000
2021-08-26 00:00,0.0774000000
2021-08-27 00:00,0.0795000000
2021-08-28 00:00,0.0807000000
2021-08-29 00:00,0.0777000000
2021-08-30 00:00,0.0811000000
2021-08-31 00:00,0.0940000000
2021-09-01 00:00,0.0846000000
2021-09-02 00:00,0.0900000000
2021-09-03 00:00,0.0893000000
2021-09-04 00:00,0.0868000000
2021-09-05 00:00,0.0872000000
2021-09-06 00:00,0.1100000000
2021-09-07 00:00,0.0783000000
2021-09-08 00:00,0.0864000000
2021-09-09 00:00,0.0762000000
2021-09-10 00:00,0.0678000000
2021-09-11 00:00,0.0680000000
2021-09-12 00:00,0.0716000000
2021-09-13 00:00,0.0747000000
2021-09-14 00:00,0.0720000000
2021-09-15 00:00,0.0777000000
2021-09-16 00:00,0.0720000000
2021-09-17 00:00,0.0693000000
2021-09-18 00:00,0.0748000000
2021-09-19 00:00,0.0657000000
2021-09-20 00:00,0.0615000000
2021-09-21 00:00,0.0598000000
2021-09-22 00:00,0.0727000000
2021-09-23 00:00,0.0608000000
2021-09-24 00:00,0.0570000000
2021-09-25 00:00,0.0614000000
2021-09-26 00:00,0.0979000000
2021-09-27 00:00,0.0608000000
2021-09-28 00:00,0.0587000000
2021-09-29 00:00,0.0628000000
2021-09-30 00:00,0.0636000000
2021-10-01 00:00,0.0666000000
2021-10-02 00:00,0.0670000000
2021-10-03 00:00,0.0683000000
2021-10-04 00:00,0.0724000000
2021-10-05 00:00,0.0717000000
2021-10-06 00:00,0.0747000000
2021-10-07 00:00,0.0718000000
2021-10-08 00:00,0.0694000000
2021-10-09 00:00,0.0709000000
2021-10-10 00:00,0.0697000000
2021-10-11 00:00,0.0677000000
2021-10-12 00:00,0.0682000000
2021-10-13 00:00,0.0744000000
2021-10-14 00:00,0.0899000000
2021-10-15 00:00,0.0747000000
2021-10-16 00:00,0.0737000000
2021-10-17 00:00,0.0917000000
2021-10-18 00:00,0.0739000000
2021-10-19 00:00,0.0753000000
2021-10-20 00:00,0.0814000000
2021-10-21 00:00,0.0770000000
2021-10-22 00:00,0.0759000000
2021-10-23 00:00,0.0764000000
2021-10-24 00:00,0.0779000000
2021-10-25 00:00,0.0792000000
2021-10-26 00:00,0.0806000000
2021-10-27 00:00,0.0830000000
2021-10-28 00:00,0.0858000000
2021-10-29 00:00,0.0835000000