date,transaction_vol
2015-08-06 00:00,2050.0000000000
2015-08-07 00:00,2881.0000000000
2015-08-08 00:00,1329.0000000000
2015-08-09 00:00,2037.0000000000
2015-08-10 00:00,4963.0000000000
2015-08-11 00:00,2036.0000000000
2015-08-12 00:00,2842.0000000000
2015-08-13 00:00,3174.0000000000
2015-08-14 00:00,2284.0000000000
2015-08-15 00:00,2440.0000000000
2015-08-16 00:00,2512.0000000000
2015-08-17 00:00,2494.0000000000
2015-08-18 00:00,3246.0000000000
2015-08-19 00:00,2303.0000000000
2015-08-20 00:00,3919.0000000000
2015-08-21 00:00,3579.0000000000
2015-08-22 00:00,4190.0000000000
2015-08-23 00:00,4432.0000000000
2015-08-24 00:00,4487.0000000000
2015-08-25 00:00,4156.0000000000
2015-08-26 00:00,5590.0000000000
2015-08-27 00:00,4758.0000000000
2015-08-28 00:00,4139.0000000000
2015-08-29 00:00,4572.0000000000
2015-08-30 00:00,5196.0000000000
2015-08-31 00:00,5153.0000000000
2015-09-01 00:00,5195.0000000000
2015-09-02 00:00,4777.0000000000
2015-09-03 00:00,5642.0000000000
2015-09-04 00:00,5519.0000000000
2015-09-05 00:00,5521.0000000000
2015-09-06 00:00,5702.0000000000
2015-09-07 00:00,5622.0000000000
2015-09-08 00:00,5604.0000000000
2015-09-09 00:00,5341.0000000000
2015-09-10 00:00,6460.0000000000
2015-09-11 00:00,5596.0000000000
2015-09-12 00:00,6057.0000000000
2015-09-13 00:00,5572.0000000000
2015-09-14 00:00,5409.0000000000
2015-09-15 00:00,5872.0000000000
2015-09-16 00:00,5368.0000000000
2015-09-17 00:00,5802.0000000000
2015-09-18 00:00,5205.0000000000
2015-09-19 00:00,6402.0000000000
2015-09-20 00:00,6305.0000000000
2015-09-21 00:00,6804.0000000000
2015-09-22 00:00,7404.0000000000
2015-09-23 00:00,6224.0000000000
2015-09-24 00:00,5851.0000000000
2015-09-25 00:00,5907.0000000000
2015-09-26 00:00,5760.0000000000
2015-09-27 00:00,6123.0000000000
2015-09-28 00:00,5738.0000000000
2015-09-29 00:00,5870.0000000000
2015-09-30 00:00,6421.0000000000
2015-10-01 00:00,6063.0000000000
2015-10-02 00:00,6112.0000000000
2015-10-03 00:00,6624.0000000000
2015-10-04 00:00,6279.0000000000
2015-10-05 00:00,6458.0000000000
2015-10-06 00:00,7121.0000000000
2015-10-07 00:00,6926.0000000000
2015-10-08 00:00,6763.0000000000
2015-10-09 00:00,6529.0000000000
2015-10-10 00:00,6023.0000000000
2015-10-11 00:00,6593.0000000000
2015-10-12 00:00,6818.0000000000
2015-10-13 00:00,6830.0000000000
2015-10-14 00:00,6499.0000000000
2015-10-15 00:00,6795.0000000000
2015-10-16 00:00,6567.0000000000
2015-10-17 00:00,6481.0000000000
2015-10-18 00:00,6604.0000000000
2015-10-19 00:00,5897.0000000000
2015-10-20 00:00,6182.0000000000
2015-10-21 00:00,5979.0000000000
2015-10-22 00:00,6888.0000000000
2015-10-23 00:00,6361.0000000000
2015-10-24 00:00,5830.0000000000
2015-10-25 00:00,5938.0000000000
2015-10-26 00:00,6784.0000000000
2015-10-27 00:00,7346.0000000000
2015-10-28 00:00,7836.0000000000
2015-10-29 00:00,7941.0000000000
2015-10-30 00:00,7557.0000000000
2015-10-31 00:00,6915.0000000000
2015-11-01 00:00,6558.0000000000
2015-11-02 00:00,7399.0000000000
2015-11-03 00:00,7037.0000000000
2015-11-04 00:00,7498.0000000000
2015-11-05 00:00,7882.0000000000
2015-11-06 00:00,10996.0000000000
2015-11-07 00:00,12413.0000000000
2015-11-08 00:00,7689.0000000000
2015-11-09 00:00,8151.0000000000
2015-11-10 00:00,10217.0000000000
2015-11-11 00:00,9534.0000000000
2015-11-12 00:00,7891.0000000000
2015-11-13 00:00,7211.0000000000
2015-11-14 00:00,7170.0000000000
2015-11-15 00:00,7442.0000000000
2015-11-16 00:00,7145.0000000000
2015-11-17 00:00,7373.0000000000
2015-11-18 00:00,8876.0000000000
2015-11-19 00:00,6348.0000000000
2015-11-20 00:00,6822.0000000000
2015-11-21 00:00,7083.0000000000
2015-11-22 00:00,8260.0000000000
2015-11-23 00:00,7152.0000000000
2015-11-24 00:00,7098.0000000000
2015-11-25 00:00,7278.0000000000
2015-11-26 00:00,6639.0000000000
2015-11-27 00:00,6817.0000000000
2015-11-28 00:00,6853.0000000000
2015-11-29 00:00,8986.0000000000
2015-11-30 00:00,6794.0000000000
2015-12-01 00:00,6502.0000000000
2015-12-02 00:00,6971.0000000000
2015-12-03 00:00,6898.0000000000
2015-12-04 00:00,6784.0000000000
2015-12-05 00:00,9103.0000000000
2015-12-06 00:00,7141.0000000000
2015-12-07 00:00,6697.0000000000
2015-12-08 00:00,7001.0000000000
2015-12-09 00:00,7444.0000000000
2015-12-10 00:00,8105.0000000000
2015-12-11 00:00,8205.0000000000
2015-12-12 00:00,7426.0000000000
2015-12-13 00:00,15550.0000000000
2015-12-14 00:00,21098.0000000000
2015-12-15 00:00,10304.0000000000
2015-12-16 00:00,9612.0000000000
2015-12-17 00:00,9032.0000000000
2015-12-18 00:00,9314.0000000000
2015-12-19 00:00,9879.0000000000
2015-12-20 00:00,12063.0000000000
2015-12-21 00:00,21027.0000000000
2015-12-22 00:00,22740.0000000000
2015-12-23 00:00,13494.0000000000
2015-12-24 00:00,9521.0000000000
2015-12-25 00:00,10726.0000000000
2015-12-26 00:00,21867.0000000000
2015-12-27 00:00,12368.0000000000
2015-12-28 00:00,11358.0000000000
2015-12-29 00:00,21767.0000000000
2015-12-30 00:00,10301.0000000000
2015-12-31 00:00,8233.0000000000
2016-01-01 00:00,9164.0000000000
2016-01-02 00:00,9258.0000000000
2016-01-03 00:00,9474.0000000000
2016-01-04 00:00,16430.0000000000
2016-01-05 00:00,17074.0000000000
2016-01-06 00:00,22075.0000000000
2016-01-07 00:00,10919.0000000000
2016-01-08 00:00,11793.0000000000
2016-01-09 00:00,10320.0000000000
2016-01-10 00:00,10893.0000000000
2016-01-11 00:00,10862.0000000000
2016-01-12 00:00,17665.0000000000
2016-01-13 00:00,10653.0000000000
2016-01-14 00:00,9875.0000000000
2016-01-15 00:00,10664.0000000000
2016-01-16 00:00,9747.0000000000
2016-01-17 00:00,12916.0000000000
2016-01-18 00:00,13420.0000000000
2016-01-19 00:00,10610.0000000000
2016-01-20 00:00,10734.0000000000
2016-01-21 00:00,13848.0000000000
2016-01-22 00:00,11025.0000000000
2016-01-23 00:00,12798.0000000000
2016-01-24 00:00,17121.0000000000
2016-01-25 00:00,16511.0000000000
2016-01-26 00:00,18747.0000000000
2016-01-27 00:00,16765.0000000000
2016-01-28 00:00,16395.0000000000
2016-01-29 00:00,14661.0000000000
2016-01-30 00:00,14166.0000000000
2016-01-31 00:00,14199.0000000000
2016-02-01 00:00,14291.0000000000
2016-02-02 00:00,14274.0000000000
2016-02-03 00:00,14371.0000000000
2016-02-04 00:00,15249.0000000000
2016-02-05 00:00,31418.0000000000
2016-02-06 00:00,14264.0000000000
2016-02-07 00:00,14719.0000000000
2016-02-08 00:00,15517.0000000000
2016-02-09 00:00,17141.0000000000
2016-02-10 00:00,21440.0000000000
2016-02-11 00:00,18109.0000000000
2016-02-12 00:00,19327.0000000000
2016-02-13 00:00,16624.0000000000
2016-02-14 00:00,17159.0000000000
2016-02-15 00:00,17549.0000000000
2016-02-16 00:00,19990.0000000000
2016-02-17 00:00,16969.0000000000
2016-02-18 00:00,18412.0000000000
2016-02-19 00:00,16714.0000000000
2016-02-20 00:00,17119.0000000000
2016-02-21 00:00,18190.0000000000
2016-02-22 00:00,18482.0000000000
2016-02-23 00:00,19540.0000000000
2016-02-24 00:00,19503.0000000000
2016-02-25 00:00,21068.0000000000
2016-02-26 00:00,18981.0000000000
2016-02-27 00:00,19063.0000000000
2016-02-28 00:00,20358.0000000000
2016-02-29 00:00,21778.0000000000
2016-03-01 00:00,23562.0000000000
2016-03-02 00:00,24837.0000000000
2016-03-03 00:00,24287.0000000000
2016-03-04 00:00,27115.0000000000
2016-03-05 00:00,27661.0000000000
2016-03-06 00:00,23271.0000000000
2016-03-07 00:00,24105.0000000000
2016-03-08 00:00,24557.0000000000
2016-03-09 00:00,24814.0000000000
2016-03-10 00:00,23124.0000000000
2016-03-11 00:00,27887.0000000000
2016-03-12 00:00,28127.0000000000
2016-03-13 00:00,28528.0000000000
2016-03-14 00:00,29273.0000000000
2016-03-15 00:00,27596.0000000000
2016-03-16 00:00,33531.0000000000
2016-03-17 00:00,31821.0000000000
2016-03-18 00:00,34779.0000000000
2016-03-19 00:00,32447.0000000000
2016-03-20 00:00,32511.0000000000
2016-03-21 00:00,32890.0000000000
2016-03-22 00:00,31786.0000000000
2016-03-23 00:00,36947.0000000000
2016-03-24 00:00,36762.0000000000
2016-03-25 00:00,36646.0000000000
2016-03-26 00:00,29974.0000000000
2016-03-27 00:00,33613.0000000000
2016-03-28 00:00,33915.0000000000
2016-03-29 00:00,36767.0000000000
2016-03-30 00:00,32259.0000000000
2016-03-31 00:00,33320.0000000000
2016-04-01 00:00,29358.0000000000
2016-04-02 00:00,29588.0000000000
2016-04-03 00:00,34907.0000000000
2016-04-04 00:00,39173.0000000000
2016-04-05 00:00,32078.0000000000
2016-04-06 00:00,31893.0000000000
2016-04-07 00:00,34010.0000000000
2016-04-08 00:00,31923.0000000000
2016-04-09 00:00,32237.0000000000
2016-04-10 00:00,30327.0000000000
2016-04-11 00:00,34673.0000000000
2016-04-12 00:00,36051.0000000000
2016-04-13 00:00,34781.0000000000
2016-04-14 00:00,34959.0000000000
2016-04-15 00:00,30483.0000000000
2016-04-16 00:00,40203.0000000000
2016-04-17 00:00,33513.0000000000
2016-04-18 00:00,32622.0000000000
2016-04-19 00:00,32944.0000000000
2016-04-20 00:00,37181.0000000000
2016-04-21 00:00,31678.0000000000
2016-04-22 00:00,31845.0000000000
2016-04-23 00:00,34046.0000000000
2016-04-24 00:00,35430.0000000000
2016-04-25 00:00,32582.0000000000
2016-04-26 00:00,33847.0000000000
2016-04-27 00:00,34343.0000000000
2016-04-28 00:00,37332.0000000000
2016-04-29 00:00,45769.0000000000
2016-04-30 00:00,39578.0000000000
2016-05-01 00:00,41748.0000000000
2016-05-02 00:00,37821.0000000000
2016-05-03 00:00,37484.0000000000
2016-05-04 00:00,38707.0000000000
2016-05-05 00:00,41271.0000000000
2016-05-06 00:00,35864.0000000000
2016-05-07 00:00,40063.0000000000
2016-05-08 00:00,38560.0000000000
2016-05-09 00:00,40684.0000000000
2016-05-10 00:00,40811.0000000000
2016-05-11 00:00,45002.0000000000
2016-05-12 00:00,47739.0000000000
2016-05-13 00:00,45745.0000000000
2016-05-14 00:00,43073.0000000000
2016-05-15 00:00,37424.0000000000
2016-05-16 00:00,40309.0000000000
2016-05-17 00:00,46033.0000000000
2016-05-18 00:00,44523.0000000000
2016-05-19 00:00,45177.0000000000
2016-05-20 00:00,43621.0000000000
2016-05-21 00:00,38895.0000000000
2016-05-22 00:00,43806.0000000000
2016-05-23 00:00,42911.0000000000
2016-05-24 00:00,46443.0000000000
2016-05-25 00:00,51147.0000000000
2016-05-26 00:00,49006.0000000000
2016-05-27 00:00,70148.0000000000
2016-05-28 00:00,45890.0000000000
2016-05-29 00:00,42927.0000000000
2016-05-30 00:00,44386.0000000000
2016-05-31 00:00,42221.0000000000
2016-06-01 00:00,39666.0000000000
2016-06-02 00:00,39834.0000000000
2016-06-03 00:00,37875.0000000000
2016-06-04 00:00,37896.0000000000
2016-06-05 00:00,38957.0000000000
2016-06-06 00:00,46141.0000000000
2016-06-07 00:00,40433.0000000000
2016-06-08 00:00,39854.0000000000
2016-06-09 00:00,40145.0000000000
2016-06-10 00:00,36901.0000000000
2016-06-11 00:00,42581.0000000000
2016-06-12 00:00,46185.0000000000
2016-06-13 00:00,50335.0000000000
2016-06-14 00:00,43251.0000000000
2016-06-15 00:00,43392.0000000000
2016-06-16 00:00,66558.0000000000
2016-06-17 00:00,63083.0000000000
2016-06-18 00:00,51035.0000000000
2016-06-19 00:00,47118.0000000000
2016-06-20 00:00,47323.0000000000
2016-06-21 00:00,48615.0000000000
2016-06-22 00:00,41908.0000000000
2016-06-23 00:00,45331.0000000000
2016-06-24 00:00,36684.0000000000
2016-06-25 00:00,41613.0000000000
2016-06-26 00:00,39663.0000000000
2016-06-27 00:00,43089.0000000000
2016-06-28 00:00,49897.0000000000
2016-06-29 00:00,63952.0000000000
2016-06-30 00:00,40085.0000000000
2016-07-01 00:00,39257.0000000000
2016-07-02 00:00,39757.0000000000
2016-07-03 00:00,39950.0000000000
2016-07-04 00:00,39270.0000000000
2016-07-05 00:00,37900.0000000000
2016-07-06 00:00,40433.0000000000
2016-07-07 00:00,42506.0000000000
2016-07-08 00:00,40410.0000000000
2016-07-09 00:00,39358.0000000000
2016-07-10 00:00,38582.0000000000
2016-07-11 00:00,40811.0000000000
2016-07-12 00:00,35740.0000000000
2016-07-13 00:00,42809.0000000000
2016-07-14 00:00,41110.0000000000
2016-07-15 00:00,38062.0000000000
2016-07-16 00:00,33914.0000000000
2016-07-17 00:00,39198.0000000000
2016-07-18 00:00,44184.0000000000
2016-07-19 00:00,50631.0000000000
2016-07-20 00:00,44882.0000000000
2016-07-21 00:00,48458.0000000000
2016-07-22 00:00,45006.0000000000
2016-07-23 00:00,58215.0000000000
2016-07-24 00:00,54856.0000000000
2016-07-25 00:00,61930.0000000000
2016-07-26 00:00,53035.0000000000
2016-07-27 00:00,48555.0000000000
2016-07-28 00:00,47243.0000000000
2016-07-29 00:00,42011.0000000000
2016-07-30 00:00,48749.0000000000
2016-07-31 00:00,45978.0000000000
2016-08-01 00:00,49041.0000000000
2016-08-02 00:00,49475.0000000000
2016-08-03 00:00,46761.0000000000
2016-08-04 00:00,43212.0000000000
2016-08-05 00:00,41487.0000000000
2016-08-06 00:00,42955.0000000000
2016-08-07 00:00,42984.0000000000
2016-08-08 00:00,47057.0000000000
2016-08-09 00:00,46290.0000000000
2016-08-10 00:00,48171.0000000000
2016-08-11 00:00,44400.0000000000
2016-08-12 00:00,41088.0000000000
2016-08-13 00:00,40577.0000000000
2016-08-14 00:00,42302.0000000000
2016-08-15 00:00,48949.0000000000
2016-08-16 00:00,44867.0000000000
2016-08-17 00:00,47799.0000000000
2016-08-18 00:00,42948.0000000000
2016-08-19 00:00,41318.0000000000
2016-08-20 00:00,42543.0000000000
2016-08-21 00:00,44250.0000000000
2016-08-22 00:00,48430.0000000000
2016-08-23 00:00,46821.0000000000
2016-08-24 00:00,49868.0000000000
2016-08-25 00:00,47292.0000000000
2016-08-26 00:00,47938.0000000000
2016-08-27 00:00,42607.0000000000
2016-08-28 00:00,45510.0000000000
2016-08-29 00:00,46979.0000000000
2016-08-30 00:00,45846.0000000000
2016-08-31 00:00,47491.0000000000
2016-09-01 00:00,55413.0000000000
2016-09-02 00:00,44792.0000000000
2016-09-03 00:00,48128.0000000000
2016-09-04 00:00,42667.0000000000
2016-09-05 00:00,49102.0000000000
2016-09-06 00:00,48701.0000000000
2016-09-07 00:00,55970.0000000000
2016-09-08 00:00,53918.0000000000
2016-09-09 00:00,42875.0000000000
2016-09-10 00:00,43345.0000000000
2016-09-11 00:00,45123.0000000000
2016-09-12 00:00,42591.0000000000
2016-09-13 00:00,53859.0000000000
2016-09-14 00:00,52622.0000000000
2016-09-15 00:00,57532.0000000000
2016-09-16 00:00,46882.0000000000
2016-09-17 00:00,37893.0000000000
2016-09-18 00:00,40505.0000000000
2016-09-19 00:00,54067.0000000000
2016-09-20 00:00,44549.0000000000
2016-09-21 00:00,52657.0000000000
2016-09-22 00:00,35219.0000000000
2016-09-23 00:00,43418.0000000000
2016-09-24 00:00,38713.0000000000
2016-09-25 00:00,43514.0000000000
2016-09-26 00:00,46817.0000000000
2016-09-27 00:00,42797.0000000000
2016-09-28 00:00,40416.0000000000
2016-09-29 00:00,35836.0000000000
2016-09-30 00:00,53076.0000000000
2016-10-01 00:00,51105.0000000000
2016-10-02 00:00,47672.0000000000
2016-10-03 00:00,56662.0000000000
2016-10-04 00:00,41719.0000000000
2016-10-05 00:00,36826.0000000000
2016-10-06 00:00,43708.0000000000
2016-10-07 00:00,37690.0000000000
2016-10-08 00:00,43940.0000000000
2016-10-09 00:00,44940.0000000000
2016-10-10 00:00,41053.0000000000
2016-10-11 00:00,30002.0000000000
2016-10-12 00:00,32244.0000000000
2016-10-13 00:00,42006.0000000000
2016-10-14 00:00,33662.0000000000
2016-10-15 00:00,34990.0000000000
2016-10-16 00:00,38136.0000000000
2016-10-17 00:00,51898.0000000000
2016-10-18 00:00,38497.0000000000
2016-10-19 00:00,43438.0000000000
2016-10-20 00:00,57780.0000000000
2016-10-21 00:00,37772.0000000000
2016-10-22 00:00,35364.0000000000
2016-10-23 00:00,52547.0000000000
2016-10-24 00:00,47610.0000000000
2016-10-25 00:00,45158.0000000000
2016-10-26 00:00,44353.0000000000
2016-10-27 00:00,41522.0000000000
2016-10-28 00:00,40011.0000000000
2016-10-29 00:00,39435.0000000000
2016-10-30 00:00,45031.0000000000
2016-10-31 00:00,49025.0000000000
2016-11-01 00:00,43519.0000000000
2016-11-02 00:00,42346.0000000000
2016-11-03 00:00,32572.0000000000
2016-11-04 00:00,37690.0000000000
2016-11-05 00:00,34391.0000000000
2016-11-06 00:00,41941.0000000000
2016-11-07 00:00,41569.0000000000
2016-11-08 00:00,40517.0000000000
2016-11-09 00:00,40164.0000000000
2016-11-10 00:00,41070.0000000000
2016-11-11 00:00,40882.0000000000
2016-11-12 00:00,43673.0000000000
2016-11-13 00:00,43876.0000000000
2016-11-14 00:00,45330.0000000000
2016-11-15 00:00,41684.0000000000
2016-11-16 00:00,40738.0000000000
2016-11-17 00:00,43785.0000000000
2016-11-18 00:00,39289.0000000000
2016-11-19 00:00,42125.0000000000
2016-11-20 00:00,42735.0000000000
2016-11-21 00:00,53585.0000000000
2016-11-22 00:00,64289.0000000000
2016-11-23 00:00,36861.0000000000
2016-11-24 00:00,58075.0000000000
2016-11-25 00:00,40804.0000000000
2016-11-26 00:00,44449.0000000000
2016-11-27 00:00,48388.0000000000
2016-11-28 00:00,47036.0000000000
2016-11-29 00:00,39178.0000000000
2016-11-30 00:00,37121.0000000000
2016-12-01 00:00,41642.0000000000
2016-12-02 00:00,41357.0000000000
2016-12-03 00:00,39643.0000000000
2016-12-04 00:00,41613.0000000000
2016-12-05 00:00,48200.0000000000
2016-12-06 00:00,41757.0000000000
2016-12-07 00:00,39587.0000000000
2016-12-08 00:00,41444.0000000000
2016-12-09 00:00,40564.0000000000
2016-12-10 00:00,39164.0000000000
2016-12-11 00:00,38741.0000000000
2016-12-12 00:00,44664.0000000000
2016-12-13 00:00,47294.0000000000
2016-12-14 00:00,46102.0000000000
2016-12-15 00:00,43953.0000000000
2016-12-16 00:00,39442.0000000000
2016-12-17 00:00,36640.0000000000
2016-12-18 00:00,45599.0000000000
2016-12-19 00:00,44241.0000000000
2016-12-20 00:00,50793.0000000000
2016-12-21 00:00,55173.0000000000
2016-12-22 00:00,44391.0000000000
2016-12-23 00:00,37757.0000000000
2016-12-24 00:00,36601.0000000000
2016-12-25 00:00,34565.0000000000
2016-12-26 00:00,42370.0000000000
2016-12-27 00:00,43386.0000000000
2016-12-28 00:00,46546.0000000000
2016-12-29 00:00,44561.0000000000
2016-12-30 00:00,41220.0000000000
2016-12-31 00:00,38730.0000000000
2017-01-01 00:00,39652.0000000000
2017-01-02 00:00,45883.0000000000
2017-01-03 00:00,50673.0000000000
2017-01-04 00:00,49596.0000000000
2017-01-05 00:00,43804.0000000000
2017-01-06 00:00,43622.0000000000
2017-01-07 00:00,42727.0000000000
2017-01-08 00:00,46188.0000000000
2017-01-09 00:00,48179.0000000000
2017-01-10 00:00,45221.0000000000
2017-01-11 00:00,50589.0000000000
2017-01-12 00:00,50833.0000000000
2017-01-13 00:00,42044.0000000000
2017-01-14 00:00,41748.0000000000
2017-01-15 00:00,45375.0000000000
2017-01-16 00:00,46671.0000000000
2017-01-17 00:00,44994.0000000000
2017-01-18 00:00,43628.0000000000
2017-01-19 00:00,45775.0000000000
2017-01-20 00:00,43302.0000000000
2017-01-21 00:00,47432.0000000000
2017-01-22 00:00,46076.0000000000
2017-01-23 00:00,50414.0000000000
2017-01-24 00:00,46256.0000000000
2017-01-25 00:00,46856.0000000000
2017-01-26 00:00,46680.0000000000
2017-01-27 00:00,45189.0000000000
2017-01-28 00:00,42509.0000000000
2017-01-29 00:00,45369.0000000000
2017-01-30 00:00,43649.0000000000
2017-01-31 00:00,44541.0000000000
2017-02-01 00:00,43709.0000000000
2017-02-02 00:00,42778.0000000000
2017-02-03 00:00,45410.0000000000
2017-02-04 00:00,46542.0000000000
2017-02-05 00:00,47306.0000000000
2017-02-06 00:00,51866.0000000000
2017-02-07 00:00,51089.0000000000
2017-02-08 00:00,47873.0000000000
2017-02-09 00:00,52222.0000000000
2017-02-10 00:00,46560.0000000000
2017-02-11 00:00,45319.0000000000
2017-02-12 00:00,55990.0000000000
2017-02-13 00:00,58298.0000000000
2017-02-14 00:00,55320.0000000000
2017-02-15 00:00,49674.0000000000
2017-02-16 00:00,49406.0000000000
2017-02-17 00:00,49398.0000000000
2017-02-18 00:00,48227.0000000000
2017-02-19 00:00,50152.0000000000
2017-02-20 00:00,58434.0000000000
2017-02-21 00:00,50372.0000000000
2017-02-22 00:00,47601.0000000000
2017-02-23 00:00,54081.0000000000
2017-02-24 00:00,53245.0000000000
2017-02-25 00:00,51716.0000000000
2017-02-26 00:00,52642.0000000000
2017-02-27 00:00,60277.0000000000
2017-02-28 00:00,59774.0000000000
2017-03-01 00:00,70779.0000000000
2017-03-02 00:00,64294.0000000000
2017-03-03 00:00,58756.0000000000
2017-03-04 00:00,57031.0000000000
2017-03-05 00:00,57020.0000000000
2017-03-06 00:00,62589.0000000000
2017-03-07 00:00,55386.0000000000
2017-03-08 00:00,64266.0000000000
2017-03-09 00:00,65132.0000000000
2017-03-10 00:00,64803.0000000000
2017-03-11 00:00,66646.0000000000
2017-03-12 00:00,81718.0000000000
2017-03-13 00:00,77155.0000000000
2017-03-14 00:00,81205.0000000000
2017-03-15 00:00,109950.0000000000
2017-03-16 00:00,106635.0000000000
2017-03-17 00:00,89920.0000000000
2017-03-18 00:00,84599.0000000000
2017-03-19 00:00,80264.0000000000
2017-03-20 00:00,84298.0000000000
2017-03-21 00:00,78821.0000000000
2017-03-22 00:00,82434.0000000000
2017-03-23 00:00,87775.0000000000
2017-03-24 00:00,84394.0000000000
2017-03-25 00:00,79534.0000000000
2017-03-26 00:00,94570.0000000000
2017-03-27 00:00,84348.0000000000
2017-03-28 00:00,93064.0000000000
2017-03-29 00:00,96209.0000000000
2017-03-30 00:00,103102.0000000000
2017-03-31 00:00,80572.0000000000
2017-04-01 00:00,88948.0000000000
2017-04-02 00:00,100221.0000000000
2017-04-03 00:00,86279.0000000000
2017-04-04 00:00,87411.0000000000
2017-04-05 00:00,95177.0000000000
2017-04-06 00:00,92846.0000000000
2017-04-07 00:00,72144.0000000000
2017-04-08 00:00,74557.0000000000
2017-04-09 00:00,75487.0000000000
2017-04-10 00:00,75891.0000000000
2017-04-11 00:00,80347.0000000000
2017-04-12 00:00,84124.0000000000
2017-04-13 00:00,81155.0000000000
2017-04-14 00:00,74820.0000000000
2017-04-15 00:00,70634.0000000000
2017-04-16 00:00,72546.0000000000
2017-04-17 00:00,83303.0000000000
2017-04-18 00:00,85734.0000000000
2017-04-19 00:00,85450.0000000000
2017-04-20 00:00,81278.0000000000
2017-04-21 00:00,73539.0000000000
2017-04-22 00:00,77073.0000000000
2017-04-23 00:00,80531.0000000000
2017-04-24 00:00,93033.0000000000
2017-04-25 00:00,89642.0000000000
2017-04-26 00:00,104494.0000000000
2017-04-27 00:00,106193.0000000000
2017-04-28 00:00,91335.0000000000
2017-04-29 00:00,95202.0000000000
2017-04-30 00:00,112202.0000000000
2017-05-01 00:00,110354.0000000000
2017-05-02 00:00,97334.0000000000
2017-05-03 00:00,114877.0000000000
2017-05-04 00:00,108514.0000000000
2017-05-05 00:00,95014.0000000000
2017-05-06 00:00,106631.0000000000
2017-05-07 00:00,117509.0000000000
2017-05-08 00:00,112933.0000000000
2017-05-09 00:00,109673.0000000000
2017-05-10 00:00,117189.0000000000
2017-05-11 00:00,107241.0000000000
2017-05-12 00:00,101332.0000000000
2017-05-13 00:00,101348.0000000000
2017-05-14 00:00,122792.0000000000
2017-05-15 00:00,116341.0000000000
2017-05-16 00:00,140135.0000000000
2017-05-17 00:00,137409.0000000000
2017-05-18 00:00,161568.0000000000
2017-05-19 00:00,130912.0000000000
2017-05-20 00:00,149699.0000000000
2017-05-21 00:00,176255.0000000000
2017-05-22 00:00,187121.0000000000
2017-05-23 00:00,187293.0000000000
2017-05-24 00:00,183010.0000000000
2017-05-25 00:00,169818.0000000000
2017-05-26 00:00,149450.0000000000
2017-05-27 00:00,155271.0000000000
2017-05-28 00:00,158547.0000000000
2017-05-29 00:00,193618.0000000000
2017-05-30 00:00,214126.0000000000
2017-05-31 00:00,199160.0000000000
2017-06-01 00:00,194911.0000000000
2017-06-02 00:00,175666.0000000000
2017-06-03 00:00,180136.0000000000
2017-06-04 00:00,190305.0000000000
2017-06-05 00:00,200523.0000000000
2017-06-06 00:00,207180.0000000000
2017-06-07 00:00,187700.0000000000
2017-06-08 00:00,215831.0000000000
2017-06-09 00:00,213356.0000000000
2017-06-10 00:00,240490.0000000000
2017-06-11 00:00,292941.0000000000
2017-06-12 00:00,280054.0000000000
2017-06-13 00:00,250410.0000000000
2017-06-14 00:00,261617.0000000000
2017-06-15 00:00,248003.0000000000
2017-06-16 00:00,242022.0000000000
2017-06-17 00:00,245957.0000000000
2017-06-18 00:00,286209.0000000000
2017-06-19 00:00,308488.0000000000
2017-06-20 00:00,221289.0000000000
2017-06-21 00:00,284225.0000000000
2017-06-22 00:00,276012.0000000000
2017-06-23 00:00,250570.0000000000
2017-06-24 00:00,231135.0000000000
2017-06-25 00:00,316788.0000000000
2017-06-26 00:00,252995.0000000000
2017-06-27 00:00,274241.0000000000
2017-06-28 00:00,263791.0000000000
2017-06-29 00:00,252652.0000000000
2017-06-30 00:00,240465.0000000000
2017-07-01 00:00,248617.0000000000
2017-07-02 00:00,302032.0000000000
2017-07-03 00:00,281465.0000000000
2017-07-04 00:00,271606.0000000000
2017-07-05 00:00,258791.0000000000
2017-07-06 00:00,295389.0000000000
2017-07-07 00:00,248142.0000000000
2017-07-08 00:00,225189.0000000000
2017-07-09 00:00,302633.0000000000
2017-07-10 00:00,291677.0000000000
2017-07-11 00:00,283828.0000000000
2017-07-12 00:00,260745.0000000000
2017-07-13 00:00,249381.0000000000
2017-07-14 00:00,231961.0000000000
2017-07-15 00:00,249138.0000000000
2017-07-16 00:00,248473.0000000000
2017-07-17 00:00,271055.0000000000
2017-07-18 00:00,270122.0000000000
2017-07-19 00:00,250065.0000000000
2017-07-20 00:00,232560.0000000000
2017-07-21 00:00,205574.0000000000
2017-07-22 00:00,260490.0000000000
2017-07-23 00:00,263095.0000000000
2017-07-24 00:00,242956.0000000000
2017-07-25 00:00,223010.0000000000
2017-07-26 00:00,225435.0000000000
2017-07-27 00:00,246494.0000000000
2017-07-28 00:00,198773.0000000000
2017-07-29 00:00,206624.0000000000
2017-07-30 00:00,250090.0000000000
2017-07-31 00:00,218582.0000000000
2017-08-01 00:00,231068.0000000000
2017-08-02 00:00,236335.0000000000
2017-08-03 00:00,257160.0000000000
2017-08-04 00:00,261400.0000000000
2017-08-05 00:00,265127.0000000000
2017-08-06 00:00,281172.0000000000
2017-08-07 00:00,318866.0000000000
2017-08-08 00:00,280308.0000000000
2017-08-09 00:00,338241.0000000000
2017-08-10 00:00,356682.0000000000
2017-08-11 00:00,338654.0000000000
2017-08-12 00:00,333011.0000000000
2017-08-13 00:00,410061.0000000000
2017-08-14 00:00,413246.0000000000
2017-08-15 00:00,413624.0000000000
2017-08-16 00:00,428007.0000000000
2017-08-17 00:00,443356.0000000000
2017-08-18 00:00,377418.0000000000
2017-08-19 00:00,309926.0000000000
2017-08-20 00:00,392880.0000000000
2017-08-21 00:00,364727.0000000000
2017-08-22 00:00,374711.0000000000
2017-08-23 00:00,352465.0000000000
2017-08-24 00:00,352621.0000000000
2017-08-25 00:00,306268.0000000000
2017-08-26 00:00,324173.0000000000
2017-08-27 00:00,363799.0000000000
2017-08-28 00:00,394649.0000000000
2017-08-29 00:00,400220.0000000000
2017-08-30 00:00,384421.0000000000
2017-08-31 00:00,390997.0000000000
2017-09-01 00:00,331797.0000000000
2017-09-02 00:00,302525.0000000000
2017-09-03 00:00,442592.0000000000
2017-09-04 00:00,444572.0000000000
2017-09-05 00:00,496376.0000000000
2017-09-06 00:00,448347.0000000000
2017-09-07 00:00,463670.0000000000
2017-09-08 00:00,383654.0000000000
2017-09-09 00:00,325128.0000000000
2017-09-10 00:00,365384.0000000000
2017-09-11 00:00,404898.0000000000
2017-09-12 00:00,365679.0000000000
2017-09-13 00:00,380251.0000000000
2017-09-14 00:00,441767.0000000000
2017-09-15 00:00,373764.0000000000
2017-09-16 00:00,289517.0000000000
2017-09-17 00:00,362764.0000000000
2017-09-18 00:00,337752.0000000000
2017-09-19 00:00,324984.0000000000
2017-09-20 00:00,317074.0000000000
2017-09-21 00:00,271470.0000000000
2017-09-22 00:00,260107.0000000000
2017-09-23 00:00,280929.0000000000
2017-09-24 00:00,306614.0000000000
2017-09-25 00:00,306075.0000000000
2017-09-26 00:00,309047.0000000000
2017-09-27 00:00,329208.0000000000
2017-09-28 00:00,326502.0000000000
2017-09-29 00:00,295798.0000000000
2017-09-30 00:00,283871.0000000000
2017-10-01 00:00,306095.0000000000
2017-10-02 00:00,327906.0000000000
2017-10-03 00:00,307399.0000000000
2017-10-04 00:00,314808.0000000000
2017-10-05 00:00,319882.0000000000
2017-10-06 00:00,291091.0000000000
2017-10-07 00:00,296829.0000000000
2017-10-08 00:00,328172.0000000000
2017-10-09 00:00,349605.0000000000
2017-10-10 00:00,344305.0000000000
2017-10-11 00:00,363411.0000000000
2017-10-12 00:00,379136.0000000000
2017-10-13 00:00,332169.0000000000
2017-10-14 00:00,328921.0000000000
2017-10-15 00:00,408297.0000000000
2017-10-16 00:00,505611.0000000000
2017-10-17 00:00,470449.0000000000
2017-10-18 00:00,494184.0000000000
2017-10-19 00:00,546837.0000000000
2017-10-20 00:00,462902.0000000000
2017-10-21 00:00,435493.0000000000
2017-10-22 00:00,468168.0000000000
2017-10-23 00:00,492288.0000000000
2017-10-24 00:00,460419.0000000000
2017-10-25 00:00,466406.0000000000
2017-10-26 00:00,486147.0000000000
2017-10-27 00:00,484554.0000000000
2017-10-28 00:00,494176.0000000000
2017-10-29 00:00,532626.0000000000
2017-10-30 00:00,519906.0000000000
2017-10-31 00:00,527783.0000000000
2017-11-01 00:00,529277.0000000000
2017-11-02 00:00,485790.0000000000
2017-11-03 00:00,398758.0000000000
2017-11-04 00:00,417102.0000000000
2017-11-05 00:00,511663.0000000000
2017-11-06 00:00,470418.0000000000
2017-11-07 00:00,480413.0000000000
2017-11-08 00:00,467172.0000000000
2017-11-09 00:00,457427.0000000000
2017-11-10 00:00,394378.0000000000
2017-11-11 00:00,434380.0000000000
2017-11-12 00:00,443176.0000000000
2017-11-13 00:00,475984.0000000000
2017-11-14 00:00,540593.0000000000
2017-11-15 00:00,491482.0000000000
2017-11-16 00:00,508590.0000000000
2017-11-17 00:00,459679.0000000000
2017-11-18 00:00,464563.0000000000
2017-11-19 00:00,530141.0000000000
2017-11-20 00:00,524044.0000000000
2017-11-21 00:00,546489.0000000000
2017-11-22 00:00,537068.0000000000
2017-11-23 00:00,525529.0000000000
2017-11-24 00:00,561166.0000000000
2017-11-25 00:00,542484.0000000000
2017-11-26 00:00,608695.0000000000
2017-11-27 00:00,638989.0000000000
2017-11-28 00:00,663579.0000000000
2017-11-29 00:00,655457.0000000000
2017-11-30 00:00,622720.0000000000
2017-12-01 00:00,627785.0000000000
2017-12-02 00:00,693808.0000000000
2017-12-03 00:00,701834.0000000000
2017-12-04 00:00,693090.0000000000
2017-12-05 00:00,791746.0000000000
2017-12-06 00:00,659068.0000000000
2017-12-07 00:00,766411.0000000000
2017-12-08 00:00,707223.0000000000
2017-12-09 00:00,716575.0000000000
2017-12-10 00:00,828899.0000000000
2017-12-11 00:00,872340.0000000000
2017-12-12 00:00,909631.0000000000
2017-12-13 00:00,942559.0000000000
2017-12-14 00:00,904346.0000000000
2017-12-15 00:00,899857.0000000000
2017-12-16 00:00,876574.0000000000
2017-12-17 00:00,984021.0000000000
2017-12-18 00:00,1092234.0000000000
2017-12-19 00:00,986104.0000000000
2017-12-20 00:00,1072665.0000000000
2017-12-21 00:00,1103523.0000000000
2017-12-22 00:00,918881.0000000000
2017-12-23 00:00,758234.0000000000
2017-12-24 00:00,752361.0000000000
2017-12-25 00:00,813510.0000000000
2017-12-26 00:00,912752.0000000000
2017-12-27 00:00,949503.0000000000
2017-12-28 00:00,1090191.0000000000
2017-12-29 00:00,1136659.0000000000
2017-12-30 00:00,946981.0000000000
2017-12-31 00:00,908945.0000000000
2018-01-01 00:00,1153936.0000000000
2018-01-02 00:00,1238030.0000000000
2018-01-03 00:00,1349890.0000000000
2018-01-04 00:00,1271577.0000000000
2018-01-05 00:00,1226417.0000000000
2018-01-06 00:00,1152722.0000000000
2018-01-07 00:00,1215473.0000000000
2018-01-08 00:00,1256240.0000000000
2018-01-09 00:00,1177685.0000000000
2018-01-10 00:00,1173965.0000000000
2018-01-11 00:00,1118757.0000000000
2018-01-12 00:00,1179321.0000000000
2018-01-13 00:00,1081593.0000000000
2018-01-14 00:00,1206420.0000000000
2018-01-15 00:00,1277936.0000000000
2018-01-16 00:00,1277083.0000000000
2018-01-17 00:00,1205184.0000000000
2018-01-18 00:00,1043257.0000000000
2018-01-19 00:00,984489.0000000000
2018-01-20 00:00,1006530.0000000000
2018-01-21 00:00,972911.0000000000
2018-01-22 00:00,928494.0000000000
2018-01-23 00:00,913668.0000000000
2018-01-24 00:00,788515.0000000000
2018-01-25 00:00,953429.0000000000
2018-01-26 00:00,831992.0000000000
2018-01-27 00:00,889104.0000000000
2018-01-28 00:00,936845.0000000000
2018-01-29 00:00,906578.0000000000
2018-01-30 00:00,877284.0000000000
2018-01-31 00:00,1008759.0000000000
2018-02-01 00:00,981133.0000000000
2018-02-02 00:00,814486.0000000000
2018-02-03 00:00,800876.0000000000
2018-02-04 00:00,875761.0000000000
2018-02-05 00:00,888219.0000000000
2018-02-06 00:00,818625.0000000000
2018-02-07 00:00,681344.0000000000
2018-02-08 00:00,789807.0000000000
2018-02-09 00:00,848390.0000000000
2018-02-10 00:00,773496.0000000000
2018-02-11 00:00,829020.0000000000
2018-02-12 00:00,745822.0000000000
2018-02-13 00:00,746384.0000000000
2018-02-14 00:00,777318.0000000000
2018-02-15 00:00,704758.0000000000
2018-02-16 00:00,772079.0000000000
2018-02-17 00:00,756092.0000000000
2018-02-18 00:00,811384.0000000000
2018-02-19 00:00,886897.0000000000
2018-02-20 00:00,850504.0000000000
2018-02-21 00:00,761893.0000000000
2018-02-22 00:00,733084.0000000000
2018-02-23 00:00,732861.0000000000
2018-02-24 00:00,690582.0000000000
2018-02-25 00:00,737453.0000000000
2018-02-26 00:00,694583.0000000000
2018-02-27 00:00,720368.0000000000
2018-02-28 00:00,684404.0000000000
2018-03-01 00:00,744666.0000000000
2018-03-02 00:00,673465.0000000000
2018-03-03 00:00,643241.0000000000
2018-03-04 00:00,752756.0000000000
2018-03-05 00:00,712591.0000000000
2018-03-06 00:00,783757.0000000000
2018-03-07 00:00,690139.0000000000
2018-03-08 00:00,650058.0000000000
2018-03-09 00:00,591377.0000000000
2018-03-10 00:00,608899.0000000000
2018-03-11 00:00,677908.0000000000
2018-03-12 00:00,699093.0000000000
2018-03-13 00:00,671198.0000000000
2018-03-14 00:00,654531.0000000000
2018-03-15 00:00,654584.0000000000
2018-03-16 00:00,593203.0000000000
2018-03-17 00:00,684094.0000000000
2018-03-18 00:00,703891.0000000000
2018-03-19 00:00,661791.0000000000
2018-03-20 00:00,697872.0000000000
2018-03-21 00:00,619453.0000000000
2018-03-22 00:00,677103.0000000000
2018-03-23 00:00,613203.0000000000
2018-03-24 00:00,526372.0000000000
2018-03-25 00:00,626615.0000000000
2018-03-26 00:00,584055.0000000000
2018-03-27 00:00,579858.0000000000
2018-03-28 00:00,583673.0000000000
2018-03-29 00:00,633616.0000000000
2018-03-30 00:00,584396.0000000000
2018-03-31 00:00,545141.0000000000
2018-04-01 00:00,598505.0000000000
2018-04-02 00:00,645977.0000000000
2018-04-03 00:00,628441.0000000000
2018-04-04 00:00,695871.0000000000
2018-04-05 00:00,647981.0000000000
2018-04-06 00:00,535865.0000000000
2018-04-07 00:00,595733.0000000000
2018-04-08 00:00,609799.0000000000
2018-04-09 00:00,571388.0000000000
2018-04-10 00:00,609102.0000000000
2018-04-11 00:00,692606.0000000000
2018-04-12 00:00,730344.0000000000
2018-04-13 00:00,611188.0000000000
2018-04-14 00:00,619985.0000000000
2018-04-15 00:00,664402.0000000000
2018-04-16 00:00,742823.0000000000
2018-04-17 00:00,703293.0000000000
2018-04-18 00:00,814318.0000000000
2018-04-19 00:00,832220.0000000000
2018-04-20 00:00,746104.0000000000
2018-04-21 00:00,748858.0000000000
2018-04-22 00:00,802870.0000000000
2018-04-23 00:00,816357.0000000000
2018-04-24 00:00,799014.0000000000
2018-04-25 00:00,793873.0000000000
2018-04-26 00:00,764479.0000000000
2018-04-27 00:00,775321.0000000000
2018-04-28 00:00,756651.0000000000
2018-04-29 00:00,778133.0000000000
2018-04-30 00:00,713839.0000000000
2018-05-01 00:00,787722.0000000000
2018-05-02 00:00,839586.0000000000
2018-05-03 00:00,1000526.0000000000
2018-05-04 00:00,789261.0000000000
2018-05-05 00:00,691273.0000000000
2018-05-06 00:00,789863.0000000000
2018-05-07 00:00,820098.0000000000
2018-05-08 00:00,831127.0000000000
2018-05-09 00:00,854827.0000000000
2018-05-10 00:00,826099.0000000000
2018-05-11 00:00,788487.0000000000
2018-05-12 00:00,762439.0000000000
2018-05-13 00:00,801788.0000000000
2018-05-14 00:00,779210.0000000000
2018-05-15 00:00,807257.0000000000
2018-05-16 00:00,835761.0000000000
2018-05-17 00:00,831831.0000000000
2018-05-18 00:00,846288.0000000000
2018-05-19 00:00,777283.0000000000
2018-05-20 00:00,802211.0000000000
2018-05-21 00:00,822409.0000000000
2018-05-22 00:00,833377.0000000000
2018-05-23 00:00,811167.0000000000
2018-05-24 00:00,800838.0000000000
2018-05-25 00:00,761932.0000000000
2018-05-26 00:00,776024.0000000000
2018-05-27 00:00,861002.0000000000
2018-05-28 00:00,812183.0000000000
2018-05-29 00:00,817167.0000000000
2018-05-30 00:00,832842.0000000000
2018-05-31 00:00,758242.0000000000
2018-06-01 00:00,768017.0000000000
2018-06-02 00:00,809997.0000000000
2018-06-03 00:00,807165.0000000000
2018-06-04 00:00,780654.0000000000
2018-06-05 00:00,754070.0000000000
2018-06-06 00:00,775828.0000000000
2018-06-07 00:00,719460.0000000000
2018-06-08 00:00,769573.0000000000
2018-06-09 00:00,771280.0000000000
2018-06-10 00:00,768985.0000000000
2018-06-11 00:00,770199.0000000000
2018-06-12 00:00,797637.0000000000
2018-06-13 00:00,765916.0000000000
2018-06-14 00:00,763803.0000000000
2018-06-15 00:00,639775.0000000000
2018-06-16 00:00,648548.0000000000
2018-06-17 00:00,695753.0000000000
2018-06-18 00:00,778765.0000000000
2018-06-19 00:00,803076.0000000000
2018-06-20 00:00,752035.0000000000
2018-06-21 00:00,770457.0000000000
2018-06-22 00:00,675918.0000000000
2018-06-23 00:00,671994.0000000000
2018-06-24 00:00,837265.0000000000
2018-06-25 00:00,732170.0000000000
2018-06-26 00:00,771938.0000000000
2018-06-27 00:00,744784.0000000000
2018-06-28 00:00,735092.0000000000
2018-06-29 00:00,632981.0000000000
2018-06-30 00:00,622633.0000000000
2018-07-01 00:00,489559.0000000000
2018-07-02 00:00,573532.0000000000
2018-07-03 00:00,447112.0000000000
2018-07-04 00:00,527586.0000000000
2018-07-05 00:00,459075.0000000000
2018-07-06 00:00,484105.0000000000
2018-07-07 00:00,631505.0000000000
2018-07-08 00:00,651926.0000000000
2018-07-09 00:00,691771.0000000000
2018-07-10 00:00,643920.0000000000
2018-07-11 00:00,566058.0000000000
2018-07-12 00:00,563317.0000000000
2018-07-13 00:00,508951.0000000000
2018-07-14 00:00,453706.0000000000
2018-07-15 00:00,703999.0000000000
2018-07-16 00:00,701220.0000000000
2018-07-17 00:00,745633.0000000000
2018-07-18 00:00,734799.0000000000
2018-07-19 00:00,671048.0000000000
2018-07-20 00:00,620409.0000000000
2018-07-21 00:00,675608.0000000000
2018-07-22 00:00,758657.0000000000
2018-07-23 00:00,784858.0000000000
2018-07-24 00:00,787667.0000000000
2018-07-25 00:00,723457.0000000000
2018-07-26 00:00,788740.0000000000
2018-07-27 00:00,704375.0000000000
2018-07-28 00:00,715450.0000000000
2018-07-29 00:00,757372.0000000000
2018-07-30 00:00,743679.0000000000
2018-07-31 00:00,756818.0000000000
2018-08-01 00:00,779514.0000000000
2018-08-02 00:00,753682.0000000000
2018-08-03 00:00,719849.0000000000
2018-08-04 00:00,703797.0000000000
2018-08-05 00:00,699184.0000000000
2018-08-06 00:00,637248.0000000000
2018-08-07 00:00,566043.0000000000
2018-08-08 00:00,538508.0000000000
2018-08-09 00:00,614322.0000000000
2018-08-10 00:00,656735.0000000000
2018-08-11 00:00,641852.0000000000
2018-08-12 00:00,695765.0000000000
2018-08-13 00:00,689810.0000000000
2018-08-14 00:00,648396.0000000000
2018-08-15 00:00,716104.0000000000
2018-08-16 00:00,608030.0000000000
2018-08-17 00:00,627907.0000000000
2018-08-18 00:00,599331.0000000000
2018-08-19 00:00,663691.0000000000
2018-08-20 00:00,604915.0000000000
2018-08-21 00:00,595206.0000000000
2018-08-22 00:00,600174.0000000000
2018-08-23 00:00,595533.0000000000
2018-08-24 00:00,577119.0000000000
2018-08-25 00:00,572149.0000000000
2018-08-26 00:00,645544.0000000000
2018-08-27 00:00,614366.0000000000
2018-08-28 00:00,545811.0000000000
2018-08-29 00:00,593481.0000000000
2018-08-30 00:00,576035.0000000000
2018-08-31 00:00,655090.0000000000
2018-09-01 00:00,620550.0000000000
2018-09-02 00:00,631378.0000000000
2018-09-03 00:00,589565.0000000000
2018-09-04 00:00,626836.0000000000
2018-09-05 00:00,588448.0000000000
2018-09-06 00:00,581997.0000000000
2018-09-07 00:00,542910.0000000000
2018-09-08 00:00,565426.0000000000
2018-09-09 00:00,561596.0000000000
2018-09-10 00:00,557328.0000000000
2018-09-11 00:00,569986.0000000000
2018-09-12 00:00,555782.0000000000
2018-09-13 00:00,514483.0000000000
2018-09-14 00:00,479753.0000000000
2018-09-15 00:00,458380.0000000000
2018-09-16 00:00,553786.0000000000
2018-09-17 00:00,500200.0000000000
2018-09-18 00:00,507320.0000000000
2018-09-19 00:00,498190.0000000000
2018-09-20 00:00,543642.0000000000
2018-09-21 00:00,470576.0000000000
2018-09-22 00:00,467500.0000000000
2018-09-23 00:00,480437.0000000000
2018-09-24 00:00,518743.0000000000
2018-09-25 00:00,494155.0000000000
2018-09-26 00:00,503914.0000000000
2018-09-27 00:00,500394.0000000000
2018-09-28 00:00,434303.0000000000
2018-09-29 00:00,478937.0000000000
2018-09-30 00:00,474997.0000000000
2018-10-01 00:00,489985.0000000000
2018-10-02 00:00,559019.0000000000
2018-10-03 00:00,559059.0000000000
2018-10-04 00:00,595362.0000000000
2018-10-05 00:00,596865.0000000000
2018-10-06 00:00,496867.0000000000
2018-10-07 00:00,542317.0000000000
2018-10-08 00:00,537126.0000000000
2018-10-09 00:00,516022.0000000000
2018-10-10 00:00,570525.0000000000
2018-10-11 00:00,561370.0000000000
2018-10-12 00:00,541420.0000000000
2018-10-13 00:00,509433.0000000000
2018-10-14 00:00,561788.0000000000
2018-10-15 00:00,575237.0000000000
2018-10-16 00:00,580079.0000000000
2018-10-17 00:00,565560.0000000000
2018-10-18 00:00,601017.0000000000
2018-10-19 00:00,534032.0000000000
2018-10-20 00:00,507960.0000000000
2018-10-21 00:00,576770.0000000000
2018-10-22 00:00,555034.0000000000
2018-10-23 00:00,531610.0000000000
2018-10-24 00:00,535794.0000000000
2018-10-25 00:00,549938.0000000000
2018-10-26 00:00,498694.0000000000
2018-10-27 00:00,510229.0000000000
2018-10-28 00:00,614211.0000000000
2018-10-29 00:00,608819.0000000000
2018-10-30 00:00,586572.0000000000
2018-10-31 00:00,588231.0000000000
2018-11-01 00:00,547983.0000000000
2018-11-02 00:00,505015.0000000000
2018-11-03 00:00,511401.0000000000
2018-11-04 00:00,582637.0000000000
2018-11-05 00:00,597916.0000000000
2018-11-06 00:00,563998.0000000000
2018-11-07 00:00,555841.0000000000
2018-11-08 00:00,547199.0000000000
2018-11-09 00:00,489387.0000000000
2018-11-10 00:00,528572.0000000000
2018-11-11 00:00,570866.0000000000
2018-11-12 00:00,552228.0000000000
2018-11-13 00:00,582174.0000000000
2018-11-14 00:00,563395.0000000000
2018-11-15 00:00,553183.0000000000
2018-11-16 00:00,505650.0000000000
2018-11-17 00:00,483883.0000000000
2018-11-18 00:00,623807.0000000000
2018-11-19 00:00,627334.0000000000
2018-11-20 00:00,581017.0000000000
2018-11-21 00:00,568118.0000000000
2018-11-22 00:00,560025.0000000000
2018-11-23 00:00,496274.0000000000
2018-11-24 00:00,529037.0000000000
2018-11-25 00:00,558098.0000000000
2018-11-26 00:00,565779.0000000000
2018-11-27 00:00,622711.0000000000
2018-11-28 00:00,555543.0000000000
2018-11-29 00:00,599933.0000000000
2018-11-30 00:00,526359.0000000000
2018-12-01 00:00,492631.0000000000
2018-12-02 00:00,548277.0000000000
2018-12-03 00:00,564242.0000000000
2018-12-04 00:00,595956.0000000000
2018-12-05 00:00,589174.0000000000
2018-12-06 00:00,572526.0000000000
2018-12-07 00:00,553281.0000000000
2018-12-08 00:00,507023.0000000000
2018-12-09 00:00,553984.0000000000
2018-12-10 00:00,535802.0000000000
2018-12-11 00:00,533397.0000000000
2018-12-12 00:00,565639.0000000000
2018-12-13 00:00,566716.0000000000
2018-12-14 00:00,550857.0000000000
2018-12-15 00:00,516286.0000000000
2018-12-16 00:00,571101.0000000000
2018-12-17 00:00,556550.0000000000
2018-12-18 00:00,598012.0000000000
2018-12-19 00:00,602186.0000000000
2018-12-20 00:00,606694.0000000000
2018-12-21 00:00,495858.0000000000
2018-12-22 00:00,542449.0000000000
2018-12-23 00:00,615551.0000000000
2018-12-24 00:00,535001.0000000000
2018-12-25 00:00,560047.0000000000
2018-12-26 00:00,548411.0000000000
2018-12-27 00:00,572189.0000000000
2018-12-28 00:00,543746.0000000000
2018-12-29 00:00,460395.0000000000
2018-12-30 00:00,522040.0000000000
2018-12-31 00:00,448168.0000000000
2019-01-01 00:00,589959.0000000000
2019-01-02 00:00,596620.0000000000
2019-01-03 00:00,549398.0000000000
2019-01-04 00:00,511189.0000000000
2019-01-05 00:00,487372.0000000000
2019-01-06 00:00,550964.0000000000
2019-01-07 00:00,553367.0000000000
2019-01-08 00:00,558847.0000000000
2019-01-09 00:00,582839.0000000000
2019-01-10 00:00,541838.0000000000
2019-01-11 00:00,452707.0000000000
2019-01-12 00:00,481347.0000000000
2019-01-13 00:00,577239.0000000000
2019-01-14 00:00,539896.0000000000
2019-01-15 00:00,507687.0000000000
2019-01-16 00:00,517082.0000000000
2019-01-17 00:00,538899.0000000000
2019-01-18 00:00,539125.0000000000
2019-01-19 00:00,537705.0000000000
2019-01-20 00:00,582919.0000000000
2019-01-21 00:00,606339.0000000000
2019-01-22 00:00,533437.0000000000
2019-01-23 00:00,519454.0000000000
2019-01-24 00:00,504924.0000000000
2019-01-25 00:00,463571.0000000000
2019-01-26 00:00,488941.0000000000
2019-01-27 00:00,568201.0000000000
2019-01-28 00:00,565793.0000000000
2019-01-29 00:00,555318.0000000000
2019-01-30 00:00,517229.0000000000
2019-01-31 00:00,499034.0000000000
2019-02-01 00:00,449812.0000000000
2019-02-02 00:00,424346.0000000000
2019-02-03 00:00,416108.0000000000
2019-02-04 00:00,414755.0000000000
2019-02-05 00:00,428054.0000000000
2019-02-06 00:00,428449.0000000000
2019-02-07 00:00,472685.0000000000
2019-02-08 00:00,417127.0000000000
2019-02-09 00:00,380854.0000000000
2019-02-10 00:00,428791.0000000000
2019-02-11 00:00,438017.0000000000
2019-02-12 00:00,491219.0000000000
2019-02-13 00:00,475017.0000000000
2019-02-14 00:00,468423.0000000000
2019-02-15 00:00,454027.0000000000
2019-02-16 00:00,447730.0000000000
2019-02-17 00:00,512380.0000000000
2019-02-18 00:00,533775.0000000000
2019-02-19 00:00,529827.0000000000
2019-02-20 00:00,544779.0000000000
2019-02-21 00:00,530868.0000000000
2019-02-22 00:00,476185.0000000000
2019-02-23 00:00,540013.0000000000
2019-02-24 00:00,573801.0000000000
2019-02-25 00:00,553995.0000000000
2019-02-26 00:00,539352.0000000000
2019-02-27 00:00,541654.0000000000
2019-02-28 00:00,548230.0000000000
2019-03-01 00:00,526851.0000000000
2019-03-02 00:00,492246.0000000000
2019-03-03 00:00,619397.0000000000
2019-03-04 00:00,598135.0000000000
2019-03-05 00:00,579027.0000000000
2019-03-06 00:00,573224.0000000000
2019-03-07 00:00,562260.0000000000
2019-03-08 00:00,555779.0000000000
2019-03-09 00:00,483147.0000000000
2019-03-10 00:00,535739.0000000000
2019-03-11 00:00,564369.0000000000
2019-03-12 00:00,573716.0000000000
2019-03-13 00:00,574272.0000000000
2019-03-14 00:00,553582.0000000000
2019-03-15 00:00,503665.0000000000
2019-03-16 00:00,495112.0000000000
2019-03-17 00:00,572791.0000000000
2019-03-18 00:00,635722.0000000000
2019-03-19 00:00,630316.0000000000
2019-03-20 00:00,618070.0000000000
2019-03-21 00:00,628203.0000000000
2019-03-22 00:00,562070.0000000000
2019-03-23 00:00,549403.0000000000
2019-03-24 00:00,648189.0000000000
2019-03-25 00:00,629395.0000000000
2019-03-26 00:00,625250.0000000000
2019-03-27 00:00,634274.0000000000
2019-03-28 00:00,639442.0000000000
2019-03-29 00:00,667328.0000000000
2019-03-30 00:00,645883.0000000000
2019-03-31 00:00,688156.0000000000
2019-04-01 00:00,758459.0000000000
2019-04-02 00:00,745838.0000000000
2019-04-03 00:00,672965.0000000000
2019-04-04 00:00,621909.0000000000
2019-04-05 00:00,558331.0000000000
2019-04-06 00:00,572629.0000000000
2019-04-07 00:00,667171.0000000000
2019-04-08 00:00,656046.0000000000
2019-04-09 00:00,674083.0000000000
2019-04-10 00:00,728617.0000000000
2019-04-11 00:00,694197.0000000000
2019-04-12 00:00,613989.0000000000
2019-04-13 00:00,550725.0000000000
2019-04-14 00:00,621192.0000000000
2019-04-15 00:00,656699.0000000000
2019-04-16 00:00,681463.0000000000
2019-04-17 00:00,696933.0000000000
2019-04-18 00:00,692462.0000000000
2019-04-19 00:00,685718.0000000000
2019-04-20 00:00,630567.0000000000
2019-04-21 00:00,718638.0000000000
2019-04-22 00:00,728826.0000000000
2019-04-23 00:00,668128.0000000000
2019-04-24 00:00,680262.0000000000
2019-04-25 00:00,660222.0000000000
2019-04-26 00:00,563046.0000000000
2019-04-27 00:00,592074.0000000000
2019-04-28 00:00,628169.0000000000
2019-04-29 00:00,706783.0000000000
2019-04-30 00:00,703371.0000000000
2019-05-01 00:00,625714.0000000000
2019-05-02 00:00,671301.0000000000
2019-05-03 00:00,623065.0000000000
2019-05-04 00:00,636674.0000000000
2019-05-05 00:00,705274.0000000000
2019-05-06 00:00,657503.0000000000
2019-05-07 00:00,685948.0000000000
2019-05-08 00:00,718502.0000000000
2019-05-09 00:00,737061.0000000000
2019-05-10 00:00,742637.0000000000
2019-05-11 00:00,714390.0000000000
2019-05-12 00:00,759024.0000000000
2019-05-13 00:00,830381.0000000000
2019-05-14 00:00,847094.0000000000
2019-05-15 00:00,907748.0000000000
2019-05-16 00:00,809178.0000000000
2019-05-17 00:00,734813.0000000000
2019-05-18 00:00,752375.0000000000
2019-05-19 00:00,859475.0000000000
2019-05-20 00:00,811393.0000000000
2019-05-21 00:00,873002.0000000000
2019-05-22 00:00,846576.0000000000
2019-05-23 00:00,903752.0000000000
2019-05-24 00:00,839123.0000000000
2019-05-25 00:00,762305.0000000000
2019-05-26 00:00,940285.0000000000
2019-05-27 00:00,881943.0000000000
2019-05-28 00:00,946574.0000000000
2019-05-29 00:00,891268.0000000000
2019-05-30 00:00,870100.0000000000
2019-05-31 00:00,955502.0000000000
2019-06-01 00:00,889556.0000000000
2019-06-02 00:00,888782.0000000000
2019-06-03 00:00,890977.0000000000
2019-06-04 00:00,798429.0000000000
2019-06-05 00:00,824333.0000000000
2019-06-06 00:00,757288.0000000000
2019-06-07 00:00,992672.0000000000
2019-06-08 00:00,715481.0000000000
2019-06-09 00:00,964147.0000000000
2019-06-10 00:00,926919.0000000000
2019-06-11 00:00,849889.0000000000
2019-06-12 00:00,739843.0000000000
2019-06-13 00:00,816468.0000000000
2019-06-14 00:00,926185.0000000000
2019-06-15 00:00,881631.0000000000
2019-06-16 00:00,477817.0000000000
2019-06-17 00:00,839504.0000000000
2019-06-18 00:00,885556.0000000000
2019-06-19 00:00,943691.0000000000
2019-06-20 00:00,776903.0000000000
2019-06-21 00:00,756693.0000000000
2019-06-22 00:00,773536.0000000000
2019-06-23 00:00,809686.0000000000
2019-06-24 00:00,931862.0000000000
2019-06-25 00:00,848556.0000000000
2019-06-26 00:00,813942.0000000000
2019-06-27 00:00,1003858.0000000000
2019-06-28 00:00,732892.0000000000
2019-06-29 00:00,685577.0000000000
2019-06-30 00:00,951819.0000000000
2019-07-01 00:00,894705.0000000000
2019-07-02 00:00,753252.0000000000
2019-07-03 00:00,746493.0000000000
2019-07-04 00:00,849156.0000000000
2019-07-05 00:00,753690.0000000000
2019-07-06 00:00,580443.0000000000
2019-07-07 00:00,809396.0000000000
2019-07-08 00:00,769746.0000000000
2019-07-09 00:00,735996.0000000000
2019-07-10 00:00,975333.0000000000
2019-07-11 00:00,726108.0000000000
2019-07-12 00:00,587184.0000000000
2019-07-13 00:00,613489.0000000000
2019-07-14 00:00,743265.0000000000
2019-07-15 00:00,1003099.0000000000
2019-07-16 00:00,831048.0000000000
2019-07-17 00:00,668035.0000000000
2019-07-18 00:00,815025.0000000000
2019-07-19 00:00,583075.0000000000
2019-07-20 00:00,522805.0000000000
2019-07-21 00:00,640350.0000000000
2019-07-22 00:00,606683.0000000000
2019-07-23 00:00,907085.0000000000
2019-07-24 00:00,950014.0000000000
2019-07-25 00:00,640407.0000000000
2019-07-26 00:00,577291.0000000000
2019-07-27 00:00,571997.0000000000
2019-07-28 00:00,677237.0000000000
2019-07-29 00:00,715778.0000000000
2019-07-30 00:00,684263.0000000000
2019-07-31 00:00,877028.0000000000
2019-08-01 00:00,768144.0000000000
2019-08-02 00:00,783341.0000000000
2019-08-03 00:00,569195.0000000000
2019-08-04 00:00,718618.0000000000
2019-08-05 00:00,731805.0000000000
2019-08-06 00:00,742268.0000000000
2019-08-07 00:00,692455.0000000000
2019-08-08 00:00,722216.0000000000
2019-08-09 00:00,630902.0000000000
2019-08-10 00:00,582143.0000000000
2019-08-11 00:00,712996.0000000000
2019-08-12 00:00,699168.0000000000
2019-08-13 00:00,735857.0000000000
2019-08-14 00:00,688717.0000000000
2019-08-15 00:00,719120.0000000000
2019-08-16 00:00,641106.0000000000
2019-08-17 00:00,627260.0000000000
2019-08-18 00:00,724608.0000000000
2019-08-19 00:00,733277.0000000000
2019-08-20 00:00,731225.0000000000
2019-08-21 00:00,737150.0000000000
2019-08-22 00:00,733188.0000000000
2019-08-23 00:00,684234.0000000000
2019-08-24 00:00,677259.0000000000
2019-08-25 00:00,750845.0000000000
2019-08-26 00:00,748068.0000000000
2019-08-27 00:00,722351.0000000000
2019-08-28 00:00,723993.0000000000
2019-08-29 00:00,712480.0000000000
2019-08-30 00:00,679726.0000000000
2019-08-31 00:00,690004.0000000000
2019-09-01 00:00,757272.0000000000
2019-09-02 00:00,751004.0000000000
2019-09-03 00:00,714291.0000000000
2019-09-04 00:00,769301.0000000000
2019-09-05 00:00,768927.0000000000
2019-09-06 00:00,677617.0000000000
2019-09-07 00:00,674349.0000000000
2019-09-08 00:00,756506.0000000000
2019-09-09 00:00,692382.0000000000
2019-09-10 00:00,704955.0000000000
2019-09-11 00:00,722897.0000000000
2019-09-12 00:00,623809.0000000000
2019-09-13 00:00,628189.0000000000
2019-09-14 00:00,633838.0000000000
2019-09-15 00:00,733050.0000000000
2019-09-16 00:00,681922.0000000000
2019-09-17 00:00,709263.0000000000
2019-09-18 00:00,692335.0000000000
2019-09-19 00:00,716795.0000000000
2019-09-20 00:00,596583.0000000000
2019-09-21 00:00,577206.0000000000
2019-09-22 00:00,639333.0000000000
2019-09-23 00:00,709614.0000000000
2019-09-24 00:00,676899.0000000000
2019-09-25 00:00,657660.0000000000
2019-09-26 00:00,623321.0000000000
2019-09-27 00:00,604998.0000000000
2019-09-28 00:00,592385.0000000000
2019-09-29 00:00,683071.0000000000
2019-09-30 00:00,644933.0000000000
2019-10-01 00:00,627082.0000000000
2019-10-02 00:00,615251.0000000000
2019-10-03 00:00,590106.0000000000
2019-10-04 00:00,594676.0000000000
2019-10-05 00:00,572487.0000000000
2019-10-06 00:00,628890.0000000000
2019-10-07 00:00,710058.0000000000
2019-10-08 00:00,751482.0000000000
2019-10-09 00:00,673081.0000000000
2019-10-10 00:00,702287.0000000000
2019-10-11 00:00,634460.0000000000
2019-10-12 00:00,567057.0000000000
2019-10-13 00:00,650102.0000000000
2019-10-14 00:00,690861.0000000000
2019-10-15 00:00,694583.0000000000
2019-10-16 00:00,704272.0000000000
2019-10-17 00:00,733516.0000000000
2019-10-18 00:00,664911.0000000000
2019-10-19 00:00,612513.0000000000
2019-10-20 00:00,678201.0000000000
2019-10-21 00:00,725946.0000000000
2019-10-22 00:00,736512.0000000000
2019-10-23 00:00,724073.0000000000
2019-10-24 00:00,741569.0000000000
2019-10-25 00:00,716961.0000000000
2019-10-26 00:00,642828.0000000000
2019-10-27 00:00,721542.0000000000
2019-10-28 00:00,708331.0000000000
2019-10-29 00:00,717667.0000000000
2019-10-30 00:00,744404.0000000000
2019-10-31 00:00,704810.0000000000
2019-11-01 00:00,591277.0000000000
2019-11-02 00:00,571033.0000000000
2019-11-03 00:00,671234.0000000000
2019-11-04 00:00,738824.0000000000
2019-11-05 00:00,707455.0000000000
2019-11-06 00:00,857360.0000000000
2019-11-07 00:00,699134.0000000000
2019-11-08 00:00,604249.0000000000
2019-11-09 00:00,609423.0000000000
2019-11-10 00:00,710372.0000000000
2019-11-11 00:00,708405.0000000000
2019-11-12 00:00,713778.0000000000
2019-11-13 00:00,679833.0000000000
2019-11-14 00:00,683328.0000000000
2019-11-15 00:00,596694.0000000000
2019-11-16 00:00,598446.0000000000
2019-11-17 00:00,735035.0000000000
2019-11-18 00:00,736007.0000000000
2019-11-19 00:00,689724.0000000000
2019-11-20 00:00,762446.0000000000
2019-11-21 00:00,794247.0000000000
2019-11-22 00:00,631844.0000000000
2019-11-23 00:00,596816.0000000000
2019-11-24 00:00,762750.0000000000
2019-11-25 00:00,679938.0000000000
2019-11-26 00:00,675030.0000000000
2019-11-27 00:00,622706.0000000000
2019-11-28 00:00,670683.0000000000
2019-11-29 00:00,585053.0000000000
2019-11-30 00:00,615059.0000000000
2019-12-01 00:00,680857.0000000000
2019-12-02 00:00,501584.0000000000
2019-12-03 00:00,660903.0000000000
2019-12-04 00:00,617170.0000000000
2019-12-05 00:00,536700.0000000000
2019-12-06 00:00,487328.0000000000
2019-12-07 00:00,440310.0000000000
2019-12-08 00:00,634756.0000000000
2019-12-09 00:00,631820.0000000000
2019-12-10 00:00,624983.0000000000
2019-12-11 00:00,635813.0000000000
2019-12-12 00:00,621218.0000000000
2019-12-13 00:00,550699.0000000000
2019-12-14 00:00,526806.0000000000
2019-12-15 00:00,634696.0000000000
2019-12-16 00:00,646184.0000000000
2019-12-17 00:00,662964.0000000000
2019-12-18 00:00,620507.0000000000
2019-12-19 00:00,614423.0000000000
2019-12-20 00:00,545568.0000000000
2019-12-21 00:00,530058.0000000000
2019-12-22 00:00,631601.0000000000
2019-12-23 00:00,603002.0000000000
2019-12-24 00:00,565177.0000000000
2019-12-25 00:00,586221.0000000000
2019-12-26 00:00,579750.0000000000
2019-12-27 00:00,516652.0000000000
2019-12-28 00:00,479838.0000000000
2019-12-29 00:00,584317.0000000000
2019-12-30 00:00,554170.0000000000
2019-12-31 00:00,465665.0000000000
2020-01-01 00:00,505730.0000000000
2020-01-02 00:00,580764.0000000000
2020-01-03 00:00,559413.0000000000
2020-01-04 00:00,524756.0000000000
2020-01-05 00:00,626331.0000000000
2020-01-06 00:00,646125.0000000000
2020-01-07 00:00,653739.0000000000
2020-01-08 00:00,620858.0000000000
2020-01-09 00:00,571722.0000000000
2020-01-10 00:00,549254.0000000000
2020-01-11 00:00,523426.0000000000
2020-01-12 00:00,566007.0000000000
2020-01-13 00:00,672533.0000000000
2020-01-14 00:00,697200.0000000000
2020-01-15 00:00,693340.0000000000
2020-01-16 00:00,676608.0000000000
2020-01-17 00:00,628487.0000000000
2020-01-18 00:00,615090.0000000000
2020-01-19 00:00,598952.0000000000
2020-01-20 00:00,558227.0000000000
2020-01-21 00:00,513832.0000000000
2020-01-22 00:00,551836.0000000000
2020-01-23 00:00,497217.0000000000
2020-01-24 00:00,435509.0000000000
2020-01-25 00:00,428973.0000000000
2020-01-26 00:00,476589.0000000000
2020-01-27 00:00,526058.0000000000
2020-01-28 00:00,551698.0000000000
2020-01-29 00:00,565962.0000000000
2020-01-30 00:00,583096.0000000000
2020-01-31 00:00,545427.0000000000
2020-02-01 00:00,530340.0000000000
2020-02-02 00:00,621595.0000000000
2020-02-03 00:00,524660.0000000000
2020-02-04 00:00,610489.0000000000
2020-02-05 00:00,606824.0000000000
2020-02-06 00:00,625723.0000000000
2020-02-07 00:00,661155.0000000000
2020-02-08 00:00,628718.0000000000
2020-02-09 00:00,667923.0000000000
2020-02-10 00:00,709524.0000000000
2020-02-11 00:00,797799.0000000000
2020-02-12 00:00,764546.0000000000
2020-02-13 00:00,772515.0000000000
2020-02-14 00:00,699154.0000000000
2020-02-15 00:00,661266.0000000000
2020-02-16 00:00,695030.0000000000
2020-02-17 00:00,733722.0000000000
2020-02-18 00:00,695767.0000000000
2020-02-19 00:00,689653.0000000000
2020-02-20 00:00,670690.0000000000
2020-02-21 00:00,605834.0000000000
2020-02-22 00:00,606214.0000000000
2020-02-23 00:00,687732.0000000000
2020-02-24 00:00,670582.0000000000
2020-02-25 00:00,705493.0000000000
2020-02-26 00:00,715441.0000000000
2020-02-27 00:00,688280.0000000000
2020-02-28 00:00,620971.0000000000
2020-02-29 00:00,627956.0000000000
2020-03-01 00:00,683241.0000000000
2020-03-02 00:00,661093.0000000000
2020-03-03 00:00,663898.0000000000
2020-03-04 00:00,719910.0000000000
2020-03-05 00:00,676904.0000000000
2020-03-06 00:00,630426.0000000000
2020-03-07 00:00,662708.0000000000
2020-03-08 00:00,784862.0000000000
2020-03-09 00:00,760707.0000000000
2020-03-10 00:00,712673.0000000000
2020-03-11 00:00,760131.0000000000
2020-03-12 00:00,847492.0000000000
2020-03-13 00:00,681676.0000000000
2020-03-14 00:00,657577.0000000000
2020-03-15 00:00,783515.0000000000
2020-03-16 00:00,762883.0000000000
2020-03-17 00:00,769067.0000000000
2020-03-18 00:00,863579.0000000000
2020-03-19 00:00,822108.0000000000
2020-03-20 00:00,856888.0000000000
2020-03-21 00:00,747555.0000000000
2020-03-22 00:00,801731.0000000000
2020-03-23 00:00,791789.0000000000
2020-03-24 00:00,765088.0000000000
2020-03-25 00:00,771967.0000000000
2020-03-26 00:00,749087.0000000000
2020-03-27 00:00,668321.0000000000
2020-03-28 00:00,607372.0000000000
2020-03-29 00:00,724023.0000000000
2020-03-30 00:00,731883.0000000000
2020-03-31 00:00,682857.0000000000
2020-04-01 00:00,719350.0000000000
2020-04-02 00:00,722000.0000000000
2020-04-03 00:00,625343.0000000000
2020-04-04 00:00,614183.0000000000
2020-04-05 00:00,771283.0000000000
2020-04-06 00:00,783081.0000000000
2020-04-07 00:00,830264.0000000000
2020-04-08 00:00,727513.0000000000
2020-04-09 00:00,744335.0000000000
2020-04-10 00:00,680886.0000000000
2020-04-11 00:00,678831.0000000000
2020-04-12 00:00,744353.0000000000
2020-04-13 00:00,814462.0000000000
2020-04-14 00:00,792024.0000000000
2020-04-15 00:00,790848.0000000000
2020-04-16 00:00,785913.0000000000
2020-04-17 00:00,781448.0000000000
2020-04-18 00:00,740181.0000000000
2020-04-19 00:00,830230.0000000000
2020-04-20 00:00,812551.0000000000
2020-04-21 00:00,790817.0000000000
2020-04-22 00:00,825703.0000000000
2020-04-23 00:00,846561.0000000000
2020-04-24 00:00,791224.0000000000
2020-04-25 00:00,801093.0000000000
2020-04-26 00:00,840417.0000000000
2020-04-27 00:00,837629.0000000000
2020-04-28 00:00,898005.0000000000
2020-04-29 00:00,898958.0000000000
2020-04-30 00:00,827878.0000000000
2020-05-01 00:00,766188.0000000000
2020-05-02 00:00,788519.0000000000
2020-05-03 00:00,773344.0000000000
2020-05-04 00:00,785339.0000000000
2020-05-05 00:00,833363.0000000000
2020-05-06 00:00,875523.0000000000
2020-05-07 00:00,887875.0000000000
2020-05-08 00:00,895161.0000000000
2020-05-09 00:00,879252.0000000000
2020-05-10 00:00,887896.0000000000
2020-05-11 00:00,880157.0000000000
2020-05-12 00:00,856759.0000000000
2020-05-13 00:00,820055.0000000000
2020-05-14 00:00,887255.0000000000
2020-05-15 00:00,874132.0000000000
2020-05-16 00:00,810223.0000000000
2020-05-17 00:00,857459.0000000000
2020-05-18 00:00,847652.0000000000
2020-05-19 00:00,855697.0000000000
2020-05-20 00:00,867862.0000000000
2020-05-21 00:00,916217.0000000000
2020-05-22 00:00,868195.0000000000
2020-05-23 00:00,825159.0000000000
2020-05-24 00:00,875597.0000000000
2020-05-25 00:00,918537.0000000000
2020-05-26 00:00,896609.0000000000
2020-05-27 00:00,907813.0000000000
2020-05-28 00:00,950075.0000000000
2020-05-29 00:00,882144.0000000000
2020-05-30 00:00,849537.0000000000
2020-05-31 00:00,928946.0000000000
2020-06-01 00:00,981600.0000000000
2020-06-02 00:00,899007.0000000000
2020-06-03 00:00,930801.0000000000
2020-06-04 00:00,901007.0000000000
2020-06-05 00:00,946828.0000000000
2020-06-06 00:00,943406.0000000000
2020-06-07 00:00,964927.0000000000
2020-06-08 00:00,923677.0000000000
2020-06-09 00:00,939934.0000000000
2020-06-10 00:00,925183.0000000000
2020-06-11 00:00,888999.0000000000
2020-06-12 00:00,833867.0000000000
2020-06-13 00:00,785689.0000000000
2020-06-14 00:00,912137.0000000000
2020-06-15 00:00,904340.0000000000
2020-06-16 00:00,879768.0000000000
2020-06-17 00:00,914167.0000000000
2020-06-18 00:00,946292.0000000000
2020-06-19 00:00,940931.0000000000
2020-06-20 00:00,988151.0000000000
2020-06-21 00:00,1092626.0000000000
2020-06-22 00:00,1119756.0000000000
2020-06-23 00:00,1070922.0000000000
2020-06-24 00:00,1042273.0000000000
2020-06-25 00:00,1017408.0000000000
2020-06-26 00:00,1017192.0000000000
2020-06-27 00:00,997942.0000000000
2020-06-28 00:00,1056443.0000000000
2020-06-29 00:00,1112487.0000000000
2020-06-30 00:00,1044558.0000000000
2020-07-01 00:00,1039546.0000000000
2020-07-02 00:00,1021995.0000000000
2020-07-03 00:00,946562.0000000000
2020-07-04 00:00,879799.0000000000
2020-07-05 00:00,1018491.0000000000
2020-07-06 00:00,1065631.0000000000
2020-07-07 00:00,1092570.0000000000
2020-07-08 00:00,1069962.0000000000
2020-07-09 00:00,1035529.0000000000
2020-07-10 00:00,982343.0000000000
2020-07-11 00:00,998486.0000000000
2020-07-12 00:00,1150942.0000000000
2020-07-13 00:00,1098670.0000000000
2020-07-14 00:00,1111758.0000000000
2020-07-15 00:00,1068571.0000000000
2020-07-16 00:00,1077502.0000000000
2020-07-17 00:00,1071441.0000000000
2020-07-18 00:00,1081829.0000000000
2020-07-19 00:00,1143791.0000000000
2020-07-20 00:00,1120314.0000000000
2020-07-21 00:00,1139217.0000000000
2020-07-22 00:00,1146908.0000000000
2020-07-23 00:00,1146379.0000000000
2020-07-24 00:00,1175164.0000000000
2020-07-25 00:00,1138694.0000000000
2020-07-26 00:00,1262335.0000000000
2020-07-27 00:00,1221530.0000000000
2020-07-28 00:00,1165019.0000000000
2020-07-29 00:00,1163642.0000000000
2020-07-30 00:00,1218379.0000000000
2020-07-31 00:00,1171314.0000000000
2020-08-01 00:00,1124976.0000000000
2020-08-02 00:00,1176664.0000000000
2020-08-03 00:00,1163922.0000000000
2020-08-04 00:00,1181628.0000000000
2020-08-05 00:00,1216417.0000000000
2020-08-06 00:00,1248905.0000000000
2020-08-07 00:00,1181903.0000000000
2020-08-08 00:00,1229370.0000000000
2020-08-09 00:00,1289917.0000000000
2020-08-10 00:00,1253807.0000000000
2020-08-11 00:00,1230025.0000000000
2020-08-12 00:00,1207922.0000000000
2020-08-13 00:00,1201087.0000000000
2020-08-14 00:00,1108434.0000000000
2020-08-15 00:00,1150701.0000000000
2020-08-16 00:00,1181609.0000000000
2020-08-17 00:00,1229057.0000000000
2020-08-18 00:00,1217242.0000000000
2020-08-19 00:00,1183306.0000000000
2020-08-20 00:00,1257539.0000000000
2020-08-21 00:00,1102755.0000000000
2020-08-22 00:00,1123007.0000000000
2020-08-23 00:00,1161527.0000000000
2020-08-24 00:00,1137481.0000000000
2020-08-25 00:00,1166115.0000000000
2020-08-26 00:00,1136263.0000000000
2020-08-27 00:00,1132188.0000000000
2020-08-28 00:00,1130669.0000000000
2020-08-29 00:00,1142137.0000000000
2020-08-30 00:00,1236029.0000000000
2020-08-31 00:00,1244877.0000000000
2020-09-01 00:00,1180358.0000000000
2020-09-02 00:00,1149014.0000000000
2020-09-03 00:00,1141189.0000000000
2020-09-04 00:00,1040863.0000000000
2020-09-05 00:00,1026776.0000000000
2020-09-06 00:00,1050948.0000000000
2020-09-07 00:00,1026881.0000000000
2020-09-08 00:00,1052916.0000000000
2020-09-09 00:00,1120940.0000000000
2020-09-10 00:00,1074468.0000000000
2020-09-11 00:00,1034202.0000000000
2020-09-12 00:00,1041496.0000000000
2020-09-13 00:00,1079715.0000000000
2020-09-14 00:00,1089560.0000000000
2020-09-15 00:00,1034376.0000000000
2020-09-16 00:00,1406426.0000000000
2020-09-17 00:00,1244986.0000000000
2020-09-18 00:00,1089170.0000000000
2020-09-19 00:00,1095539.0000000000
2020-09-20 00:00,1134540.0000000000
2020-09-21 00:00,1081771.0000000000
2020-09-22 00:00,1084394.0000000000
2020-09-23 00:00,1087346.0000000000
2020-09-24 00:00,1034642.0000000000
2020-09-25 00:00,984681.0000000000
2020-09-26 00:00,966343.0000000000
2020-09-27 00:00,1080505.0000000000
2020-09-28 00:00,1087937.0000000000
2020-09-29 00:00,1079413.0000000000
2020-09-30 00:00,1018910.0000000000
2020-10-01 00:00,1002123.0000000000
2020-10-02 00:00,956532.0000000000
2020-10-03 00:00,985166.0000000000
2020-10-04 00:00,1027261.0000000000
2020-10-05 00:00,1083767.0000000000
2020-10-06 00:00,1035439.0000000000
2020-10-07 00:00,1020148.0000000000
2020-10-08 00:00,1049726.0000000000
2020-10-09 00:00,1036157.0000000000
2020-10-10 00:00,1004588.0000000000
2020-10-11 00:00,1091698.0000000000
2020-10-12 00:00,1126836.0000000000
2020-10-13 00:00,1093726.0000000000
2020-10-14 00:00,1249098.0000000000
2020-10-15 00:00,1161506.0000000000
2020-10-16 00:00,1051551.0000000000
2020-10-17 00:00,995653.0000000000
2020-10-18 00:00,1129183.0000000000
2020-10-19 00:00,1105706.0000000000
2020-10-20 00:00,1159121.0000000000
2020-10-21 00:00,1189926.0000000000
2020-10-22 00:00,1132720.0000000000
2020-10-23 00:00,1012256.0000000000
2020-10-24 00:00,964812.0000000000
2020-10-25 00:00,1086219.0000000000
2020-10-26 00:00,1078301.0000000000
2020-10-27 00:00,1139423.0000000000
2020-10-28 00:00,1107679.0000000000
2020-10-29 00:00,1111077.0000000000
2020-10-30 00:00,1089072.0000000000
2020-10-31 00:00,1051264.0000000000
2020-11-01 00:00,1157299.0000000000
2020-11-02 00:00,1120553.0000000000
2020-11-03 00:00,1136844.0000000000
2020-11-04 00:00,1129108.0000000000
2020-11-05 00:00,1171705.0000000000
2020-11-06 00:00,1132749.0000000000
2020-11-07 00:00,1016809.0000000000
2020-11-08 00:00,1148728.0000000000
2020-11-09 00:00,1157951.0000000000
2020-11-10 00:00,1096823.0000000000
2020-11-11 00:00,1099096.0000000000
2020-11-12 00:00,1156506.0000000000
2020-11-13 00:00,1066891.0000000000
2020-11-14 00:00,1037216.0000000000
2020-11-15 00:00,1105777.0000000000
2020-11-16 00:00,1173914.0000000000
2020-11-17 00:00,1120875.0000000000
2020-11-18 00:00,1122263.0000000000
2020-11-19 00:00,1162694.0000000000
2020-11-20 00:00,1172126.0000000000
2020-11-21 00:00,1147768.0000000000
2020-11-22 00:00,1214026.0000000000
2020-11-23 00:00,1239868.0000000000
2020-11-24 00:00,1205592.0000000000
2020-11-25 00:00,1173055.0000000000
2020-11-26 00:00,1102981.0000000000
2020-11-27 00:00,991581.0000000000
2020-11-28 00:00,994524.0000000000
2020-11-29 00:00,1183764.0000000000
2020-11-30 00:00,1171953.0000000000
2020-12-01 00:00,1072235.0000000000
2020-12-02 00:00,1112474.0000000000
2020-12-03 00:00,1133836.0000000000
2020-12-04 00:00,1055777.0000000000
2020-12-05 00:00,1034493.0000000000
2020-12-06 00:00,1101987.0000000000
2020-12-07 00:00,1150105.0000000000
2020-12-08 00:00,1150809.0000000000
2020-12-09 00:00,1092316.0000000000
2020-12-10 00:00,1122363.0000000000
2020-12-11 00:00,1091240.0000000000
2020-12-12 00:00,1142599.0000000000
2020-12-13 00:00,1241413.0000000000
2020-12-14 00:00,1214104.0000000000
2020-12-15 00:00,1261507.0000000000
2020-12-16 00:00,1341531.0000000000
2020-12-17 00:00,1194448.0000000000
2020-12-18 00:00,1162978.0000000000
2020-12-19 00:00,1074114.0000000000
2020-12-20 00:00,1147134.0000000000
2020-12-21 00:00,1146879.0000000000
2020-12-22 00:00,1254133.0000000000
2020-12-23 00:00,1142597.0000000000
2020-12-24 00:00,1140472.0000000000
2020-12-25 00:00,1139206.0000000000
2020-12-26 00:00,1177585.0000000000
2020-12-27 00:00,1255807.0000000000
2020-12-28 00:00,1206676.0000000000
2020-12-29 00:00,1228260.0000000000
2020-12-30 00:00,1163701.0000000000
2020-12-31 00:00,1136916.0000000000
2021-01-01 00:00,1170316.0000000000
2021-01-02 00:00,1234659.0000000000
2021-01-03 00:00,1274879.0000000000
2021-01-04 00:00,1258534.0000000000
2021-01-05 00:00,1279838.0000000000
2021-01-06 00:00,1298516.0000000000
2021-01-07 00:00,1288635.0000000000
2021-01-08 00:00,1231738.0000000000
2021-01-09 00:00,1211119.0000000000
2021-01-10 00:00,1280066.0000000000
2021-01-11 00:00,1166027.0000000000
2021-01-12 00:00,1126151.0000000000
2021-01-13 00:00,1184046.0000000000
2021-01-14 00:00,1227170.0000000000
2021-01-15 00:00,1192844.0000000000
2021-01-16 00:00,1132808.0000000000
2021-01-17 00:00,1217347.0000000000
2021-01-18 00:00,1252355.0000000000
2021-01-19 00:00,1213276.0000000000
2021-01-20 00:00,1178168.0000000000
2021-01-21 00:00,1182955.0000000000
2021-01-22 00:00,1141315.0000000000
2021-01-23 00:00,1117862.0000000000
2021-01-24 00:00,1207565.0000000000
2021-01-25 00:00,1195051.0000000000
2021-01-26 00:00,1140478.0000000000
2021-01-27 00:00,1192175.0000000000
2021-01-28 00:00,1293474.0000000000
2021-01-29 00:00,1218441.0000000000
2021-01-30 00:00,1244422.0000000000
2021-01-31 00:00,1300546.0000000000
2021-02-01 00:00,1303327.0000000000
2021-02-02 00:00,1314661.0000000000
2021-02-03 00:00,1310556.0000000000
2021-02-04 00:00,1317013.0000000000
2021-02-05 00:00,1227668.0000000000
2021-02-06 00:00,1230543.0000000000
2021-02-07 00:00,1276055.0000000000
2021-02-08 00:00,1327672.0000000000
2021-02-09 00:00,1320188.0000000000
2021-02-10 00:00,1270178.0000000000
2021-02-11 00:00,1289969.0000000000
2021-02-12 00:00,1252243.0000000000
2021-02-13 00:00,1206384.0000000000
2021-02-14 00:00,1209765.0000000000
2021-02-15 00:00,1217301.0000000000
2021-02-16 00:00,1259440.0000000000
2021-02-17 00:00,1298716.0000000000
2021-02-18 00:00,1323261.0000000000
2021-02-19 00:00,1337234.0000000000
2021-02-20 00:00,1233874.0000000000
2021-02-21 00:00,1311927.0000000000
2021-02-22 00:00,1302480.0000000000
2021-02-23 00:00,1285183.0000000000
2021-02-24 00:00,1232525.0000000000
2021-02-25 00:00,1235477.0000000000
2021-02-26 00:00,1201829.0000000000
2021-02-27 00:00,1179113.0000000000
2021-02-28 00:00,1185195.0000000000
2021-03-01 00:00,1240945.0000000000
2021-03-02 00:00,1234822.0000000000
2021-03-03 00:00,1233963.0000000000
2021-03-04 00:00,1208432.0000000000
2021-03-05 00:00,1159744.0000000000
2021-03-06 00:00,1180312.0000000000
2021-03-07 00:00,1216235.0000000000
2021-03-08 00:00,1275775.0000000000
2021-03-09 00:00,1256002.0000000000
2021-03-10 00:00,1283234.0000000000
2021-03-11 00:00,1325277.0000000000
2021-03-12 00:00,1293083.0000000000
2021-03-13 00:00,1277993.0000000000
2021-03-14 00:00,1320935.0000000000
2021-03-15 00:00,1308070.0000000000
2021-03-16 00:00,1272488.0000000000
2021-03-17 00:00,1299441.0000000000
2021-03-18 00:00,1290392.0000000000
2021-03-19 00:00,1262459.0000000000
2021-03-20 00:00,1205059.0000000000
2021-03-21 00:00,1306795.0000000000
2021-03-22 00:00,1298359.0000000000
2021-03-23 00:00,1309437.0000000000
2021-03-24 00:00,1350090.0000000000
2021-03-25 00:00,1266604.0000000000
2021-03-26 00:00,1231009.0000000000
2021-03-27 00:00,1210478.0000000000
2021-03-28 00:00,1270015.0000000000
2021-03-29 00:00,1301281.0000000000
2021-03-30 00:00,1352699.0000000000
2021-03-31 00:00,1368512.0000000000
2021-04-01 00:00,1358201.0000000000
2021-04-02 00:00,1292652.0000000000
2021-04-03 00:00,1198063.0000000000
2021-04-04 00:00,1296942.0000000000
2021-04-05 00:00,1335294.0000000000
2021-04-06 00:00,1313279.0000000000
2021-04-07 00:00,1284417.0000000000
2021-04-08 00:00,1300011.0000000000
2021-04-09 00:00,1314719.0000000000
2021-04-10 00:00,1256285.0000000000
2021-04-11 00:00,1347990.0000000000
2021-04-12 00:00,1350416.0000000000
2021-04-13 00:00,1385300.0000000000
2021-04-14 00:00,1197439.0000000000
2021-04-15 00:00,1427314.0000000000
2021-04-16 00:00,1452337.0000000000
2021-04-17 00:00,1396421.0000000000
2021-04-18 00:00,1477681.0000000000
2021-04-19 00:00,1554215.0000000000
2021-04-20 00:00,1565656.0000000000
2021-04-21 00:00,1578069.0000000000
2021-04-22 00:00,1536976.0000000000
2021-04-23 00:00,1389025.0000000000
2021-04-24 00:00,1389066.0000000000
2021-04-25 00:00,1447437.0000000000
2021-04-26 00:00,1448265.0000000000
2021-04-27 00:00,1516852.0000000000
2021-04-28 00:00,1530452.0000000000
2021-04-29 00:00,1441906.0000000000
2021-04-30 00:00,1427652.0000000000
2021-05-01 00:00,1417156.0000000000
2021-05-02 00:00,1488113.0000000000
2021-05-03 00:00,1536697.0000000000
2021-05-04 00:00,1518453.0000000000
2021-05-05 00:00,1531435.0000000000
2021-05-06 00:00,1527977.0000000000
2021-05-07 00:00,1710172.0000000000
2021-05-08 00:00,1716293.0000000000
2021-05-09 00:00,1716074.0000000000
2021-05-10 00:00,1716294.0000000000
2021-05-11 00:00,1623553.0000000000
2021-05-12 00:00,1587733.0000000000
2021-05-13 00:00,1531536.0000000000
2021-05-14 00:00,1472240.0000000000
2021-05-15 00:00,1426513.0000000000
2021-05-16 00:00,1445476.0000000000
2021-05-17 00:00,1424980.0000000000
2021-05-18 00:00,1459448.0000000000
2021-05-19 00:00,1459509.0000000000
2021-05-20 00:00,1367945.0000000000
2021-05-21 00:00,1284474.0000000000
2021-05-22 00:00,1262566.0000000000
2021-05-23 00:00,1312724.0000000000
2021-05-24 00:00,1289663.0000000000
2021-05-25 00:00,1325507.0000000000
2021-05-26 00:00,1290789.0000000000
2021-05-27 00:00,1305573.0000000000
2021-05-28 00:00,1292187.0000000000
2021-05-29 00:00,1279254.0000000000
2021-05-30 00:00,1298973.0000000000
2021-05-31 00:00,1274825.0000000000
2021-06-01 00:00,1314486.0000000000
2021-06-02 00:00,1337493.0000000000
2021-06-03 00:00,1300525.0000000000
2021-06-04 00:00,1177929.0000000000
2021-06-05 00:00,1135842.0000000000
2021-06-06 00:00,1225153.0000000000
2021-06-07 00:00,1220890.0000000000
2021-06-08 00:00,1193820.0000000000
2021-06-09 00:00,1188358.0000000000
2021-06-10 00:00,1182990.0000000000
2021-06-11 00:00,1131283.0000000000
2021-06-12 00:00,1124515.0000000000
2021-06-13 00:00,1188297.0000000000
2021-06-14 00:00,1223998.0000000000
2021-06-15 00:00,1201891.0000000000
2021-06-16 00:00,1217068.0000000000
2021-06-17 00:00,1170962.0000000000
2021-06-18 00:00,1050535.0000000000
2021-06-19 00:00,1056865.0000000000
2021-06-20 00:00,1209392.0000000000
2021-06-21 00:00,1296333.0000000000
2021-06-22 00:00,1201424.0000000000
2021-06-23 00:00,1207297.0000000000
2021-06-24 00:00,1226620.0000000000
2021-06-25 00:00,1151818.0000000000
2021-06-26 00:00,1103985.0000000000
2021-06-27 00:00,1400213.0000000000
2021-06-28 00:00,1263363.0000000000
2021-06-29 00:00,1213448.0000000000
2021-06-30 00:00,1211358.0000000000
2021-07-01 00:00,1181099.0000000000
2021-07-02 00:00,1122273.0000000000
2021-07-03 00:00,1104938.0000000000
2021-07-04 00:00,1148028.0000000000
2021-07-05 00:00,1356944.0000000000
2021-07-06 00:00,1290727.0000000000
2021-07-07 00:00,1262565.0000000000
2021-07-08 00:00,1222821.0000000000
2021-07-09 00:00,1139169.0000000000
2021-07-10 00:00,1101464.0000000000
2021-07-11 00:00,1191222.0000000000
2021-07-12 00:00,1185429.0000000000
2021-07-13 00:00,1223507.0000000000
2021-07-14 00:00,1259859.0000000000
2021-07-15 00:00,1198258.0000000000
2021-07-16 00:00,1163684.0000000000
2021-07-17 00:00,1169468.0000000000
2021-07-18 00:00,1195325.0000000000
2021-07-19 00:00,1191915.0000000000
2021-07-20 00:00,1194903.0000000000
2021-07-21 00:00,1201586.0000000000
2021-07-22 00:00,1203306.0000000000
2021-07-23 00:00,1225869.0000000000
2021-07-24 00:00,1129624.0000000000
2021-07-25 00:00,1259799.0000000000
2021-07-26 00:00,1315350.0000000000
2021-07-27 00:00,1299889.0000000000
2021-07-28 00:00,1257269.0000000000
2021-07-29 00:00,1242250.0000000000
2021-07-30 00:00,1212267.0000000000
2021-07-31 00:00,1190329.0000000000
2021-08-01 00:00,1268677.0000000000
2021-08-02 00:00,1219942.0000000000
2021-08-03 00:00,1223473.0000000000
2021-08-04 00:00,1159615.0000000000
2021-08-05 00:00,1212021.0000000000
2021-08-06 00:00,1198433.0000000000
2021-08-07 00:00,1183797.0000000000
2021-08-08 00:00,1218127.0000000000
2021-08-09 00:00,1211541.0000000000
2021-08-10 00:00,1233437.0000000000
2021-08-11 00:00,1193102.0000000000
2021-08-12 00:00,1196178.0000000000
2021-08-13 00:00,1159620.0000000000
2021-08-14 00:00,1123014.0000000000
2021-08-15 00:00,1252528.0000000000
2021-08-16 00:00,1251143.0000000000
2021-08-17 00:00,1200887.0000000000
2021-08-18 00:00,1255762.0000000000
2021-08-19 00:00,1260395.0000000000
2021-08-20 00:00,1187346.0000000000
2021-08-21 00:00,1184967.0000000000
2021-08-22 00:00,1245387.0000000000
2021-08-23 00:00,1248312.0000000000
2021-08-24 00:00,1183808.0000000000
2021-08-25 00:00,1175386.0000000000
2021-08-26 00:00,1118054.0000000000
2021-08-27 00:00,1132100.0000000000
2021-08-28 00:00,1148381.0000000000
2021-08-29 00:00,1199404.0000000000
2021-08-30 00:00,1204777.0000000000
2021-08-31 00:00,1224567.0000000000
2021-09-01 00:00,1261197.0000000000
2021-09-02 00:00,1196082.0000000000
2021-09-03 00:00,1184136.0000000000
2021-09-04 00:00,1136467.0000000000
2021-09-05 00:00,1194783.0000000000
2021-09-06 00:00,1279125.0000000000
2021-09-07 00:00,1160917.0000000000
2021-09-08 00:00,1206687.0000000000
2021-09-09 00:00,1244706.0000000000
2021-09-10 00:00,1249438.0000000000
2021-09-11 00:00,1211328.0000000000
2021-09-12 00:00,1267491.0000000000
2021-09-13 00:00,1231240.0000000000
2021-09-14 00:00,1207590.0000000000
2021-09-15 00:00,1224358.0000000000
2021-09-16 00:00,1187578.0000000000
2021-09-17 00:00,1143196.0000000000
2021-09-18 00:00,1128226.0000000000
2021-09-19 00:00,1174559.0000000000
2021-09-20 00:00,1193295.0000000000
2021-09-21 00:00,1174030.0000000000
2021-09-22 00:00,1193053.0000000000
2021-09-23 00:00,1152685.0000000000
2021-09-24 00:00,1121078.0000000000
2021-09-25 00:00,1088537.0000000000
2021-09-26 00:00,1133903.0000000000
2021-09-27 00:00,1108122.0000000000
2021-09-28 00:00,1135646.0000000000
2021-09-29 00:00,1115850.0000000000
2021-09-30 00:00,1207263.0000000000
2021-10-01 00:00,1117899.0000000000
2021-10-02 00:00,1130224.0000000000
2021-10-03 00:00,1121513.0000000000
2021-10-04 00:00,1235674.0000000000
2021-10-05 00:00,1318362.0000000000
2021-10-06 00:00,1320004.0000000000
2021-10-07 00:00,1277815.0000000000
2021-10-08 00:00,1191856.0000000000
2021-10-09 00:00,1137901.0000000000
2021-10-10 00:00,1183486.0000000000
2021-10-11 00:00,1203566.0000000000
2021-10-12 00:00,1189854.0000000000
2021-10-13 00:00,1227097.0000000000
2021-10-14 00:00,1302993.0000000000
2021-10-15 00:00,1181031.0000000000
2021-10-16 00:00,1144184.0000000000
2021-10-17 00:00,1197673.0000000000
2021-10-18 00:00,1243503.0000000000
2021-10-19 00:00,1259885.0000000000
2021-10-20 00:00,1277275.0000000000
2021-10-21 00:00,1256044.0000000000
2021-10-22 00:00,1235169.0000000000
2021-10-23 00:00,1261312.0000000000
2021-10-24 00:00,1299495.0000000000
2021-10-25 00:00,1344772.0000000000
2021-10-26 00:00,1370504.0000000000
2021-10-27 00:00,1510502.0000000000
2021-10-28 00:00,1456333.0000000000
2021-10-29 00:00,1379095.0000000000