date,supply
2015-08-06 00:00,72263783.9369800000
2015-08-07 00:00,72290135.4994800000
2015-08-08 00:00,72315816.2807300000
2015-08-09 00:00,72342156.1244800000
2015-08-10 00:00,72368624.5619800000
2015-08-11 00:00,72394318.6244800000
2015-08-12 00:00,72420827.3744800000
2015-08-13 00:00,72449959.0932300000
2015-08-14 00:00,72476937.9994800000
2015-08-15 00:00,72502658.1557300000
2015-08-16 00:00,72529452.0619800000
2015-08-17 00:00,72554252.9994800000
2015-08-18 00:00,72580269.4057300000
2015-08-19 00:00,72600429.5619800000
2015-08-20 00:00,72625922.3744800000
2015-08-21 00:00,72652327.8432300000
2015-08-22 00:00,72677442.8432300000
2015-08-23 00:00,72703421.7494800000
2015-08-24 00:00,72728959.0932300000
2015-08-25 00:00,72754021.4369800000
2015-08-26 00:00,72777602.9994800000
2015-08-27 00:00,72800908.1557300000
2015-08-28 00:00,72822589.4057300000
2015-08-29 00:00,72843392.3744800000
2015-08-30 00:00,72864030.8119800000
2015-08-31 00:00,72883747.5307300000
2015-09-01 00:00,72901653.6244800000
2015-09-02 00:00,72918588.3119800000
2015-09-03 00:00,72940839.5619800000
2015-09-04 00:00,72965487.3744800000
2015-09-05 00:00,72990431.2807300000
2015-09-06 00:00,73014654.8744800000
2015-09-07 00:00,73039324.2494800000
2015-09-08 00:00,73064553.1557300000
2015-09-09 00:00,73089627.9994800000
2015-09-10 00:00,73115397.2182300000
2015-09-11 00:00,73140580.1869800000
2015-09-12 00:00,73165490.3432300000
2015-09-13 00:00,73189801.5932300000
2015-09-14 00:00,73214070.6557300000
2015-09-15 00:00,73238915.0307300000
2015-09-16 00:00,73263013.1557300000
2015-09-17 00:00,73287521.1244800000
2015-09-18 00:00,73312987.6869800000
2015-09-19 00:00,73339573.4682300000
2015-09-20 00:00,73365001.5932300000
2015-09-21 00:00,73390303.1557300000
2015-09-22 00:00,73416180.3432300000
2015-09-23 00:00,73441338.6244800000
2015-09-24 00:00,73467025.8119800000
2015-09-25 00:00,73491728.6244800000
2015-09-26 00:00,73515641.5932300000
2015-09-27 00:00,73539374.5619800000
2015-09-28 00:00,73562623.6244800000
2015-09-29 00:00,73586464.2494800000
2015-09-30 00:00,73612572.5307300000
2015-10-01 00:00,73638338.1557300000
2015-10-02 00:00,73663768.7807300000
2015-10-03 00:00,73688242.6869800000
2015-10-04 00:00,73713333.3119800000
2015-10-05 00:00,73737404.8744800000
2015-10-06 00:00,73762470.9682300000
2015-10-07 00:00,73788273.1557300000
2015-10-08 00:00,73812836.4369800000
2015-10-09 00:00,73837358.6244800000
2015-10-10 00:00,73862770.6557300000
2015-10-11 00:00,73888555.0307300000
2015-10-12 00:00,73914142.0619800000
2015-10-13 00:00,73938862.0619800000
2015-10-14 00:00,73963533.1557300000
2015-10-15 00:00,73987990.8119800000
2015-10-16 00:00,74013319.5619800000
2015-10-17 00:00,74038090.9682300000
2015-10-18 00:00,74063011.4369800000
2015-10-19 00:00,74088013.3119800000
2015-10-20 00:00,74113008.4682300000
2015-10-21 00:00,74137231.1244800000
2015-10-22 00:00,74163597.8432300000
2015-10-23 00:00,74189505.3432300000
2015-10-24 00:00,74215040.1869800000
2015-10-25 00:00,74239637.3744800000
2015-10-26 00:00,74265796.1244800000
2015-10-27 00:00,74290693.3119800000
2015-10-28 00:00,74316554.0932300000
2015-10-29 00:00,74342777.9994800000
2015-10-30 00:00,74368509.5619800000
2015-10-31 00:00,74394397.2182300000
2015-11-01 00:00,74419600.1869800000
2015-11-02 00:00,74445114.7182300000
2015-11-03 00:00,74470825.4994800000
2015-11-04 00:00,74496414.4057300000
2015-11-05 00:00,74522194.7182300000
2015-11-06 00:00,74546890.6557300000
2015-11-07 00:00,74572084.7182300000
2015-11-08 00:00,74597284.2494800000
2015-11-09 00:00,74622638.9369800000
2015-11-10 00:00,74647888.6244800000
2015-11-11 00:00,74673391.9057300000
2015-11-12 00:00,74699093.3119800000
2015-11-13 00:00,74724839.7182300000
2015-11-14 00:00,74750902.3744800000
2015-11-15 00:00,74776187.5307300000
2015-11-16 00:00,74802082.9994800000
2015-11-17 00:00,74827534.4057300000
2015-11-18 00:00,74852489.0932300000
2015-11-19 00:00,74876157.0619800000
2015-11-20 00:00,74901397.9994800000
2015-11-21 00:00,74926714.7182300000
2015-11-22 00:00,74952235.1869800000
2015-11-23 00:00,74977315.8119800000
2015-11-24 00:00,75002088.3119800000
2015-11-25 00:00,75026864.2494800000
2015-11-26 00:00,75052816.7494800000
2015-11-27 00:00,75077945.9682300000
2015-11-28 00:00,75103281.9057300000
2015-11-29 00:00,75128762.5307300000
2015-11-30 00:00,75154240.9682300000
2015-12-01 00:00,75178439.2494800000
2015-12-02 00:00,75204548.1557300000
2015-12-03 00:00,75229655.6557300000
2015-12-04 00:00,75254750.0307300000
2015-12-05 00:00,75279385.8119800000
2015-12-06 00:00,75304317.8432300000
2015-12-07 00:00,75328945.3432300000
2015-12-08 00:00,75355079.4057300000
2015-12-09 00:00,75380872.3744800000
2015-12-10 00:00,75406253.3119800000
2015-12-11 00:00,75431709.2494800000
2015-12-12 00:00,75458171.5932300000
2015-12-13 00:00,75483237.6869800000
2015-12-14 00:00,75508657.2182300000
2015-12-15 00:00,75533630.8119800000
2015-12-16 00:00,75558996.4369800000
2015-12-17 00:00,75584161.1244800000
2015-12-18 00:00,75609413.7807300000
2015-12-19 00:00,75634218.6244800000
2015-12-20 00:00,75659163.9369800000
2015-12-21 00:00,75684880.1869800000
2015-12-22 00:00,75710516.4369800000
2015-12-23 00:00,75735672.3744800000
2015-12-24 00:00,75761130.3432300000
2015-12-25 00:00,75786213.6244800000
2015-12-26 00:00,75811376.7494800000
2015-12-27 00:00,75836850.3432300000
2015-12-28 00:00,75861827.6869800000
2015-12-29 00:00,75887033.3119800000
2015-12-30 00:00,75912303.4682300000
2015-12-31 00:00,75936796.2807300000
2016-01-01 00:00,75962350.1869800000
2016-01-02 00:00,75988102.8432300000
2016-01-03 00:00,76013663.4682300000
2016-01-04 00:00,76039384.5619800000
2016-01-05 00:00,76064924.4057300000
2016-01-06 00:00,76089916.5932300000
2016-01-07 00:00,76115883.3119800000
2016-01-08 00:00,76141464.7182300000
2016-01-09 00:00,76167005.1869800000
2016-01-10 00:00,76192600.9682300000
2016-01-11 00:00,76217302.3744800000
2016-01-12 00:00,76242375.1869800000
2016-01-13 00:00,76267885.6557300000
2016-01-14 00:00,76293362.3744800000
2016-01-15 00:00,76318646.1244800000
2016-01-16 00:00,76343885.3432300000
2016-01-17 00:00,76369297.3744800000
2016-01-18 00:00,76394208.3119800000
2016-01-19 00:00,76419454.5619800000
2016-01-20 00:00,76444315.6557300000
2016-01-21 00:00,76469401.2807300000
2016-01-22 00:00,76494088.4682300000
2016-01-23 00:00,76519987.6869800000
2016-01-24 00:00,76544446.5932300000
2016-01-25 00:00,76570257.6869800000
2016-01-26 00:00,76595222.2182300000
2016-01-27 00:00,76620569.4057300000
2016-01-28 00:00,76645527.3744800000
2016-01-29 00:00,76670658.6244800000
2016-01-30 00:00,76695073.6244800000
2016-01-31 00:00,76720204.8744800000
2016-02-01 00:00,76745025.8119800000
2016-02-02 00:00,76771075.0307300000
2016-02-03 00:00,76796437.3744800000
2016-02-04 00:00,76821722.8432300000
2016-02-05 00:00,76846716.7494800000
2016-02-06 00:00,76872203.9369800000
2016-02-07 00:00,76897612.6869800000
2016-02-08 00:00,76922937.5307300000
2016-02-09 00:00,76947798.7807300000
2016-02-10 00:00,76972950.9682300000
2016-02-11 00:00,76998171.7494800000
2016-02-12 00:00,77023695.8119800000
2016-02-13 00:00,77048703.6244800000
2016-02-14 00:00,77073634.5619800000
2016-02-15 00:00,77098814.0932300000
2016-02-16 00:00,77123157.3744800000
2016-02-17 00:00,77148203.4682300000
2016-02-18 00:00,77173430.1869800000
2016-02-19 00:00,77198739.0932300000
2016-02-20 00:00,77224066.9057300000
2016-02-21 00:00,77249633.4682300000
2016-02-22 00:00,77274534.0932300000
2016-02-23 00:00,77299732.2182300000
2016-02-24 00:00,77325422.2182300000
2016-02-25 00:00,77350754.4057300000
2016-02-26 00:00,77375765.4994800000
2016-02-27 00:00,77400963.7807300000
2016-02-28 00:00,77425111.4369800000
2016-02-29 00:00,77450423.1557300000
2016-03-01 00:00,77475904.2494800000
2016-03-02 00:00,77501019.2494800000
2016-03-03 00:00,77526030.8119800000
2016-03-04 00:00,77551762.3744800000
2016-03-05 00:00,77576337.6869800000
2016-03-06 00:00,77601506.2807300000
2016-03-07 00:00,77626625.6557300000
2016-03-08 00:00,77651607.6869800000
2016-03-09 00:00,77677618.9369800000
2016-03-10 00:00,77702985.1869800000
2016-03-11 00:00,77728150.3432300000
2016-03-12 00:00,77754135.1869800000
2016-03-13 00:00,77779715.6557300000
2016-03-14 00:00,77809671.7494800000
2016-03-15 00:00,77839859.4057300000
2016-03-16 00:00,77870343.9369800000
2016-03-17 00:00,77900221.7494800000
2016-03-18 00:00,77930708.9369800000
2016-03-19 00:00,77960910.3432300000
2016-03-20 00:00,77990945.8119800000
2016-03-21 00:00,78021363.9369800000
2016-03-22 00:00,78051299.8744800000
2016-03-23 00:00,78081877.8432300000
2016-03-24 00:00,78112278.3119800000
2016-03-25 00:00,78142822.3744800000
2016-03-26 00:00,78173116.2807300000
2016-03-27 00:00,78203171.5932300000
2016-03-28 00:00,78233284.4057300000
2016-03-29 00:00,78263587.3744800000
2016-03-30 00:00,78293751.2807300000
2016-03-31 00:00,78324223.4682300000
2016-04-01 00:00,78353967.2182300000
2016-04-02 00:00,78384213.7807300000
2016-04-03 00:00,78414713.7807300000
2016-04-04 00:00,78444943.6244800000
2016-04-05 00:00,78475021.9057300000
2016-04-06 00:00,78504849.8744800000
2016-04-07 00:00,78535425.4994800000
2016-04-08 00:00,78565149.0932300000
2016-04-09 00:00,78595541.4369800000
2016-04-10 00:00,78625284.2494800000
2016-04-11 00:00,78655418.3119800000
2016-04-12 00:00,78685558.1557300000
2016-04-13 00:00,78715722.3744800000
2016-04-14 00:00,78746082.6869800000
2016-04-15 00:00,78776242.6869800000
2016-04-16 00:00,78806382.0619800000
2016-04-17 00:00,78836728.4682300000
2016-04-18 00:00,78866640.6557300000
2016-04-19 00:00,78896961.4369800000
2016-04-20 00:00,78926976.5932300000
2016-04-21 00:00,78957196.4369800000
2016-04-22 00:00,78987518.1557300000
2016-04-23 00:00,79017495.0307300000
2016-04-24 00:00,79048088.3119800000
2016-04-25 00:00,79077916.1244800000
2016-04-26 00:00,79108296.7494800000
2016-04-27 00:00,79138515.4994800000
2016-04-28 00:00,79168734.0932300000
2016-04-29 00:00,79199095.1869800000
2016-04-30 00:00,79228862.9994800000
2016-05-01 00:00,79259331.4369800000
2016-05-02 00:00,79289671.4369800000
2016-05-03 00:00,79319640.8119800000
2016-05-04 00:00,79349898.3119800000
2016-05-05 00:00,79380080.9682300000
2016-05-06 00:00,79410094.0932300000
2016-05-07 00:00,79440420.8119800000
2016-05-08 00:00,79470710.3432300000
2016-05-09 00:00,79500843.7807300000
2016-05-10 00:00,79530488.1557300000
2016-05-11 00:00,79561060.1869800000
2016-05-12 00:00,79591464.4057300000
2016-05-13 00:00,79621337.8432300000
2016-05-14 00:00,79651487.0619800000
2016-05-15 00:00,79681365.4994800000
2016-05-16 00:00,79711800.1869800000
2016-05-17 00:00,79742198.3119800000
2016-05-18 00:00,79772325.0307300000
2016-05-19 00:00,79802584.7182300000
2016-05-20 00:00,79832565.4994800000
2016-05-21 00:00,79863057.3744800000
2016-05-22 00:00,79893202.9994800000
2016-05-23 00:00,79923331.2807300000
2016-05-24 00:00,79953563.3119800000
2016-05-25 00:00,79983735.1869800000
2016-05-26 00:00,80014042.5307300000
2016-05-27 00:00,80044225.4994800000
2016-05-28 00:00,80074306.5932300000
2016-05-29 00:00,80104419.4057300000
2016-05-30 00:00,80134171.1244800000
2016-05-31 00:00,80164441.5932300000
2016-06-01 00:00,80194872.5307300000
2016-06-02 00:00,80225099.7182300000
2016-06-03 00:00,80255258.7807300000
2016-06-04 00:00,80285142.5307300000
2016-06-05 00:00,80315754.4057300000
2016-06-06 00:00,80345780.9682300000
2016-06-07 00:00,80376308.3119800000
2016-06-08 00:00,80406836.7494800000
2016-06-09 00:00,80436410.9682300000
2016-06-10 00:00,80467050.8119800000
2016-06-11 00:00,80497448.9369800000
2016-06-12 00:00,80527938.7807300000
2016-06-13 00:00,80558190.4994800000
2016-06-14 00:00,80588296.2807300000
2016-06-15 00:00,80618441.4369800000
2016-06-16 00:00,80647850.9682300000
2016-06-17 00:00,80677488.1557300000
2016-06-18 00:00,80708678.6244800000
2016-06-19 00:00,80738500.3432300000
2016-06-20 00:00,80768571.9057300000
2016-06-21 00:00,80799343.7807300000
2016-06-22 00:00,80829429.4057300000
2016-06-23 00:00,80859715.0307300000
2016-06-24 00:00,80889770.9682300000
2016-06-25 00:00,80920110.0307300000
2016-06-26 00:00,80950441.1244800000
2016-06-27 00:00,80980847.5307300000
2016-06-28 00:00,81010877.5307300000
2016-06-29 00:00,81040882.9994800000
2016-06-30 00:00,81071595.6557300000
2016-07-01 00:00,81101685.3432300000
2016-07-02 00:00,81131981.2807300000
2016-07-03 00:00,81162386.5932300000
2016-07-04 00:00,81192203.7807300000
2016-07-05 00:00,81222718.6244800000
2016-07-06 00:00,81252966.4369800000
2016-07-07 00:00,81283023.4682300000
2016-07-08 00:00,81313739.0932300000
2016-07-09 00:00,81344037.0619800000
2016-07-10 00:00,81374254.8744800000
2016-07-11 00:00,81404352.8432300000
2016-07-12 00:00,81434850.8119800000
2016-07-13 00:00,81464927.2182300000
2016-07-14 00:00,81494943.7807300000
2016-07-15 00:00,81525418.6244800000
2016-07-16 00:00,81555628.4682300000
2016-07-17 00:00,81586250.9682300000
2016-07-18 00:00,81616177.3744800000
2016-07-19 00:00,81645992.2182300000
2016-07-20 00:00,81676840.3432300000
2016-07-21 00:00,81706699.0932300000
2016-07-22 00:00,81737237.8432300000
2016-07-23 00:00,81766992.2182300000
2016-07-24 00:00,81797212.5307300000
2016-07-25 00:00,81826323.7807300000
2016-07-26 00:00,81857278.4682300000
2016-07-27 00:00,81887758.9369800000
2016-07-28 00:00,81917732.6869800000
2016-07-29 00:00,81947705.0307300000
2016-07-30 00:00,81977928.9369800000
2016-07-31 00:00,82007802.6869800000
2016-08-01 00:00,82037344.7182300000
2016-08-02 00:00,82067332.9994800000
2016-08-03 00:00,82098365.8119800000
2016-08-04 00:00,82128764.0932300000
2016-08-05 00:00,82158719.5619800000
2016-08-06 00:00,82189177.5307300000
2016-08-07 00:00,82219544.7182300000
2016-08-08 00:00,82250272.3744800000
2016-08-09 00:00,82280615.3432300000
2016-08-10 00:00,82311026.4369800000
2016-08-11 00:00,82341175.3432300000
2016-08-12 00:00,82371406.1244800000
2016-08-13 00:00,82401645.0307300000
2016-08-14 00:00,82432167.0619800000
2016-08-15 00:00,82462504.8744800000
2016-08-16 00:00,82492625.0307300000
2016-08-17 00:00,82523214.0932300000
2016-08-18 00:00,82553352.9994800000
2016-08-19 00:00,82583704.8744800000
2016-08-20 00:00,82614214.0932300000
2016-08-21 00:00,82644678.7807300000
2016-08-22 00:00,82674836.4369800000
2016-08-23 00:00,82705179.8744800000
2016-08-24 00:00,82735715.4994800000
2016-08-25 00:00,82765817.5307300000
2016-08-26 00:00,82796273.3119800000
2016-08-27 00:00,82826520.6557300000
2016-08-28 00:00,82856663.3119800000
2016-08-29 00:00,82886861.9057300000
2016-08-30 00:00,82917297.0619800000
2016-08-31 00:00,82947312.9994800000
2016-09-01 00:00,82977829.5619800000
2016-09-02 00:00,83007642.9994800000
2016-09-03 00:00,83037826.4369800000
2016-09-04 00:00,83068277.9994800000
2016-09-05 00:00,83098310.0307300000
2016-09-06 00:00,83128965.9682300000
2016-09-07 00:00,83159118.3119800000
2016-09-08 00:00,83189560.8119800000
2016-09-09 00:00,83219627.6869800000
2016-09-10 00:00,83250167.5307300000
2016-09-11 00:00,83280558.3119800000
2016-09-12 00:00,83310646.9057300000
2016-09-13 00:00,83341183.1557300000
2016-09-14 00:00,83371418.4682300000
2016-09-15 00:00,83401818.7807300000
2016-09-16 00:00,83432115.6557300000
2016-09-17 00:00,83460172.6869800000
2016-09-18 00:00,83492322.6869800000
2016-09-19 00:00,83523232.0619800000
2016-09-20 00:00,83553620.1869800000
2016-09-21 00:00,83582482.6869800000
2016-09-22 00:00,83613748.3119800000
2016-09-23 00:00,83643305.6557300000
2016-09-24 00:00,83674775.4994800000
2016-09-25 00:00,83704127.5307300000
2016-09-26 00:00,83734616.9057300000
2016-09-27 00:00,83765228.4682300000
2016-09-28 00:00,83795930.6557300000
2016-09-29 00:00,83826038.3119800000
2016-09-30 00:00,83855173.7807300000
2016-10-01 00:00,83885739.5619800000
2016-10-02 00:00,83916862.8432300000
2016-10-03 00:00,83947331.1244800000
2016-10-04 00:00,83976608.9369800000
2016-10-05 00:00,84006513.9369800000
2016-10-06 00:00,84036268.3119800000
2016-10-07 00:00,84067486.1244800000
2016-10-08 00:00,84097868.6244800000
2016-10-09 00:00,84128200.8119800000
2016-10-10 00:00,84158549.7182300000
2016-10-11 00:00,84188251.1244800000
2016-10-12 00:00,84219009.8744800000
2016-10-13 00:00,84249515.4994800000
2016-10-14 00:00,84279741.4369800000
2016-10-15 00:00,84310132.9994800000
2016-10-16 00:00,84340040.1869800000
2016-10-17 00:00,84370753.6244800000
2016-10-18 00:00,84399807.6869800000
2016-10-19 00:00,84431429.2494800000
2016-10-20 00:00,84461986.7494800000
2016-10-21 00:00,84492258.1557300000
2016-10-22 00:00,84522283.7807300000
2016-10-23 00:00,84552685.0307300000
2016-10-24 00:00,84582891.4369800000
2016-10-25 00:00,84613436.4369800000
2016-10-26 00:00,84643586.4369800000
2016-10-27 00:00,84673361.1244800000
2016-10-28 00:00,84701757.5307300000
2016-10-29 00:00,84732125.4994800000
2016-10-30 00:00,84762653.6244800000
2016-10-31 00:00,84791905.1869800000
2016-11-01 00:00,84821724.7182300000
2016-11-02 00:00,84851538.7807300000
2016-11-03 00:00,84881119.8744800000
2016-11-04 00:00,84911163.1557300000
2016-11-05 00:00,84941498.9369800000
2016-11-06 00:00,84973147.3744800000
2016-11-07 00:00,85004008.9369800000
2016-11-08 00:00,85033688.7807300000
2016-11-09 00:00,85063578.9369800000
2016-11-10 00:00,85093598.9369800000
2016-11-11 00:00,85124095.1869800000
2016-11-12 00:00,85155171.9057300000
2016-11-13 00:00,85185574.2494800000
2016-11-14 00:00,85215665.6557300000
2016-11-15 00:00,85245949.5619800000
2016-11-16 00:00,85275354.4057300000
2016-11-17 00:00,85306872.0619800000
2016-11-18 00:00,85337689.4057300000
2016-11-19 00:00,85368650.8119800000
2016-11-20 00:00,85399077.9994800000
2016-11-21 00:00,85428754.2494800000
2016-11-22 00:00,85458082.3744800000
2016-11-23 00:00,85487776.2807300000
2016-11-24 00:00,85518461.1244800000
2016-11-25 00:00,85548272.6869800000
2016-11-26 00:00,85578170.6557300000
2016-11-27 00:00,85608542.9994800000
2016-11-28 00:00,85638614.7182300000
2016-11-29 00:00,85668987.8432300000
2016-11-30 00:00,85699337.9994800000
2016-12-01 00:00,85729775.6557300000
2016-12-02 00:00,85760633.9369800000
2016-12-03 00:00,85790604.5619800000
2016-12-04 00:00,85820678.6244800000
2016-12-05 00:00,85851189.8744800000
2016-12-06 00:00,85881613.6244800000
2016-12-07 00:00,85912303.9369800000
2016-12-08 00:00,85942615.8119800000
2016-12-09 00:00,85973048.4682300000
2016-12-10 00:00,86003595.4994800000
2016-12-11 00:00,86033650.4994800000
2016-12-12 00:00,86064064.8744800000
2016-12-13 00:00,86094528.4682300000
2016-12-14 00:00,86124593.1557300000
2016-12-15 00:00,86155028.3119800000
2016-12-16 00:00,86185670.0307300000
2016-12-17 00:00,86216211.9057300000
2016-12-18 00:00,86246429.8744800000
2016-12-19 00:00,86276833.1557300000
2016-12-20 00:00,86307237.9994800000
2016-12-21 00:00,86337074.5619800000
2016-12-22 00:00,86366903.7807300000
2016-12-23 00:00,86396990.6557300000
2016-12-24 00:00,86427686.5932300000
2016-12-25 00:00,86458074.4057300000
2016-12-26 00:00,86488118.4682300000
2016-12-27 00:00,86518455.4994800000
2016-12-28 00:00,86548927.3744800000
2016-12-29 00:00,86579302.0619800000
2016-12-30 00:00,86609322.6869800000
2016-12-31 00:00,86639930.3432300000
2017-01-01 00:00,86670275.4994800000
2017-01-02 00:00,86700510.6557300000
2017-01-03 00:00,86731277.0619800000
2017-01-04 00:00,86761791.5932300000
2017-01-05 00:00,86791894.8744800000
2017-01-06 00:00,86822495.4994800000
2017-01-07 00:00,86852923.6244800000
2017-01-08 00:00,86883392.6869800000
2017-01-09 00:00,86913596.4369800000
2017-01-10 00:00,86943888.7807300000
2017-01-11 00:00,86974226.1244800000
2017-01-12 00:00,87004810.1869800000
2017-01-13 00:00,87035196.4369800000
2017-01-14 00:00,87065679.0932300000
2017-01-15 00:00,87095996.2807300000
2017-01-16 00:00,87126064.2494800000
2017-01-17 00:00,87156445.9682300000
2017-01-18 00:00,87187295.8119800000
2017-01-19 00:00,87217169.4057300000
2017-01-20 00:00,87247456.9057300000
2017-01-21 00:00,87277837.2182300000
2017-01-22 00:00,87308132.5307300000
2017-01-23 00:00,87338372.3744800000
2017-01-24 00:00,87368482.8432300000
2017-01-25 00:00,87398949.4057300000
2017-01-26 00:00,87428926.7494800000
2017-01-27 00:00,87459295.9682300000
2017-01-28 00:00,87489154.0932300000
2017-01-29 00:00,87519687.5307300000
2017-01-30 00:00,87549835.8119800000
2017-01-31 00:00,87579937.3744800000
2017-02-01 00:00,87610224.0932300000
2017-02-02 00:00,87640232.3744800000
2017-02-03 00:00,87670682.5307300000
2017-02-04 00:00,87701120.3432300000
2017-02-05 00:00,87731430.1869800000
2017-02-06 00:00,87761485.3432300000
2017-02-07 00:00,87791880.8119800000
2017-02-08 00:00,87822081.1244800000
2017-02-09 00:00,87852337.5307300000
2017-02-10 00:00,87882587.9994800000
2017-02-11 00:00,87912938.9369800000
2017-02-12 00:00,87943348.6244800000
2017-02-13 00:00,87973522.6869800000
2017-02-14 00:00,88004024.0932300000
2017-02-15 00:00,88034338.9369800000
2017-02-16 00:00,88064453.6244800000
2017-02-17 00:00,88094502.2182300000
2017-02-18 00:00,88124648.1557300000
2017-02-19 00:00,88154779.7182300000
2017-02-20 00:00,88185089.7182300000
2017-02-21 00:00,88214979.5619800000
2017-02-22 00:00,88245124.0932300000
2017-02-23 00:00,88275231.4369800000
2017-02-24 00:00,88305485.3432300000
2017-02-25 00:00,88335989.8744800000
2017-02-26 00:00,88365986.2807300000
2017-02-27 00:00,88396578.6244800000
2017-02-28 00:00,88426427.8432300000
2017-03-01 00:00,88456790.6557300000
2017-03-02 00:00,88486875.8119800000
2017-03-03 00:00,88516855.9682300000
2017-03-04 00:00,88547274.0932300000
2017-03-05 00:00,88577215.3432300000
2017-03-06 00:00,88607157.8432300000
2017-03-07 00:00,88637292.5307300000
2017-03-08 00:00,88666983.9369800000
2017-03-09 00:00,88696804.0932300000
2017-03-10 00:00,88726868.3119800000
2017-03-11 00:00,88756519.0932300000
2017-03-12 00:00,88786781.5932300000
2017-03-13 00:00,88816650.1869800000
2017-03-14 00:00,88846644.0932300000
2017-03-15 00:00,88876660.1869800000
2017-03-16 00:00,88906962.0619800000
2017-03-17 00:00,88936985.0307300000
2017-03-18 00:00,88966789.5619800000
2017-03-19 00:00,88997177.9994800000
2017-03-20 00:00,89027016.9057300000
2017-03-21 00:00,89057116.7494800000
2017-03-22 00:00,89086750.1869800000
2017-03-23 00:00,89116372.3744800000
2017-03-24 00:00,89146237.6869800000
2017-03-25 00:00,89176198.1557300000
2017-03-26 00:00,89206007.8432300000
2017-03-27 00:00,89235553.9369800000
2017-03-28 00:00,89265551.5932300000
2017-03-29 00:00,89295157.0619800000
2017-03-30 00:00,89325070.9682300000
2017-03-31 00:00,89354754.4057300000
2017-04-01 00:00,89384037.0619800000
2017-04-02 00:00,89413988.3119800000
2017-04-03 00:00,89443708.6244800000
2017-04-04 00:00,89473695.1869800000
2017-04-05 00:00,89503152.0619800000
2017-04-06 00:00,89532940.3432300000
2017-04-07 00:00,89562673.4682300000
2017-04-08 00:00,89591712.9994800000
2017-04-09 00:00,89620556.4369800000
2017-04-10 00:00,89649853.1557300000
2017-04-11 00:00,89678805.1869800000
2017-04-12 00:00,89707853.7807300000
2017-04-13 00:00,89737456.5932300000
2017-04-14 00:00,89766122.2182300000
2017-04-15 00:00,89795283.1557300000
2017-04-16 00:00,89824646.9057300000
2017-04-17 00:00,89854005.4994800000
2017-04-18 00:00,89882640.8119800000
2017-04-19 00:00,89911984.8744800000
2017-04-20 00:00,89941422.2182300000
2017-04-21 00:00,89970426.9057300000
2017-04-22 00:00,89999798.1557300000
2017-04-23 00:00,90028454.2494800000
2017-04-24 00:00,90057994.5619800000
2017-04-25 00:00,90086229.2494800000
2017-04-26 00:00,90114487.9994800000
2017-04-27 00:00,90143025.6557300000
2017-04-28 00:00,90171202.6869800000
2017-04-29 00:00,90199491.2807300000
2017-04-30 00:00,90227664.4057300000
2017-05-01 00:00,90255817.6869800000
2017-05-02 00:00,90284119.0932300000
2017-05-03 00:00,90312415.0307300000
2017-05-04 00:00,90340847.6869800000
2017-05-05 00:00,90369294.2494800000
2017-05-06 00:00,90397940.0307300000
2017-05-07 00:00,90426192.8432300000
2017-05-08 00:00,90454612.2182300000
2017-05-09 00:00,90482910.8119800000
2017-05-10 00:00,90511472.8432300000
2017-05-11 00:00,90539974.4057300000
2017-05-12 00:00,90567985.1869800000
2017-05-13 00:00,90595047.6869800000
2017-05-14 00:00,90622115.6557300000
2017-05-15 00:00,90649461.7494800000
2017-05-16 00:00,90676140.0307300000
2017-05-17 00:00,90703500.1869800000
2017-05-18 00:00,90730673.9369800000
2017-05-19 00:00,90758170.3432300000
2017-05-20 00:00,90785418.1557300000
2017-05-21 00:00,90812818.6244800000
2017-05-22 00:00,90839976.5932300000
2017-05-23 00:00,90867174.7182300000
2017-05-24 00:00,90894564.2494800000
2017-05-25 00:00,90922088.6244800000
2017-05-26 00:00,90949350.9682300000
2017-05-27 00:00,90976682.9994800000
2017-05-28 00:00,91004647.8432300000
2017-05-29 00:00,91032634.7182300000
2017-05-30 00:00,91059766.2807300000
2017-05-31 00:00,91086218.1557300000
2017-06-01 00:00,91111711.2807300000
2017-06-02 00:00,91137804.5619800000
2017-06-03 00:00,91163665.1869800000
2017-06-04 00:00,91189974.4057300000
2017-06-05 00:00,91216075.0307300000
2017-06-06 00:00,91242336.4369800000
2017-06-07 00:00,91268448.9369800000
2017-06-08 00:00,91294585.1869800000
2017-06-09 00:00,91321307.6869800000
2017-06-10 00:00,91347608.1557300000
2017-06-11 00:00,91373872.5307300000
2017-06-12 00:00,91400312.9994800000
2017-06-13 00:00,91426852.9994800000
2017-06-14 00:00,91453448.6244800000
2017-06-15 00:00,91480198.9369800000
2017-06-16 00:00,91506672.9994800000
2017-06-17 00:00,91533484.2494800000
2017-06-18 00:00,91560235.9682300000
2017-06-19 00:00,91585149.0932300000
2017-06-20 00:00,91609709.2494800000
2017-06-21 00:00,91634503.7807300000
2017-06-22 00:00,91659021.9057300000
2017-06-23 00:00,91683791.2807300000
2017-06-24 00:00,91708493.1557300000
2017-06-25 00:00,91733395.9682300000
2017-06-26 00:00,91758465.8119800000
2017-06-27 00:00,91783347.2182300000
2017-06-28 00:00,91808559.8744800000
2017-06-29 00:00,91833809.2494800000
2017-06-30 00:00,91858922.3744800000
2017-07-01 00:00,91884155.9682300000
2017-07-02 00:00,91909492.8432300000
2017-07-03 00:00,91934964.2494800000
2017-07-04 00:00,91959965.8119800000
2017-07-05 00:00,91985266.1244800000
2017-07-06 00:00,92010764.0932300000
2017-07-07 00:00,92036266.7494800000
2017-07-08 00:00,92061798.7807300000
2017-07-09 00:00,92084829.2494800000
2017-07-10 00:00,92107486.1244800000
2017-07-11 00:00,92130088.4682300000
2017-07-12 00:00,92152698.7807300000
2017-07-13 00:00,92175260.6557300000
2017-07-14 00:00,92198322.9994800000
2017-07-15 00:00,92221245.1869800000
2017-07-16 00:00,92243590.9682300000
2017-07-17 00:00,92266395.6557300000
2017-07-18 00:00,92289634.8744800000
2017-07-19 00:00,92312850.8119800000
2017-07-20 00:00,92335612.9994800000
2017-07-21 00:00,92358902.2182300000
2017-07-22 00:00,92382251.1244800000
2017-07-23 00:00,92405208.1557300000
2017-07-24 00:00,92428690.1869800000
2017-07-25 00:00,92451992.6869800000
2017-07-26 00:00,92475210.9682300000
2017-07-27 00:00,92498505.4994800000
2017-07-28 00:00,92521964.8744800000
2017-07-29 00:00,92545534.4057300000
2017-07-30 00:00,92568266.1244800000
2017-07-31 00:00,92588741.5932300000
2017-08-01 00:00,92608999.4057300000
2017-08-02 00:00,92628923.3119800000
2017-08-03 00:00,92649168.9369800000
2017-08-04 00:00,92669381.1244800000
2017-08-05 00:00,92689586.7494800000
2017-08-06 00:00,92710103.3119800000
2017-08-07 00:00,92730616.1244800000
2017-08-08 00:00,92751228.6244800000
2017-08-09 00:00,92771426.7494800000
2017-08-10 00:00,92792006.9057300000
2017-08-11 00:00,92812625.3432300000
2017-08-12 00:00,92833325.0307300000
2017-08-13 00:00,92854043.7807300000
2017-08-14 00:00,92874765.0307300000
2017-08-15 00:00,92895663.3119800000
2017-08-16 00:00,92916454.4057300000
2017-08-17 00:00,92937197.9994800000
2017-08-18 00:00,92958312.3744800000
2017-08-19 00:00,92979145.4994800000
2017-08-20 00:00,93000373.1557300000
2017-08-21 00:00,93021362.0619800000
2017-08-22 00:00,93042503.3119800000
2017-08-23 00:00,93063487.5307300000
2017-08-24 00:00,93081299.5619800000
2017-08-25 00:00,93098836.5932300000
2017-08-26 00:00,93116448.9369800000
2017-08-27 00:00,93133726.2807300000
2017-08-28 00:00,93151485.8119800000
2017-08-29 00:00,93169192.2182300000
2017-08-30 00:00,93186611.4369800000
2017-08-31 00:00,93204264.5619800000
2017-09-01 00:00,93222014.5619800000
2017-09-02 00:00,93239747.2182300000
2017-09-03 00:00,93257432.6869800000
2017-09-04 00:00,93275279.5619800000
2017-09-05 00:00,93292883.4682300000
2017-09-06 00:00,93310673.6244800000
2017-09-07 00:00,93328685.1869800000
2017-09-08 00:00,93346539.0932300000
2017-09-09 00:00,93364454.7182300000
2017-09-10 00:00,93382253.3119800000
2017-09-11 00:00,93400319.5619800000
2017-09-12 00:00,93418048.4682300000
2017-09-13 00:00,93436095.0307300000
2017-09-14 00:00,93454233.3119800000
2017-09-15 00:00,93472330.0307300000
2017-09-16 00:00,93490522.6869800000
2017-09-17 00:00,93508359.5619800000
2017-09-18 00:00,93526548.7807300000
2017-09-19 00:00,93544595.1869800000
2017-09-20 00:00,93562864.7182300000
2017-09-21 00:00,93577898.9369800000
2017-09-22 00:00,93592342.2182300000
2017-09-23 00:00,93607062.3744800000
2017-09-24 00:00,93621269.8744800000
2017-09-25 00:00,93635749.8744800000
2017-09-26 00:00,93650305.3432300000
2017-09-27 00:00,93664613.9369800000
2017-09-28 00:00,93678787.6869800000
2017-09-29 00:00,93693017.2182300000
2017-09-30 00:00,93707359.8744800000
2017-10-01 00:00,93721604.7182300000
2017-10-02 00:00,93735949.4057300000
2017-10-03 00:00,93750414.7182300000
2017-10-04 00:00,93765174.2494800000
2017-10-05 00:00,93779445.8119800000
2017-10-06 00:00,93793716.5932300000
2017-10-07 00:00,93808143.6244800000
2017-10-08 00:00,93822585.4994800000
2017-10-09 00:00,93837196.7494800000
2017-10-10 00:00,93851808.4682300000
2017-10-11 00:00,93866339.4057300000
2017-10-12 00:00,93880832.8432300000
2017-10-13 00:00,93895303.1557300000
2017-10-14 00:00,93909965.8119800000
2017-10-15 00:00,93924981.3744800000
2017-10-16 00:00,93943212.3744800000
2017-10-17 00:00,93961944.6557300000
2017-10-18 00:00,93980736.9369800000
2017-10-19 00:00,93999519.1869800000
2017-10-20 00:00,94018264.7807300000
2017-10-21 00:00,94037166.6557300000
2017-10-22 00:00,94055997.5619800000
2017-10-23 00:00,94074814.0307300000
2017-10-24 00:00,94093410.7494800000
2017-10-25 00:00,94111951.4057300000
2017-10-26 00:00,94130709.6557300000
2017-10-27 00:00,94149499.0307300000
2017-10-28 00:00,94168150.2182300000
2017-10-29 00:00,94186441.6869800000
2017-10-30 00:00,94205339.2494800000
2017-10-31 00:00,94223837.7182300000
2017-11-01 00:00,94242344.2494800000
2017-11-02 00:00,94261035.1869800000
2017-11-03 00:00,94279687.4994800000
2017-11-04 00:00,94298652.4682300000
2017-11-05 00:00,94317315.8432300000
2017-11-06 00:00,94336019.9994800000
2017-11-07 00:00,94354790.1557300000
2017-11-08 00:00,94373444.9994800000
2017-11-09 00:00,94392410.3432300000
2017-11-10 00:00,94411275.7494800000
2017-11-11 00:00,94430069.3432300000
2017-11-12 00:00,94448813.9057300000
2017-11-13 00:00,94467247.3119800000
2017-11-14 00:00,94486029.7494800000
2017-11-15 00:00,94504562.1557300000
2017-11-16 00:00,94523332.7807300000
2017-11-17 00:00,94542045.0932300000
2017-11-18 00:00,94560908.2494800000
2017-11-19 00:00,94579510.9682300000
2017-11-20 00:00,94598107.9682300000
2017-11-21 00:00,94616904.2807300000
2017-11-22 00:00,94635545.4369800000
2017-11-23 00:00,94654315.6869800000
2017-11-24 00:00,94672987.1244800000
2017-11-25 00:00,94691568.5619800000
2017-11-26 00:00,94709906.4369800000
2017-11-27 00:00,94728269.0619800000
2017-11-28 00:00,94746677.7182300000
2017-11-29 00:00,94765209.4682300000
2017-11-30 00:00,94783673.1557300000
2017-12-01 00:00,94801912.5932300000
2017-12-02 00:00,94820087.9994800000
2017-12-03 00:00,94837235.3432300000
2017-12-04 00:00,94854152.1557300000
2017-12-05 00:00,94870739.9994800000
2017-12-06 00:00,94888275.3744800000
2017-12-07 00:00,94905804.4682300000
2017-12-08 00:00,94923367.5932300000
2017-12-09 00:00,94940831.1557300000
2017-12-10 00:00,94958198.9057300000
2017-12-11 00:00,94975479.1869800000
2017-12-12 00:00,94992599.1557300000
2017-12-13 00:00,95009826.5619800000
2017-12-14 00:00,95027361.2807300000
2017-12-15 00:00,95044805.5307300000
2017-12-16 00:00,95062266.4682300000
2017-12-17 00:00,95079736.3119800000
2017-12-18 00:00,95096698.3119800000
2017-12-19 00:00,95113567.6869800000
2017-12-20 00:00,95130424.8744800000
2017-12-21 00:00,95147523.2807300000
2017-12-22 00:00,95165482.6869800000
2017-12-23 00:00,95183526.8432300000
2017-12-24 00:00,95201715.8432300000
2017-12-25 00:00,95219787.6557300000
2017-12-26 00:00,95237789.1557300000
2017-12-27 00:00,95255566.0307300000
2017-12-28 00:00,95273046.7494800000
2017-12-29 00:00,95290493.3432300000
2017-12-30 00:00,95308322.7182300000
2017-12-31 00:00,95326212.5619800000
2018-01-01 00:00,95343592.8744800000
2018-01-02 00:00,95360368.9682300000
2018-01-03 00:00,95376913.9682300000
2018-01-04 00:00,95393133.4682300000
2018-01-05 00:00,95409569.2494800000
2018-01-06 00:00,95426336.8119800000
2018-01-07 00:00,95442735.3744800000
2018-01-08 00:00,95459050.6869800000
2018-01-09 00:00,95475491.9994800000
2018-01-10 00:00,95491974.2807300000
2018-01-11 00:00,95508419.1557300000
2018-01-12 00:00,95524780.4994800000
2018-01-13 00:00,95541820.4994800000
2018-01-14 00:00,95558255.9994800000
2018-01-15 00:00,95574992.7182300000
2018-01-16 00:00,95591871.8432300000
2018-01-17 00:00,95608730.5307300000
2018-01-18 00:00,95625927.0932300000
2018-01-19 00:00,95643669.6557300000
2018-01-20 00:00,95661212.0619800000
2018-01-21 00:00,95678975.8119800000
2018-01-22 00:00,95696780.6244800000
2018-01-23 00:00,95714768.9057300000
2018-01-24 00:00,95732601.8432300000
2018-01-25 00:00,95750436.7494800000
2018-01-26 00:00,95768544.5619800000
2018-01-27 00:00,95786694.7494800000
2018-01-28 00:00,95804580.3744800000
2018-01-29 00:00,95822288.0619800000
2018-01-30 00:00,95840051.0619800000
2018-01-31 00:00,95857514.8119800000
2018-02-01 00:00,95875230.2807300000
2018-02-02 00:00,95893244.6244800000
2018-02-03 00:00,95911222.3119800000
2018-02-04 00:00,95929399.1244800000
2018-02-05 00:00,95947280.2494800000
2018-02-06 00:00,95965127.2494800000
2018-02-07 00:00,95983229.3432300000
2018-02-08 00:00,96001136.3432300000
2018-02-09 00:00,96019307.8119800000
2018-02-10 00:00,96037263.4682300000
2018-02-11 00:00,96055204.6869800000
2018-02-12 00:00,96073201.8744800000
2018-02-13 00:00,96090880.6869800000
2018-02-14 00:00,96108886.9682300000
2018-02-15 00:00,96126860.7182300000
2018-02-16 00:00,96145066.2182300000
2018-02-17 00:00,96163113.9369800000
2018-02-18 00:00,96180915.9369800000
2018-02-19 00:00,96198474.7494800000
2018-02-20 00:00,96216145.6869800000
2018-02-21 00:00,96233876.1557300000
2018-02-22 00:00,96251769.6557300000
2018-02-23 00:00,96269437.0307300000
2018-02-24 00:00,96287116.6869800000
2018-02-25 00:00,96304643.2494800000
2018-02-26 00:00,96322349.9994800000
2018-02-27 00:00,96340159.8744800000
2018-02-28 00:00,96357906.6557300000
2018-03-01 00:00,96375721.8744800000
2018-03-02 00:00,96393672.1869800000
2018-03-03 00:00,96411417.8432300000
2018-03-04 00:00,96429178.5932300000
2018-03-05 00:00,96446959.1244800000
2018-03-06 00:00,96464817.5619800000
2018-03-07 00:00,96482493.2807300000
2018-03-08 00:00,96500292.8432300000
2018-03-09 00:00,96518081.9994800000
2018-03-10 00:00,96536058.1869800000
2018-03-11 00:00,96553640.6244800000
2018-03-12 00:00,96571346.6244800000
2018-03-13 00:00,96588990.2807300000
2018-03-14 00:00,96606747.0932300000
2018-03-15 00:00,96624611.2494800000
2018-03-16 00:00,96642293.2494800000
2018-03-17 00:00,96660192.9369800000
2018-03-18 00:00,96678172.2182300000
2018-03-19 00:00,96696149.9057300000
2018-03-20 00:00,96714050.0619800000
2018-03-21 00:00,96732189.0932300000
2018-03-22 00:00,96750185.5307300000
2018-03-23 00:00,96768452.3432300000
2018-03-24 00:00,96786614.1557300000
2018-03-25 00:00,96804721.6869800000
2018-03-26 00:00,96822590.3432300000
2018-03-27 00:00,96840536.9057300000
2018-03-28 00:00,96858249.0932300000
2018-03-29 00:00,96876169.2182300000
2018-03-30 00:00,96894410.4369800000
2018-03-31 00:00,96912543.5619800000
2018-04-01 00:00,96930912.1869800000
2018-04-02 00:00,96949003.7807300000
2018-04-03 00:00,96967097.3432300000
2018-04-04 00:00,96985360.1244800000
2018-04-05 00:00,97003603.1244800000
2018-04-06 00:00,97021833.3744800000
2018-04-07 00:00,97040094.0932300000
2018-04-08 00:00,97058171.7182300000
2018-04-09 00:00,97076482.3119800000
2018-04-10 00:00,97094461.9682300000
2018-04-11 00:00,97112255.0619800000
2018-04-12 00:00,97130137.5932300000
2018-04-13 00:00,97147993.4994800000
2018-04-14 00:00,97165912.3119800000
2018-04-15 00:00,97183818.2807300000
2018-04-16 00:00,97201437.6557300000
2018-04-17 00:00,97218935.5307300000
2018-04-18 00:00,97236491.4369800000
2018-04-19 00:00,97253761.3119800000
2018-04-20 00:00,97271523.2807300000
2018-04-21 00:00,97289336.5307300000
2018-04-22 00:00,97306787.1557300000
2018-04-23 00:00,97324072.0307300000
2018-04-24 00:00,97341647.9057300000
2018-04-25 00:00,97359372.9369800000
2018-04-26 00:00,97376641.9682300000
2018-04-27 00:00,97393903.5932300000
2018-04-28 00:00,97411530.0932300000
2018-04-29 00:00,97428834.9369800000
2018-04-30 00:00,97445840.9057300000
2018-05-01 00:00,97463123.4369800000
2018-05-02 00:00,97480307.1557300000
2018-05-03 00:00,97497348.0932300000
2018-05-04 00:00,97514708.2494800000
2018-05-05 00:00,97532127.4682300000
2018-05-06 00:00,97549758.6557300000
2018-05-07 00:00,97567086.0932300000
2018-05-08 00:00,97584408.4682300000
2018-05-09 00:00,97601591.6244800000
2018-05-10 00:00,97618978.7807300000
2018-05-11 00:00,97636372.2182300000
2018-05-12 00:00,97653775.7807300000
2018-05-13 00:00,97670827.1244800000
2018-05-14 00:00,97688154.7494800000
2018-05-15 00:00,97705225.5932300000
2018-05-16 00:00,97722475.8744800000
2018-05-17 00:00,97739532.8432300000
2018-05-18 00:00,97756494.4682300000
2018-05-19 00:00,97773566.9057300000
2018-05-20 00:00,97790769.1869800000
2018-05-21 00:00,97807717.4994800000
2018-05-22 00:00,97824835.6869800000
2018-05-23 00:00,97841667.4682300000
2018-05-24 00:00,97858718.0619800000
2018-05-25 00:00,97876013.3432300000
2018-05-26 00:00,97893053.1557300000
2018-05-27 00:00,97910304.5619800000
2018-05-28 00:00,97927396.6869800000
2018-05-29 00:00,97944375.8432300000
2018-05-30 00:00,97961466.2807300000
2018-05-31 00:00,97978482.1869800000
2018-06-01 00:00,97995530.0619800000
2018-06-02 00:00,98012533.2182300000
2018-06-03 00:00,98029703.1557300000
2018-06-04 00:00,98046619.8744800000
2018-06-05 00:00,98063669.3432300000
2018-06-06 00:00,98080743.0932300000
2018-06-07 00:00,98097929.3432300000
2018-06-08 00:00,98114920.5932300000
2018-06-09 00:00,98131986.2807300000
2018-06-10 00:00,98149113.5619800000
2018-06-11 00:00,98166395.0619800000
2018-06-12 00:00,98183781.4682300000
2018-06-13 00:00,98201203.0307300000
2018-06-14 00:00,98218675.9682300000
2018-06-15 00:00,98236407.0932300000
2018-06-16 00:00,98254260.3744800000
2018-06-17 00:00,98272231.4994800000
2018-06-18 00:00,98289759.5619800000
2018-06-19 00:00,98307352.4994800000
2018-06-20 00:00,98325080.6244800000
2018-06-21 00:00,98342667.3744800000
2018-06-22 00:00,98360547.9369800000
2018-06-23 00:00,98378299.9682300000
2018-06-24 00:00,98395438.2182300000
2018-06-25 00:00,98412818.1557300000
2018-06-26 00:00,98430480.3744800000
2018-06-27 00:00,98447890.3119800000
2018-06-28 00:00,98465306.6244800000
2018-06-29 00:00,98483038.2182300000
2018-06-30 00:00,98500667.6244800000
2018-07-01 00:00,98518569.9369800000
2018-07-02 00:00,98536121.1557300000
2018-07-03 00:00,98553751.8744800000
2018-07-04 00:00,98571296.2494800000
2018-07-05 00:00,98588943.7494800000
2018-07-06 00:00,98606526.6557300000
2018-07-07 00:00,98623752.6557300000
2018-07-08 00:00,98641440.1869800000
2018-07-09 00:00,98658907.8744800000
2018-07-10 00:00,98676814.6869800000
2018-07-11 00:00,98694892.4994800000
2018-07-12 00:00,98712846.7494800000
2018-07-13 00:00,98730960.1869800000
2018-07-14 00:00,98749255.6869800000
2018-07-15 00:00,98766919.4994800000
2018-07-16 00:00,98784706.8744800000
2018-07-17 00:00,98802099.3744800000
2018-07-18 00:00,98819597.7182300000
2018-07-19 00:00,98837217.1869800000
2018-07-20 00:00,98855310.0932300000
2018-07-21 00:00,98873347.5932300000
2018-07-22 00:00,98891045.9057300000
2018-07-23 00:00,98908614.6557300000
2018-07-24 00:00,98926437.0932300000
2018-07-25 00:00,98944103.9057300000
2018-07-26 00:00,98961940.2182300000
2018-07-27 00:00,98980010.3432300000
2018-07-28 00:00,98998135.8744800000
2018-07-29 00:00,99016122.1869800000
2018-07-30 00:00,99033990.5619800000
2018-07-31 00:00,99051685.5932300000
2018-08-01 00:00,99069365.9057300000
2018-08-02 00:00,99087224.5307300000
2018-08-03 00:00,99105335.4369800000
2018-08-04 00:00,99123240.9369800000
2018-08-05 00:00,99141115.6869800000
2018-08-06 00:00,99158853.3744800000
2018-08-07 00:00,99176831.1557300000
2018-08-08 00:00,99194729.7182300000
2018-08-09 00:00,99212612.9994800000
2018-08-10 00:00,99230559.3744800000
2018-08-11 00:00,99248179.2182300000
2018-08-12 00:00,99265904.7182300000
2018-08-13 00:00,99283857.8432300000
2018-08-14 00:00,99301848.1869800000
2018-08-15 00:00,99319768.9682300000
2018-08-16 00:00,99337403.9994800000
2018-08-17 00:00,99355161.2807300000
2018-08-18 00:00,99373053.6557300000
2018-08-19 00:00,99390951.2807300000
2018-08-20 00:00,99408934.4057300000
2018-08-21 00:00,99426798.0932300000
2018-08-22 00:00,99444463.6869800000
2018-08-23 00:00,99462412.1244800000
2018-08-24 00:00,99480289.8744800000
2018-08-25 00:00,99498228.6557300000
2018-08-26 00:00,99516158.9994800000
2018-08-27 00:00,99533956.5932300000
2018-08-28 00:00,99551726.0619800000
2018-08-29 00:00,99569561.9994800000
2018-08-30 00:00,99587518.2182300000
2018-08-31 00:00,99605262.8432300000
2018-09-01 00:00,99623436.1869800000
2018-09-02 00:00,99641198.9994800000
2018-09-03 00:00,99659203.5932300000
2018-09-04 00:00,99677166.3744800000
2018-09-05 00:00,99695403.0932300000
2018-09-06 00:00,99713236.3119800000
2018-09-07 00:00,99731138.8119800000
2018-09-08 00:00,99748933.2182300000
2018-09-09 00:00,99767046.6557300000
2018-09-10 00:00,99785137.5932300000
2018-09-11 00:00,99803353.1244800000
2018-09-12 00:00,99821456.5307300000
2018-09-13 00:00,99839739.1869800000
2018-09-14 00:00,99857979.8432300000
2018-09-15 00:00,99876401.3432300000
2018-09-16 00:00,99894727.0307300000
2018-09-17 00:00,99912715.0307300000
2018-09-18 00:00,99931168.2182300000
2018-09-19 00:00,99949300.8744800000
2018-09-20 00:00,99967647.2807300000
2018-09-21 00:00,99985844.7182300000
2018-09-22 00:00,100004163.6557300000
2018-09-23 00:00,100022468.4369800000
2018-09-24 00:00,100040886.2807300000
2018-09-25 00:00,100059307.2182300000
2018-09-26 00:00,100077636.8432300000
2018-09-27 00:00,100096011.0932300000
2018-09-28 00:00,100114369.5932300000
2018-09-29 00:00,100132793.5307300000
2018-09-30 00:00,100151154.5619800000
2018-10-01 00:00,100169769.7494800000
2018-10-02 00:00,100188073.0307300000
2018-10-03 00:00,100206583.7807300000
2018-10-04 00:00,100224951.4682300000
2018-10-05 00:00,100243686.1869800000
2018-10-06 00:00,100262476.5932300000
2018-10-07 00:00,100281085.0307300000
2018-10-08 00:00,100299604.4994800000
2018-10-09 00:00,100318178.4369800000
2018-10-10 00:00,100336684.4994800000
2018-10-11 00:00,100355264.9994800000
2018-10-12 00:00,100373864.8119800000
2018-10-13 00:00,100392482.9057300000
2018-10-14 00:00,100410843.9369800000
2018-10-15 00:00,100429262.9994800000
2018-10-16 00:00,100447728.3744800000
2018-10-17 00:00,100466230.1244800000
2018-10-18 00:00,100484504.4369800000
2018-10-19 00:00,100503052.7807300000
2018-10-20 00:00,100521500.1557300000
2018-10-21 00:00,100539772.6869800000
2018-10-22 00:00,100558354.9682300000
2018-10-23 00:00,100576802.9994800000
2018-10-24 00:00,100595242.8744800000
2018-10-25 00:00,100613689.0307300000
2018-10-26 00:00,100632062.4369800000
2018-10-27 00:00,100650544.7807300000
2018-10-28 00:00,100668955.3119800000
2018-10-29 00:00,100687161.1869800000
2018-10-30 00:00,100705708.3119800000
2018-10-31 00:00,100723991.9994800000
2018-11-01 00:00,100742272.3119800000
2018-11-02 00:00,100760698.4057300000
2018-11-03 00:00,100779099.0932300000
2018-11-04 00:00,100797406.1244800000
2018-11-05 00:00,100815676.2182300000
2018-11-06 00:00,100834185.3744800000
2018-11-07 00:00,100852460.7182300000
2018-11-08 00:00,100870807.9682300000
2018-11-09 00:00,100889225.8119800000
2018-11-10 00:00,100907662.6869800000
2018-11-11 00:00,100926243.8432300000
2018-11-12 00:00,100944604.0307300000
2018-11-13 00:00,100962889.4994800000
2018-11-14 00:00,100981176.1869800000
2018-11-15 00:00,100999787.4369800000
2018-11-16 00:00,101018186.4369800000
2018-11-17 00:00,101036728.7807300000
2018-11-18 00:00,101054797.4057300000
2018-11-19 00:00,101072953.5932300000
2018-11-20 00:00,101091429.6557300000
2018-11-21 00:00,101109683.9057300000
2018-11-22 00:00,101128107.2807300000
2018-11-23 00:00,101146525.2182300000
2018-11-24 00:00,101165045.1557300000
2018-11-25 00:00,101183326.6869800000
2018-11-26 00:00,101201377.6869800000
2018-11-27 00:00,101219523.9369800000
2018-11-28 00:00,101237951.5307300000
2018-11-29 00:00,101256156.0932300000
2018-11-30 00:00,101274385.8744800000
2018-12-01 00:00,101292622.1244800000
2018-12-02 00:00,101310776.6244800000
2018-12-03 00:00,101328950.5307300000
2018-12-04 00:00,101347062.6557300000
2018-12-05 00:00,101365287.4682300000
2018-12-06 00:00,101383261.0307300000
2018-12-07 00:00,101401384.0307300000
2018-12-08 00:00,101419721.5307300000
2018-12-09 00:00,101438304.1869800000
2018-12-10 00:00,101456307.5619800000
2018-12-11 00:00,101474585.5307300000
2018-12-12 00:00,101492929.6869800000
2018-12-13 00:00,101511021.6557300000
2018-12-14 00:00,101529420.2807300000
2018-12-15 00:00,101547588.8432300000
2018-12-16 00:00,101565311.8119800000
2018-12-17 00:00,101582941.2182300000
2018-12-18 00:00,101600533.4057300000
2018-12-19 00:00,101618137.2182300000
2018-12-20 00:00,101635695.6557300000
2018-12-21 00:00,101653516.6869800000
2018-12-22 00:00,101671157.9994800000
2018-12-23 00:00,101688984.6557300000
2018-12-24 00:00,101706928.2182300000
2018-12-25 00:00,101724860.5307300000
2018-12-26 00:00,101742585.0932300000
2018-12-27 00:00,101760351.7494800000
2018-12-28 00:00,101778277.8744800000
2018-12-29 00:00,101795978.9057300000
2018-12-30 00:00,101813786.9057300000
2018-12-31 00:00,101831440.0307300000
2019-01-01 00:00,101849281.3119800000
2019-01-02 00:00,101866064.8119800000
2019-01-03 00:00,101882769.8432300000
2019-01-04 00:00,101899672.5932300000
2019-01-05 00:00,101916466.3119800000
2019-01-06 00:00,101933340.9369800000
2019-01-07 00:00,101950066.9682300000
2019-01-08 00:00,101966940.8432300000
2019-01-09 00:00,101983687.0307300000
2019-01-10 00:00,102000425.2494800000
2019-01-11 00:00,102017087.6244800000
2019-01-12 00:00,102034031.3432300000
2019-01-13 00:00,102050959.4994800000
2019-01-14 00:00,102067855.4057300000
2019-01-15 00:00,102084475.9682300000
2019-01-16 00:00,102101195.3432300000
2019-01-17 00:00,102118085.4369800000
2019-01-18 00:00,102135168.3744800000
2019-01-19 00:00,102151999.5932300000
2019-01-20 00:00,102167311.9682300000
2019-01-21 00:00,102182559.0932300000
2019-01-22 00:00,102197559.8432300000
2019-01-23 00:00,102212847.2807300000
2019-01-24 00:00,102228192.3744800000
2019-01-25 00:00,102243387.2807300000
2019-01-26 00:00,102258454.8744800000
2019-01-27 00:00,102273133.9682300000
2019-01-28 00:00,102287774.1557300000
2019-01-29 00:00,102302646.6557300000
2019-01-30 00:00,102317470.2182300000
2019-01-31 00:00,102332041.1244800000
2019-02-01 00:00,102346874.6244800000
2019-02-02 00:00,102361471.7807300000
2019-02-03 00:00,102376306.4994800000
2019-02-04 00:00,102391032.2807300000
2019-02-05 00:00,102405730.5932300000
2019-02-06 00:00,102420507.4682300000
2019-02-07 00:00,102435301.4994800000
2019-02-08 00:00,102450024.6557300000
2019-02-09 00:00,102462935.6244800000
2019-02-10 00:00,102475540.2182300000
2019-02-11 00:00,102488378.5307300000
2019-02-12 00:00,102500905.0307300000
2019-02-13 00:00,102513423.7494800000
2019-02-14 00:00,102525918.8432300000
2019-02-15 00:00,102538612.7807300000
2019-02-16 00:00,102551050.1244800000
2019-02-17 00:00,102563663.6244800000
2019-02-18 00:00,102576551.1557300000
2019-02-19 00:00,102589301.6244800000
2019-02-20 00:00,102602078.3432300000
2019-02-21 00:00,102614812.7807300000
2019-02-22 00:00,102627892.8744800000
2019-02-23 00:00,102640676.1557300000
2019-02-24 00:00,102653413.7807300000
2019-02-25 00:00,102666280.8744800000
2019-02-26 00:00,102679147.6869800000
2019-02-27 00:00,102691411.0307300000
2019-02-28 00:00,102703430.4057300000
2019-03-01 00:00,102716264.2807300000
2019-03-02 00:00,102729052.1557300000
2019-03-03 00:00,102741851.5932300000
2019-03-04 00:00,102754741.4682300000
2019-03-05 00:00,102767566.9682300000
2019-03-06 00:00,102780471.1557300000
2019-03-07 00:00,102793277.4057300000
2019-03-08 00:00,102806064.9682300000
2019-03-09 00:00,102819120.2807300000
2019-03-10 00:00,102831925.4057300000
2019-03-11 00:00,102844859.0932300000
2019-03-12 00:00,102857686.8432300000
2019-03-13 00:00,102870559.6557300000
2019-03-14 00:00,102883434.2182300000
2019-03-15 00:00,102896486.0932300000
2019-03-16 00:00,102909343.5307300000
2019-03-17 00:00,102922108.0932300000
2019-03-18 00:00,102934969.5932300000
2019-03-19 00:00,102947949.5932300000
2019-03-20 00:00,102960724.8432300000
2019-03-21 00:00,102973572.6557300000
2019-03-22 00:00,102986466.8432300000
2019-03-23 00:00,102999359.3432300000
2019-03-24 00:00,103012246.0932300000
2019-03-25 00:00,103024993.7807300000
2019-03-26 00:00,103037940.3432300000
2019-03-27 00:00,103050718.3432300000
2019-03-28 00:00,103063486.2182300000
2019-03-29 00:00,103076260.3432300000
2019-03-30 00:00,103089125.4057300000
2019-03-31 00:00,103101996.9682300000
2019-04-01 00:00,103114745.0932300000
2019-04-02 00:00,103127449.9682300000
2019-04-03 00:00,103140297.0307300000
2019-04-04 00:00,103153180.5932300000
2019-04-05 00:00,103166110.9682300000
2019-04-06 00:00,103179089.9057300000
2019-04-07 00:00,103192002.9682300000
2019-04-08 00:00,103204892.0307300000
2019-04-09 00:00,103217832.9057300000
2019-04-10 00:00,103230630.7182300000
2019-04-11 00:00,103243498.7807300000
2019-04-12 00:00,103256492.4057300000
2019-04-13 00:00,103269365.5932300000
2019-04-14 00:00,103282282.4682300000
2019-04-15 00:00,103295130.0307300000
2019-04-16 00:00,103307922.2807300000
2019-04-17 00:00,103320763.9682300000
2019-04-18 00:00,103333691.6557300000
2019-04-19 00:00,103346464.4057300000
2019-04-20 00:00,103359417.8432300000
2019-04-21 00:00,103372305.5932300000
2019-04-22 00:00,103384932.7182300000
2019-04-23 00:00,103397747.2182300000
2019-04-24 00:00,103410707.2182300000
2019-04-25 00:00,103423644.9682300000
2019-04-26 00:00,103436624.3432300000
2019-04-27 00:00,103449433.0307300000
2019-04-28 00:00,103462365.9682300000
2019-04-29 00:00,103475220.4057300000
2019-04-30 00:00,103488178.8432300000
2019-05-01 00:00,103501091.0932300000
2019-05-02 00:00,103513803.0932300000
2019-05-03 00:00,103526891.7182300000
2019-05-04 00:00,103539695.5932300000
2019-05-05 00:00,103552445.2807300000
2019-05-06 00:00,103565266.4682300000
2019-05-07 00:00,103577971.7182300000
2019-05-08 00:00,103590732.9057300000
2019-05-09 00:00,103603642.5932300000
2019-05-10 00:00,103616464.2807300000
2019-05-11 00:00,103629376.0307300000
2019-05-12 00:00,103642126.7807300000
2019-05-13 00:00,103655095.6557300000
2019-05-14 00:00,103668065.2182300000
2019-05-15 00:00,103680782.4057300000
2019-05-16 00:00,103693694.0932300000
2019-05-17 00:00,103706526.7807300000
2019-05-18 00:00,103719329.0932300000
2019-05-19 00:00,103732056.9682300000
2019-05-20 00:00,103744766.3432300000
2019-05-21 00:00,103757599.9682300000
2019-05-22 00:00,103770289.9682300000
2019-05-23 00:00,103783104.1557300000
2019-05-24 00:00,103796182.9057300000
2019-05-25 00:00,103809068.9682300000
2019-05-26 00:00,103821885.1557300000
2019-05-27 00:00,103834600.0932300000
2019-05-28 00:00,103847700.5932300000
2019-05-29 00:00,103860331.5932300000
2019-05-30 00:00,103873313.4057300000
2019-05-31 00:00,103886079.5932300000
2019-06-01 00:00,103898880.6557300000
2019-06-02 00:00,103911556.7182300000
2019-06-03 00:00,103924387.6557300000
2019-06-04 00:00,103937216.3432300000
2019-06-05 00:00,103950150.0932300000
2019-06-06 00:00,103962870.7807300000
2019-06-07 00:00,103975575.0932300000
2019-06-08 00:00,103988339.2182300000
2019-06-09 00:00,104001265.7807300000
2019-06-10 00:00,104014034.5932300000
2019-06-11 00:00,104026667.0307300000
2019-06-12 00:00,104039392.4682300000
2019-06-13 00:00,104052112.2182300000
2019-06-14 00:00,104064736.0307300000
2019-06-15 00:00,104077530.7182300000
2019-06-16 00:00,104090134.4057300000
2019-06-17 00:00,104102763.7182300000
2019-06-18 00:00,104115580.5307300000
2019-06-19 00:00,104127972.9057300000
2019-06-20 00:00,104140757.0932300000
2019-06-21 00:00,104155079.9682300000
2019-06-22 00:00,104167912.0307300000
2019-06-23 00:00,104180814.2182300000
2019-06-24 00:00,104193688.0307300000
2019-06-25 00:00,104206560.9682300000
2019-06-26 00:00,104219363.8432300000
2019-06-27 00:00,104232185.5307300000
2019-06-28 00:00,104245080.2807300000
2019-06-29 00:00,104257961.7182300000
2019-06-30 00:00,104270857.9057300000
2019-07-01 00:00,104283702.4057300000
2019-07-02 00:00,104296524.5932300000
2019-07-03 00:00,104309366.7807300000
2019-07-04 00:00,104322153.3432300000
2019-07-05 00:00,104335149.7807300000
2019-07-06 00:00,104348110.5307300000
2019-07-07 00:00,104360978.9057300000
2019-07-08 00:00,104373875.2807300000
2019-07-09 00:00,104386780.0932300000
2019-07-10 00:00,104399682.6557300000
2019-07-11 00:00,104412391.4057300000
2019-07-12 00:00,104425296.3432300000
2019-07-13 00:00,104438373.5932300000
2019-07-14 00:00,104451095.5932300000
2019-07-15 00:00,104463765.9682300000
2019-07-16 00:00,104476561.0932300000
2019-07-17 00:00,104489544.8432300000
2019-07-18 00:00,104502301.1557300000
2019-07-19 00:00,104515335.2182300000
2019-07-20 00:00,104528166.1557300000
2019-07-21 00:00,104541154.4057300000
2019-07-22 00:00,104554134.7182300000
2019-07-23 00:00,104567036.1557300000
2019-07-24 00:00,104579783.4682300000
2019-07-25 00:00,104592714.0307300000
2019-07-26 00:00,104605694.8432300000
2019-07-27 00:00,104618634.9682300000
2019-07-28 00:00,104631419.8432300000
2019-07-29 00:00,104644451.0932300000
2019-07-30 00:00,104657287.2182300000
2019-07-31 00:00,104670004.5307300000
2019-08-01 00:00,104683054.4057300000
2019-08-02 00:00,104696025.7182300000
2019-08-03 00:00,104708922.5307300000
2019-08-04 00:00,104721840.5932300000
2019-08-05 00:00,104734766.6557300000
2019-08-06 00:00,104747757.4682300000
2019-08-07 00:00,104760553.3432300000
2019-08-08 00:00,104773419.2807300000
2019-08-09 00:00,104786438.5932300000
2019-08-10 00:00,104799310.0932300000
2019-08-11 00:00,104812304.2807300000
2019-08-12 00:00,104825184.4682300000
2019-08-13 00:00,104838130.3432300000
2019-08-14 00:00,104850981.7807300000
2019-08-15 00:00,104863908.3432300000
2019-08-16 00:00,104876893.4682300000
2019-08-17 00:00,104889792.7182300000
2019-08-18 00:00,104902568.2807300000
2019-08-19 00:00,104915460.2807300000
2019-08-20 00:00,104928385.4682300000
2019-08-21 00:00,104941209.7182300000
2019-08-22 00:00,104954174.9057300000
2019-08-23 00:00,104966829.3432300000
2019-08-24 00:00,104979998.5307300000
2019-08-25 00:00,104992752.5307300000
2019-08-26 00:00,105005608.7182300000
2019-08-27 00:00,105018458.0932300000
2019-08-28 00:00,105031472.2807300000
2019-08-29 00:00,105044329.5307300000
2019-08-30 00:00,105057196.9682300000
2019-08-31 00:00,105070029.0932300000
2019-09-01 00:00,105082921.0307300000
2019-09-02 00:00,105095748.2807300000
2019-09-03 00:00,105108557.3432300000
2019-09-04 00:00,105121482.4057300000
2019-09-05 00:00,105134277.9057300000
2019-09-06 00:00,105147161.4682300000
2019-09-07 00:00,105159992.2182300000
2019-09-08 00:00,105172884.4057300000
2019-09-09 00:00,105185687.0932300000
2019-09-10 00:00,105198586.1557300000
2019-09-11 00:00,105211486.2807300000
2019-09-12 00:00,105224140.0932300000
2019-09-13 00:00,105237047.9057300000
2019-09-14 00:00,105249830.2807300000
2019-09-15 00:00,105262770.0932300000
2019-09-16 00:00,105275654.1557300000
2019-09-17 00:00,105288635.5307300000
2019-09-18 00:00,105301318.2182300000
2019-09-19 00:00,105314248.3432300000
2019-09-20 00:00,105327061.2807300000
2019-09-21 00:00,105339868.4682300000
2019-09-22 00:00,105352793.3432300000
2019-09-23 00:00,105365373.5932300000
2019-09-24 00:00,105378172.2182300000
2019-09-25 00:00,105391003.6557300000
2019-09-26 00:00,105403704.7182300000
2019-09-27 00:00,105416541.0932300000
2019-09-28 00:00,105429404.3432300000
2019-09-29 00:00,105442197.2807300000
2019-09-30 00:00,105455075.5932300000
2019-10-01 00:00,105467774.6557300000
2019-10-02 00:00,105480599.7807300000
2019-10-03 00:00,105493503.2807300000
2019-10-04 00:00,105506409.6557300000
2019-10-05 00:00,105519332.3432300000
2019-10-06 00:00,105532084.7807300000
2019-10-07 00:00,105544812.8432300000
2019-10-08 00:00,105557562.4057300000
2019-10-09 00:00,105569832.4682300000
2019-10-10 00:00,105582576.0932300000
2019-10-11 00:00,105595257.9682300000
2019-10-12 00:00,105608030.9057300000
2019-10-13 00:00,105620828.2807300000
2019-10-14 00:00,105633716.7807300000
2019-10-15 00:00,105646405.1557300000
2019-10-16 00:00,105659030.9057300000
2019-10-17 00:00,105671711.0307300000
2019-10-18 00:00,105684441.9057300000
2019-10-19 00:00,105697706.4682300000
2019-10-20 00:00,105710314.6557300000
2019-10-21 00:00,105723161.4682300000
2019-10-22 00:00,105735953.3432300000
2019-10-23 00:00,105748506.3432300000
2019-10-24 00:00,105760785.0932300000
2019-10-25 00:00,105773343.2807300000
2019-10-26 00:00,105785712.8432300000
2019-10-27 00:00,105798221.1557300000
2019-10-28 00:00,105810668.0932300000
2019-10-29 00:00,105823162.3432300000
2019-10-30 00:00,105835619.4682300000
2019-10-31 00:00,105848202.4057300000
2019-11-01 00:00,105860560.0307300000
2019-11-02 00:00,105873120.7182300000
2019-11-03 00:00,105885538.7807300000
2019-11-04 00:00,105898017.5307300000
2019-11-05 00:00,105910448.6557300000
2019-11-06 00:00,105922806.2807300000
2019-11-07 00:00,105935207.2182300000
2019-11-08 00:00,105947503.6557300000
2019-11-09 00:00,105959528.5932300000
2019-11-10 00:00,105971520.8432300000
2019-11-11 00:00,105983591.1557300000
2019-11-12 00:00,105995643.0932300000
2019-11-13 00:00,106007724.7182300000
2019-11-14 00:00,106019720.2182300000
2019-11-15 00:00,106031769.8432300000
2019-11-16 00:00,106043831.6557300000
2019-11-17 00:00,106055824.5932300000
2019-11-18 00:00,106067640.9057300000
2019-11-19 00:00,106079644.4682300000
2019-11-20 00:00,106091807.7807300000
2019-11-21 00:00,106103756.0307300000
2019-11-22 00:00,106115884.9057300000
2019-11-23 00:00,106127932.7807300000
2019-11-24 00:00,106139757.5307300000
2019-11-25 00:00,106151101.3432300000
2019-11-26 00:00,106162434.1557300000
2019-11-27 00:00,106173705.4057300000
2019-11-28 00:00,106184958.4682300000
2019-11-29 00:00,106196382.2182300000
2019-11-30 00:00,106207615.4682300000
2019-12-01 00:00,106218971.3432300000
2019-12-02 00:00,106228713.3432300000
2019-12-03 00:00,106239878.5932300000
2019-12-04 00:00,106251144.5932300000
2019-12-05 00:00,106261616.2182300000
2019-12-06 00:00,106275265.2182300000
2019-12-07 00:00,106286535.4057300000
2019-12-08 00:00,106297848.2807300000
2019-12-09 00:00,106309261.1557300000
2019-12-10 00:00,106320440.0932300000
2019-12-11 00:00,106331870.6557300000
2019-12-12 00:00,106342833.9057300000
2019-12-13 00:00,106353108.7807300000
2019-12-14 00:00,106363378.4057300000
2019-12-15 00:00,106373585.0307300000
2019-12-16 00:00,106383700.4682300000
2019-12-17 00:00,106393694.4057300000
2019-12-18 00:00,106403738.4682300000
2019-12-19 00:00,106413729.7182300000
2019-12-20 00:00,106423898.9057300000
2019-12-21 00:00,106433897.8432300000
2019-12-22 00:00,106443906.6557300000
2019-12-23 00:00,106454067.0932300000
2019-12-24 00:00,106464055.8432300000
2019-12-25 00:00,106474059.2182300000
2019-12-26 00:00,106484120.9682300000
2019-12-27 00:00,106494275.8432300000
2019-12-28 00:00,106504357.9057300000
2019-12-29 00:00,106514402.2182300000
2019-12-30 00:00,106524390.9057300000
2019-12-31 00:00,106534363.9057300000
2020-01-01 00:00,106545740.0932300000
2020-01-02 00:00,106558806.5307300000
2020-01-03 00:00,106571967.7807300000
2020-01-04 00:00,106584963.8432300000
2020-01-05 00:00,106598158.6557300000
2020-01-06 00:00,106611244.7807300000
2020-01-07 00:00,106624257.1557300000
2020-01-08 00:00,106637309.1557300000
2020-01-09 00:00,106649778.9682300000
2020-01-10 00:00,106663537.6557300000
2020-01-11 00:00,106676590.4682300000
2020-01-12 00:00,106689690.5307300000
2020-01-13 00:00,106702762.4057300000
2020-01-14 00:00,106715756.2182300000
2020-01-15 00:00,106728842.0932300000
2020-01-16 00:00,106741964.3432300000
2020-01-17 00:00,106755016.9057300000
2020-01-18 00:00,106768179.3432300000
2020-01-19 00:00,106781235.3432300000
2020-01-20 00:00,106794399.9057300000
2020-01-21 00:00,106807364.5307300000
2020-01-22 00:00,106820536.9682300000
2020-01-23 00:00,106833584.9057300000
2020-01-24 00:00,106846589.2182300000
2020-01-25 00:00,106859600.2807300000
2020-01-26 00:00,106872725.2182300000
2020-01-27 00:00,106885766.9057300000
2020-01-28 00:00,106898890.2182300000
2020-01-29 00:00,106911816.2182300000
2020-01-30 00:00,106924818.8432300000
2020-01-31 00:00,106937814.8432300000
2020-02-01 00:00,106950909.6557300000
2020-02-02 00:00,106963979.9682300000
2020-02-03 00:00,106977136.0932300000
2020-02-04 00:00,106990072.3432300000
2020-02-05 00:00,107003128.2807300000
2020-02-06 00:00,107016170.9057300000
2020-02-07 00:00,107029128.7182300000
2020-02-08 00:00,107042132.2182300000
2020-02-09 00:00,107055336.0307300000
2020-02-10 00:00,107068426.2807300000
2020-02-11 00:00,107081377.5307300000
2020-02-12 00:00,107094364.0307300000
2020-02-13 00:00,107107376.4682300000
2020-02-14 00:00,107120344.7182300000
2020-02-15 00:00,107133471.4682300000
2020-02-16 00:00,107146390.6557300000
2020-02-17 00:00,107159374.7807300000
2020-02-18 00:00,107172513.9682300000
2020-02-19 00:00,107185496.6557300000
2020-02-20 00:00,107198469.0307300000
2020-02-21 00:00,107211547.6557300000
2020-02-22 00:00,107224632.7807300000
2020-02-23 00:00,107237615.6557300000
2020-02-24 00:00,107250550.5932300000
2020-02-25 00:00,107263629.8432300000
2020-02-26 00:00,107276677.8432300000
2020-02-27 00:00,107289703.2182300000
2020-02-28 00:00,107302762.0932300000
2020-02-29 00:00,107315773.0932300000
2020-03-01 00:00,107328861.0932300000
2020-03-02 00:00,107341887.9057300000
2020-03-03 00:00,107354983.7182300000
2020-03-04 00:00,107367823.8432300000
2020-03-05 00:00,107380982.3432300000
2020-03-06 00:00,107394084.4682300000
2020-03-07 00:00,107407211.4057300000
2020-03-08 00:00,107420097.4682300000
2020-03-09 00:00,107433117.7182300000
2020-03-10 00:00,107446198.6557300000
2020-03-11 00:00,107459121.5307300000
2020-03-12 00:00,107471909.8432300000
2020-03-13 00:00,107484912.8432300000
2020-03-14 00:00,107497962.3432300000
2020-03-15 00:00,107510961.5307300000
2020-03-16 00:00,107524003.0307300000
2020-03-17 00:00,107537088.6557300000
2020-03-18 00:00,107550078.5932300000
2020-03-19 00:00,107562977.5307300000
2020-03-20 00:00,107575899.5307300000
2020-03-21 00:00,107588534.0932300000
2020-03-22 00:00,107601465.0307300000
2020-03-23 00:00,107614194.7807300000
2020-03-24 00:00,107626976.9682300000
2020-03-25 00:00,107639957.0932300000
2020-03-26 00:00,107653088.1557300000
2020-03-27 00:00,107666086.5307300000
2020-03-28 00:00,107679255.0932300000
2020-03-29 00:00,107692198.8432300000
2020-03-30 00:00,107705166.5307300000
2020-03-31 00:00,107718295.7807300000
2020-04-01 00:00,107731286.7807300000
2020-04-02 00:00,107744362.0307300000
2020-04-03 00:00,107757365.2807300000
2020-04-04 00:00,107770400.2182300000
2020-04-05 00:00,107783290.0932300000
2020-04-06 00:00,107796422.4682300000
2020-04-07 00:00,107809448.9057300000
2020-04-08 00:00,107822431.0932300000
2020-04-09 00:00,107835485.9057300000
2020-04-10 00:00,107848333.8432300000
2020-04-11 00:00,107861517.0932300000
2020-04-12 00:00,107874561.5932300000
2020-04-13 00:00,107887549.0932300000
2020-04-14 00:00,107900556.4682300000
2020-04-15 00:00,107913520.1557300000
2020-04-16 00:00,107926434.4057300000
2020-04-17 00:00,107939346.4682300000
2020-04-18 00:00,107952345.2182300000
2020-04-19 00:00,107965362.0932300000
2020-04-20 00:00,107978261.5307300000
2020-04-21 00:00,107991251.8432300000
2020-04-22 00:00,108004186.6557300000
2020-04-23 00:00,108017163.4682300000
2020-04-24 00:00,108030027.2182300000
2020-04-25 00:00,108042969.2182300000
2020-04-26 00:00,108055901.8432300000
2020-04-27 00:00,108068769.1557300000
2020-04-28 00:00,108081846.5932300000
2020-04-29 00:00,108094633.7182300000
2020-04-30 00:00,108107614.6557300000
2020-05-01 00:00,108120582.0932300000
2020-05-02 00:00,108133450.9057300000
2020-05-03 00:00,108146556.9682300000
2020-05-04 00:00,108159591.2182300000
2020-05-05 00:00,108172388.2182300000
2020-05-06 00:00,108185325.2807300000
2020-05-07 00:00,108198325.9682300000
2020-05-08 00:00,108211148.9057300000
2020-05-09 00:00,108224162.4057300000
2020-05-10 00:00,108237060.2182300000
2020-05-11 00:00,108249885.3432300000
2020-05-12 00:00,108262879.9682300000
2020-05-13 00:00,108275819.0307300000
2020-05-14 00:00,108288692.4682300000
2020-05-15 00:00,108301523.4057300000
2020-05-16 00:00,108314493.1557300000
2020-05-17 00:00,108327332.0932300000
2020-05-18 00:00,108340131.7182300000
2020-05-19 00:00,108353068.5307300000
2020-05-20 00:00,108366005.9057300000
2020-05-21 00:00,108378741.0307300000
2020-05-22 00:00,108391796.4057300000
2020-05-23 00:00,108404645.9682300000
2020-05-24 00:00,108417399.5307300000
2020-05-25 00:00,108430382.6557300000
2020-05-26 00:00,108443298.1557300000
2020-05-27 00:00,108456150.2807300000
2020-05-28 00:00,108469045.9057300000
2020-05-29 00:00,108481953.9057300000
2020-05-30 00:00,108494931.5932300000
2020-05-31 00:00,108507762.5307300000
2020-06-01 00:00,108520707.7807300000
2020-06-02 00:00,108533537.1557300000
2020-06-03 00:00,108546416.7182300000
2020-06-04 00:00,108559413.2807300000
2020-06-05 00:00,108572309.9682300000
2020-06-06 00:00,108585268.1557300000
2020-06-07 00:00,108598117.7182300000
2020-06-08 00:00,108611105.8432300000
2020-06-09 00:00,108623876.2807300000
2020-06-10 00:00,108636818.2182300000
2020-06-11 00:00,108649856.3432300000
2020-06-12 00:00,108662857.6557300000
2020-06-13 00:00,108675932.7807300000
2020-06-14 00:00,108688882.9057300000
2020-06-15 00:00,108701777.8432300000
2020-06-16 00:00,108714634.7807300000
2020-06-17 00:00,108727561.9682300000
2020-06-18 00:00,108740594.7807300000
2020-06-19 00:00,108753547.0307300000
2020-06-20 00:00,108766582.3432300000
2020-06-21 00:00,108779517.7807300000
2020-06-22 00:00,108792430.3432300000
2020-06-23 00:00,108805423.1557300000
2020-06-24 00:00,108818350.3432300000
2020-06-25 00:00,108831273.2807300000
2020-06-26 00:00,108844030.2807300000
2020-06-27 00:00,108857100.5307300000
2020-06-28 00:00,108869915.0307300000
2020-06-29 00:00,108882901.5307300000
2020-06-30 00:00,108895747.4057300000
2020-07-01 00:00,108908656.7807300000
2020-07-02 00:00,108921633.4682300000
2020-07-03 00:00,108934512.8432300000
2020-07-04 00:00,108947523.8432300000
2020-07-05 00:00,108960464.5932300000
2020-07-06 00:00,108973475.2807300000
2020-07-07 00:00,108986513.0307300000
2020-07-08 00:00,108999401.2182300000
2020-07-09 00:00,109012238.3432300000
2020-07-10 00:00,109025329.7807300000
2020-07-11 00:00,109038337.2807300000
2020-07-12 00:00,109051348.4682300000
2020-07-13 00:00,109064187.6557300000
2020-07-14 00:00,109077144.0307300000
2020-07-15 00:00,109089997.1557300000
2020-07-16 00:00,109102928.9057300000
2020-07-17 00:00,109116006.5307300000
2020-07-18 00:00,109128932.6557300000
2020-07-19 00:00,109141831.9682300000
2020-07-20 00:00,109154621.5307300000
2020-07-21 00:00,109167566.2807300000
2020-07-22 00:00,109180637.0307300000
2020-07-23 00:00,109193665.8432300000
2020-07-24 00:00,109206402.0307300000
2020-07-25 00:00,109219404.7182300000
2020-07-26 00:00,109232318.9682300000
2020-07-27 00:00,109245297.5932300000
2020-07-28 00:00,109258344.2182300000
2020-07-29 00:00,109271142.5307300000
2020-07-30 00:00,109284126.3432300000
2020-07-31 00:00,109297185.1557300000
2020-08-01 00:00,109310182.4682300000
2020-08-02 00:00,109323160.8432300000
2020-08-03 00:00,109335998.2807300000
2020-08-04 00:00,109348936.5932300000
2020-08-05 00:00,109361993.7807300000
2020-08-06 00:00,109374984.4057300000
2020-08-07 00:00,109387921.9682300000
2020-08-08 00:00,109401004.2807300000
2020-08-09 00:00,109413991.7182300000
2020-08-10 00:00,109426952.5307300000
2020-08-11 00:00,109439991.9057300000
2020-08-12 00:00,109452973.4057300000
2020-08-13 00:00,109466004.2807300000
2020-08-14 00:00,109478977.4682300000
2020-08-15 00:00,109492009.8432300000
2020-08-16 00:00,109504828.3432300000
2020-08-17 00:00,109517973.2807300000
2020-08-18 00:00,109531011.0307300000
2020-08-19 00:00,109544100.3432300000
2020-08-20 00:00,109557102.9682300000
2020-08-21 00:00,109570036.5307300000
2020-08-22 00:00,109583211.8432300000
2020-08-23 00:00,109596263.9057300000
2020-08-24 00:00,109609135.9057300000
2020-08-25 00:00,109622296.7807300000
2020-08-26 00:00,109635311.9057300000
2020-08-27 00:00,109648398.5307300000
2020-08-28 00:00,109661436.5307300000
2020-08-29 00:00,109674520.2182300000
2020-08-30 00:00,109687726.3432300000
2020-08-31 00:00,109700808.2182300000
2020-09-01 00:00,109713811.9682300000
2020-09-02 00:00,109726759.4682300000
2020-09-03 00:00,109739997.3432300000
2020-09-04 00:00,109753099.9682300000
2020-09-05 00:00,109766343.6557300000
2020-09-06 00:00,109779304.3432300000
2020-09-07 00:00,109792371.0307300000
2020-09-08 00:00,109805371.7807300000
2020-09-09 00:00,109818414.0307300000
2020-09-10 00:00,109831575.2807300000
2020-09-11 00:00,109844597.7807300000
2020-09-12 00:00,109857707.3432300000
2020-09-13 00:00,109870644.9057300000
2020-09-14 00:00,109883765.8432300000
2020-09-15 00:00,109896693.8432300000
2020-09-16 00:00,109909896.2807300000
2020-09-17 00:00,109922787.7182300000
2020-09-18 00:00,109935860.5307300000
2020-09-19 00:00,109949066.0932300000
2020-09-20 00:00,109962221.4682300000
2020-09-21 00:00,109975120.1557300000
2020-09-22 00:00,109988196.0307300000
2020-09-23 00:00,110001242.9682300000
2020-09-24 00:00,110014167.9057300000
2020-09-25 00:00,110027040.4057300000
2020-09-26 00:00,110039795.2182300000
2020-09-27 00:00,110052621.4682300000
2020-09-28 00:00,110065413.3432300000
2020-09-29 00:00,110078239.7807300000
2020-09-30 00:00,110091106.9057300000
2020-10-01 00:00,110103849.5932300000
2020-10-02 00:00,110116620.1557300000
2020-10-03 00:00,110129384.9682300000
2020-10-04 00:00,110142296.2807300000
2020-10-05 00:00,110155257.7807300000
2020-10-06 00:00,110167950.5932300000
2020-10-07 00:00,110180575.6557300000
2020-10-08 00:00,110193352.9057300000
2020-10-09 00:00,110206389.2807300000
2020-10-10 00:00,110219546.7807300000
2020-10-11 00:00,110232482.9057300000
2020-10-12 00:00,110245652.4682300000
2020-10-13 00:00,110258747.8432300000
2020-10-14 00:00,110271896.6557300000
2020-10-15 00:00,110284906.8432300000
2020-10-16 00:00,110297980.5307300000
2020-10-17 00:00,110310898.3432300000
2020-10-18 00:00,110324108.3432300000
2020-10-19 00:00,110337138.1557300000
2020-10-20 00:00,110350182.8432300000
2020-10-21 00:00,110363278.7807300000
2020-10-22 00:00,110376245.4682300000
2020-10-23 00:00,110389428.3432300000
2020-10-24 00:00,110402404.3432300000
2020-10-25 00:00,110415356.2182300000
2020-10-26 00:00,110428465.5932300000
2020-10-27 00:00,110441587.5932300000
2020-10-28 00:00,110454660.0307300000
2020-10-29 00:00,110467659.8432300000
2020-10-30 00:00,110480730.0307300000
2020-10-31 00:00,110493772.2182300000
2020-11-01 00:00,110506738.2182300000
2020-11-02 00:00,110519793.0932300000
2020-11-03 00:00,110532864.1557300000
2020-11-04 00:00,110545911.9057300000
2020-11-05 00:00,110559009.2807300000
2020-11-06 00:00,110572028.5307300000
2020-11-07 00:00,110585122.6557300000
2020-11-08 00:00,110598154.7182300000
2020-11-09 00:00,110611078.7182300000
2020-11-10 00:00,110624152.7807300000
2020-11-11 00:00,110637195.4057300000
2020-11-12 00:00,110650281.9682300000
2020-11-13 00:00,110663384.7182300000
2020-11-14 00:00,110676495.2182300000
2020-11-15 00:00,110689466.2182300000
2020-11-16 00:00,110702535.5932300000
2020-11-17 00:00,110715465.7807300000
2020-11-18 00:00,110728703.0932300000
2020-11-19 00:00,110741626.8432300000
2020-11-20 00:00,110754778.3432300000
2020-11-21 00:00,110767815.0932300000
2020-11-22 00:00,110780737.7807300000
2020-11-23 00:00,110793891.7807300000
2020-11-24 00:00,110806850.7182300000
2020-11-25 00:00,110819934.5307300000
2020-11-26 00:00,110832787.4057300000
2020-11-27 00:00,110846004.0932300000
2020-11-28 00:00,110859047.1557300000
2020-11-29 00:00,110872206.8432300000
2020-11-30 00:00,110885264.2807300000
2020-12-01 00:00,110898164.7182300000
2020-12-02 00:00,110911301.2807300000
2020-12-03 00:00,110924218.7182300000
2020-12-04 00:00,110937228.0307300000
2020-12-05 00:00,110950362.6557300000
2020-12-06 00:00,110963310.4682300000
2020-12-07 00:00,110976297.0307300000
2020-12-08 00:00,110989521.2182300000
2020-12-09 00:00,111002387.9682300000
2020-12-10 00:00,111015379.4682300000
2020-12-11 00:00,111028381.3432300000
2020-12-12 00:00,111041371.6557300000
2020-12-13 00:00,111054439.1557300000
2020-12-14 00:00,111067434.7807300000
2020-12-15 00:00,111080523.7807300000
2020-12-16 00:00,111093622.4057300000
2020-12-17 00:00,111106623.2182300000
2020-12-18 00:00,111119668.7182300000
2020-12-19 00:00,111132771.8432300000
2020-12-20 00:00,111145798.5932300000
2020-12-21 00:00,111158819.6557300000
2020-12-22 00:00,111172032.5307300000
2020-12-23 00:00,111184988.2182300000
2020-12-24 00:00,111197877.7807300000
2020-12-25 00:00,111211064.4057300000
2020-12-26 00:00,111224097.9057300000
2020-12-27 00:00,111237308.6557300000
2020-12-28 00:00,111250145.9682300000
2020-12-29 00:00,111263251.0932300000
2020-12-30 00:00,111276272.9057300000
2020-12-31 00:00,111289379.1557300000
2021-01-01 00:00,111302598.2182300000
2021-01-02 00:00,111315569.2182300000
2021-01-03 00:00,111328620.0307300000
2021-01-04 00:00,111341703.4682300000
2021-01-05 00:00,111354693.0932300000
2021-01-06 00:00,111367582.3432300000
2021-01-07 00:00,111380784.8432300000
2021-01-08 00:00,111393754.5932300000
2021-01-09 00:00,111406878.5932300000
2021-01-10 00:00,111419953.2807300000
2021-01-11 00:00,111433081.0932300000
2021-01-12 00:00,111446221.2182300000
2021-01-13 00:00,111459053.0307300000
2021-01-14 00:00,111472232.4057300000
2021-01-15 00:00,111485266.4682300000
2021-01-16 00:00,111498272.9057300000
2021-01-17 00:00,111511284.7182300000
2021-01-18 00:00,111524368.9057300000
2021-01-19 00:00,111537541.3432300000
2021-01-20 00:00,111550515.6557300000
2021-01-21 00:00,111563497.2182300000
2021-01-22 00:00,111576596.4682300000
2021-01-23 00:00,111589578.0932300000
2021-01-24 00:00,111602644.2807300000
2021-01-25 00:00,111615691.6557300000
2021-01-26 00:00,111628644.0932300000
2021-01-27 00:00,111641660.5932300000
2021-01-28 00:00,111654584.9682300000
2021-01-29 00:00,111667384.1557300000
2021-01-30 00:00,111680675.0307300000
2021-01-31 00:00,111693672.7182300000
2021-02-01 00:00,111706680.5307300000
2021-02-02 00:00,111719669.2807300000
2021-02-03 00:00,111732722.2807300000
2021-02-04 00:00,111745635.7182300000
2021-02-05 00:00,111758691.2807300000
2021-02-06 00:00,111771818.7807300000
2021-02-07 00:00,111784773.6557300000
2021-02-08 00:00,111797762.8432300000
2021-02-09 00:00,111810837.4682300000
2021-02-10 00:00,111823889.4682300000
2021-02-11 00:00,111836955.8432300000
2021-02-12 00:00,111849820.7807300000
2021-02-13 00:00,111862956.9682300000
2021-02-14 00:00,111875967.2182300000
2021-02-15 00:00,111888954.9057300000
2021-02-16 00:00,111902071.1557300000
2021-02-17 00:00,111914984.5307300000
2021-02-18 00:00,111928157.5932300000
2021-02-19 00:00,111941165.5307300000
2021-02-20 00:00,111954154.7182300000
2021-02-21 00:00,111967164.5932300000
2021-02-22 00:00,111980188.1557300000
2021-02-23 00:00,111993144.7807300000
2021-02-24 00:00,112006192.9057300000
2021-02-25 00:00,112019295.0307300000
2021-02-26 00:00,112032291.7182300000
2021-02-27 00:00,112045244.3432300000
2021-02-28 00:00,112058214.5932300000
2021-03-01 00:00,112071333.9682300000
2021-03-02 00:00,112084169.2182300000
2021-03-03 00:00,112097219.7182300000
2021-03-04 00:00,112110287.8432300000
2021-03-05 00:00,112123431.9057300000
2021-03-06 00:00,112136404.2807300000
2021-03-07 00:00,112149423.5307300000
2021-03-08 00:00,112162310.4057300000
2021-03-09 00:00,112175393.0307300000
2021-03-10 00:00,112188241.8432300000
2021-03-11 00:00,112201202.0307300000
2021-03-12 00:00,112214245.5932300000
2021-03-13 00:00,112227311.1557300000
2021-03-14 00:00,112240205.1557300000
2021-03-15 00:00,112253263.9057300000
2021-03-16 00:00,112266252.0307300000
2021-03-17 00:00,112279272.6557300000
2021-03-18 00:00,112292302.7182300000
2021-03-19 00:00,112305375.6557300000
2021-03-20 00:00,112318236.0932300000
2021-03-21 00:00,112331234.5932300000
2021-03-22 00:00,112344263.6557300000
2021-03-23 00:00,112357251.0932300000
2021-03-24 00:00,112370297.2182300000
2021-03-25 00:00,112383393.2807300000
2021-03-26 00:00,112396381.5932300000
2021-03-27 00:00,112409385.9057300000
2021-03-28 00:00,112422427.0932300000
2021-03-29 00:00,112435482.0932300000
2021-03-30 00:00,112448404.7182300000
2021-03-31 00:00,112461453.9682300000
2021-04-01 00:00,112474380.0932300000
2021-04-02 00:00,112487452.5932300000
2021-04-03 00:00,112500592.7807300000
2021-04-04 00:00,112513630.7182300000
2021-04-05 00:00,112526615.5932300000
2021-04-06 00:00,112539706.2807300000
2021-04-07 00:00,112552636.5307300000
2021-04-08 00:00,112565567.3432300000
2021-04-09 00:00,112578747.7807300000
2021-04-10 00:00,112591857.0307300000
2021-04-11 00:00,112604907.6557300000
2021-04-12 00:00,112617874.4057300000
2021-04-13 00:00,112630791.2182300000
2021-04-14 00:00,112643808.0307300000
2021-04-15 00:00,112656692.5307300000
2021-04-16 00:00,112669644.5932300000
2021-04-17 00:00,112682665.4057300000
2021-04-18 00:00,112695483.4057300000
2021-04-19 00:00,112708662.2807300000
2021-04-20 00:00,112721719.1557300000
2021-04-21 00:00,112734572.7807300000
2021-04-22 00:00,112747492.0932300000
2021-04-23 00:00,112760511.2807300000
2021-04-24 00:00,112773547.5932300000
2021-04-25 00:00,112786508.5932300000
2021-04-26 00:00,112799502.5307300000
2021-04-27 00:00,112812450.2807300000
2021-04-28 00:00,112825436.0307300000
2021-04-29 00:00,112838355.6557300000
2021-04-30 00:00,112851353.5307300000
2021-05-01 00:00,112864210.2182300000
2021-05-02 00:00,112877243.0307300000
2021-05-03 00:00,112890268.9057300000
2021-05-04 00:00,112903323.6557300000
2021-05-05 00:00,112916274.2182300000
2021-05-06 00:00,112929187.2807300000
2021-05-07 00:00,112942176.9682300000
2021-05-08 00:00,112955150.4057300000
2021-05-09 00:00,112968203.9682300000
2021-05-10 00:00,112981117.7807300000
2021-05-11 00:00,112994015.3432300000
2021-05-12 00:00,113007111.7807300000
2021-05-13 00:00,113020085.1557300000
2021-05-14 00:00,113033053.9057300000
2021-05-15 00:00,113045988.9057300000
2021-05-16 00:00,113058847.7182300000
2021-05-17 00:00,113071793.8432300000
2021-05-18 00:00,113084661.2807300000
2021-05-19 00:00,113097609.0307300000
2021-05-20 00:00,113110448.7807300000
2021-05-21 00:00,113123393.2807300000
2021-05-22 00:00,113136320.5932300000
2021-05-23 00:00,113149313.4682300000
2021-05-24 00:00,113162139.2182300000
2021-05-25 00:00,113175020.0307300000
2021-05-26 00:00,113187888.7807300000
2021-05-27 00:00,113200834.6557300000
2021-05-28 00:00,113213789.5932300000
2021-05-29 00:00,113226644.9682300000
2021-05-30 00:00,113239510.2807300000
2021-05-31 00:00,113252484.1557300000
2021-06-01 00:00,113265516.0932300000
2021-06-02 00:00,113278344.1557300000
2021-06-03 00:00,113291402.4057300000
2021-06-04 00:00,113304282.7182300000
2021-06-05 00:00,113317365.1557300000
2021-06-06 00:00,113330246.4057300000
2021-06-07 00:00,113343214.9057300000
2021-06-08 00:00,113356108.0932300000
2021-06-09 00:00,113369048.0307300000
2021-06-10 00:00,113381975.0307300000
2021-06-11 00:00,113394861.5932300000
2021-06-12 00:00,113407824.8432300000
2021-06-13 00:00,113420709.2807300000
2021-06-14 00:00,113433739.1557300000
2021-06-15 00:00,113446555.8432300000
2021-06-16 00:00,113459519.8432300000
2021-06-17 00:00,113472347.0932300000
2021-06-18 00:00,113485220.2807300000
2021-06-19 00:00,113498176.4682300000
2021-06-20 00:00,113510828.4682300000
2021-06-21 00:00,113523723.9682300000
2021-06-22 00:00,113536601.4057300000
2021-06-23 00:00,113549454.9057300000
2021-06-24 00:00,113562156.4682300000
2021-06-25 00:00,113575030.0307300000
2021-06-26 00:00,113587945.1557300000
2021-06-27 00:00,113600897.9682300000
2021-06-28 00:00,113613729.0307300000
2021-06-29 00:00,113626658.2807300000
2021-06-30 00:00,113639377.1557300000
2021-07-01 00:00,113652270.4057300000
2021-07-02 00:00,113665121.9682300000
2021-07-03 00:00,113678056.7182300000
2021-07-04 00:00,113690915.0932300000
2021-07-05 00:00,113703786.5932300000
2021-07-06 00:00,113716587.6557300000
2021-07-07 00:00,113729507.2807300000
2021-07-08 00:00,113742337.3432300000
2021-07-09 00:00,113755251.1557300000
2021-07-10 00:00,113768114.5307300000
2021-07-11 00:00,113780886.2807300000
2021-07-12 00:00,113793520.0932300000
2021-07-13 00:00,113806320.7807300000
2021-07-14 00:00,113819194.8432300000
2021-07-15 00:00,113831893.2182300000
2021-07-16 00:00,113844624.6557300000
2021-07-17 00:00,113857386.7182300000
2021-07-18 00:00,113870273.0307300000
2021-07-19 00:00,113882970.1557300000
2021-07-20 00:00,113895819.1557300000
2021-07-21 00:00,113908680.9682300000
2021-07-22 00:00,113921392.0932300000
2021-07-23 00:00,113934324.6557300000
2021-07-24 00:00,113947144.7807300000
2021-07-25 00:00,113959839.6557300000
2021-07-26 00:00,113972413.0932300000
2021-07-27 00:00,113985014.1557300000
2021-07-28 00:00,113997743.2182300000
2021-07-29 00:00,114010297.0307300000
2021-07-30 00:00,114022912.0932300000
2021-07-31 00:00,114035557.4682300000
2021-08-01 00:00,114048367.4682300000
2021-08-02 00:00,114061077.5307300000
2021-08-03 00:00,114073740.6557300000
2021-08-04 00:00,114086457.3432300000
2021-08-05 00:00,114099378.0307300000
2021-08-06 00:00,114112493.1557300000
2021-08-07 00:00,114125503.5307300000
2021-08-08 00:00,114138532.5932300000
2021-08-09 00:00,114151565.3432300000
2021-08-10 00:00,114164385.4682300000
2021-08-11 00:00,114177424.6557300000
2021-08-12 00:00,114190391.9682300000
2021-08-13 00:00,114203410.8432300000
2021-08-14 00:00,114216267.9682300000
2021-08-15 00:00,114229286.5932300000
2021-08-16 00:00,114242338.2807300000
2021-08-17 00:00,114255155.5307300000
2021-08-18 00:00,114268306.5932300000
2021-08-19 00:00,114281244.3432300000
2021-08-20 00:00,114294125.8432300000
2021-08-21 00:00,114307186.2182300000
2021-08-22 00:00,114320024.6557300000
2021-08-23 00:00,114333061.9057300000
2021-08-24 00:00,114345962.0932300000
2021-08-25 00:00,114358988.4057300000
2021-08-26 00:00,114371871.2807300000
2021-08-27 00:00,114384809.5307300000
2021-08-28 00:00,114397806.2182300000
2021-08-29 00:00,114410769.0932300000
2021-08-30 00:00,114423676.7807300000
2021-08-31 00:00,114436606.9682300000
2021-09-01 00:00,114449707.9682300000
2021-09-02 00:00,114462660.2182300000
2021-09-03 00:00,114475507.4682300000
2021-09-04 00:00,114488585.2182300000
2021-09-05 00:00,114501423.5932300000
2021-09-06 00:00,114514069.0307300000
2021-09-07 00:00,114526922.2807300000
2021-09-08 00:00,114539774.7807300000
2021-09-09 00:00,114552712.5307300000
2021-09-10 00:00,114565525.7182300000
2021-09-11 00:00,114578619.6557300000
2021-09-12 00:00,114591463.5932300000
2021-09-13 00:00,114604403.9682300000
2021-09-14 00:00,114617333.2182300000
2021-09-15 00:00,114630337.1557300000
2021-09-16 00:00,114643291.2182300000
2021-09-17 00:00,114656212.8432300000
2021-09-18 00:00,114669247.0307300000
2021-09-19 00:00,114682132.1557300000
2021-09-20 00:00,114695144.5307300000
2021-09-21 00:00,114708038.6557300000
2021-09-22 00:00,114720879.9682300000
2021-09-23 00:00,114733808.9682300000
2021-09-24 00:00,114746975.2182300000
2021-09-25 00:00,114759798.3432300000
2021-09-26 00:00,114772726.7182300000
2021-09-27 00:00,114785463.7182300000
2021-09-28 00:00,114798308.9057300000
2021-09-29 00:00,114811005.0932300000
2021-09-30 00:00,114823996.5307300000
2021-10-01 00:00,114836793.6557300000
2021-10-02 00:00,114849541.4682300000
2021-10-03 00:00,114862294.8432300000
2021-10-04 00:00,114875137.9057300000
2021-10-05 00:00,114887882.3432300000
2021-10-06 00:00,114900386.8432300000
2021-10-07 00:00,114913179.2182300000
2021-10-08 00:00,114925899.2182300000
2021-10-09 00:00,114938671.5932300000
2021-10-10 00:00,114951458.7182300000
2021-10-11 00:00,114964187.3432300000
2021-10-12 00:00,114976850.6557300000
2021-10-13 00:00,114989535.3432300000
2021-10-14 00:00,115002195.8432300000
2021-10-15 00:00,115015110.4057300000
2021-10-16 00:00,115027905.1557300000
2021-10-17 00:00,115040560.2807300000
2021-10-18 00:00,115053460.5932300000
2021-10-19 00:00,115066191.3432300000
2021-10-20 00:00,115079184.3432300000
2021-10-21 00:00,115092030.1557300000
2021-10-22 00:00,115104748.8432300000
2021-10-23 00:00,115117489.4682300000
2021-10-24 00:00,115130347.9057300000
2021-10-25 00:00,115143197.2807300000
2021-10-26 00:00,115155910.0932300000
2021-10-27 00:00,115168747.7807300000
2021-10-28 00:00,115181506.5307300000
2021-10-29 00:00,115194221.1557300000