date,new_addresses
2015-08-06 00:00,731.0000000000
2015-08-07 00:00,428.0000000000
2015-08-08 00:00,271.0000000000
2015-08-09 00:00,665.0000000000
2015-08-10 00:00,1904.0000000000
2015-08-11 00:00,351.0000000000
2015-08-12 00:00,565.0000000000
2015-08-13 00:00,547.0000000000
2015-08-14 00:00,385.0000000000
2015-08-15 00:00,264.0000000000
2015-08-16 00:00,297.0000000000
2015-08-17 00:00,297.0000000000
2015-08-18 00:00,292.0000000000
2015-08-19 00:00,225.0000000000
2015-08-20 00:00,304.0000000000
2015-08-21 00:00,256.0000000000
2015-08-22 00:00,351.0000000000
2015-08-23 00:00,183.0000000000
2015-08-24 00:00,255.0000000000
2015-08-25 00:00,208.0000000000
2015-08-26 00:00,219.0000000000
2015-08-27 00:00,185.0000000000
2015-08-28 00:00,129.0000000000
2015-08-29 00:00,215.0000000000
2015-08-30 00:00,149.0000000000
2015-08-31 00:00,182.0000000000
2015-09-01 00:00,154.0000000000
2015-09-02 00:00,155.0000000000
2015-09-03 00:00,141.0000000000
2015-09-04 00:00,163.0000000000
2015-09-05 00:00,131.0000000000
2015-09-06 00:00,227.0000000000
2015-09-07 00:00,123.0000000000
2015-09-08 00:00,171.0000000000
2015-09-09 00:00,109.0000000000
2015-09-10 00:00,186.0000000000
2015-09-11 00:00,148.0000000000
2015-09-12 00:00,210.0000000000
2015-09-13 00:00,163.0000000000
2015-09-14 00:00,180.0000000000
2015-09-15 00:00,133.0000000000
2015-09-16 00:00,109.0000000000
2015-09-17 00:00,168.0000000000
2015-09-18 00:00,111.0000000000
2015-09-19 00:00,122.0000000000
2015-09-20 00:00,131.0000000000
2015-09-21 00:00,134.0000000000
2015-09-22 00:00,155.0000000000
2015-09-23 00:00,136.0000000000
2015-09-24 00:00,120.0000000000
2015-09-25 00:00,63.0000000000
2015-09-26 00:00,83.0000000000
2015-09-27 00:00,114.0000000000
2015-09-28 00:00,123.0000000000
2015-09-29 00:00,108.0000000000
2015-09-30 00:00,96.0000000000
2015-10-01 00:00,80.0000000000
2015-10-02 00:00,130.0000000000
2015-10-03 00:00,87.0000000000
2015-10-04 00:00,132.0000000000
2015-10-05 00:00,99.0000000000
2015-10-06 00:00,95.0000000000
2015-10-07 00:00,69.0000000000
2015-10-08 00:00,73.0000000000
2015-10-09 00:00,55.0000000000
2015-10-10 00:00,57.0000000000
2015-10-11 00:00,112.0000000000
2015-10-12 00:00,203.0000000000
2015-10-13 00:00,232.0000000000
2015-10-14 00:00,238.0000000000
2015-10-15 00:00,105.0000000000
2015-10-16 00:00,108.0000000000
2015-10-17 00:00,135.0000000000
2015-10-18 00:00,245.0000000000
2015-10-19 00:00,105.0000000000
2015-10-20 00:00,261.0000000000
2015-10-21 00:00,155.0000000000
2015-10-22 00:00,203.0000000000
2015-10-23 00:00,443.0000000000
2015-10-24 00:00,326.0000000000
2015-10-25 00:00,314.0000000000
2015-10-26 00:00,205.0000000000
2015-10-27 00:00,179.0000000000
2015-10-28 00:00,273.0000000000
2015-10-29 00:00,582.0000000000
2015-10-30 00:00,398.0000000000
2015-10-31 00:00,510.0000000000
2015-11-01 00:00,299.0000000000
2015-11-02 00:00,356.0000000000
2015-11-03 00:00,286.0000000000
2015-11-04 00:00,213.0000000000
2015-11-05 00:00,152.0000000000
2015-11-06 00:00,545.0000000000
2015-11-07 00:00,638.0000000000
2015-11-08 00:00,322.0000000000
2015-11-09 00:00,202.0000000000
2015-11-10 00:00,176.0000000000
2015-11-11 00:00,116.0000000000
2015-11-12 00:00,138.0000000000
2015-11-13 00:00,102.0000000000
2015-11-14 00:00,106.0000000000
2015-11-15 00:00,112.0000000000
2015-11-16 00:00,134.0000000000
2015-11-17 00:00,114.0000000000
2015-11-18 00:00,137.0000000000
2015-11-19 00:00,115.0000000000
2015-11-20 00:00,115.0000000000
2015-11-21 00:00,448.0000000000
2015-11-22 00:00,149.0000000000
2015-11-23 00:00,215.0000000000
2015-11-24 00:00,100.0000000000
2015-11-25 00:00,155.0000000000
2015-11-26 00:00,66.0000000000
2015-11-27 00:00,69.0000000000
2015-11-28 00:00,89.0000000000
2015-11-29 00:00,114.0000000000
2015-11-30 00:00,107.0000000000
2015-12-01 00:00,97.0000000000
2015-12-02 00:00,101.0000000000
2015-12-03 00:00,176.0000000000
2015-12-04 00:00,143.0000000000
2015-12-05 00:00,271.0000000000
2015-12-06 00:00,145.0000000000
2015-12-07 00:00,121.0000000000
2015-12-08 00:00,116.0000000000
2015-12-09 00:00,149.0000000000
2015-12-10 00:00,133.0000000000
2015-12-11 00:00,421.0000000000
2015-12-12 00:00,197.0000000000
2015-12-13 00:00,160.0000000000
2015-12-14 00:00,122.0000000000
2015-12-15 00:00,140.0000000000
2015-12-16 00:00,367.0000000000
2015-12-17 00:00,276.0000000000
2015-12-18 00:00,120.0000000000
2015-12-19 00:00,147.0000000000
2015-12-20 00:00,177.0000000000
2015-12-21 00:00,130.0000000000
2015-12-22 00:00,108.0000000000
2015-12-23 00:00,105.0000000000
2015-12-24 00:00,115.0000000000
2015-12-25 00:00,142.0000000000
2015-12-26 00:00,143.0000000000
2015-12-27 00:00,188.0000000000
2015-12-28 00:00,169.0000000000
2015-12-29 00:00,150.0000000000
2015-12-30 00:00,231.0000000000
2015-12-31 00:00,136.0000000000
2016-01-01 00:00,152.0000000000
2016-01-02 00:00,149.0000000000
2016-01-03 00:00,198.0000000000
2016-01-04 00:00,182.0000000000
2016-01-05 00:00,265.0000000000
2016-01-06 00:00,222.0000000000
2016-01-07 00:00,210.0000000000
2016-01-08 00:00,328.0000000000
2016-01-09 00:00,266.0000000000
2016-01-10 00:00,328.0000000000
2016-01-11 00:00,343.0000000000
2016-01-12 00:00,230.0000000000
2016-01-13 00:00,224.0000000000
2016-01-14 00:00,404.0000000000
2016-01-15 00:00,284.0000000000
2016-01-16 00:00,281.0000000000
2016-01-17 00:00,398.0000000000
2016-01-18 00:00,317.0000000000
2016-01-19 00:00,451.0000000000
2016-01-20 00:00,421.0000000000
2016-01-21 00:00,418.0000000000
2016-01-22 00:00,593.0000000000
2016-01-23 00:00,734.0000000000
2016-01-24 00:00,821.0000000000
2016-01-25 00:00,923.0000000000
2016-01-26 00:00,801.0000000000
2016-01-27 00:00,1009.0000000000
2016-01-28 00:00,975.0000000000
2016-01-29 00:00,991.0000000000
2016-01-30 00:00,898.0000000000
2016-01-31 00:00,691.0000000000
2016-02-01 00:00,696.0000000000
2016-02-02 00:00,678.0000000000
2016-02-03 00:00,609.0000000000
2016-02-04 00:00,816.0000000000
2016-02-05 00:00,539.0000000000
2016-02-06 00:00,527.0000000000
2016-02-07 00:00,672.0000000000
2016-02-08 00:00,755.0000000000
2016-02-09 00:00,1293.0000000000
2016-02-10 00:00,2323.0000000000
2016-02-11 00:00,1545.0000000000
2016-02-12 00:00,1413.0000000000
2016-02-13 00:00,1113.0000000000
2016-02-14 00:00,988.0000000000
2016-02-15 00:00,966.0000000000
2016-02-16 00:00,965.0000000000
2016-02-17 00:00,807.0000000000
2016-02-18 00:00,1380.0000000000
2016-02-19 00:00,661.0000000000
2016-02-20 00:00,1734.0000000000
2016-02-21 00:00,921.0000000000
2016-02-22 00:00,952.0000000000
2016-02-23 00:00,825.0000000000
2016-02-24 00:00,1010.0000000000
2016-02-25 00:00,1390.0000000000
2016-02-26 00:00,803.0000000000
2016-02-27 00:00,1374.0000000000
2016-02-28 00:00,1844.0000000000
2016-02-29 00:00,1868.0000000000
2016-03-01 00:00,2186.0000000000
2016-03-02 00:00,2290.0000000000
2016-03-03 00:00,2431.0000000000
2016-03-04 00:00,3117.0000000000
2016-03-05 00:00,2873.0000000000
2016-03-06 00:00,1885.0000000000
2016-03-07 00:00,2379.0000000000
2016-03-08 00:00,2395.0000000000
2016-03-09 00:00,2404.0000000000
2016-03-10 00:00,1502.0000000000
2016-03-11 00:00,1926.0000000000
2016-03-12 00:00,1939.0000000000
2016-03-13 00:00,2158.0000000000
2016-03-14 00:00,1845.0000000000
2016-03-15 00:00,1627.0000000000
2016-03-16 00:00,1680.0000000000
2016-03-17 00:00,1886.0000000000
2016-03-18 00:00,1254.0000000000
2016-03-19 00:00,1549.0000000000
2016-03-20 00:00,1738.0000000000
2016-03-21 00:00,2975.0000000000
2016-03-22 00:00,1537.0000000000
2016-03-23 00:00,2817.0000000000
2016-03-24 00:00,1585.0000000000
2016-03-25 00:00,2242.0000000000
2016-03-26 00:00,1115.0000000000
2016-03-27 00:00,2376.0000000000
2016-03-28 00:00,1887.0000000000
2016-03-29 00:00,3061.0000000000
2016-03-30 00:00,2182.0000000000
2016-03-31 00:00,2072.0000000000
2016-04-01 00:00,1313.0000000000
2016-04-02 00:00,1168.0000000000
2016-04-03 00:00,1945.0000000000
2016-04-04 00:00,1252.0000000000
2016-04-05 00:00,1678.0000000000
2016-04-06 00:00,1707.0000000000
2016-04-07 00:00,1366.0000000000
2016-04-08 00:00,1108.0000000000
2016-04-09 00:00,1252.0000000000
2016-04-10 00:00,1087.0000000000
2016-04-11 00:00,1429.0000000000
2016-04-12 00:00,1349.0000000000
2016-04-13 00:00,1107.0000000000
2016-04-14 00:00,962.0000000000
2016-04-15 00:00,798.0000000000
2016-04-16 00:00,886.0000000000
2016-04-17 00:00,1026.0000000000
2016-04-18 00:00,905.0000000000
2016-04-19 00:00,1093.0000000000
2016-04-20 00:00,2045.0000000000
2016-04-21 00:00,1075.0000000000
2016-04-22 00:00,1011.0000000000
2016-04-23 00:00,1238.0000000000
2016-04-24 00:00,1141.0000000000
2016-04-25 00:00,1207.0000000000
2016-04-26 00:00,1247.0000000000
2016-04-27 00:00,1173.0000000000
2016-04-28 00:00,1195.0000000000
2016-04-29 00:00,6065.0000000000
2016-04-30 00:00,2606.0000000000
2016-05-01 00:00,3989.0000000000
2016-05-02 00:00,1593.0000000000
2016-05-03 00:00,1689.0000000000
2016-05-04 00:00,1597.0000000000
2016-05-05 00:00,1513.0000000000
2016-05-06 00:00,1366.0000000000
2016-05-07 00:00,1709.0000000000
2016-05-08 00:00,1789.0000000000
2016-05-09 00:00,1594.0000000000
2016-05-10 00:00,2664.0000000000
2016-05-11 00:00,3201.0000000000
2016-05-12 00:00,2801.0000000000
2016-05-13 00:00,2324.0000000000
2016-05-14 00:00,2441.0000000000
2016-05-15 00:00,1780.0000000000
2016-05-16 00:00,2510.0000000000
2016-05-17 00:00,3853.0000000000
2016-05-18 00:00,3524.0000000000
2016-05-19 00:00,5093.0000000000
2016-05-20 00:00,4161.0000000000
2016-05-21 00:00,2258.0000000000
2016-05-22 00:00,2599.0000000000
2016-05-23 00:00,2316.0000000000
2016-05-24 00:00,2713.0000000000
2016-05-25 00:00,2731.0000000000
2016-05-26 00:00,4100.0000000000
2016-05-27 00:00,12812.0000000000
2016-05-28 00:00,3303.0000000000
2016-05-29 00:00,2416.0000000000
2016-05-30 00:00,2734.0000000000
2016-05-31 00:00,2436.0000000000
2016-06-01 00:00,2021.0000000000
2016-06-02 00:00,2022.0000000000
2016-06-03 00:00,1814.0000000000
2016-06-04 00:00,1781.0000000000
2016-06-05 00:00,2132.0000000000
2016-06-06 00:00,6274.0000000000
2016-06-07 00:00,2217.0000000000
2016-06-08 00:00,2330.0000000000
2016-06-09 00:00,2506.0000000000
2016-06-10 00:00,2476.0000000000
2016-06-11 00:00,2874.0000000000
2016-06-12 00:00,4914.0000000000
2016-06-13 00:00,4227.0000000000
2016-06-14 00:00,2927.0000000000
2016-06-15 00:00,5539.0000000000
2016-06-16 00:00,14069.0000000000
2016-06-17 00:00,14749.0000000000
2016-06-18 00:00,6469.0000000000
2016-06-19 00:00,5706.0000000000
2016-06-20 00:00,4392.0000000000
2016-06-21 00:00,5709.0000000000
2016-06-22 00:00,3503.0000000000
2016-06-23 00:00,3790.0000000000
2016-06-24 00:00,2327.0000000000
2016-06-25 00:00,2399.0000000000
2016-06-26 00:00,2653.0000000000
2016-06-27 00:00,3321.0000000000
2016-06-28 00:00,2911.0000000000
2016-06-29 00:00,2102.0000000000
2016-06-30 00:00,2960.0000000000
2016-07-01 00:00,2570.0000000000
2016-07-02 00:00,3238.0000000000
2016-07-03 00:00,2841.0000000000
2016-07-04 00:00,3898.0000000000
2016-07-05 00:00,3039.0000000000
2016-07-06 00:00,3098.0000000000
2016-07-07 00:00,3083.0000000000
2016-07-08 00:00,4011.0000000000
2016-07-09 00:00,3116.0000000000
2016-07-10 00:00,2525.0000000000
2016-07-11 00:00,3656.0000000000
2016-07-12 00:00,2816.0000000000
2016-07-13 00:00,3117.0000000000
2016-07-14 00:00,3494.0000000000
2016-07-15 00:00,2225.0000000000
2016-07-16 00:00,1465.0000000000
2016-07-17 00:00,2491.0000000000
2016-07-18 00:00,2930.0000000000
2016-07-19 00:00,4744.0000000000
2016-07-20 00:00,3374.0000000000
2016-07-21 00:00,4433.0000000000
2016-07-22 00:00,3767.0000000000
2016-07-23 00:00,3806.0000000000
2016-07-24 00:00,4509.0000000000
2016-07-25 00:00,5286.0000000000
2016-07-26 00:00,5687.0000000000
2016-07-27 00:00,3487.0000000000
2016-07-28 00:00,4894.0000000000
2016-07-29 00:00,2383.0000000000
2016-07-30 00:00,2646.0000000000
2016-07-31 00:00,2717.0000000000
2016-08-01 00:00,3894.0000000000
2016-08-02 00:00,3223.0000000000
2016-08-03 00:00,2918.0000000000
2016-08-04 00:00,2350.0000000000
2016-08-05 00:00,1936.0000000000
2016-08-06 00:00,1914.0000000000
2016-08-07 00:00,2360.0000000000
2016-08-08 00:00,3264.0000000000
2016-08-09 00:00,2938.0000000000
2016-08-10 00:00,2662.0000000000
2016-08-11 00:00,2344.0000000000
2016-08-12 00:00,1772.0000000000
2016-08-13 00:00,1696.0000000000
2016-08-14 00:00,1745.0000000000
2016-08-15 00:00,1858.0000000000
2016-08-16 00:00,1824.0000000000
2016-08-17 00:00,1839.0000000000
2016-08-18 00:00,1696.0000000000
2016-08-19 00:00,1800.0000000000
2016-08-20 00:00,2132.0000000000
2016-08-21 00:00,1609.0000000000
2016-08-22 00:00,2778.0000000000
2016-08-23 00:00,1943.0000000000
2016-08-24 00:00,2243.0000000000
2016-08-25 00:00,1919.0000000000
2016-08-26 00:00,1480.0000000000
2016-08-27 00:00,1650.0000000000
2016-08-28 00:00,1865.0000000000
2016-08-29 00:00,1942.0000000000
2016-08-30 00:00,2100.0000000000
2016-08-31 00:00,2413.0000000000
2016-09-01 00:00,2091.0000000000
2016-09-02 00:00,1872.0000000000
2016-09-03 00:00,1922.0000000000
2016-09-04 00:00,1792.0000000000
2016-09-05 00:00,2049.0000000000
2016-09-06 00:00,1871.0000000000
2016-09-07 00:00,2295.0000000000
2016-09-08 00:00,2159.0000000000
2016-09-09 00:00,2013.0000000000
2016-09-10 00:00,1803.0000000000
2016-09-11 00:00,2552.0000000000
2016-09-12 00:00,2056.0000000000
2016-09-13 00:00,1972.0000000000
2016-09-14 00:00,1903.0000000000
2016-09-15 00:00,1905.0000000000
2016-09-16 00:00,1871.0000000000
2016-09-17 00:00,1678.0000000000
2016-09-18 00:00,1064.0000000000
2016-09-19 00:00,2541.0000000000
2016-09-20 00:00,3048.0000000000
2016-09-21 00:00,1804.0000000000
2016-09-22 00:00,1606.0000000000
2016-09-23 00:00,1651.0000000000
2016-09-24 00:00,2156.0000000000
2016-09-25 00:00,1824.0000000000
2016-09-26 00:00,1892.0000000000
2016-09-27 00:00,1870.0000000000
2016-09-28 00:00,4035.0000000000
2016-09-29 00:00,2362.0000000000
2016-09-30 00:00,1917.0000000000
2016-10-01 00:00,2188.0000000000
2016-10-02 00:00,2373.0000000000
2016-10-03 00:00,40316.0000000000
2016-10-04 00:00,2436.0000000000
2016-10-05 00:00,2761.0000000000
2016-10-06 00:00,2172.0000000000
2016-10-07 00:00,3127.0000000000
2016-10-08 00:00,2775.0000000000
2016-10-09 00:00,3979.0000000000
2016-10-10 00:00,2252491.0000000000
2016-10-11 00:00,7146776.0000000000
2016-10-12 00:00,4972207.0000000000
2016-10-13 00:00,989946.0000000000
2016-10-14 00:00,701923.0000000000
2016-10-15 00:00,1170221.0000000000
2016-10-16 00:00,1062628.0000000000
2016-10-17 00:00,860014.0000000000
2016-10-18 00:00,2436.0000000000
2016-10-19 00:00,1597.0000000000
2016-10-20 00:00,1510.0000000000
2016-10-21 00:00,1675.0000000000
2016-10-22 00:00,1348.0000000000
2016-10-23 00:00,1814.0000000000
2016-10-24 00:00,2829.0000000000
2016-10-25 00:00,2005.0000000000
2016-10-26 00:00,1881.0000000000
2016-10-27 00:00,2277.0000000000
2016-10-28 00:00,1812.0000000000
2016-10-29 00:00,1704.0000000000
2016-10-30 00:00,1847.0000000000
2016-10-31 00:00,2298.0000000000
2016-11-01 00:00,4998.0000000000
2016-11-02 00:00,1929.0000000000
2016-11-03 00:00,1619.0000000000
2016-11-04 00:00,1550.0000000000
2016-11-05 00:00,1682.0000000000
2016-11-06 00:00,1779.0000000000
2016-11-07 00:00,2028.0000000000
2016-11-08 00:00,2499.0000000000
2016-11-09 00:00,1968.0000000000
2016-11-10 00:00,2228.0000000000
2016-11-11 00:00,1763.0000000000
2016-11-12 00:00,2350.0000000000
2016-11-13 00:00,1843.0000000000
2016-11-14 00:00,2101.0000000000
2016-11-15 00:00,1870.0000000000
2016-11-16 00:00,1807.0000000000
2016-11-17 00:00,2046.0000000000
2016-11-18 00:00,1571.0000000000
2016-11-19 00:00,1931.0000000000
2016-11-20 00:00,2161.0000000000
2016-11-21 00:00,2536.0000000000
2016-11-22 00:00,1675.0000000000
2016-11-23 00:00,1649.0000000000
2016-11-24 00:00,20524.0000000000
2016-11-25 00:00,3223.0000000000
2016-11-26 00:00,2826.0000000000
2016-11-27 00:00,1706.0000000000
2016-11-28 00:00,1767.0000000000
2016-11-29 00:00,1849.0000000000
2016-11-30 00:00,1669.0000000000
2016-12-01 00:00,3414.0000000000
2016-12-02 00:00,6401.0000000000
2016-12-03 00:00,5571.0000000000
2016-12-04 00:00,6700.0000000000
2016-12-05 00:00,2585.0000000000
2016-12-06 00:00,1968.0000000000
2016-12-07 00:00,1691.0000000000
2016-12-08 00:00,1813.0000000000
2016-12-09 00:00,3391.0000000000
2016-12-10 00:00,2692.0000000000
2016-12-11 00:00,1752.0000000000
2016-12-12 00:00,1602.0000000000
2016-12-13 00:00,3245.0000000000
2016-12-14 00:00,3902.0000000000
2016-12-15 00:00,1887.0000000000
2016-12-16 00:00,3100.0000000000
2016-12-17 00:00,2088.0000000000
2016-12-18 00:00,2110.0000000000
2016-12-19 00:00,2310.0000000000
2016-12-20 00:00,1921.0000000000
2016-12-21 00:00,9012.0000000000
2016-12-22 00:00,4129.0000000000
2016-12-23 00:00,1777.0000000000
2016-12-24 00:00,1293.0000000000
2016-12-25 00:00,1401.0000000000
2016-12-26 00:00,1702.0000000000
2016-12-27 00:00,1991.0000000000
2016-12-28 00:00,2616.0000000000
2016-12-29 00:00,2423.0000000000
2016-12-30 00:00,2954.0000000000
2016-12-31 00:00,1604.0000000000
2017-01-01 00:00,2259.0000000000
2017-01-02 00:00,2665.0000000000
2017-01-03 00:00,3582.0000000000
2017-01-04 00:00,3330.0000000000
2017-01-05 00:00,3316.0000000000
2017-01-06 00:00,2716.0000000000
2017-01-07 00:00,2243.0000000000
2017-01-08 00:00,2442.0000000000
2017-01-09 00:00,2341.0000000000
2017-01-10 00:00,2287.0000000000
2017-01-11 00:00,3611.0000000000
2017-01-12 00:00,3676.0000000000
2017-01-13 00:00,3460.0000000000
2017-01-14 00:00,2426.0000000000
2017-01-15 00:00,2559.0000000000
2017-01-16 00:00,2734.0000000000
2017-01-17 00:00,2602.0000000000
2017-01-18 00:00,2605.0000000000
2017-01-19 00:00,3116.0000000000
2017-01-20 00:00,2391.0000000000
2017-01-21 00:00,2636.0000000000
2017-01-22 00:00,2721.0000000000
2017-01-23 00:00,2434.0000000000
2017-01-24 00:00,2502.0000000000
2017-01-25 00:00,3234.0000000000
2017-01-26 00:00,2396.0000000000
2017-01-27 00:00,2689.0000000000
2017-01-28 00:00,2135.0000000000
2017-01-29 00:00,2638.0000000000
2017-01-30 00:00,1791.0000000000
2017-01-31 00:00,1978.0000000000
2017-02-01 00:00,1981.0000000000
2017-02-02 00:00,1846.0000000000
2017-02-03 00:00,2217.0000000000
2017-02-04 00:00,1834.0000000000
2017-02-05 00:00,1696.0000000000
2017-02-06 00:00,2215.0000000000
2017-02-07 00:00,2562.0000000000
2017-02-08 00:00,1922.0000000000
2017-02-09 00:00,2069.0000000000
2017-02-10 00:00,1995.0000000000
2017-02-11 00:00,2650.0000000000
2017-02-12 00:00,2225.0000000000
2017-02-13 00:00,2838.0000000000
2017-02-14 00:00,2786.0000000000
2017-02-15 00:00,2154.0000000000
2017-02-16 00:00,2128.0000000000
2017-02-17 00:00,2964.0000000000
2017-02-18 00:00,2062.0000000000
2017-02-19 00:00,2517.0000000000
2017-02-20 00:00,3079.0000000000
2017-02-21 00:00,2390.0000000000
2017-02-22 00:00,2366.0000000000
2017-02-23 00:00,2721.0000000000
2017-02-24 00:00,3704.0000000000
2017-02-25 00:00,2436.0000000000
2017-02-26 00:00,3385.0000000000
2017-02-27 00:00,4516.0000000000
2017-02-28 00:00,6999.0000000000
2017-03-01 00:00,6502.0000000000
2017-03-02 00:00,6988.0000000000
2017-03-03 00:00,4331.0000000000
2017-03-04 00:00,4075.0000000000
2017-03-05 00:00,4665.0000000000
2017-03-06 00:00,3834.0000000000
2017-03-07 00:00,4296.0000000000
2017-03-08 00:00,6622.0000000000
2017-03-09 00:00,6143.0000000000
2017-03-10 00:00,6132.0000000000
2017-03-11 00:00,7373.0000000000
2017-03-12 00:00,11892.0000000000
2017-03-13 00:00,9654.0000000000
2017-03-14 00:00,10582.0000000000
2017-03-15 00:00,17727.0000000000
2017-03-16 00:00,15764.0000000000
2017-03-17 00:00,12154.0000000000
2017-03-18 00:00,8651.0000000000
2017-03-19 00:00,9281.0000000000
2017-03-20 00:00,10215.0000000000
2017-03-21 00:00,8309.0000000000
2017-03-22 00:00,8110.0000000000
2017-03-23 00:00,11472.0000000000
2017-03-24 00:00,9602.0000000000
2017-03-25 00:00,7403.0000000000
2017-03-26 00:00,12657.0000000000
2017-03-27 00:00,9044.0000000000
2017-03-28 00:00,15068.0000000000
2017-03-29 00:00,15102.0000000000
2017-03-30 00:00,14419.0000000000
2017-03-31 00:00,7797.0000000000
2017-04-01 00:00,10370.0000000000
2017-04-02 00:00,12989.0000000000
2017-04-03 00:00,10228.0000000000
2017-04-04 00:00,10494.0000000000
2017-04-05 00:00,13923.0000000000
2017-04-06 00:00,8258.0000000000
2017-04-07 00:00,6859.0000000000
2017-04-08 00:00,6100.0000000000
2017-04-09 00:00,7404.0000000000
2017-04-10 00:00,7125.0000000000
2017-04-11 00:00,10098.0000000000
2017-04-12 00:00,8448.0000000000
2017-04-13 00:00,7228.0000000000
2017-04-14 00:00,6638.0000000000
2017-04-15 00:00,4629.0000000000
2017-04-16 00:00,6489.0000000000
2017-04-17 00:00,8765.0000000000
2017-04-18 00:00,9128.0000000000
2017-04-19 00:00,9995.0000000000
2017-04-20 00:00,11297.0000000000
2017-04-21 00:00,7797.0000000000
2017-04-22 00:00,6733.0000000000
2017-04-23 00:00,9931.0000000000
2017-04-24 00:00,8259.0000000000
2017-04-25 00:00,16715.0000000000
2017-04-26 00:00,16444.0000000000
2017-04-27 00:00,12673.0000000000
2017-04-28 00:00,11023.0000000000
2017-04-29 00:00,12275.0000000000
2017-04-30 00:00,21710.0000000000
2017-05-01 00:00,15661.0000000000
2017-05-02 00:00,12060.0000000000
2017-05-03 00:00,18838.0000000000
2017-05-04 00:00,15858.0000000000
2017-05-05 00:00,15472.0000000000
2017-05-06 00:00,19210.0000000000
2017-05-07 00:00,19117.0000000000
2017-05-08 00:00,20436.0000000000
2017-05-09 00:00,20637.0000000000
2017-05-10 00:00,19806.0000000000
2017-05-11 00:00,16728.0000000000
2017-05-12 00:00,14389.0000000000
2017-05-13 00:00,13872.0000000000
2017-05-14 00:00,18062.0000000000
2017-05-15 00:00,20786.0000000000
2017-05-16 00:00,23072.0000000000
2017-05-17 00:00,22494.0000000000
2017-05-18 00:00,29283.0000000000
2017-05-19 00:00,23922.0000000000
2017-05-20 00:00,24922.0000000000
2017-05-21 00:00,33532.0000000000
2017-05-22 00:00,45220.0000000000
2017-05-23 00:00,43015.0000000000
2017-05-24 00:00,39587.0000000000
2017-05-25 00:00,34772.0000000000
2017-05-26 00:00,27432.0000000000
2017-05-27 00:00,26385.0000000000
2017-05-28 00:00,29292.0000000000
2017-05-29 00:00,44207.0000000000
2017-05-30 00:00,45567.0000000000
2017-05-31 00:00,39799.0000000000
2017-06-01 00:00,47647.0000000000
2017-06-02 00:00,35094.0000000000
2017-06-03 00:00,36188.0000000000
2017-06-04 00:00,38676.0000000000
2017-06-05 00:00,44206.0000000000
2017-06-06 00:00,46127.0000000000
2017-06-07 00:00,38663.0000000000
2017-06-08 00:00,43474.0000000000
2017-06-09 00:00,43931.0000000000
2017-06-10 00:00,56618.0000000000
2017-06-11 00:00,60116.0000000000
2017-06-12 00:00,60658.0000000000
2017-06-13 00:00,54626.0000000000
2017-06-14 00:00,53402.0000000000
2017-06-15 00:00,49098.0000000000
2017-06-16 00:00,47147.0000000000
2017-06-17 00:00,53221.0000000000
2017-06-18 00:00,62768.0000000000
2017-06-19 00:00,62049.0000000000
2017-06-20 00:00,32892.0000000000
2017-06-21 00:00,56858.0000000000
2017-06-22 00:00,57229.0000000000
2017-06-23 00:00,50065.0000000000
2017-06-24 00:00,44267.0000000000
2017-06-25 00:00,52147.0000000000
2017-06-26 00:00,41509.0000000000
2017-06-27 00:00,51111.0000000000
2017-06-28 00:00,50863.0000000000
2017-06-29 00:00,47627.0000000000
2017-06-30 00:00,36826.0000000000
2017-07-01 00:00,34177.0000000000
2017-07-02 00:00,53837.0000000000
2017-07-03 00:00,45235.0000000000
2017-07-04 00:00,47039.0000000000
2017-07-05 00:00,37421.0000000000
2017-07-06 00:00,40823.0000000000
2017-07-07 00:00,40474.0000000000
2017-07-08 00:00,34828.0000000000
2017-07-09 00:00,38371.0000000000
2017-07-10 00:00,45596.0000000000
2017-07-11 00:00,43620.0000000000
2017-07-12 00:00,46971.0000000000
2017-07-13 00:00,33430.0000000000
2017-07-14 00:00,28943.0000000000
2017-07-15 00:00,35197.0000000000
2017-07-16 00:00,39311.0000000000
2017-07-17 00:00,51034.0000000000
2017-07-18 00:00,37548.0000000000
2017-07-19 00:00,40178.0000000000
2017-07-20 00:00,40011.0000000000
2017-07-21 00:00,28241.0000000000
2017-07-22 00:00,37656.0000000000
2017-07-23 00:00,39208.0000000000
2017-07-24 00:00,42111.0000000000
2017-07-25 00:00,35799.0000000000
2017-07-26 00:00,31928.0000000000
2017-07-27 00:00,34497.0000000000
2017-07-28 00:00,27343.0000000000
2017-07-29 00:00,30901.0000000000
2017-07-30 00:00,37054.0000000000
2017-07-31 00:00,39891.0000000000
2017-08-01 00:00,40405.0000000000
2017-08-02 00:00,42585.0000000000
2017-08-03 00:00,40141.0000000000
2017-08-04 00:00,39511.0000000000
2017-08-05 00:00,47577.0000000000
2017-08-06 00:00,53726.0000000000
2017-08-07 00:00,55598.0000000000
2017-08-08 00:00,54059.0000000000
2017-08-09 00:00,60991.0000000000
2017-08-10 00:00,62185.0000000000
2017-08-11 00:00,60221.0000000000
2017-08-12 00:00,64297.0000000000
2017-08-13 00:00,80028.0000000000
2017-08-14 00:00,89611.0000000000
2017-08-15 00:00,58897.0000000000
2017-08-16 00:00,70884.0000000000
2017-08-17 00:00,73503.0000000000
2017-08-18 00:00,64725.0000000000
2017-08-19 00:00,61788.0000000000
2017-08-20 00:00,66714.0000000000
2017-08-21 00:00,74931.0000000000
2017-08-22 00:00,73428.0000000000
2017-08-23 00:00,58110.0000000000
2017-08-24 00:00,52684.0000000000
2017-08-25 00:00,48403.0000000000
2017-08-26 00:00,50878.0000000000
2017-08-27 00:00,58214.0000000000
2017-08-28 00:00,65074.0000000000
2017-08-29 00:00,68455.0000000000
2017-08-30 00:00,70501.0000000000
2017-08-31 00:00,69495.0000000000
2017-09-01 00:00,58587.0000000000
2017-09-02 00:00,51390.0000000000
2017-09-03 00:00,64756.0000000000
2017-09-04 00:00,64971.0000000000
2017-09-05 00:00,79527.0000000000
2017-09-06 00:00,76461.0000000000
2017-09-07 00:00,78392.0000000000
2017-09-08 00:00,63278.0000000000
2017-09-09 00:00,55269.0000000000
2017-09-10 00:00,68829.0000000000
2017-09-11 00:00,66277.0000000000
2017-09-12 00:00,58240.0000000000
2017-09-13 00:00,56716.0000000000
2017-09-14 00:00,64873.0000000000
2017-09-15 00:00,55706.0000000000
2017-09-16 00:00,46190.0000000000
2017-09-17 00:00,52343.0000000000
2017-09-18 00:00,59838.0000000000
2017-09-19 00:00,69297.0000000000
2017-09-20 00:00,67280.0000000000
2017-09-21 00:00,41487.0000000000
2017-09-22 00:00,42318.0000000000
2017-09-23 00:00,41317.0000000000
2017-09-24 00:00,50998.0000000000
2017-09-25 00:00,68336.0000000000
2017-09-26 00:00,70956.0000000000
2017-09-27 00:00,65793.0000000000
2017-09-28 00:00,51162.0000000000
2017-09-29 00:00,51402.0000000000
2017-09-30 00:00,44919.0000000000
2017-10-01 00:00,58407.0000000000
2017-10-02 00:00,59750.0000000000
2017-10-03 00:00,55383.0000000000
2017-10-04 00:00,46969.0000000000
2017-10-05 00:00,44012.0000000000
2017-10-06 00:00,45033.0000000000
2017-10-07 00:00,54286.0000000000
2017-10-08 00:00,63337.0000000000
2017-10-09 00:00,56661.0000000000
2017-10-10 00:00,54411.0000000000
2017-10-11 00:00,58721.0000000000
2017-10-12 00:00,61493.0000000000
2017-10-13 00:00,51964.0000000000
2017-10-14 00:00,61902.0000000000
2017-10-15 00:00,98417.0000000000
2017-10-16 00:00,109342.0000000000
2017-10-17 00:00,93347.0000000000
2017-10-18 00:00,95179.0000000000
2017-10-19 00:00,90830.0000000000
2017-10-20 00:00,62437.0000000000
2017-10-21 00:00,56825.0000000000
2017-10-22 00:00,78786.0000000000
2017-10-23 00:00,91211.0000000000
2017-10-24 00:00,76594.0000000000
2017-10-25 00:00,75142.0000000000
2017-10-26 00:00,64455.0000000000
2017-10-27 00:00,46880.0000000000
2017-10-28 00:00,51371.0000000000
2017-10-29 00:00,77672.0000000000
2017-10-30 00:00,88404.0000000000
2017-10-31 00:00,88735.0000000000
2017-11-01 00:00,99342.0000000000
2017-11-02 00:00,79006.0000000000
2017-11-03 00:00,61078.0000000000
2017-11-04 00:00,57025.0000000000
2017-11-05 00:00,64911.0000000000
2017-11-06 00:00,69399.0000000000
2017-11-07 00:00,75872.0000000000
2017-11-08 00:00,108860.0000000000
2017-11-09 00:00,102072.0000000000
2017-11-10 00:00,85366.0000000000
2017-11-11 00:00,94464.0000000000
2017-11-12 00:00,90181.0000000000
2017-11-13 00:00,88714.0000000000
2017-11-14 00:00,108639.0000000000
2017-11-15 00:00,102530.0000000000
2017-11-16 00:00,101290.0000000000
2017-11-17 00:00,98829.0000000000
2017-11-18 00:00,84180.0000000000
2017-11-19 00:00,100002.0000000000
2017-11-20 00:00,97884.0000000000
2017-11-21 00:00,97785.0000000000
2017-11-22 00:00,101332.0000000000
2017-11-23 00:00,107326.0000000000
2017-11-24 00:00,144748.0000000000
2017-11-25 00:00,91117.0000000000
2017-11-26 00:00,105674.0000000000
2017-11-27 00:00,131063.0000000000
2017-11-28 00:00,126505.0000000000
2017-11-29 00:00,116969.0000000000
2017-11-30 00:00,120762.0000000000
2017-12-01 00:00,104530.0000000000
2017-12-02 00:00,111221.0000000000
2017-12-03 00:00,131191.0000000000
2017-12-04 00:00,124326.0000000000
2017-12-05 00:00,199879.0000000000
2017-12-06 00:00,163573.0000000000
2017-12-07 00:00,132551.0000000000
2017-12-08 00:00,117630.0000000000
2017-12-09 00:00,119136.0000000000
2017-12-10 00:00,127395.0000000000
2017-12-11 00:00,153291.0000000000
2017-12-12 00:00,204130.0000000000
2017-12-13 00:00,232784.0000000000
2017-12-14 00:00,205819.0000000000
2017-12-15 00:00,186024.0000000000
2017-12-16 00:00,211943.0000000000
2017-12-17 00:00,227270.0000000000
2017-12-18 00:00,236664.0000000000
2017-12-19 00:00,244675.0000000000
2017-12-20 00:00,286366.0000000000
2017-12-21 00:00,264109.0000000000
2017-12-22 00:00,224787.0000000000
2017-12-23 00:00,217768.0000000000
2017-12-24 00:00,194047.0000000000
2017-12-25 00:00,230885.0000000000
2017-12-26 00:00,264907.0000000000
2017-12-27 00:00,244246.0000000000
2017-12-28 00:00,285023.0000000000
2017-12-29 00:00,302210.0000000000
2017-12-30 00:00,242529.0000000000
2017-12-31 00:00,233277.0000000000
2018-01-01 00:00,286678.0000000000
2018-01-02 00:00,337512.0000000000
2018-01-03 00:00,369473.0000000000
2018-01-04 00:00,363363.0000000000
2018-01-05 00:00,330663.0000000000
2018-01-06 00:00,272917.0000000000
2018-01-07 00:00,293407.0000000000
2018-01-08 00:00,303843.0000000000
2018-01-09 00:00,326365.0000000000
2018-01-10 00:00,321892.0000000000
2018-01-11 00:00,287046.0000000000
2018-01-12 00:00,266848.0000000000
2018-01-13 00:00,246315.0000000000
2018-01-14 00:00,258939.0000000000
2018-01-15 00:00,293744.0000000000
2018-01-16 00:00,293847.0000000000
2018-01-17 00:00,260406.0000000000
2018-01-18 00:00,204774.0000000000
2018-01-19 00:00,192178.0000000000
2018-01-20 00:00,220029.0000000000
2018-01-21 00:00,251790.0000000000
2018-01-22 00:00,248896.0000000000
2018-01-23 00:00,259182.0000000000
2018-01-24 00:00,197617.0000000000
2018-01-25 00:00,225837.0000000000
2018-01-26 00:00,177786.0000000000
2018-01-27 00:00,169527.0000000000
2018-01-28 00:00,171865.0000000000
2018-01-29 00:00,189422.0000000000
2018-01-30 00:00,191289.0000000000
2018-01-31 00:00,178903.0000000000
2018-02-01 00:00,192913.0000000000
2018-02-02 00:00,172586.0000000000
2018-02-03 00:00,177900.0000000000
2018-02-04 00:00,178909.0000000000
2018-02-05 00:00,185399.0000000000
2018-02-06 00:00,154526.0000000000
2018-02-07 00:00,121894.0000000000
2018-02-08 00:00,142015.0000000000
2018-02-09 00:00,150823.0000000000
2018-02-10 00:00,147092.0000000000
2018-02-11 00:00,161376.0000000000
2018-02-12 00:00,141001.0000000000
2018-02-13 00:00,134866.0000000000
2018-02-14 00:00,147958.0000000000
2018-02-15 00:00,146080.0000000000
2018-02-16 00:00,140402.0000000000
2018-02-17 00:00,119354.0000000000
2018-02-18 00:00,135802.0000000000
2018-02-19 00:00,151598.0000000000
2018-02-20 00:00,153260.0000000000
2018-02-21 00:00,175376.0000000000
2018-02-22 00:00,177430.0000000000
2018-02-23 00:00,247648.0000000000
2018-02-24 00:00,157338.0000000000
2018-02-25 00:00,146561.0000000000
2018-02-26 00:00,139102.0000000000
2018-02-27 00:00,160715.0000000000
2018-02-28 00:00,132849.0000000000
2018-03-01 00:00,133507.0000000000
2018-03-02 00:00,122772.0000000000
2018-03-03 00:00,117710.0000000000
2018-03-04 00:00,117271.0000000000
2018-03-05 00:00,121712.0000000000
2018-03-06 00:00,134915.0000000000
2018-03-07 00:00,137857.0000000000
2018-03-08 00:00,159193.0000000000
2018-03-09 00:00,109990.0000000000
2018-03-10 00:00,101846.0000000000
2018-03-11 00:00,127281.0000000000
2018-03-12 00:00,157211.0000000000
2018-03-13 00:00,154227.0000000000
2018-03-14 00:00,137846.0000000000
2018-03-15 00:00,132396.0000000000
2018-03-16 00:00,95277.0000000000
2018-03-17 00:00,148166.0000000000
2018-03-18 00:00,133024.0000000000
2018-03-19 00:00,101096.0000000000
2018-03-20 00:00,110832.0000000000
2018-03-21 00:00,104985.0000000000
2018-03-22 00:00,111193.0000000000
2018-03-23 00:00,98707.0000000000
2018-03-24 00:00,87230.0000000000
2018-03-25 00:00,100534.0000000000
2018-03-26 00:00,97012.0000000000
2018-03-27 00:00,105635.0000000000
2018-03-28 00:00,104226.0000000000
2018-03-29 00:00,108768.0000000000
2018-03-30 00:00,102267.0000000000
2018-03-31 00:00,114654.0000000000
2018-04-01 00:00,109448.0000000000
2018-04-02 00:00,138024.0000000000
2018-04-03 00:00,125572.0000000000
2018-04-04 00:00,149868.0000000000
2018-04-05 00:00,131429.0000000000
2018-04-06 00:00,109407.0000000000
2018-04-07 00:00,97765.0000000000
2018-04-08 00:00,106670.0000000000
2018-04-09 00:00,93963.0000000000
2018-04-10 00:00,117263.0000000000
2018-04-11 00:00,111379.0000000000
2018-04-12 00:00,111919.0000000000
2018-04-13 00:00,96546.0000000000
2018-04-14 00:00,104126.0000000000
2018-04-15 00:00,133570.0000000000
2018-04-16 00:00,126258.0000000000
2018-04-17 00:00,175832.0000000000
2018-04-18 00:00,186711.0000000000
2018-04-19 00:00,122122.0000000000
2018-04-20 00:00,126324.0000000000
2018-04-21 00:00,109935.0000000000
2018-04-22 00:00,111758.0000000000
2018-04-23 00:00,128559.0000000000
2018-04-24 00:00,103313.0000000000
2018-04-25 00:00,98135.0000000000
2018-04-26 00:00,94418.0000000000
2018-04-27 00:00,86337.0000000000
2018-04-28 00:00,82693.0000000000
2018-04-29 00:00,115206.0000000000
2018-04-30 00:00,123067.0000000000
2018-05-01 00:00,110275.0000000000
2018-05-02 00:00,118864.0000000000
2018-05-03 00:00,103320.0000000000
2018-05-04 00:00,103504.0000000000
2018-05-05 00:00,111914.0000000000
2018-05-06 00:00,116860.0000000000
2018-05-07 00:00,109562.0000000000
2018-05-08 00:00,121712.0000000000
2018-05-09 00:00,104785.0000000000
2018-05-10 00:00,131006.0000000000
2018-05-11 00:00,118654.0000000000
2018-05-12 00:00,127610.0000000000
2018-05-13 00:00,107691.0000000000
2018-05-14 00:00,135467.0000000000
2018-05-15 00:00,126756.0000000000
2018-05-16 00:00,118963.0000000000
2018-05-17 00:00,157753.0000000000
2018-05-18 00:00,127062.0000000000
2018-05-19 00:00,134091.0000000000
2018-05-20 00:00,128551.0000000000
2018-05-21 00:00,103861.0000000000
2018-05-22 00:00,131624.0000000000
2018-05-23 00:00,107606.0000000000
2018-05-24 00:00,107328.0000000000
2018-05-25 00:00,113495.0000000000
2018-05-26 00:00,118027.0000000000
2018-05-27 00:00,115790.0000000000
2018-05-28 00:00,108159.0000000000
2018-05-29 00:00,130674.0000000000
2018-05-30 00:00,98418.0000000000
2018-05-31 00:00,118336.0000000000
2018-06-01 00:00,100303.0000000000
2018-06-02 00:00,112662.0000000000
2018-06-03 00:00,148988.0000000000
2018-06-04 00:00,114115.0000000000
2018-06-05 00:00,116139.0000000000
2018-06-06 00:00,110605.0000000000
2018-06-07 00:00,179773.0000000000
2018-06-08 00:00,102002.0000000000
2018-06-09 00:00,107100.0000000000
2018-06-10 00:00,97436.0000000000
2018-06-11 00:00,106091.0000000000
2018-06-12 00:00,113639.0000000000
2018-06-13 00:00,119632.0000000000
2018-06-14 00:00,92915.0000000000
2018-06-15 00:00,105209.0000000000
2018-06-16 00:00,65257.0000000000
2018-06-17 00:00,103643.0000000000
2018-06-18 00:00,94740.0000000000
2018-06-19 00:00,102810.0000000000
2018-06-20 00:00,130649.0000000000
2018-06-21 00:00,134042.0000000000
2018-06-22 00:00,102854.0000000000
2018-06-23 00:00,139305.0000000000
2018-06-24 00:00,101467.0000000000
2018-06-25 00:00,139755.0000000000
2018-06-26 00:00,100649.0000000000
2018-06-27 00:00,100708.0000000000
2018-06-28 00:00,103977.0000000000
2018-06-29 00:00,106487.0000000000
2018-06-30 00:00,73142.0000000000
2018-07-01 00:00,84535.0000000000
2018-07-02 00:00,137943.0000000000
2018-07-03 00:00,55239.0000000000
2018-07-04 00:00,64133.0000000000
2018-07-05 00:00,57162.0000000000
2018-07-06 00:00,44147.0000000000
2018-07-07 00:00,51869.0000000000
2018-07-08 00:00,78384.0000000000
2018-07-09 00:00,93648.0000000000
2018-07-10 00:00,79976.0000000000
2018-07-11 00:00,77911.0000000000
2018-07-12 00:00,57954.0000000000
2018-07-13 00:00,45999.0000000000
2018-07-14 00:00,84501.0000000000
2018-07-15 00:00,118056.0000000000
2018-07-16 00:00,112862.0000000000
2018-07-17 00:00,104638.0000000000
2018-07-18 00:00,108577.0000000000
2018-07-19 00:00,124361.0000000000
2018-07-20 00:00,127844.0000000000
2018-07-21 00:00,88700.0000000000
2018-07-22 00:00,66888.0000000000
2018-07-23 00:00,101417.0000000000
2018-07-24 00:00,111423.0000000000
2018-07-25 00:00,114521.0000000000
2018-07-26 00:00,85565.0000000000
2018-07-27 00:00,111097.0000000000
2018-07-28 00:00,99515.0000000000
2018-07-29 00:00,98552.0000000000
2018-07-30 00:00,100877.0000000000
2018-07-31 00:00,97976.0000000000
2018-08-01 00:00,104597.0000000000
2018-08-02 00:00,101393.0000000000
2018-08-03 00:00,124021.0000000000
2018-08-04 00:00,160303.0000000000
2018-08-05 00:00,115354.0000000000
2018-08-06 00:00,88780.0000000000
2018-08-07 00:00,76926.0000000000
2018-08-08 00:00,72099.0000000000
2018-08-09 00:00,86028.0000000000
2018-08-10 00:00,113434.0000000000
2018-08-11 00:00,133150.0000000000
2018-08-12 00:00,94324.0000000000
2018-08-13 00:00,97552.0000000000
2018-08-14 00:00,91897.0000000000
2018-08-15 00:00,88034.0000000000
2018-08-16 00:00,68023.0000000000
2018-08-17 00:00,63758.0000000000
2018-08-18 00:00,67165.0000000000
2018-08-19 00:00,83650.0000000000
2018-08-20 00:00,135968.0000000000
2018-08-21 00:00,65449.0000000000
2018-08-22 00:00,64444.0000000000
2018-08-23 00:00,67044.0000000000
2018-08-24 00:00,74764.0000000000
2018-08-25 00:00,72615.0000000000
2018-08-26 00:00,80088.0000000000
2018-08-27 00:00,76379.0000000000
2018-08-28 00:00,72227.0000000000
2018-08-29 00:00,66170.0000000000
2018-08-30 00:00,63074.0000000000
2018-08-31 00:00,71437.0000000000
2018-09-01 00:00,87380.0000000000
2018-09-02 00:00,69672.0000000000
2018-09-03 00:00,63420.0000000000
2018-09-04 00:00,70240.0000000000
2018-09-05 00:00,60152.0000000000
2018-09-06 00:00,61695.0000000000
2018-09-07 00:00,46857.0000000000
2018-09-08 00:00,68125.0000000000
2018-09-09 00:00,72409.0000000000
2018-09-10 00:00,60262.0000000000
2018-09-11 00:00,58804.0000000000
2018-09-12 00:00,61961.0000000000
2018-09-13 00:00,69692.0000000000
2018-09-14 00:00,80633.0000000000
2018-09-15 00:00,73765.0000000000
2018-09-16 00:00,89086.0000000000
2018-09-17 00:00,80862.0000000000
2018-09-18 00:00,65030.0000000000
2018-09-19 00:00,75886.0000000000
2018-09-20 00:00,66128.0000000000
2018-09-21 00:00,54312.0000000000
2018-09-22 00:00,51299.0000000000
2018-09-23 00:00,48742.0000000000
2018-09-24 00:00,55864.0000000000
2018-09-25 00:00,49954.0000000000
2018-09-26 00:00,64656.0000000000
2018-09-27 00:00,67812.0000000000
2018-09-28 00:00,62516.0000000000
2018-09-29 00:00,66757.0000000000
2018-09-30 00:00,77186.0000000000
2018-10-01 00:00,70479.0000000000
2018-10-02 00:00,85688.0000000000
2018-10-03 00:00,83756.0000000000
2018-10-04 00:00,77165.0000000000
2018-10-05 00:00,96435.0000000000
2018-10-06 00:00,82009.0000000000
2018-10-07 00:00,94563.0000000000
2018-10-08 00:00,85978.0000000000
2018-10-09 00:00,70415.0000000000
2018-10-10 00:00,69575.0000000000
2018-10-11 00:00,93691.0000000000
2018-10-12 00:00,95962.0000000000
2018-10-13 00:00,88906.0000000000
2018-10-14 00:00,92880.0000000000
2018-10-15 00:00,81644.0000000000
2018-10-16 00:00,82170.0000000000
2018-10-17 00:00,106420.0000000000
2018-10-18 00:00,73831.0000000000
2018-10-19 00:00,120090.0000000000
2018-10-20 00:00,102067.0000000000
2018-10-21 00:00,101925.0000000000
2018-10-22 00:00,113621.0000000000
2018-10-23 00:00,84318.0000000000
2018-10-24 00:00,107891.0000000000
2018-10-25 00:00,91858.0000000000
2018-10-26 00:00,106041.0000000000
2018-10-27 00:00,130401.0000000000
2018-10-28 00:00,95828.0000000000
2018-10-29 00:00,114266.0000000000
2018-10-30 00:00,119916.0000000000
2018-10-31 00:00,99982.0000000000
2018-11-01 00:00,79866.0000000000
2018-11-02 00:00,82331.0000000000
2018-11-03 00:00,84384.0000000000
2018-11-04 00:00,73695.0000000000
2018-11-05 00:00,119909.0000000000
2018-11-06 00:00,95693.0000000000
2018-11-07 00:00,110832.0000000000
2018-11-08 00:00,100706.0000000000
2018-11-09 00:00,121682.0000000000
2018-11-10 00:00,116530.0000000000
2018-11-11 00:00,96001.0000000000
2018-11-12 00:00,102410.0000000000
2018-11-13 00:00,118817.0000000000
2018-11-14 00:00,133102.0000000000
2018-11-15 00:00,124797.0000000000
2018-11-16 00:00,151773.0000000000
2018-11-17 00:00,117228.0000000000
2018-11-18 00:00,101612.0000000000
2018-11-19 00:00,101326.0000000000
2018-11-20 00:00,109059.0000000000
2018-11-21 00:00,114677.0000000000
2018-11-22 00:00,114012.0000000000
2018-11-23 00:00,114503.0000000000
2018-11-24 00:00,112947.0000000000
2018-11-25 00:00,113845.0000000000
2018-11-26 00:00,127411.0000000000
2018-11-27 00:00,109690.0000000000
2018-11-28 00:00,90486.0000000000
2018-11-29 00:00,85144.0000000000
2018-11-30 00:00,121622.0000000000
2018-12-01 00:00,112843.0000000000
2018-12-02 00:00,103220.0000000000
2018-12-03 00:00,84052.0000000000
2018-12-04 00:00,91899.0000000000
2018-12-05 00:00,116882.0000000000
2018-12-06 00:00,116769.0000000000
2018-12-07 00:00,115467.0000000000
2018-12-08 00:00,98323.0000000000
2018-12-09 00:00,94152.0000000000
2018-12-10 00:00,122470.0000000000
2018-12-11 00:00,145300.0000000000
2018-12-12 00:00,132903.0000000000
2018-12-13 00:00,118151.0000000000
2018-12-14 00:00,176997.0000000000
2018-12-15 00:00,152566.0000000000
2018-12-16 00:00,106710.0000000000
2018-12-17 00:00,109330.0000000000
2018-12-18 00:00,129089.0000000000
2018-12-19 00:00,142177.0000000000
2018-12-20 00:00,128280.0000000000
2018-12-21 00:00,171531.0000000000
2018-12-22 00:00,182212.0000000000
2018-12-23 00:00,149850.0000000000
2018-12-24 00:00,76741.0000000000
2018-12-25 00:00,106992.0000000000
2018-12-26 00:00,107457.0000000000
2018-12-27 00:00,116106.0000000000
2018-12-28 00:00,120246.0000000000
2018-12-29 00:00,83873.0000000000
2018-12-30 00:00,105471.0000000000
2018-12-31 00:00,55578.0000000000
2019-01-01 00:00,80209.0000000000
2019-01-02 00:00,82738.0000000000
2019-01-03 00:00,90196.0000000000
2019-01-04 00:00,80647.0000000000
2019-01-05 00:00,87737.0000000000
2019-01-06 00:00,95545.0000000000
2019-01-07 00:00,79718.0000000000
2019-01-08 00:00,77292.0000000000
2019-01-09 00:00,92951.0000000000
2019-01-10 00:00,102635.0000000000
2019-01-11 00:00,101861.0000000000
2019-01-12 00:00,89721.0000000000
2019-01-13 00:00,70398.0000000000
2019-01-14 00:00,67930.0000000000
2019-01-15 00:00,76176.0000000000
2019-01-16 00:00,80071.0000000000
2019-01-17 00:00,87982.0000000000
2019-01-18 00:00,78470.0000000000
2019-01-19 00:00,72480.0000000000
2019-01-20 00:00,66930.0000000000
2019-01-21 00:00,60926.0000000000
2019-01-22 00:00,70073.0000000000
2019-01-23 00:00,80523.0000000000
2019-01-24 00:00,73383.0000000000
2019-01-25 00:00,114565.0000000000
2019-01-26 00:00,75600.0000000000
2019-01-27 00:00,80218.0000000000
2019-01-28 00:00,88278.0000000000
2019-01-29 00:00,83514.0000000000
2019-01-30 00:00,64090.0000000000
2019-01-31 00:00,66186.0000000000
2019-02-01 00:00,77735.0000000000
2019-02-02 00:00,72940.0000000000
2019-02-03 00:00,71683.0000000000
2019-02-04 00:00,54792.0000000000
2019-02-05 00:00,56836.0000000000
2019-02-06 00:00,75834.0000000000
2019-02-07 00:00,59305.0000000000
2019-02-08 00:00,50876.0000000000
2019-02-09 00:00,47301.0000000000
2019-02-10 00:00,48337.0000000000
2019-02-11 00:00,55912.0000000000
2019-02-12 00:00,65147.0000000000
2019-02-13 00:00,47763.0000000000
2019-02-14 00:00,55270.0000000000
2019-02-15 00:00,36338.0000000000
2019-02-16 00:00,38678.0000000000
2019-02-17 00:00,50714.0000000000
2019-02-18 00:00,52659.0000000000
2019-02-19 00:00,65859.0000000000
2019-02-20 00:00,67311.0000000000
2019-02-21 00:00,74111.0000000000
2019-02-22 00:00,64754.0000000000
2019-02-23 00:00,58560.0000000000
2019-02-24 00:00,72746.0000000000
2019-02-25 00:00,76561.0000000000
2019-02-26 00:00,69761.0000000000
2019-02-27 00:00,58249.0000000000
2019-02-28 00:00,75041.0000000000
2019-03-01 00:00,101447.0000000000
2019-03-02 00:00,121822.0000000000
2019-03-03 00:00,105100.0000000000
2019-03-04 00:00,104885.0000000000
2019-03-05 00:00,91586.0000000000
2019-03-06 00:00,91294.0000000000
2019-03-07 00:00,84855.0000000000
2019-03-08 00:00,88986.0000000000
2019-03-09 00:00,87728.0000000000
2019-03-10 00:00,107698.0000000000
2019-03-11 00:00,63316.0000000000
2019-03-12 00:00,69714.0000000000
2019-03-13 00:00,85075.0000000000
2019-03-14 00:00,126649.0000000000
2019-03-15 00:00,105571.0000000000
2019-03-16 00:00,118138.0000000000
2019-03-17 00:00,76118.0000000000
2019-03-18 00:00,82719.0000000000
2019-03-19 00:00,77696.0000000000
2019-03-20 00:00,65083.0000000000
2019-03-21 00:00,74907.0000000000
2019-03-22 00:00,70287.0000000000
2019-03-23 00:00,101812.0000000000
2019-03-24 00:00,94816.0000000000
2019-03-25 00:00,91655.0000000000
2019-03-26 00:00,90642.0000000000
2019-03-27 00:00,94425.0000000000
2019-03-28 00:00,96759.0000000000
2019-03-29 00:00,134920.0000000000
2019-03-30 00:00,152057.0000000000
2019-03-31 00:00,78574.0000000000
2019-04-01 00:00,88338.0000000000
2019-04-02 00:00,87404.0000000000
2019-04-03 00:00,78188.0000000000
2019-04-04 00:00,90226.0000000000
2019-04-05 00:00,107020.0000000000
2019-04-06 00:00,103057.0000000000
2019-04-07 00:00,101007.0000000000
2019-04-08 00:00,105086.0000000000
2019-04-09 00:00,107537.0000000000
2019-04-10 00:00,99126.0000000000
2019-04-11 00:00,90077.0000000000
2019-04-12 00:00,94559.0000000000
2019-04-13 00:00,90537.0000000000
2019-04-14 00:00,107796.0000000000
2019-04-15 00:00,92214.0000000000
2019-04-16 00:00,117943.0000000000
2019-04-17 00:00,126700.0000000000
2019-04-18 00:00,102270.0000000000
2019-04-19 00:00,76615.0000000000
2019-04-20 00:00,87199.0000000000
2019-04-21 00:00,142154.0000000000
2019-04-22 00:00,117179.0000000000
2019-04-23 00:00,115084.0000000000
2019-04-24 00:00,80514.0000000000
2019-04-25 00:00,83973.0000000000
2019-04-26 00:00,95132.0000000000
2019-04-27 00:00,95755.0000000000
2019-04-28 00:00,95526.0000000000
2019-04-29 00:00,85120.0000000000
2019-04-30 00:00,70588.0000000000
2019-05-01 00:00,65841.0000000000
2019-05-02 00:00,69084.0000000000
2019-05-03 00:00,71550.0000000000
2019-05-04 00:00,88129.0000000000
2019-05-05 00:00,71025.0000000000
2019-05-06 00:00,68350.0000000000
2019-05-07 00:00,73949.0000000000
2019-05-08 00:00,111175.0000000000
2019-05-09 00:00,177364.0000000000
2019-05-10 00:00,110026.0000000000
2019-05-11 00:00,94104.0000000000
2019-05-12 00:00,145487.0000000000
2019-05-13 00:00,109344.0000000000
2019-05-14 00:00,144655.0000000000
2019-05-15 00:00,121916.0000000000
2019-05-16 00:00,90715.0000000000
2019-05-17 00:00,164950.0000000000
2019-05-18 00:00,145314.0000000000
2019-05-19 00:00,131149.0000000000
2019-05-20 00:00,135268.0000000000
2019-05-21 00:00,125587.0000000000
2019-05-22 00:00,115124.0000000000
2019-05-23 00:00,108571.0000000000
2019-05-24 00:00,101911.0000000000
2019-05-25 00:00,86025.0000000000
2019-05-26 00:00,125939.0000000000
2019-05-27 00:00,120271.0000000000
2019-05-28 00:00,134918.0000000000
2019-05-29 00:00,106009.0000000000
2019-05-30 00:00,142752.0000000000
2019-05-31 00:00,151985.0000000000
2019-06-01 00:00,93419.0000000000
2019-06-02 00:00,106883.0000000000
2019-06-03 00:00,90314.0000000000
2019-06-04 00:00,87120.0000000000
2019-06-05 00:00,115969.0000000000
2019-06-06 00:00,88713.0000000000
2019-06-07 00:00,71152.0000000000
2019-06-08 00:00,77595.0000000000
2019-06-09 00:00,71038.0000000000
2019-06-10 00:00,78109.0000000000
2019-06-11 00:00,88403.0000000000
2019-06-12 00:00,97927.0000000000
2019-06-13 00:00,159342.0000000000
2019-06-14 00:00,135248.0000000000
2019-06-15 00:00,79159.0000000000
2019-06-16 00:00,68947.0000000000
2019-06-17 00:00,124650.0000000000
2019-06-18 00:00,93308.0000000000
2019-06-19 00:00,90202.0000000000
2019-06-20 00:00,107063.0000000000
2019-06-21 00:00,99351.0000000000
2019-06-22 00:00,83278.0000000000
2019-06-23 00:00,119136.0000000000
2019-06-24 00:00,110738.0000000000
2019-06-25 00:00,119574.0000000000
2019-06-26 00:00,113038.0000000000
2019-06-27 00:00,107799.0000000000
2019-06-28 00:00,86479.0000000000
2019-06-29 00:00,89257.0000000000
2019-06-30 00:00,86232.0000000000
2019-07-01 00:00,108448.0000000000
2019-07-02 00:00,155883.0000000000
2019-07-03 00:00,106282.0000000000
2019-07-04 00:00,82209.0000000000
2019-07-05 00:00,89033.0000000000
2019-07-06 00:00,101157.0000000000
2019-07-07 00:00,82218.0000000000
2019-07-08 00:00,94004.0000000000
2019-07-09 00:00,82779.0000000000
2019-07-10 00:00,76588.0000000000
2019-07-11 00:00,73695.0000000000
2019-07-12 00:00,62520.0000000000
2019-07-13 00:00,62753.0000000000
2019-07-14 00:00,86596.0000000000
2019-07-15 00:00,60118.0000000000
2019-07-16 00:00,82078.0000000000
2019-07-17 00:00,83461.0000000000
2019-07-18 00:00,72811.0000000000
2019-07-19 00:00,84435.0000000000
2019-07-20 00:00,99689.0000000000
2019-07-21 00:00,132511.0000000000
2019-07-22 00:00,121183.0000000000
2019-07-23 00:00,84943.0000000000
2019-07-24 00:00,88107.0000000000
2019-07-25 00:00,104362.0000000000
2019-07-26 00:00,85462.0000000000
2019-07-27 00:00,128926.0000000000
2019-07-28 00:00,90756.0000000000
2019-07-29 00:00,82173.0000000000
2019-07-30 00:00,91973.0000000000
2019-07-31 00:00,75015.0000000000
2019-08-01 00:00,78803.0000000000
2019-08-02 00:00,75183.0000000000
2019-08-03 00:00,92646.0000000000
2019-08-04 00:00,94584.0000000000
2019-08-05 00:00,100178.0000000000
2019-08-06 00:00,118675.0000000000
2019-08-07 00:00,132703.0000000000
2019-08-08 00:00,80919.0000000000
2019-08-09 00:00,76771.0000000000
2019-08-10 00:00,68380.0000000000
2019-08-11 00:00,103141.0000000000
2019-08-12 00:00,89310.0000000000
2019-08-13 00:00,82851.0000000000
2019-08-14 00:00,76374.0000000000
2019-08-15 00:00,98288.0000000000
2019-08-16 00:00,84095.0000000000
2019-08-17 00:00,78493.0000000000
2019-08-18 00:00,48370.0000000000
2019-08-19 00:00,106439.0000000000
2019-08-20 00:00,106051.0000000000
2019-08-21 00:00,86178.0000000000
2019-08-22 00:00,79779.0000000000
2019-08-23 00:00,70449.0000000000
2019-08-24 00:00,79937.0000000000
2019-08-25 00:00,65695.0000000000
2019-08-26 00:00,74786.0000000000
2019-08-27 00:00,73538.0000000000
2019-08-28 00:00,69301.0000000000
2019-08-29 00:00,87673.0000000000
2019-08-30 00:00,74389.0000000000
2019-08-31 00:00,63525.0000000000
2019-09-01 00:00,65851.0000000000
2019-09-02 00:00,76533.0000000000
2019-09-03 00:00,75785.0000000000
2019-09-04 00:00,75386.0000000000
2019-09-05 00:00,66725.0000000000
2019-09-06 00:00,57040.0000000000
2019-09-07 00:00,58343.0000000000
2019-09-08 00:00,63330.0000000000
2019-09-09 00:00,61154.0000000000
2019-09-10 00:00,65798.0000000000
2019-09-11 00:00,69740.0000000000
2019-09-12 00:00,59109.0000000000
2019-09-13 00:00,55927.0000000000
2019-09-14 00:00,58367.0000000000
2019-09-15 00:00,64699.0000000000
2019-09-16 00:00,66115.0000000000
2019-09-17 00:00,65567.0000000000
2019-09-18 00:00,62850.0000000000
2019-09-19 00:00,69732.0000000000
2019-09-20 00:00,59676.0000000000
2019-09-21 00:00,61414.0000000000
2019-09-22 00:00,66104.0000000000
2019-09-23 00:00,62799.0000000000
2019-09-24 00:00,60066.0000000000
2019-09-25 00:00,56550.0000000000
2019-09-26 00:00,66503.0000000000
2019-09-27 00:00,49774.0000000000
2019-09-28 00:00,54503.0000000000
2019-09-29 00:00,65038.0000000000
2019-09-30 00:00,63916.0000000000
2019-10-01 00:00,56597.0000000000
2019-10-02 00:00,28140.0000000000
2019-10-03 00:00,84431.0000000000
2019-10-04 00:00,71794.0000000000
2019-10-05 00:00,150020.0000000000
2019-10-06 00:00,83610.0000000000
2019-10-07 00:00,78962.0000000000
2019-10-08 00:00,84920.0000000000
2019-10-09 00:00,80927.0000000000
2019-10-10 00:00,88925.0000000000
2019-10-11 00:00,65889.0000000000
2019-10-12 00:00,56655.0000000000
2019-10-13 00:00,70850.0000000000
2019-10-14 00:00,91024.0000000000
2019-10-15 00:00,82192.0000000000
2019-10-16 00:00,85651.0000000000
2019-10-17 00:00,91869.0000000000
2019-10-18 00:00,70602.0000000000
2019-10-19 00:00,67778.0000000000
2019-10-20 00:00,76334.0000000000
2019-10-21 00:00,77432.0000000000
2019-10-22 00:00,95209.0000000000
2019-10-23 00:00,89304.0000000000
2019-10-24 00:00,93996.0000000000
2019-10-25 00:00,88188.0000000000
2019-10-26 00:00,80417.0000000000
2019-10-27 00:00,76496.0000000000
2019-10-28 00:00,69635.0000000000
2019-10-29 00:00,81239.0000000000
2019-10-30 00:00,80376.0000000000
2019-10-31 00:00,80801.0000000000
2019-11-01 00:00,72113.0000000000
2019-11-02 00:00,65865.0000000000
2019-11-03 00:00,75523.0000000000
2019-11-04 00:00,97276.0000000000
2019-11-05 00:00,47567.0000000000
2019-11-06 00:00,73757.0000000000
2019-11-07 00:00,70075.0000000000
2019-11-08 00:00,64148.0000000000
2019-11-09 00:00,54574.0000000000
2019-11-10 00:00,90023.0000000000
2019-11-11 00:00,73345.0000000000
2019-11-12 00:00,80018.0000000000
2019-11-13 00:00,89377.0000000000
2019-11-14 00:00,78362.0000000000
2019-11-15 00:00,57055.0000000000
2019-11-16 00:00,102496.0000000000
2019-11-17 00:00,118248.0000000000
2019-11-18 00:00,106801.0000000000
2019-11-19 00:00,83067.0000000000
2019-11-20 00:00,86253.0000000000
2019-11-21 00:00,78385.0000000000
2019-11-22 00:00,106598.0000000000
2019-11-23 00:00,79970.0000000000
2019-11-24 00:00,73327.0000000000
2019-11-25 00:00,68653.0000000000
2019-11-26 00:00,196514.0000000000
2019-11-27 00:00,380411.0000000000
2019-11-28 00:00,130603.0000000000
2019-11-29 00:00,165758.0000000000
2019-11-30 00:00,166546.0000000000
2019-12-01 00:00,164776.0000000000
2019-12-02 00:00,183356.0000000000
2019-12-03 00:00,143964.0000000000
2019-12-04 00:00,113305.0000000000
2019-12-05 00:00,55152.0000000000
2019-12-06 00:00,90903.0000000000
2019-12-07 00:00,259851.0000000000
2019-12-08 00:00,166082.0000000000
2019-12-09 00:00,137232.0000000000
2019-12-10 00:00,75752.0000000000
2019-12-11 00:00,80302.0000000000
2019-12-12 00:00,64263.0000000000
2019-12-13 00:00,56465.0000000000
2019-12-14 00:00,54699.0000000000
2019-12-15 00:00,65067.0000000000
2019-12-16 00:00,61524.0000000000
2019-12-17 00:00,65371.0000000000
2019-12-18 00:00,62203.0000000000
2019-12-19 00:00,57644.0000000000
2019-12-20 00:00,50664.0000000000
2019-12-21 00:00,51753.0000000000
2019-12-22 00:00,58223.0000000000
2019-12-23 00:00,63034.0000000000
2019-12-24 00:00,66140.0000000000
2019-12-25 00:00,74824.0000000000
2019-12-26 00:00,87760.0000000000
2019-12-27 00:00,61224.0000000000
2019-12-28 00:00,46189.0000000000
2019-12-29 00:00,62709.0000000000
2019-12-30 00:00,53366.0000000000
2019-12-31 00:00,57677.0000000000
2020-01-01 00:00,72585.0000000000
2020-01-02 00:00,65583.0000000000
2020-01-03 00:00,60278.0000000000
2020-01-04 00:00,51779.0000000000
2020-01-05 00:00,60684.0000000000
2020-01-06 00:00,72455.0000000000
2020-01-07 00:00,66395.0000000000
2020-01-08 00:00,57806.0000000000
2020-01-09 00:00,56844.0000000000
2020-01-10 00:00,48216.0000000000
2020-01-11 00:00,43119.0000000000
2020-01-12 00:00,251768.0000000000
2020-01-13 00:00,61711.0000000000
2020-01-14 00:00,55549.0000000000
2020-01-15 00:00,60995.0000000000
2020-01-16 00:00,60921.0000000000
2020-01-17 00:00,63918.0000000000
2020-01-18 00:00,48857.0000000000
2020-01-19 00:00,56800.0000000000
2020-01-20 00:00,85870.0000000000
2020-01-21 00:00,100376.0000000000
2020-01-22 00:00,61719.0000000000
2020-01-23 00:00,64344.0000000000
2020-01-24 00:00,55029.0000000000
2020-01-25 00:00,59679.0000000000
2020-01-26 00:00,82697.0000000000
2020-01-27 00:00,65248.0000000000
2020-01-28 00:00,59535.0000000000
2020-01-29 00:00,77484.0000000000
2020-01-30 00:00,70121.0000000000
2020-01-31 00:00,75872.0000000000
2020-02-01 00:00,69479.0000000000
2020-02-02 00:00,68505.0000000000
2020-02-03 00:00,57321.0000000000
2020-02-04 00:00,68001.0000000000
2020-02-05 00:00,80701.0000000000
2020-02-06 00:00,70602.0000000000
2020-02-07 00:00,131812.0000000000
2020-02-08 00:00,81321.0000000000
2020-02-09 00:00,133102.0000000000
2020-02-10 00:00,93261.0000000000
2020-02-11 00:00,122424.0000000000
2020-02-12 00:00,139821.0000000000
2020-02-13 00:00,141727.0000000000
2020-02-14 00:00,112444.0000000000
2020-02-15 00:00,43671.0000000000
2020-02-16 00:00,94411.0000000000
2020-02-17 00:00,107034.0000000000
2020-02-18 00:00,110941.0000000000
2020-02-19 00:00,91468.0000000000
2020-02-20 00:00,98183.0000000000
2020-02-21 00:00,96303.0000000000
2020-02-22 00:00,78443.0000000000
2020-02-23 00:00,83226.0000000000
2020-02-24 00:00,78420.0000000000
2020-02-25 00:00,106368.0000000000
2020-02-26 00:00,104782.0000000000
2020-02-27 00:00,146696.0000000000
2020-02-28 00:00,91192.0000000000
2020-02-29 00:00,112444.0000000000
2020-03-01 00:00,96705.0000000000
2020-03-02 00:00,134376.0000000000
2020-03-03 00:00,103327.0000000000
2020-03-04 00:00,108061.0000000000
2020-03-05 00:00,119439.0000000000
2020-03-06 00:00,93957.0000000000
2020-03-07 00:00,99713.0000000000
2020-03-08 00:00,99510.0000000000
2020-03-09 00:00,117231.0000000000
2020-03-10 00:00,115284.0000000000
2020-03-11 00:00,79441.0000000000
2020-03-12 00:00,110783.0000000000
2020-03-13 00:00,227161.0000000000
2020-03-14 00:00,223477.0000000000
2020-03-15 00:00,182271.0000000000
2020-03-16 00:00,188675.0000000000
2020-03-17 00:00,162618.0000000000
2020-03-18 00:00,133072.0000000000
2020-03-19 00:00,177465.0000000000
2020-03-20 00:00,243723.0000000000
2020-03-21 00:00,119484.0000000000
2020-03-22 00:00,144545.0000000000
2020-03-23 00:00,122220.0000000000
2020-03-24 00:00,127267.0000000000
2020-03-25 00:00,157043.0000000000
2020-03-26 00:00,131969.0000000000
2020-03-27 00:00,156751.0000000000
2020-03-28 00:00,127439.0000000000
2020-03-29 00:00,115907.0000000000
2020-03-30 00:00,133146.0000000000
2020-03-31 00:00,115101.0000000000
2020-04-01 00:00,97244.0000000000
2020-04-02 00:00,98623.0000000000
2020-04-03 00:00,123241.0000000000
2020-04-04 00:00,117359.0000000000
2020-04-05 00:00,108386.0000000000
2020-04-06 00:00,109946.0000000000
2020-04-07 00:00,124581.0000000000
2020-04-08 00:00,186380.0000000000
2020-04-09 00:00,197661.0000000000
2020-04-10 00:00,405024.0000000000
2020-04-11 00:00,435434.0000000000
2020-04-12 00:00,246856.0000000000
2020-04-13 00:00,180783.0000000000
2020-04-14 00:00,220124.0000000000
2020-04-15 00:00,225589.0000000000
2020-04-16 00:00,264317.0000000000
2020-04-17 00:00,178061.0000000000
2020-04-18 00:00,162793.0000000000
2020-04-19 00:00,158456.0000000000
2020-04-20 00:00,122451.0000000000
2020-04-21 00:00,148508.0000000000
2020-04-22 00:00,146213.0000000000
2020-04-23 00:00,140084.0000000000
2020-04-24 00:00,149269.0000000000
2020-04-25 00:00,154515.0000000000
2020-04-26 00:00,144110.0000000000
2020-04-27 00:00,164812.0000000000
2020-04-28 00:00,159850.0000000000
2020-04-29 00:00,143872.0000000000
2020-04-30 00:00,103765.0000000000
2020-05-01 00:00,140786.0000000000
2020-05-02 00:00,113695.0000000000
2020-05-03 00:00,332314.0000000000
2020-05-04 00:00,169543.0000000000
2020-05-05 00:00,138798.0000000000
2020-05-06 00:00,138662.0000000000
2020-05-07 00:00,152239.0000000000
2020-05-08 00:00,158140.0000000000
2020-05-09 00:00,147049.0000000000
2020-05-10 00:00,149673.0000000000
2020-05-11 00:00,144500.0000000000
2020-05-12 00:00,135893.0000000000
2020-05-13 00:00,126002.0000000000
2020-05-14 00:00,138258.0000000000
2020-05-15 00:00,130760.0000000000
2020-05-16 00:00,135650.0000000000
2020-05-17 00:00,141844.0000000000
2020-05-18 00:00,138172.0000000000
2020-05-19 00:00,129516.0000000000
2020-05-20 00:00,127664.0000000000
2020-05-21 00:00,138658.0000000000
2020-05-22 00:00,138561.0000000000
2020-05-23 00:00,125111.0000000000
2020-05-24 00:00,144242.0000000000
2020-05-25 00:00,133057.0000000000
2020-05-26 00:00,118035.0000000000
2020-05-27 00:00,119511.0000000000
2020-05-28 00:00,125804.0000000000
2020-05-29 00:00,120249.0000000000
2020-05-30 00:00,133445.0000000000
2020-05-31 00:00,126214.0000000000
2020-06-01 00:00,136112.0000000000
2020-06-02 00:00,136752.0000000000
2020-06-03 00:00,167052.0000000000
2020-06-04 00:00,261037.0000000000
2020-06-05 00:00,181589.0000000000
2020-06-06 00:00,125896.0000000000
2020-06-07 00:00,129412.0000000000
2020-06-08 00:00,126606.0000000000
2020-06-09 00:00,124874.0000000000
2020-06-10 00:00,127817.0000000000
2020-06-11 00:00,128370.0000000000
2020-06-12 00:00,138113.0000000000
2020-06-13 00:00,120389.0000000000
2020-06-14 00:00,120844.0000000000
2020-06-15 00:00,112748.0000000000
2020-06-16 00:00,107616.0000000000
2020-06-17 00:00,108420.0000000000
2020-06-18 00:00,125782.0000000000
2020-06-19 00:00,153402.0000000000
2020-06-20 00:00,114113.0000000000
2020-06-21 00:00,125989.0000000000
2020-06-22 00:00,148810.0000000000
2020-06-23 00:00,129374.0000000000
2020-06-24 00:00,158624.0000000000
2020-06-25 00:00,160306.0000000000
2020-06-26 00:00,130898.0000000000
2020-06-27 00:00,155086.0000000000
2020-06-28 00:00,139502.0000000000
2020-06-29 00:00,144257.0000000000
2020-06-30 00:00,140948.0000000000
2020-07-01 00:00,169579.0000000000
2020-07-02 00:00,151086.0000000000
2020-07-03 00:00,178030.0000000000
2020-07-04 00:00,245193.0000000000
2020-07-05 00:00,177482.0000000000
2020-07-06 00:00,174298.0000000000
2020-07-07 00:00,160888.0000000000
2020-07-08 00:00,158130.0000000000
2020-07-09 00:00,193969.0000000000
2020-07-10 00:00,216671.0000000000
2020-07-11 00:00,236098.0000000000
2020-07-12 00:00,155280.0000000000
2020-07-13 00:00,155687.0000000000
2020-07-14 00:00,129256.0000000000
2020-07-15 00:00,122053.0000000000
2020-07-16 00:00,122981.0000000000
2020-07-17 00:00,108939.0000000000
2020-07-18 00:00,94297.0000000000
2020-07-19 00:00,111675.0000000000
2020-07-20 00:00,124220.0000000000
2020-07-21 00:00,112584.0000000000
2020-07-22 00:00,125334.0000000000
2020-07-23 00:00,124390.0000000000
2020-07-24 00:00,128787.0000000000
2020-07-25 00:00,150156.0000000000
2020-07-26 00:00,136930.0000000000
2020-07-27 00:00,160139.0000000000
2020-07-28 00:00,143306.0000000000
2020-07-29 00:00,152571.0000000000
2020-07-30 00:00,156131.0000000000
2020-07-31 00:00,185194.0000000000
2020-08-01 00:00,217409.0000000000
2020-08-02 00:00,184898.0000000000
2020-08-03 00:00,206809.0000000000
2020-08-04 00:00,192299.0000000000
2020-08-05 00:00,169528.0000000000
2020-08-06 00:00,167183.0000000000
2020-08-07 00:00,153169.0000000000
2020-08-08 00:00,147757.0000000000
2020-08-09 00:00,141847.0000000000
2020-08-10 00:00,136869.0000000000
2020-08-11 00:00,147518.0000000000
2020-08-12 00:00,183628.0000000000
2020-08-13 00:00,171187.0000000000
2020-08-14 00:00,243969.0000000000
2020-08-15 00:00,226960.0000000000
2020-08-16 00:00,210641.0000000000
2020-08-17 00:00,160868.0000000000
2020-08-18 00:00,150760.0000000000
2020-08-19 00:00,145888.0000000000
2020-08-20 00:00,120120.0000000000
2020-08-21 00:00,197083.0000000000
2020-08-22 00:00,243501.0000000000
2020-08-23 00:00,149216.0000000000
2020-08-24 00:00,188742.0000000000
2020-08-25 00:00,182359.0000000000
2020-08-26 00:00,179482.0000000000
2020-08-27 00:00,171626.0000000000
2020-08-28 00:00,157041.0000000000
2020-08-29 00:00,121593.0000000000
2020-08-30 00:00,121641.0000000000
2020-08-31 00:00,120921.0000000000
2020-09-01 00:00,101513.0000000000
2020-09-02 00:00,97714.0000000000
2020-09-03 00:00,128420.0000000000
2020-09-04 00:00,91433.0000000000
2020-09-05 00:00,192700.0000000000
2020-09-06 00:00,175741.0000000000
2020-09-07 00:00,194758.0000000000
2020-09-08 00:00,136992.0000000000
2020-09-09 00:00,89321.0000000000
2020-09-10 00:00,96427.0000000000
2020-09-11 00:00,144801.0000000000
2020-09-12 00:00,141478.0000000000
2020-09-13 00:00,87428.0000000000
2020-09-14 00:00,98773.0000000000
2020-09-15 00:00,115461.0000000000
2020-09-16 00:00,109143.0000000000
2020-09-17 00:00,111840.0000000000
2020-09-18 00:00,112599.0000000000
2020-09-19 00:00,113390.0000000000
2020-09-20 00:00,136112.0000000000
2020-09-21 00:00,110337.0000000000
2020-09-22 00:00,128940.0000000000
2020-09-23 00:00,152295.0000000000
2020-09-24 00:00,154729.0000000000
2020-09-25 00:00,190805.0000000000
2020-09-26 00:00,156964.0000000000
2020-09-27 00:00,116810.0000000000
2020-09-28 00:00,102711.0000000000
2020-09-29 00:00,107188.0000000000
2020-09-30 00:00,131636.0000000000
2020-10-01 00:00,155943.0000000000
2020-10-02 00:00,196571.0000000000
2020-10-03 00:00,146738.0000000000
2020-10-04 00:00,125287.0000000000
2020-10-05 00:00,114561.0000000000
2020-10-06 00:00,120348.0000000000
2020-10-07 00:00,127890.0000000000
2020-10-08 00:00,147587.0000000000
2020-10-09 00:00,166256.0000000000
2020-10-10 00:00,243727.0000000000
2020-10-11 00:00,166588.0000000000
2020-10-12 00:00,163426.0000000000
2020-10-13 00:00,167044.0000000000
2020-10-14 00:00,180026.0000000000
2020-10-15 00:00,223091.0000000000
2020-10-16 00:00,304085.0000000000
2020-10-17 00:00,303486.0000000000
2020-10-18 00:00,146550.0000000000
2020-10-19 00:00,134411.0000000000
2020-10-20 00:00,136821.0000000000
2020-10-21 00:00,146948.0000000000
2020-10-22 00:00,163826.0000000000
2020-10-23 00:00,285958.0000000000
2020-10-24 00:00,273206.0000000000
2020-10-25 00:00,153199.0000000000
2020-10-26 00:00,161553.0000000000
2020-10-27 00:00,133613.0000000000
2020-10-28 00:00,130688.0000000000
2020-10-29 00:00,159118.0000000000
2020-10-30 00:00,194871.0000000000
2020-10-31 00:00,184824.0000000000
2020-11-01 00:00,136470.0000000000
2020-11-02 00:00,181037.0000000000
2020-11-03 00:00,229024.0000000000
2020-11-04 00:00,141787.0000000000
2020-11-05 00:00,146404.0000000000
2020-11-06 00:00,156886.0000000000
2020-11-07 00:00,297297.0000000000
2020-11-08 00:00,191286.0000000000
2020-11-09 00:00,147012.0000000000
2020-11-10 00:00,302468.0000000000
2020-11-11 00:00,277255.0000000000
2020-11-12 00:00,162250.0000000000
2020-11-13 00:00,231168.0000000000
2020-11-14 00:00,184546.0000000000
2020-11-15 00:00,149670.0000000000
2020-11-16 00:00,136782.0000000000
2020-11-17 00:00,133138.0000000000
2020-11-18 00:00,131792.0000000000
2020-11-19 00:00,144805.0000000000
2020-11-20 00:00,147489.0000000000
2020-11-21 00:00,139298.0000000000
2020-11-22 00:00,150314.0000000000
2020-11-23 00:00,169650.0000000000
2020-11-24 00:00,165440.0000000000
2020-11-25 00:00,147656.0000000000
2020-11-26 00:00,189679.0000000000
2020-11-27 00:00,363833.0000000000
2020-11-28 00:00,373047.0000000000
2020-11-29 00:00,146364.0000000000
2020-11-30 00:00,135562.0000000000
2020-12-01 00:00,114918.0000000000
2020-12-02 00:00,135353.0000000000
2020-12-03 00:00,117083.0000000000
2020-12-04 00:00,177156.0000000000
2020-12-05 00:00,177722.0000000000
2020-12-06 00:00,143711.0000000000
2020-12-07 00:00,117217.0000000000
2020-12-08 00:00,121983.0000000000
2020-12-09 00:00,110876.0000000000
2020-12-10 00:00,119213.0000000000
2020-12-11 00:00,192856.0000000000
2020-12-12 00:00,243324.0000000000
2020-12-13 00:00,183539.0000000000
2020-12-14 00:00,160932.0000000000
2020-12-15 00:00,177360.0000000000
2020-12-16 00:00,181929.0000000000
2020-12-17 00:00,122608.0000000000
2020-12-18 00:00,117903.0000000000
2020-12-19 00:00,137653.0000000000
2020-12-20 00:00,120334.0000000000
2020-12-21 00:00,116758.0000000000
2020-12-22 00:00,115891.0000000000
2020-12-23 00:00,138468.0000000000
2020-12-24 00:00,103423.0000000000
2020-12-25 00:00,113286.0000000000
2020-12-26 00:00,121470.0000000000
2020-12-27 00:00,134886.0000000000
2020-12-28 00:00,131007.0000000000
2020-12-29 00:00,133132.0000000000
2020-12-30 00:00,127930.0000000000
2020-12-31 00:00,128849.0000000000
2021-01-01 00:00,150425.0000000000
2021-01-02 00:00,154653.0000000000
2021-01-03 00:00,166871.0000000000
2021-01-04 00:00,160640.0000000000
2021-01-05 00:00,172776.0000000000
2021-01-06 00:00,176494.0000000000
2021-01-07 00:00,178445.0000000000
2021-01-08 00:00,167617.0000000000
2021-01-09 00:00,182703.0000000000
2021-01-10 00:00,151958.0000000000
2021-01-11 00:00,166413.0000000000
2021-01-12 00:00,160141.0000000000
2021-01-13 00:00,162281.0000000000
2021-01-14 00:00,157773.0000000000
2021-01-15 00:00,160844.0000000000
2021-01-16 00:00,168477.0000000000
2021-01-17 00:00,158331.0000000000
2021-01-18 00:00,158706.0000000000
2021-01-19 00:00,152233.0000000000
2021-01-20 00:00,133332.0000000000
2021-01-21 00:00,136059.0000000000
2021-01-22 00:00,130519.0000000000
2021-01-23 00:00,131619.0000000000
2021-01-24 00:00,141355.0000000000
2021-01-25 00:00,147573.0000000000
2021-01-26 00:00,132311.0000000000
2021-01-27 00:00,167269.0000000000
2021-01-28 00:00,207827.0000000000
2021-01-29 00:00,210014.0000000000
2021-01-30 00:00,191526.0000000000
2021-01-31 00:00,181848.0000000000
2021-02-01 00:00,179465.0000000000
2021-02-02 00:00,192236.0000000000
2021-02-03 00:00,191171.0000000000
2021-02-04 00:00,201827.0000000000
2021-02-05 00:00,242853.0000000000
2021-02-06 00:00,228415.0000000000
2021-02-07 00:00,213660.0000000000
2021-02-08 00:00,197893.0000000000
2021-02-09 00:00,203937.0000000000
2021-02-10 00:00,206295.0000000000
2021-02-11 00:00,197249.0000000000
2021-02-12 00:00,193524.0000000000
2021-02-13 00:00,194403.0000000000
2021-02-14 00:00,162355.0000000000
2021-02-15 00:00,193519.0000000000
2021-02-16 00:00,181755.0000000000
2021-02-17 00:00,194981.0000000000
2021-02-18 00:00,201737.0000000000
2021-02-19 00:00,212650.0000000000
2021-02-20 00:00,209620.0000000000
2021-02-21 00:00,186704.0000000000
2021-02-22 00:00,166456.0000000000
2021-02-23 00:00,194704.0000000000
2021-02-24 00:00,202024.0000000000
2021-02-25 00:00,184075.0000000000
2021-02-26 00:00,171805.0000000000
2021-02-27 00:00,159863.0000000000
2021-02-28 00:00,169635.0000000000
2021-03-01 00:00,164977.0000000000
2021-03-02 00:00,134302.0000000000
2021-03-03 00:00,156563.0000000000
2021-03-04 00:00,151093.0000000000
2021-03-05 00:00,162892.0000000000
2021-03-06 00:00,144342.0000000000
2021-03-07 00:00,146867.0000000000
2021-03-08 00:00,166159.0000000000
2021-03-09 00:00,166834.0000000000
2021-03-10 00:00,180185.0000000000
2021-03-11 00:00,182268.0000000000
2021-03-12 00:00,185765.0000000000
2021-03-13 00:00,176913.0000000000
2021-03-14 00:00,181380.0000000000
2021-03-15 00:00,182683.0000000000
2021-03-16 00:00,182705.0000000000
2021-03-17 00:00,200118.0000000000
2021-03-18 00:00,190026.0000000000
2021-03-19 00:00,182641.0000000000
2021-03-20 00:00,189260.0000000000
2021-03-21 00:00,180277.0000000000
2021-03-22 00:00,166720.0000000000
2021-03-23 00:00,176857.0000000000
2021-03-24 00:00,175994.0000000000
2021-03-25 00:00,173438.0000000000
2021-03-26 00:00,191017.0000000000
2021-03-27 00:00,191360.0000000000
2021-03-28 00:00,175430.0000000000
2021-03-29 00:00,174101.0000000000
2021-03-30 00:00,189484.0000000000
2021-03-31 00:00,201645.0000000000
2021-04-01 00:00,189412.0000000000
2021-04-02 00:00,175433.0000000000
2021-04-03 00:00,201784.0000000000
2021-04-04 00:00,210286.0000000000
2021-04-05 00:00,188371.0000000000
2021-04-06 00:00,188676.0000000000
2021-04-07 00:00,209044.0000000000
2021-04-08 00:00,27736.0000000000
2021-04-09 00:00,26208.0000000000
2021-04-10 00:00,26788.0000000000
2021-04-11 00:00,38547.0000000000
2021-04-12 00:00,39568.0000000000
2021-04-13 00:00,31577.0000000000
2021-04-14 00:00,24158.0000000000
2021-04-15 00:00,31935.0000000000
2021-04-16 00:00,32118.0000000000
2021-04-17 00:00,32785.0000000000
2021-04-18 00:00,38645.0000000000
2021-04-19 00:00,48556.0000000000
2021-04-20 00:00,44971.0000000000
2021-04-21 00:00,34240.0000000000
2021-04-22 00:00,31049.0000000000
2021-04-23 00:00,23114.0000000000
2021-04-24 00:00,20919.0000000000
2021-04-25 00:00,26753.0000000000
2021-04-26 00:00,27170.0000000000
2021-04-27 00:00,27789.0000000000
2021-04-28 00:00,29439.0000000000
2021-04-29 00:00,28368.0000000000
2021-04-30 00:00,24565.0000000000
2021-05-01 00:00,22016.0000000000
2021-05-02 00:00,28014.0000000000
2021-05-03 00:00,33876.0000000000
2021-05-04 00:00,40219.0000000000
2021-05-05 00:00,45346.0000000000
2021-05-06 00:00,48184.0000000000
2021-05-07 00:00,53623.0000000000
2021-05-08 00:00,52634.0000000000
2021-05-09 00:00,59031.0000000000
2021-05-10 00:00,56779.0000000000
2021-05-11 00:00,46680.0000000000
2021-05-12 00:00,37939.0000000000
2021-05-13 00:00,38095.0000000000
2021-05-14 00:00,31251.0000000000
2021-05-15 00:00,28863.0000000000
2021-05-16 00:00,31335.0000000000
2021-05-17 00:00,31829.0000000000
2021-05-18 00:00,32208.0000000000
2021-05-19 00:00,32861.0000000000
2021-05-20 00:00,27330.0000000000
2021-05-21 00:00,21606.0000000000
2021-05-22 00:00,22300.0000000000
2021-05-23 00:00,25806.0000000000
2021-05-24 00:00,23601.0000000000
2021-05-25 00:00,27835.0000000000
2021-05-26 00:00,24243.0000000000
2021-05-27 00:00,21706.0000000000
2021-05-28 00:00,18070.0000000000
2021-05-29 00:00,16272.0000000000
2021-05-30 00:00,20478.0000000000
2021-05-31 00:00,24583.0000000000
2021-06-01 00:00,27854.0000000000
2021-06-02 00:00,27991.0000000000
2021-06-03 00:00,26089.0000000000
2021-06-04 00:00,20767.0000000000
2021-06-05 00:00,18380.0000000000
2021-06-06 00:00,23413.0000000000
2021-06-07 00:00,24221.0000000000
2021-06-08 00:00,22133.0000000000
2021-06-09 00:00,21932.0000000000
2021-06-10 00:00,21459.0000000000
2021-06-11 00:00,17445.0000000000
2021-06-12 00:00,17895.0000000000
2021-06-13 00:00,161259.0000000000
2021-06-14 00:00,176397.0000000000
2021-06-15 00:00,147997.0000000000
2021-06-16 00:00,159651.0000000000
2021-06-17 00:00,147573.0000000000
2021-06-18 00:00,182966.0000000000
2021-06-19 00:00,228638.0000000000
2021-06-20 00:00,137910.0000000000
2021-06-21 00:00,124533.0000000000
2021-06-22 00:00,149360.0000000000
2021-06-23 00:00,176300.0000000000
2021-06-24 00:00,164668.0000000000
2021-06-25 00:00,217544.0000000000
2021-06-26 00:00,244323.0000000000
2021-06-27 00:00,180230.0000000000
2021-06-28 00:00,151330.0000000000
2021-06-29 00:00,134039.0000000000
2021-06-30 00:00,129375.0000000000
2021-07-01 00:00,190295.0000000000
2021-07-02 00:00,159191.0000000000
2021-07-03 00:00,186496.0000000000
2021-07-04 00:00,161569.0000000000
2021-07-05 00:00,135481.0000000000
2021-07-06 00:00,119128.0000000000
2021-07-07 00:00,112559.0000000000
2021-07-08 00:00,146323.0000000000
2021-07-09 00:00,125501.0000000000
2021-07-10 00:00,167036.0000000000
2021-07-11 00:00,113572.0000000000
2021-07-12 00:00,108016.0000000000
2021-07-13 00:00,116166.0000000000
2021-07-14 00:00,131247.0000000000
2021-07-15 00:00,121863.0000000000
2021-07-16 00:00,94661.0000000000
2021-07-17 00:00,97585.0000000000
2021-07-18 00:00,116147.0000000000
2021-07-19 00:00,106215.0000000000
2021-07-20 00:00,111949.0000000000
2021-07-21 00:00,106271.0000000000
2021-07-22 00:00,109885.0000000000
2021-07-23 00:00,127074.0000000000
2021-07-24 00:00,108902.0000000000
2021-07-25 00:00,108854.0000000000
2021-07-26 00:00,122675.0000000000
2021-07-27 00:00,118271.0000000000
2021-07-28 00:00,122517.0000000000
2021-07-29 00:00,117951.0000000000
2021-07-30 00:00,115872.0000000000
2021-07-31 00:00,109499.0000000000
2021-08-01 00:00,117436.0000000000
2021-08-02 00:00,109143.0000000000
2021-08-03 00:00,119517.0000000000
2021-08-04 00:00,90816.0000000000
2021-08-05 00:00,104660.0000000000
2021-08-06 00:00,103564.0000000000
2021-08-07 00:00,102538.0000000000
2021-08-08 00:00,110083.0000000000
2021-08-09 00:00,109918.0000000000
2021-08-10 00:00,120675.0000000000
2021-08-11 00:00,113462.0000000000
2021-08-12 00:00,106228.0000000000
2021-08-13 00:00,103118.0000000000
2021-08-14 00:00,99052.0000000000
2021-08-15 00:00,116891.0000000000
2021-08-16 00:00,113726.0000000000
2021-08-17 00:00,105691.0000000000
2021-08-18 00:00,111192.0000000000
2021-08-19 00:00,122287.0000000000
2021-08-20 00:00,111348.0000000000
2021-08-21 00:00,102848.0000000000
2021-08-22 00:00,118492.0000000000
2021-08-23 00:00,115298.0000000000
2021-08-24 00:00,108348.0000000000
2021-08-25 00:00,105124.0000000000
2021-08-26 00:00,118736.0000000000
2021-08-27 00:00,103547.0000000000
2021-08-28 00:00,99409.0000000000
2021-08-29 00:00,110030.0000000000
2021-08-30 00:00,117645.0000000000
2021-08-31 00:00,122151.0000000000
2021-09-01 00:00,128701.0000000000
2021-09-02 00:00,119815.0000000000
2021-09-03 00:00,107682.0000000000
2021-09-04 00:00,105000.0000000000
2021-09-05 00:00,117956.0000000000
2021-09-06 00:00,120765.0000000000
2021-09-07 00:00,109246.0000000000
2021-09-08 00:00,120355.0000000000
2021-09-09 00:00,121505.0000000000
2021-09-10 00:00,113174.0000000000
2021-09-11 00:00,118326.0000000000
2021-09-12 00:00,115059.0000000000
2021-09-13 00:00,124506.0000000000
2021-09-14 00:00,122088.0000000000
2021-09-15 00:00,130399.0000000000
2021-09-16 00:00,113907.0000000000
2021-09-17 00:00,105762.0000000000
2021-09-18 00:00,112040.0000000000
2021-09-19 00:00,97895.0000000000
2021-09-20 00:00,100990.0000000000
2021-09-21 00:00,101800.0000000000
2021-09-22 00:00,106282.0000000000
2021-09-23 00:00,103087.0000000000
2021-09-24 00:00,98712.0000000000
2021-09-25 00:00,92771.0000000000
2021-09-26 00:00,105678.0000000000
2021-09-27 00:00,97682.0000000000
2021-09-28 00:00,94784.0000000000
2021-09-29 00:00,96429.0000000000
2021-09-30 00:00,110399.0000000000
2021-10-01 00:00,101427.0000000000
2021-10-02 00:00,99947.0000000000
2021-10-03 00:00,106531.0000000000
2021-10-04 00:00,109145.0000000000
2021-10-05 00:00,183288.0000000000
2021-10-06 00:00,152999.0000000000
2021-10-07 00:00,125161.0000000000
2021-10-08 00:00,120807.0000000000
2021-10-09 00:00,108730.0000000000
2021-10-10 00:00,116491.0000000000
2021-10-11 00:00,121357.0000000000
2021-10-12 00:00,121022.0000000000
2021-10-13 00:00,126696.0000000000
2021-10-14 00:00,126053.0000000000
2021-10-15 00:00,120248.0000000000
2021-10-16 00:00,109834.0000000000
2021-10-17 00:00,124912.0000000000
2021-10-18 00:00,132418.0000000000
2021-10-19 00:00,148955.0000000000
2021-10-20 00:00,138854.0000000000
2021-10-21 00:00,130701.0000000000
2021-10-22 00:00,128745.0000000000
2021-10-23 00:00,145766.0000000000
2021-10-24 00:00,151951.0000000000
2021-10-25 00:00,169350.0000000000
2021-10-26 00:00,190571.0000000000
2021-10-27 00:00,225710.0000000000
2021-10-28 00:00,222203.0000000000
2021-10-29 00:00,207610.0000000000