date,reddit_index
2015-08-06 09:00,1857.947
2015-08-07 09:00,1910.8113
2015-08-08 09:00,7055.386
2015-08-09 09:00,7596.5605
2015-08-10 09:00,7574.3047
2015-08-11 09:00,5054.973
2015-08-12 09:00,4462.6562
2015-08-13 09:00,2995.0625
2015-08-14 09:00,3010.0566
2015-08-15 09:00,3273.1362
2015-08-16 09:00,3553.5674
2015-08-17 09:00,4655.1772
2015-08-18 09:00,5176.4023
2015-08-19 09:00,4485.8115
2015-08-20 09:00,3867.0999
2015-08-21 09:00,4069.3987
2015-08-22 09:00,4125.4766
2015-08-23 09:00,4220.066
2015-08-24 09:00,4644.797
2015-08-25 09:00,5026.37
2015-08-26 09:00,4944.902
2015-08-27 09:00,5006.524
2015-08-28 09:00,4833.8945
2015-08-29 09:00,4880.133
2015-08-30 09:00,4384.2505
2015-08-31 09:00,4263.611
2015-09-01 09:00,4294.1226
2015-09-02 09:00,4492.6377
2015-09-03 09:00,4608.96
2015-09-04 09:00,4578.6016
2015-09-05 09:00,4360.5884
2015-09-06 09:00,4511.4077
2015-09-07 09:00,4694.1978
2015-09-08 09:00,4725.424
2015-09-09 09:00,4872.7305
2015-09-10 09:00,5054.1533
2015-09-11 09:00,6012.3394
2015-09-12 09:00,5711.7188
2015-09-13 09:00,6349.337
2015-09-14 09:00,6797.4565
2015-09-15 09:00,6312.939
2015-09-16 09:00,6583.076
2015-09-17 09:00,6846.0137
2015-09-18 09:00,7018.981
2015-09-19 09:00,6803.1064
2015-09-20 09:00,6410.6016
2015-09-21 09:00,6558.969
2015-09-22 09:00,6685.548
2015-09-23 09:00,6753.9272
2015-09-24 09:00,7422.473
2015-09-25 09:00,8212.182
2015-09-26 09:00,7703.912
2015-09-27 09:00,8412.419
2015-09-28 09:00,10420.5625
2015-09-29 09:00,9200.6875
2015-09-30 09:00,8248.899
2015-10-01 09:00,8827.689
2015-10-02 09:00,8983.541
2015-10-03 09:00,8881.335
2015-10-04 09:00,9140.023
2015-10-05 09:00,9733.658
2015-10-06 09:00,9410.654
2015-10-07 09:00,10060.911
2015-10-08 09:00,9871.073
2015-10-09 09:00,9440.116
2015-10-10 09:00,9798.403
2015-10-11 09:00,9704.509
2015-10-12 09:00,9849.365
2015-10-13 09:00,10183.416
2015-10-14 09:00,11842.0205
2015-10-15 09:00,11030.873
2015-10-16 09:00,11569.545
2015-10-17 09:00,11363.7705
2015-10-18 09:00,12027.406
2015-10-19 09:00,12739.921
2015-10-20 09:00,14343.569
2015-10-21 09:00,14052.299
2015-10-22 09:00,11090.318
2015-10-23 09:00,11683.342
2015-10-24 09:00,11208.499
2015-10-25 09:00,10259.098
2015-10-26 09:00,8646.042
2015-10-27 09:00,7277.713
2015-10-28 09:00,6333.315
2015-10-29 09:00,5274.079
2015-10-30 09:00,6118.7944
2015-10-31 09:00,6955.939
2015-11-01 08:00,6045.4565
2015-11-02 08:00,6454.9116
2015-11-03 08:00,6317.575
2015-11-04 08:00,7131.9746
2015-11-05 08:00,7174.7793
2015-11-06 08:00,6954.4023
2015-11-07 08:00,6946.314
2015-11-08 08:00,6291.2056
2015-11-09 08:00,6486.6826
2015-11-10 08:00,6956.7207
2015-11-11 08:00,8232.836
2015-11-12 08:00,7285.8325
2015-11-13 08:00,7235.9604
2015-11-14 08:00,7363.765
2015-11-15 08:00,7228.852
2015-11-16 08:00,7061.6465
2015-11-17 08:00,6519.999
2015-11-18 08:00,6628.283
2015-11-19 08:00,6897.7285
2015-11-20 08:00,7135.755
2015-11-21 08:00,6772.5967
2015-11-22 08:00,6835.618
2015-11-23 08:00,7000.2275
2015-11-24 08:00,7375.1
2015-11-25 08:00,7700.884
2015-11-26 08:00,7522.198
2015-11-27 08:00,7674.3955
2015-11-28 08:00,7284.0225
2015-11-29 08:00,7600.6094
2015-11-30 08:00,7661.0396
2015-12-01 08:00,7653.181
2015-12-02 08:00,8166.0015
2015-12-03 08:00,8265.789
2015-12-04 08:00,7999.606
2015-12-05 08:00,7796.5044
2015-12-06 08:00,8063.434
2015-12-07 08:00,8311.718
2015-12-08 08:00,8221.447
2015-12-09 08:00,8555.014
2015-12-10 08:00,8073.576
2015-12-11 08:00,7310.471
2015-12-12 08:00,6967.442
2015-12-13 08:00,7155.122
2015-12-14 08:00,6862.887
2015-12-15 08:00,6730.7866
2015-12-16 08:00,6898.8364
2015-12-17 08:00,7287.12
2015-12-18 08:00,7457.663
2015-12-19 08:00,7562.1797
2015-12-20 08:00,7600.5273
2015-12-21 08:00,7634.574
2015-12-22 08:00,7962.2617
2015-12-23 08:00,8029.5796
2015-12-24 08:00,7969.7715
2015-12-25 08:00,7899.005
2015-12-26 08:00,8039.9883
2015-12-27 08:00,8019.948
2015-12-28 08:00,8110.0103
2015-12-29 08:00,7849.455
2015-12-30 08:00,7515.6973
2015-12-31 08:00,7340.8564
2016-01-01 08:00,7239.265
2016-01-02 08:00,7340.5435
2016-01-03 08:00,7086.085
2016-01-04 08:00,7230.1133
2016-01-05 08:00,7279.705
2016-01-06 08:00,7289.1924
2016-01-07 08:00,7383.1914
2016-01-08 08:00,7063.312
2016-01-09 08:00,7075.156
2016-01-10 08:00,7001.386
2016-01-11 08:00,6637.1777
2016-01-12 08:00,6194.559
2016-01-13 08:00,6301.086
2016-01-14 08:00,6018.0586
2016-01-15 08:00,5961.0205
2016-01-16 08:00,5920.721
2016-01-17 08:00,5470.5713
2016-01-18 08:00,5110.9946
2016-01-19 08:00,5350.764
2016-01-20 08:00,4811.931
2016-01-21 08:00,4756.151
2016-01-22 08:00,4951.823
2016-01-23 08:00,3793.3398
2016-01-24 08:00,3524.6606
2016-01-25 08:00,3044.086
2016-01-26 08:00,3359.7322
2016-01-27 08:00,3214.5068
2016-01-28 08:00,3047.71
2016-01-29 08:00,3092.6326
2016-01-30 08:00,3174.5603
2016-01-31 08:00,3378.081
2016-02-01 08:00,3540.2815
2016-02-02 08:00,3220.147
2016-02-03 08:00,3116.2402
2016-02-04 08:00,3065.119
2016-02-05 08:00,3115.8042
2016-02-06 08:00,3128.4763
2016-02-07 08:00,2680.5312
2016-02-08 08:00,2514.9487
2016-02-09 08:00,1999.6824
2016-02-10 08:00,1843.6694
2016-02-11 08:00,1367.8466
2016-02-12 08:00,1490.1812
2016-02-13 08:00,1541.2273
2016-02-14 08:00,1594.9297
2016-02-15 08:00,1586.3167
2016-02-16 08:00,1952.5914
2016-02-17 08:00,2252.717
2016-02-18 08:00,1928.3342
2016-02-19 08:00,1794.4689
2016-02-20 08:00,1966.6805
2016-02-21 08:00,1843.0822
2016-02-22 08:00,1534.5845
2016-02-23 08:00,1554.7223
2016-02-24 08:00,1398.3867
2016-02-25 08:00,1441.1609
2016-02-26 08:00,1493.3289
2016-02-27 08:00,1381.4497
2016-02-28 08:00,1380.5688
2016-02-29 08:00,1420.2316
2016-03-01 08:00,1186.2255
2016-03-02 08:00,1090.3219
2016-03-03 08:00,1001.38257
2016-03-04 08:00,907.6515
2016-03-05 08:00,865.70667
2016-03-06 08:00,843.6339
2016-03-07 08:00,1011.44946
2016-03-08 08:00,987.1833
2016-03-09 08:00,822.2373
2016-03-10 08:00,870.32416
2016-03-11 08:00,910.7805
2016-03-12 08:00,750.295
2016-03-13 09:00,705.6992
2016-03-14 09:00,826.4942
2016-03-15 09:00,796.0787
2016-03-16 09:00,831.96954
2016-03-17 09:00,945.72296
2016-03-18 09:00,958.25397
2016-03-19 09:00,1005.53546
2016-03-20 09:00,1029.77
2016-03-21 09:00,898.92883
2016-03-22 09:00,950.0824
2016-03-23 09:00,868.74585
2016-03-24 09:00,962.5267
2016-03-25 09:00,1009.10724
2016-03-26 09:00,990.8905
2016-03-27 09:00,1055.1672
2016-03-28 09:00,949.0294
2016-03-29 09:00,954.32196
2016-03-30 09:00,934.16833
2016-03-31 09:00,981.97595
2016-04-01 09:00,962.997
2016-04-02 09:00,971.8183
2016-04-03 09:00,975.0108
2016-04-04 09:00,1019.0661
2016-04-05 09:00,1092.6293
2016-04-06 09:00,1072.774
2016-04-07 09:00,1142.4391
2016-04-08 09:00,1186.9846
2016-04-09 09:00,1265.1604
2016-04-10 09:00,1300.3083
2016-04-11 09:00,1349.2925
2016-04-12 09:00,1572.2263
2016-04-13 09:00,1458.7751
2016-04-14 09:00,1401.5337
2016-04-15 09:00,1430.2212
2016-04-16 09:00,1372.0891
2016-04-17 09:00,1271.7666
2016-04-18 09:00,1311.9746
2016-04-19 09:00,1363.4156
2016-04-20 09:00,1406.7198
2016-04-21 09:00,1472.321
2016-04-22 09:00,1527.6304
2016-04-23 09:00,1442.4713
2016-04-24 09:00,1497.8718
2016-04-25 09:00,1588.4913
2016-04-26 09:00,1625.7853
2016-04-27 09:00,1552.5831
2016-04-28 09:00,1682.8097
2016-04-29 09:00,1622.1714
2016-04-30 09:00,1374.7479
2016-05-01 09:00,1372.746
2016-05-02 09:00,1197.9457
2016-05-03 09:00,1312.6027
2016-05-04 09:00,1302.3477
2016-05-05 09:00,1251.1575
2016-05-06 09:00,1320.1537
2016-05-07 09:00,1320.099
2016-05-08 09:00,1308.7727
2016-05-09 09:00,1339.574
2016-05-10 09:00,1336.6426
2016-05-11 09:00,1257.468
2016-05-12 09:00,1253.5546
2016-05-13 09:00,1205.341
2016-05-14 09:00,1241.927
2016-05-15 09:00,1283.8334
2016-05-16 09:00,1150.4481
2016-05-17 09:00,1061.3383
2016-05-18 09:00,965.3664
2016-05-19 09:00,891.3517
2016-05-20 09:00,970.76605
2016-05-21 09:00,951.5489
2016-05-22 09:00,938.884
2016-05-23 09:00,1005.9049
2016-05-24 09:00,1075.8448
2016-05-25 09:00,1101.4661
2016-05-26 09:00,1117.742
2016-05-27 09:00,1237.7219
2016-05-28 09:00,1181.7092
2016-05-29 09:00,1144.9807
2016-05-30 09:00,1121.3898
2016-05-31 09:00,1020.22766
2016-06-01 09:00,1031.7463
2016-06-02 09:00,1056.1914
2016-06-03 09:00,1050.5756
2016-06-04 09:00,1062.0472
2016-06-05 09:00,1048.7278
2016-06-06 09:00,1057.2642
2016-06-07 09:00,1020.4633
2016-06-08 09:00,1031.2301
2016-06-09 09:00,1035.1688
2016-06-10 09:00,1075.662
2016-06-11 09:00,1059.0054
2016-06-12 09:00,960.3197
2016-06-13 09:00,865.7751
2016-06-14 09:00,811.9316
2016-06-15 09:00,841.7651
2016-06-16 09:00,770.8634
2016-06-17 09:00,1057.6947
2016-06-18 09:00,1458.8701
2016-06-19 09:00,1365.0251
2016-06-20 09:00,1427.7589
2016-06-21 09:00,1281.9076
2016-06-22 09:00,1310.2601
2016-06-23 09:00,1259.4121
2016-06-24 09:00,1205.6189
2016-06-25 09:00,1213.6782
2016-06-26 09:00,1255.578
2016-06-27 09:00,1256.5665
2016-06-28 09:00,1438.5375
2016-06-29 09:00,1393.6016
2016-06-30 09:00,1415.1584
2016-07-01 09:00,1450.474
2016-07-02 09:00,1463.9148
2016-07-03 09:00,1520.023
2016-07-04 09:00,1558.2771
2016-07-05 09:00,1690.7339
2016-07-06 09:00,1705.3959
2016-07-07 09:00,1778.8455
2016-07-08 09:00,1581.7177
2016-07-09 09:00,1646.0758
2016-07-10 09:00,1651.226
2016-07-11 09:00,1731.7098
2016-07-12 09:00,1726.1161
2016-07-13 09:00,1732.0103
2016-07-14 09:00,1584.4434
2016-07-15 09:00,1528.7462
2016-07-16 09:00,1569.7474
2016-07-17 09:00,1641.4104
2016-07-18 09:00,1665.6052
2016-07-19 09:00,1587.2108
2016-07-20 09:00,1495.7511
2016-07-21 09:00,1480.4662
2016-07-22 09:00,1281.2097
2016-07-23 09:00,1320.1705
2016-07-24 09:00,1487.1195
2016-07-25 09:00,1380.1561
2016-07-26 09:00,1600.7318
2016-07-27 09:00,1484.8
2016-07-28 09:00,1503.9362
2016-07-29 09:00,1514.4629
2016-07-30 09:00,1561.028
2016-07-31 09:00,1642.6483
2016-08-01 09:00,1793.1558
2016-08-02 09:00,2243.812
2016-08-03 09:00,1919.2937
2016-08-04 09:00,1793.9313
2016-08-05 09:00,1817.6024
2016-08-06 09:00,1829.4146
2016-08-07 09:00,1828.6119
2016-08-08 09:00,1779.3003
2016-08-09 09:00,1642.7233
2016-08-10 09:00,1660.1876
2016-08-11 09:00,1727.4978
2016-08-12 09:00,1718.463
2016-08-13 09:00,1751.5776
2016-08-14 09:00,1813.3484
2016-08-15 09:00,1812.2952
2016-08-16 09:00,1828.8717
2016-08-17 09:00,1898.0255
2016-08-18 09:00,1900.13
2016-08-19 09:00,1902.8372
2016-08-20 09:00,1820.3337
2016-08-21 09:00,1833.768
2016-08-22 09:00,1845.3507
2016-08-23 09:00,1863.007
2016-08-24 09:00,1864.8019
2016-08-25 09:00,1813.7062
2016-08-26 09:00,1826.3207
2016-08-27 09:00,1853.3032
2016-08-28 09:00,1893.1735
2016-08-29 09:00,1885.8636
2016-08-30 09:00,1849.2537
2016-08-31 09:00,1780.528
2016-09-01 09:00,1734.236
2016-09-02 09:00,1718.326
2016-09-03 09:00,1771.3633
2016-09-04 09:00,1785.1154
2016-09-05 09:00,1781.0823
2016-09-06 09:00,1787.5566
2016-09-07 09:00,1810.7172
2016-09-08 09:00,1844.8895
2016-09-09 09:00,1798.102
2016-09-10 09:00,1723.9613
2016-09-11 09:00,1804.6246
2016-09-12 09:00,1768.2483
2016-09-13 09:00,1766.9675
2016-09-14 09:00,1768.0647
2016-09-15 09:00,1768.447
2016-09-16 09:00,1683.5286
2016-09-17 09:00,1668.1306
2016-09-18 09:00,1707.9558
2016-09-19 09:00,1615.9678
2016-09-20 09:00,1481.1222
2016-09-21 09:00,1554.3436
2016-09-22 09:00,1618.9366
2016-09-23 09:00,1610.4185
2016-09-24 09:00,1670.1433
2016-09-25 09:00,1646.5338
2016-09-26 09:00,1685.7924
2016-09-27 09:00,1653.5759
2016-09-28 09:00,1633.7673
2016-09-29 09:00,1660.3236
2016-09-30 09:00,1643.5027
2016-10-01 09:00,1653.0405
2016-10-02 09:00,1653.1423
2016-10-03 09:00,1625.4388
2016-10-04 09:00,1649.9225
2016-10-05 09:00,1683.378
2016-10-06 09:00,1708.3734
2016-10-07 09:00,1735.0515
2016-10-08 09:00,1801.0304
2016-10-09 09:00,1828.7356
2016-10-10 09:00,1878.1787
2016-10-11 09:00,1876.7692
2016-10-12 09:00,1856.1984
2016-10-13 09:00,1854.2168
2016-10-14 09:00,1861.3287
2016-10-15 09:00,1857.6476
2016-10-16 09:00,1865.4458
2016-10-17 09:00,1859.9736
2016-10-18 09:00,1776.4644
2016-10-19 09:00,1862.9141
2016-10-20 09:00,1853.9581
2016-10-21 09:00,1845.1193
2016-10-22 09:00,1863.8134
2016-10-23 09:00,1872.3776
2016-10-24 09:00,1885.3771
2016-10-25 09:00,1979.6729
2016-10-26 09:00,1962.0193
2016-10-27 09:00,1970.1395
2016-10-28 09:00,2046.5349
2016-10-29 09:00,2174.905
2016-10-30 09:00,2034.0223
2016-10-31 09:00,2070.8792
2016-11-01 09:00,2118.309
2016-11-02 09:00,2123.765
2016-11-03 09:00,2117.0269
2016-11-04 09:00,2064.4338
2016-11-05 09:00,2083.7048
2016-11-06 08:00,2111.2786
2016-11-07 08:00,2126.3154
2016-11-08 08:00,2123.8455
2016-11-09 08:00,2161.9739
2016-11-10 08:00,2192.5994
2016-11-11 08:00,2244.9102
2016-11-12 08:00,2340.9695
2016-11-13 08:00,2292.4238
2016-11-14 08:00,2326.8003
2016-11-15 08:00,2273.4517
2016-11-16 08:00,2311.8306
2016-11-17 08:00,2330.8562
2016-11-18 08:00,2459.1191
2016-11-19 08:00,2413.182
2016-11-20 08:00,2438.7
2016-11-21 08:00,2432.642
2016-11-22 08:00,2365.9065
2016-11-23 08:00,2384.083
2016-11-24 08:00,2544.3926
2016-11-25 08:00,2500.5183
2016-11-26 08:00,2522.5896
2016-11-27 08:00,2619.5564
2016-11-28 08:00,2706.4155
2016-11-29 08:00,2893.0344
2016-11-30 08:00,2756.6675
2016-12-01 08:00,2803.6672
2016-12-02 08:00,3057.1028
2016-12-03 08:00,2998.103
2016-12-04 08:00,3194.5225
2016-12-05 08:00,3489.9119
2016-12-06 08:00,3029.0024
2016-12-07 08:00,2847.1099
2016-12-08 08:00,2902.7346
2016-12-09 08:00,2831.987
2016-12-10 08:00,2947.264
2016-12-11 08:00,2926.056
2016-12-12 08:00,2816.5227
2016-12-13 08:00,2853.0728
2016-12-14 08:00,2910.867
2016-12-15 08:00,3076.8474
2016-12-16 08:00,3068.7634
2016-12-17 08:00,3065.1604
2016-12-18 08:00,3073.1108
2016-12-19 08:00,3165.8242
2016-12-20 08:00,3162.7773
2016-12-21 08:00,3064.6663
2016-12-22 08:00,3201.4482
2016-12-23 08:00,3392.4775
2016-12-24 08:00,3349.8154
2016-12-25 08:00,3396.0598
2016-12-26 08:00,3353.6833
2016-12-27 08:00,3405.8853
2016-12-28 08:00,3251.4165
2016-12-29 08:00,2957.0896
2016-12-30 08:00,3004.05
2016-12-31 08:00,3080.9011
2017-01-01 08:00,3013.3723
2017-01-02 08:00,2950.8818
2017-01-03 08:00,2553.2517
2017-01-04 08:00,2215.1614
2017-01-05 08:00,2437.0095
2017-01-06 08:00,2443.964
2017-01-07 08:00,2545.7102
2017-01-08 08:00,2446.6973
2017-01-09 08:00,2442.5615
2017-01-10 08:00,2394.694
2017-01-11 08:00,2603.79
2017-01-12 08:00,2568.823
2017-01-13 08:00,2596.2437
2017-01-14 08:00,2632.206
2017-01-15 08:00,2566.0684
2017-01-16 08:00,2640.5847
2017-01-17 08:00,2473.2224
2017-01-18 08:00,2495.1682
2017-01-19 08:00,2457.7812
2017-01-20 08:00,2413.0652
2017-01-21 08:00,2346.5554
2017-01-22 08:00,2395.447
2017-01-23 08:00,2372.2805
2017-01-24 08:00,2417.2166
2017-01-25 08:00,2434.3105
2017-01-26 08:00,2433.2495
2017-01-27 08:00,2447.4895
2017-01-28 08:00,2442.7905
2017-01-29 08:00,2463.6484
2017-01-30 08:00,2446.655
2017-01-31 08:00,2414.44
2017-02-01 08:00,2416.489
2017-02-02 08:00,2400.0693
2017-02-03 08:00,2339.378
2017-02-04 08:00,2278.386
2017-02-05 08:00,2297.3606
2017-02-06 08:00,2293.72
2017-02-07 08:00,2272.8037
2017-02-08 08:00,2291.8862
2017-02-09 08:00,2378.8457
2017-02-10 08:00,2329.2993
2017-02-11 08:00,2317.1904
2017-02-12 08:00,2310.6973
2017-02-13 08:00,2342.9568
2017-02-14 08:00,2030.9803
2017-02-15 08:00,2050.663
2017-02-16 08:00,2055.6948
2017-02-17 08:00,2095.0608
2017-02-18 08:00,2075.4634
2017-02-19 08:00,2087.0068
2017-02-20 08:00,2145.108
2017-02-21 08:00,2108.2385
2017-02-22 08:00,2123.464
2017-02-23 08:00,2042.4022
2017-02-24 08:00,2053.0022
2017-02-25 08:00,1986.247
2017-02-26 08:00,1861.0244
2017-02-27 08:00,1763.3203
2017-02-28 08:00,1724.8945
2017-03-01 08:00,1582.6228
2017-03-02 08:00,1450.0605
2017-03-03 08:00,1422.6858
2017-03-04 08:00,1491.5505
2017-03-05 08:00,1443.0441
2017-03-06 08:00,1425.047
2017-03-07 08:00,1483.2721
2017-03-08 08:00,1686.1154
2017-03-09 08:00,1584.5365
2017-03-10 08:00,1466.7188
2017-03-11 08:00,1327.8365
2017-03-12 09:00,1223.1992
2017-03-13 09:00,1008.6762
2017-03-14 09:00,1017.07935
2017-03-15 09:00,843.82324
2017-03-16 09:00,646.2288
2017-03-17 09:00,646.3228
2017-03-18 09:00,891.44604
2017-03-19 09:00,685.2023
2017-03-20 09:00,709.9525
2017-03-21 09:00,717.2774
2017-03-22 09:00,734.39984
2017-03-23 09:00,717.3564
2017-03-24 09:00,593.62585
2017-03-25 09:00,617.5994
2017-03-26 09:00,632.0069
2017-03-27 09:00,646.7483
2017-03-28 09:00,636.16077
2017-03-29 09:00,611.37585
2017-03-30 09:00,624.52875
2017-03-31 09:00,653.5328
2017-04-01 09:00,647.3836
2017-04-02 09:00,676.7353
2017-04-03 09:00,746.7237
2017-04-04 09:00,744.726
2017-04-05 09:00,736.5362
2017-04-06 09:00,773.6204
2017-04-07 09:00,795.37256
2017-04-08 09:00,758.9534
2017-04-09 09:00,779.2318
2017-04-10 09:00,778.1708
2017-04-11 09:00,781.13763
2017-04-12 09:00,735.5373
2017-04-13 09:00,679.5578
2017-04-14 09:00,719.0882
2017-04-15 09:00,698.65497
2017-04-16 09:00,706.3634
2017-04-17 09:00,714.59076
2017-04-18 09:00,682.75934
2017-04-19 09:00,718.96906
2017-04-20 09:00,701.3385
2017-04-21 09:00,723.92737
2017-04-22 09:00,720.94403
2017-04-23 09:00,725.4798
2017-04-24 09:00,705.71594
2017-04-25 09:00,710.5457
2017-04-26 09:00,677.0443
2017-04-27 09:00,578.51556
2017-04-28 09:00,515.6843
2017-04-29 09:00,534.25916
2017-04-30 09:00,467.62106
2017-05-01 09:00,488.34174
2017-05-02 09:00,486.0363
2017-05-03 09:00,476.16492
2017-05-04 09:00,394.89035
2017-05-05 09:00,408.53387
2017-05-06 09:00,397.10272
2017-05-07 09:00,416.49948
2017-05-08 09:00,431.76367
2017-05-09 09:00,435.71445
2017-05-10 09:00,446.80328
2017-05-11 09:00,447.93222
2017-05-12 09:00,456.15958
2017-05-13 09:00,447.799
2017-05-14 09:00,450.9038
2017-05-15 09:00,445.69656
2017-05-16 09:00,462.91312
2017-05-17 09:00,464.19794
2017-05-18 09:00,435.98828
2017-05-19 09:00,329.62122
2017-05-20 09:00,344.90668
2017-05-21 09:00,287.21652
2017-05-22 09:00,268.2809
2017-05-23 09:00,263.13467
2017-05-24 09:00,257.64847
2017-05-25 09:00,285.0962
2017-05-26 09:00,314.1394
2017-05-27 09:00,322.9063
2017-05-28 09:00,302.73135
2017-05-29 09:00,269.80228
2017-05-30 09:00,231.43378
2017-05-31 09:00,236.1085
2017-06-01 09:00,248.12459
2017-06-02 09:00,249.17879
2017-06-03 09:00,251.56926
2017-06-04 09:00,233.86246
2017-06-05 09:00,234.99983
2017-06-06 09:00,224.38835
2017-06-07 09:00,233.47043
2017-06-08 09:00,233.01434
2017-06-09 09:00,220.8728
2017-06-10 09:00,188.87784
2017-06-11 09:00,193.8734
2017-06-12 09:00,168.48224
2017-06-13 09:00,173.72717
2017-06-14 09:00,195.77611
2017-06-15 09:00,196.64139
2017-06-16 09:00,194.08607
2017-06-17 09:00,191.54527
2017-06-18 09:00,197.52162
2017-06-19 09:00,200.53728
2017-06-20 09:00,210.31993
2017-06-21 09:00,227.14574
2017-06-22 09:00,229.72585
2017-06-23 09:00,228.25047
2017-06-24 09:00,243.79361
2017-06-25 09:00,264.0345
2017-06-26 09:00,296.8185
2017-06-27 09:00,278.5171
2017-06-28 09:00,251.00427
2017-06-29 09:00,273.21747
2017-06-30 09:00,282.10422
2017-07-01 09:00,304.89377
2017-07-02 09:00,292.23553
2017-07-03 09:00,299.49713
2017-07-04 09:00,312.10754
2017-07-05 09:00,319.1711
2017-07-06 09:00,318.8106
2017-07-07 09:00,352.45215
2017-07-08 09:00,346.55936
2017-07-09 09:00,363.1865
2017-07-10 09:00,411.72638
2017-07-11 09:00,451.57663
2017-07-12 09:00,388.51865
2017-07-13 09:00,429.96136
2017-07-14 09:00,454.23688
2017-07-15 09:00,534.4775
2017-07-16 09:00,582.90784
2017-07-17 09:00,476.9098
2017-07-18 09:00,395.66818
2017-07-19 09:00,466.68362
2017-07-20 09:00,411.85025
2017-07-21 09:00,430.22452
2017-07-22 09:00,410.87488
2017-07-23 09:00,419.1975
2017-07-24 09:00,423.26367
2017-07-25 09:00,462.00485
2017-07-26 09:00,470.05835
2017-07-27 09:00,470.7866
2017-07-28 09:00,499.4236
2017-07-29 09:00,471.017
2017-07-30 09:00,490.93372
2017-07-31 09:00,478.82333
2017-08-01 09:00,432.20245
2017-08-02 09:00,446.94666
2017-08-03 09:00,437.632
2017-08-04 09:00,444.24176
2017-08-05 09:00,388.07977
2017-08-06 09:00,382.4062
2017-08-07 09:00,374.16254
2017-08-08 09:00,341.37674
2017-08-09 09:00,344.03976
2017-08-10 09:00,346.05576
2017-08-11 09:00,333.39954
2017-08-12 09:00,333.65643
2017-08-13 09:00,349.97842
2017-08-14 09:00,349.74658
2017-08-15 09:00,364.01758
2017-08-16 09:00,350.81277
2017-08-17 09:00,353.2941
2017-08-18 09:00,361.77832
2017-08-19 09:00,361.28625
2017-08-20 09:00,358.80154
2017-08-21 09:00,338.0533
2017-08-22 09:00,347.2785
2017-08-23 09:00,346.05856
2017-08-24 09:00,338.9193
2017-08-25 09:00,333.799
2017-08-26 09:00,333.52225
2017-08-27 09:00,321.63623
2017-08-28 09:00,323.83862
2017-08-29 09:00,305.84595
2017-08-30 09:00,301.21387
2017-08-31 09:00,299.2149
2017-09-01 09:00,297.39725
2017-09-02 09:00,332.08087
2017-09-03 09:00,335.8542
2017-09-04 09:00,397.5561
2017-09-05 09:00,376.6533
2017-09-06 09:00,354.10867
2017-09-07 09:00,360.79813
2017-09-08 09:00,402.2812
2017-09-09 09:00,406.60352
2017-09-10 09:00,416.16727
2017-09-11 09:00,409.3642
2017-09-12 09:00,415.83304
2017-09-13 09:00,438.61386
2017-09-14 09:00,569.9962
2017-09-15 09:00,488.00153
2017-09-16 09:00,497.42877
2017-09-17 09:00,489.181
2017-09-18 09:00,421.20746
2017-09-19 09:00,438.47354
2017-09-20 09:00,438.20074
2017-09-21 09:00,481.93973
2017-09-22 09:00,472.49518
2017-09-23 09:00,437.4146
2017-09-24 09:00,444.2208
2017-09-25 09:00,430.37347
2017-09-26 09:00,439.00256
2017-09-27 09:00,412.67395
2017-09-28 09:00,423.7128
2017-09-29 09:00,435.70572
2017-09-30 09:00,422.22116
2017-10-01 09:00,421.9433
2017-10-02 09:00,429.89835
2017-10-03 09:00,438.1551
2017-10-04 09:00,438.8747
2017-10-05 09:00,435.14056
2017-10-06 09:00,418.17554
2017-10-07 09:00,415.9945
2017-10-08 09:00,420.62753
2017-10-09 09:00,437.51044
2017-10-10 09:00,434.90848
2017-10-11 09:00,431.2058
2017-10-12 09:00,431.67505
2017-10-13 09:00,388.8034
2017-10-14 09:00,389.28485
2017-10-15 09:00,394.486
2017-10-16 09:00,399.82996
2017-10-17 09:00,421.9351
2017-10-18 09:00,426.91702
2017-10-19 09:00,436.83362
2017-10-20 09:00,443.99762
2017-10-21 09:00,450.9649
2017-10-22 09:00,460.15137
2017-10-23 09:00,476.0799
2017-10-24 09:00,459.7463
2017-10-25 09:00,462.00824
2017-10-26 09:00,465.63358
2017-10-27 09:00,465.54636
2017-10-28 09:00,468.9198
2017-10-29 09:00,456.7601
2017-10-30 09:00,454.23062
2017-10-31 09:00,458.98483
2017-11-01 09:00,483.5677
2017-11-02 09:00,493.15558
2017-11-03 09:00,465.84146
2017-11-04 09:00,476.1861
2017-11-05 08:00,485.20123
2017-11-06 08:00,483.43204
2017-11-07 08:00,492.91287
2017-11-08 08:00,472.34637
2017-11-09 08:00,457.28375
2017-11-10 08:00,492.8346
2017-11-11 08:00,471.05127
2017-11-12 08:00,483.79675
2017-11-13 08:00,472.89706
2017-11-14 08:00,446.0195
2017-11-15 08:00,453.76605
2017-11-16 08:00,458.9117
2017-11-17 08:00,459.0304
2017-11-18 08:00,441.5838
2017-11-19 08:00,435.7342
2017-11-20 08:00,423.399
2017-11-21 08:00,433.19568
2017-11-22 08:00,413.82144
2017-11-23 08:00,387.31674
2017-11-24 08:00,336.99548
2017-11-25 08:00,346.2389
2017-11-26 08:00,345.5072
2017-11-27 08:00,342.6694
2017-11-28 08:00,352.85742
2017-11-29 08:00,394.65454
2017-11-30 08:00,380.86456
2017-12-01 08:00,368.06937
2017-12-02 08:00,373.92654
2017-12-03 08:00,375.6096
2017-12-04 08:00,376.13898
2017-12-05 08:00,386.49338
2017-12-06 08:00,423.39532
2017-12-07 08:00,422.54773
2017-12-08 08:00,406.79663
2017-12-09 08:00,396.0237
2017-12-10 08:00,429.96155
2017-12-11 08:00,375.49277
2017-12-12 08:00,302.2958
2017-12-13 08:00,284.28915
2017-12-14 08:00,290.43472
2017-12-15 08:00,298.04004
2017-12-16 08:00,296.158
2017-12-17 08:00,289.8114
2017-12-18 08:00,266.28122
2017-12-19 08:00,259.22717
2017-12-20 08:00,264.63535
2017-12-21 08:00,266.8247
2017-12-22 08:00,328.0917
2017-12-23 08:00,310.68246
2017-12-24 08:00,324.95792
2017-12-25 08:00,297.35284
2017-12-26 08:00,297.12378
2017-12-27 08:00,304.11533
2017-12-28 08:00,317.59525
2017-12-29 08:00,313.22382
2017-12-30 08:00,331.2971
2017-12-31 08:00,316.7605
2018-01-01 08:00,313.56873
2018-01-02 08:00,277.00443
2018-01-03 08:00,257.3449
2018-01-04 08:00,255.23647
2018-01-05 08:00,253.48604
2018-01-06 08:00,245.95116
2018-01-07 08:00,225.0851
2018-01-08 08:00,229.23227
2018-01-09 08:00,205.15405
2018-01-10 08:00,214.48694
2018-01-11 08:00,235.07541
2018-01-12 08:00,215.1332
2018-01-13 08:00,197.9809
2018-01-14 08:00,203.98936
2018-01-15 08:00,217.80876
2018-01-16 08:00,269.5608
2018-01-17 08:00,282.17078
2018-01-18 08:00,277.91156
2018-01-19 08:00,278.70142
2018-01-20 08:00,252.21155
2018-01-21 08:00,279.09134
2018-01-22 08:00,293.45908
2018-01-23 08:00,300.0347
2018-01-24 08:00,280.76508
2018-01-25 08:00,282.5555
2018-01-26 08:00,284.41916
2018-01-27 08:00,274.04303
2018-01-28 08:00,244.99564
2018-01-29 08:00,259.4902
2018-01-30 08:00,287.85178
2018-01-31 08:00,277.09402
2018-02-01 08:00,300.15237
2018-02-02 08:00,341.02966
2018-02-03 08:00,325.1449
2018-02-04 08:00,376.9028
2018-02-05 08:00,452.3988
2018-02-06 08:00,399.37845
2018-02-07 08:00,420.7243
2018-02-08 08:00,390.78033
2018-02-09 08:00,362.57706
2018-02-10 08:00,373.49988
2018-02-11 08:00,395.5244
2018-02-12 08:00,371.9598
2018-02-13 08:00,383.19412
2018-02-14 08:00,351.6085
2018-02-15 08:00,347.35898
2018-02-16 08:00,345.50912
2018-02-17 08:00,335.72528
2018-02-18 08:00,354.87762
2018-02-19 08:00,348.24564
2018-02-20 08:00,367.95154
2018-02-21 08:00,388.3436
2018-02-22 08:00,406.75797
2018-02-23 08:00,383.22745
2018-02-24 08:00,394.67575
2018-02-25 08:00,393.32022
2018-02-26 08:00,382.86575
2018-02-27 08:00,392.86575
2018-02-28 08:00,392.86575
2018-03-01 08:00,392.86575
2018-03-02 08:00,392.86575
2018-03-03 08:00,392.86575
2018-03-04 08:00,392.86575
2018-03-05 08:00,392.86575
2018-03-06 08:00,392.86575
2018-03-07 08:00,392.86575
2018-03-08 08:00,392.86575
2018-03-09 08:00,392.86575
2018-03-10 08:00,392.86575
2018-03-11 09:00,392.86575
2018-03-12 09:00,392.86575
2018-03-13 09:00,382.86575
2018-03-14 09:00,557.2587
2018-03-15 09:00,560.81256
2018-03-16 09:00,570.3777
2018-03-17 09:00,621.6246
2018-03-18 09:00,638.81006
2018-03-19 09:00,618.8107
2018-03-20 09:00,619.0372
2018-03-21 09:00,614.662
2018-03-22 09:00,640.3608
2018-03-23 09:00,640.9801
2018-03-24 09:00,657.05096
2018-03-25 09:00,660.9339
2018-03-26 09:00,707.8684
2018-03-27 09:00,771.281
2018-03-28 09:00,778.7189
2018-03-29 09:00,901.1204
2018-03-30 09:00,881.86127
2018-03-31 09:00,878.52637
2018-04-01 09:00,918.5459
2018-04-02 09:00,903.08685
2018-04-03 09:00,837.4546
2018-04-04 09:00,918.02795
2018-04-05 09:00,912.2367
2018-04-06 09:00,944.62604
2018-04-07 09:00,908.44293
2018-04-08 09:00,874.84106
2018-04-09 09:00,879.8556
2018-04-10 09:00,847.17993
2018-04-11 09:00,815.8614
2018-04-12 09:00,713.30804
2018-04-13 09:00,714.0657
2018-04-14 09:00,702.04626
2018-04-15 09:00,662.6607
2018-04-16 09:00,689.7374
2018-04-17 09:00,701.3988
2018-04-18 09:00,672.5429
2018-04-19 09:00,622.1673
2018-04-20 09:00,574.2629
2018-04-21 09:00,584.46765
2018-04-22 09:00,569.5201
2018-04-23 09:00,551.8125
2018-04-24 09:00,501.16776
2018-04-25 09:00,577.22614
2018-04-26 09:00,536.3298
2018-04-27 09:00,549.71783
2018-04-28 09:00,520.5361
2018-04-29 09:00,517.014
2018-04-30 09:00,532.1815
2018-05-01 09:00,529.73126
2018-05-02 09:00,520.05
2018-05-03 09:00,458.89078
2018-05-04 09:00,455.71918
2018-05-05 09:00,439.09613
2018-05-06 09:00,452.92325
2018-05-07 09:00,476.5568
2018-05-08 09:00,477.59656
2018-05-09 09:00,478.37808
2018-05-10 09:00,495.20718
2018-05-11 09:00,530.26526
2018-05-12 09:00,525.6788
2018-05-13 09:00,492.1278
2018-05-14 09:00,494.43903
2018-05-15 09:00,509.84424
2018-05-16 09:00,511.52518
2018-05-17 09:00,538.0547
2018-05-18 09:00,521.5283
2018-05-19 09:00,520.2177
2018-05-20 09:00,506.80295
2018-05-21 09:00,518.7866
2018-05-22 09:00,560.4188
2018-05-23 09:00,622.4376
2018-05-24 09:00,603.9704
2018-05-25 09:00,619.7079
2018-05-26 09:00,619.4826
2018-05-27 09:00,635.8886
2018-05-28 09:00,705.90466
2018-05-29 09:00,644.65137
2018-05-30 09:00,651.6663
2018-05-31 09:00,631.6008
2018-06-01 09:00,629.2618
2018-06-02 09:00,617.0071
2018-06-03 09:00,589.5527
2018-06-04 09:00,616.4679
2018-06-05 09:00,600.3057
2018-06-06 09:00,602.7818
2018-06-07 09:00,605.00433
2018-06-08 09:00,609.3709
2018-06-09 09:00,613.21136
2018-06-10 09:00,696.27454
2018-06-11 09:00,687.73267
2018-06-12 09:00,738.42786
2018-06-13 09:00,768.69653
2018-06-14 09:00,706.4776
2018-06-15 09:00,748.07697
2018-06-16 09:00,735.28595
2018-06-17 09:00,734.43726
2018-06-18 09:00,708.8411
2018-06-19 09:00,683.82367
2018-06-20 09:00,686.2
2018-06-21 09:00,697.9794
2018-06-22 09:00,790.3364
2018-06-23 09:00,776.0709
2018-06-24 09:00,804.9369
2018-06-25 09:00,800.56946
2018-06-26 09:00,851.8001
2018-06-27 09:00,833.54486
2018-06-28 09:00,873.2566
2018-06-29 09:00,846.1912
2018-06-30 09:00,810.6903
2018-07-01 09:00,813.2328
2018-07-02 09:00,776.8662
2018-07-03 09:00,795.85516
2018-07-04 09:00,790.84906
2018-07-05 09:00,779.3058
2018-07-06 09:00,780.18066
2018-07-07 09:00,752.4224
2018-07-08 09:00,756.70746
2018-07-09 09:00,776.71484
2018-07-10 09:00,852.5611
2018-07-11 09:00,829.73584
2018-07-12 09:00,861.72144
2018-07-13 09:00,854.0413
2018-07-14 09:00,850.17865
2018-07-15 09:00,824.45483
2018-07-16 09:00,771.8794
2018-07-17 09:00,740.7555
2018-07-18 09:00,772.55975
2018-07-19 09:00,790.8241
2018-07-20 09:00,824.5499
2018-07-21 09:00,803.79987
2018-07-22 09:00,809.0532
2018-07-23 09:00,825.1426
2018-07-24 09:00,776.36414
2018-07-25 09:00,787.95026
2018-07-26 09:00,802.56104
2018-07-27 09:00,793.14453
2018-07-28 09:00,798.0094
2018-07-29 09:00,798.6671
2018-07-30 09:00,815.7572
2018-07-31 09:00,859.7943
2018-08-01 09:00,887.03436
2018-08-02 09:00,905.0262
2018-08-03 09:00,893.1609
2018-08-04 09:00,917.7207
2018-08-05 09:00,910.9679
2018-08-06 09:00,920.4188
2018-08-07 09:00,985.0426
2018-08-08 09:00,1050.7075
2018-08-09 09:00,1025.4828
2018-08-10 09:00,1122.2185
2018-08-11 09:00,1165.0314
2018-08-12 09:00,1175.0988
2018-08-13 09:00,1311.735
2018-08-14 09:00,1347.8286
2018-08-15 09:00,1332.25
2018-08-16 09:00,1306.5183
2018-08-17 09:00,1192.3645
2018-08-18 09:00,1272.9719
2018-08-19 09:00,1252.2794
2018-08-20 09:00,1373.8214
2018-08-21 09:00,1337.2126
2018-08-22 09:00,1389.9219
2018-08-23 09:00,1361.4497
2018-08-24 09:00,1333.7836
2018-08-25 09:00,1350.0211
2018-08-26 09:00,1372.3656
2018-08-27 09:00,1322.8663
2018-08-28 09:00,1274.7881
2018-08-29 09:00,1307.0197
2018-08-30 09:00,1331.6146
2018-08-31 09:00,1337.5214
2018-09-01 09:00,1282.0555
2018-09-02 09:00,1307.0323
2018-09-03 09:00,1346.058
2018-09-04 09:00,1356.058
2018-09-05 09:00,1346.058
2018-09-06 09:00,1712.6089
2018-09-07 09:00,1815.9044
2018-09-08 09:00,1993.3241
2018-09-09 09:00,2003.3241
2018-09-10 09:00,2003.3241
2018-09-11 09:00,2003.3241
2018-09-12 09:00,2003.3241
2018-09-13 09:00,2003.3241
2018-09-14 09:00,1993.3241
2018-09-15 09:00,2003.3241
2018-09-16 09:00,2003.3241
2018-09-17 09:00,2003.3241
2018-09-18 09:00,2003.3241
2018-09-19 09:00,2003.3241
2018-09-20 09:00,2003.3241
2018-09-21 09:00,2003.3241
2018-09-22 09:00,2003.3241
2018-09-23 09:00,1993.3241
2018-09-24 09:00,1734.6616
2018-09-25 09:00,1816.7037
2018-09-26 09:00,1839.7858
2018-09-27 09:00,1738.7404
2018-09-28 09:00,1787.1008
2018-09-29 09:00,1716.4006
2018-09-30 09:00,1708.2438
2018-10-01 09:00,1724.5172
2018-10-02 09:00,1753.6863
2018-10-03 09:00,1807.6195
2018-10-04 09:00,1793.9739
2018-10-05 09:00,1752.06
2018-10-06 09:00,1771.8336
2018-10-07 09:00,1764.5039
2018-10-08 09:00,1741.2388
2018-10-09 09:00,1751.7032
2018-10-10 09:00,1769.528
2018-10-11 09:00,2109.1113
2018-10-12 09:00,2032.2501
2018-10-13 09:00,2000.9413
2018-10-14 09:00,2043.9602
2018-10-15 09:00,1908.2543
2018-10-16 09:00,1905.047
2018-10-17 09:00,1933.7377
2018-10-18 09:00,1969.7363
2018-10-19 09:00,1966.6448
2018-10-20 09:00,1950.761
2018-10-21 09:00,1953.9015
2018-10-22 09:00,1965.2999
2018-10-23 09:00,1963.1843
2018-10-24 09:00,1968.4979
2018-10-25 09:00,1979.6611
2018-10-26 09:00,1973.5331
2018-10-27 09:00,1965.0015
2018-10-28 09:00,1954.3127
2018-10-29 09:00,2035.1027
2018-10-30 09:00,2032.1886
2018-10-31 09:00,2034.3253
2018-11-01 09:00,2019.2909
2018-11-02 09:00,2001.7277
2018-11-03 09:00,2006.3936
2018-11-04 08:00,1936.0892
2018-11-05 08:00,1921.6104
2018-11-06 08:00,1839.9117
2018-11-07 08:00,1851.5433
2018-11-08 08:00,1895.44
2018-11-09 08:00,1915.759
2018-11-10 08:00,1894.2054
2018-11-11 08:00,1905.9514
2018-11-12 08:00,1915.4076
2018-11-13 08:00,1949.5299
2018-11-14 08:00,2226.883
2018-11-15 08:00,2237.93
2018-11-16 08:00,2313.825
2018-11-17 08:00,2333.8296
2018-11-18 08:00,2297.4414
2018-11-19 08:00,2733.1128
2018-11-20 08:00,3133.2554
2018-11-21 08:00,2992.6814
2018-11-22 08:00,3234.0132
2018-11-23 08:00,3327.4446
2018-11-24 08:00,3623.2656
2018-11-25 08:00,3538.5105
2018-11-26 08:00,3810.9004
2018-11-27 08:00,3760.7046
2018-11-28 08:00,3385.6372
2018-11-29 08:00,3533.3135
2018-11-30 08:00,3676.255
2018-12-01 08:00,3514.6377
2018-12-02 08:00,3591.2358
2018-12-03 08:00,3840.2197
2018-12-04 08:00,3796.5076
2018-12-05 08:00,4084.867
2018-12-06 08:00,4563.886
2018-12-07 08:00,4490.0796
2018-12-08 08:00,4546.3394
2018-12-09 08:00,4405.507
2018-12-10 08:00,4573.4526
2018-12-11 08:00,4716.0444
2018-12-12 08:00,4632.0977
2018-12-13 08:00,4850.4546
2018-12-14 08:00,4979.8896
2018-12-15 08:00,4973.709
2018-12-16 08:00,4927.5117
2018-12-17 08:00,4419.0693
2018-12-18 08:00,4159.6753
2018-12-19 08:00,4155.228
2018-12-20 08:00,3622.598
2018-12-21 08:00,3845.8308
2018-12-22 08:00,3607.8777
2018-12-23 08:00,3222.775
2018-12-24 08:00,3006.325
2018-12-25 08:00,3247.9119
2018-12-26 08:00,3199.5828
2018-12-27 08:00,3620.4478
2018-12-28 08:00,3067.3967
2018-12-29 08:00,3059.8906
2018-12-30 08:00,3020.7612
2018-12-31 08:00,3168.205
2019-01-01 08:00,3001.944
2019-01-02 08:00,2727.735
2019-01-03 08:00,2837.1743
2019-01-04 08:00,2738.8516
2019-01-05 08:00,2721.0347
2019-01-06 08:00,2685.7065
2019-01-07 08:00,2793.9302
2019-01-08 08:00,2820.265
2019-01-09 08:00,2813.1382
2019-01-10 08:00,3299.447
2019-01-11 08:00,3328.2444
2019-01-12 08:00,3371.2446
2019-01-13 08:00,3634.1917
2019-01-14 08:00,3293.1602
2019-01-15 08:00,3485.0737
2019-01-16 08:00,3443.5784
2019-01-17 08:00,3439.2388
2019-01-18 08:00,3517.842
2019-01-19 08:00,3419.381
2019-01-20 08:00,3565.3452
2019-01-21 08:00,3637.2295
2019-01-22 08:00,3590.2046
2019-01-23 08:00,3631.1921
2019-01-24 08:00,3634.9312
2019-01-25 08:00,3666.1804
2019-01-26 08:00,3662.8347
2019-01-27 08:00,3763.475
2019-01-28 08:00,4005.1233
2019-01-29 08:00,4043.4775
2019-01-30 08:00,3921.2344
2019-01-31 08:00,3989.4915
2019-02-01 08:00,3969.89
2019-02-02 08:00,3868.9304
2019-02-03 08:00,3975.6013
2019-02-04 08:00,3964.5767
2019-02-05 08:00,3979.2256
2019-02-06 08:00,4076.2476
2019-02-07 08:00,4092.5125
2019-02-08 08:00,3588.2373
2019-02-09 08:00,3584.073
2019-02-10 08:00,3430.8313
2019-02-11 08:00,3531.4153
2019-02-12 08:00,3496.304
2019-02-13 08:00,3498.045
2019-02-14 08:00,3532.6162
2019-02-15 08:00,3512.9863
2019-02-16 08:00,3480.9124
2019-02-17 08:00,3212.6692
2019-02-18 08:00,2939.1018
2019-02-19 08:00,2955.3167
2019-02-20 08:00,2873.2632
2019-02-21 08:00,2941.4802
2019-02-22 08:00,2883.8079
2019-02-23 08:00,2708.5225
2019-02-24 08:00,3167.1519
2019-02-25 08:00,3078.2092
2019-02-26 08:00,3117.9954
2019-02-27 08:00,3164.2532
2019-02-28 08:00,3150.7117
2019-03-01 08:00,3158.0808
2019-03-02 08:00,3211.1526
2019-03-03 08:00,3259.2961
2019-03-04 08:00,3374.3608
2019-03-05 08:00,3129.2886
2019-03-06 08:00,3108.3364
2019-03-07 08:00,3125.675
2019-03-08 08:00,3193.6826
2019-03-09 08:00,3129.0325
2019-03-10 09:00,3157.1377
2019-03-11 09:00,3227.714
2019-03-12 09:00,3213.8406
2019-03-13 09:00,3243.2239
2019-03-14 09:00,3233.6086
2019-03-15 09:00,3142.003
2019-03-16 09:00,3038.775
2019-03-17 09:00,3091.3022
2019-03-18 09:00,3105.939
2019-03-19 09:00,3081.0024
2019-03-20 09:00,3078.0168
2019-03-21 09:00,3169.932
2019-03-22 09:00,3158.124
2019-03-23 09:00,3134.602
2019-03-24 09:00,3163.645
2019-03-25 09:00,3210.1956
2019-03-26 09:00,3200.5159
2019-03-27 09:00,3075.535
2019-03-28 09:00,3110.938
2019-03-29 09:00,3044.1184
2019-03-30 09:00,3053.2678
2019-03-31 09:00,3066.3801
2019-04-01 09:00,3059.9944
2019-04-02 09:00,2647.6787
2019-04-03 09:00,2689.3237
2019-04-04 09:00,2747.675
2019-04-05 09:00,2624.242
2019-04-06 09:00,2617.8567
2019-04-07 09:00,2489.6116
2019-04-08 09:00,2411.194
2019-04-09 09:00,2468.1772
2019-04-10 09:00,2654.2725
2019-04-11 09:00,2651.1765
2019-04-12 09:00,2653.8965
2019-04-13 09:00,2653.7192
2019-04-14 09:00,2620.629
2019-04-15 09:00,2677.324
2019-04-16 09:00,2619.6118
2019-04-17 09:00,2532.2244
2019-04-18 09:00,2516.8389
2019-04-19 09:00,2524.3928
2019-04-20 09:00,2597.0127
2019-04-21 09:00,2537.5176
2019-04-22 09:00,2501.9263
2019-04-23 09:00,2648.4434
2019-04-24 09:00,2651.2478
2019-04-25 09:00,2787.9448
2019-04-26 09:00,2754.1094
2019-04-27 09:00,2741.6162
2019-04-28 09:00,2815.843
2019-04-29 09:00,2744.0562
2019-04-30 09:00,2705.584
2019-05-01 09:00,2689.8694
2019-05-02 09:00,2589.9255
2019-05-03 09:00,2674.744
2019-05-04 09:00,2664.0432
2019-05-05 09:00,2594.675
2019-05-06 09:00,2521.1794
2019-05-07 09:00,2555.7441
2019-05-08 09:00,2575.8071
2019-05-09 09:00,2518.3694
2019-05-10 09:00,2270.5522
2019-05-11 09:00,2362.2573
2019-05-12 09:00,2179.7056
2019-05-13 09:00,2100.4128
2019-05-14 09:00,1870.5808
2019-05-15 09:00,1643.2328
2019-05-16 09:00,1863.6987
2019-05-17 09:00,1816.4585
2019-05-18 09:00,1711.3593
2019-05-19 09:00,1757.41
2019-05-20 09:00,1724.8322
2019-05-21 09:00,1700.2197
2019-05-22 09:00,1783.2147
2019-05-23 09:00,1715.3639
2019-05-24 09:00,1725.0375
2019-05-25 09:00,1738.8914
2019-05-26 09:00,1596.4005
2019-05-27 09:00,1605.306
2019-05-28 09:00,1579.096
2019-05-29 09:00,1515.1595
2019-05-30 09:00,1661.4321
2019-05-31 09:00,1621.3456
2019-06-01 09:00,1592.2263
2019-06-02 09:00,1690.2029
2019-06-03 09:00,1751.5253
2019-06-04 09:00,1822.6514
2019-06-05 09:00,1801.0701
2019-06-06 09:00,1766.9512
2019-06-07 09:00,1780.9391
2019-06-08 09:00,1860.6973
2019-06-09 09:00,1814.9553
2019-06-10 09:00,1828.163
2019-06-11 09:00,1734.739
2019-06-12 09:00,1689.7909
2019-06-13 09:00,1707.9927
2019-06-14 09:00,1667.4652
2019-06-15 09:00,1623.5504
2019-06-16 09:00,1624.18
2019-06-17 09:00,1656.8036
2019-06-18 09:00,1652.3971
2019-06-19 09:00,1645.1469
2019-06-20 09:00,1546.7463
2019-06-21 09:00,1440.1271
2019-06-22 09:00,1419.1434
2019-06-23 09:00,1434.0995
2019-06-24 09:00,1418.4772
2019-06-25 09:00,1282.0114
2019-06-26 09:00,1421.8322
2019-06-27 09:00,1433.7703
2019-06-28 09:00,1442.2357
2019-06-29 09:00,1481.1746
2019-06-30 09:00,1551.8529
2019-07-01 09:00,1548.6667
2019-07-02 09:00,1502.2501
2019-07-03 09:00,1503.4308
2019-07-04 09:00,1526.9384
2019-07-05 09:00,1505.0194
2019-07-06 09:00,1513.7976
2019-07-07 09:00,1446.3447
2019-07-08 09:00,1433.6189
2019-07-09 09:00,1535.6991
2019-07-10 09:00,1629.2274
2019-07-11 09:00,1641.045
2019-07-12 09:00,1624.9308
2019-07-13 09:00,1844.6434
2019-07-14 09:00,1924.2345
2019-07-15 09:00,1992.4902
2019-07-16 09:00,2057.6592
2019-07-17 09:00,1978.1254
2019-07-18 09:00,2013.3662
2019-07-19 09:00,1938.29
2019-07-20 09:00,1974.899
2019-07-21 09:00,2029.4752
2019-07-22 09:00,2079.1963
2019-07-23 09:00,2042.4456
2019-07-24 09:00,1975.8715
2019-07-25 09:00,2012.0847
2019-07-26 09:00,2109.3567
2019-07-27 09:00,2070.4583
2019-07-28 09:00,2100.048
2019-07-29 09:00,2075.4875
2019-07-30 09:00,2054.947
2019-07-31 09:00,2074.4697
2019-08-01 09:00,2012.8208
2019-08-02 09:00,1995.5469
2019-08-03 09:00,2014.2831
2019-08-04 09:00,1928.2253
2019-08-05 09:00,1937.9899
2019-08-06 09:00,1984.2831
2019-08-07 09:00,1985.5936
2019-08-08 09:00,2099.943
2019-08-09 09:00,2164.7583
2019-08-10 09:00,2102.7983
2019-08-11 09:00,2098.511
2019-08-12 09:00,2154.099
2019-08-13 09:00,2157.7666
2019-08-14 09:00,2407.8984
2019-08-15 09:00,2417.5693
2019-08-16 09:00,2400.0981
2019-08-17 09:00,2278.4895
2019-08-18 09:00,2215.505
2019-08-19 09:00,2253.9385
2019-08-20 09:00,2406.2664
2019-08-21 09:00,2323.825
2019-08-22 09:00,2318.093
2019-08-23 09:00,2366.2578
2019-08-24 09:00,2352.7202
2019-08-25 09:00,2336.5862
2019-08-26 09:00,2366.474
2019-08-27 09:00,2364.6155
2019-08-28 09:00,2635.4165
2019-08-29 09:00,2616.8147
2019-08-30 09:00,2619.664
2019-08-31 09:00,2610.9695
2019-09-01 09:00,2562.9663
2019-09-02 09:00,2448.5408
2019-09-03 09:00,2510.6118
2019-09-04 09:00,2601.9524
2019-09-05 09:00,2533.021
2019-09-06 09:00,2564.7424
2019-09-07 09:00,2470.5154
2019-09-08 09:00,2455.5215
2019-09-09 09:00,2480.9673
2019-09-10 09:00,2524.0898
2019-09-11 09:00,2478.9868
2019-09-12 09:00,2497.1514
2019-09-13 09:00,2417.9705
2019-09-14 09:00,2369.6453
2019-09-15 09:00,2349.5022
2019-09-16 09:00,2219.0166
2019-09-17 09:00,2096.4954
2019-09-18 09:00,2136.681
2019-09-19 09:00,2065.1472
2019-09-20 09:00,2056.3381
2019-09-21 09:00,2119.842
2019-09-22 09:00,2131.861
2019-09-23 09:00,2324.5522
2019-09-24 09:00,2644.1892
2019-09-25 09:00,2687.2585
2019-09-26 09:00,2725.4465
2019-09-27 09:00,2614.664
2019-09-28 09:00,2683.2234
2019-09-29 09:00,2513.1216
2019-09-30 09:00,2521.1367
2019-10-01 09:00,2538.4546
2019-10-02 09:00,2582.3032
2019-10-03 09:00,2554.0122
2019-10-04 09:00,2571.6868
2019-10-05 09:00,2567.429
2019-10-06 09:00,2526.7173
2019-10-07 09:00,2489.8396
2019-10-08 09:00,2347.2153
2019-10-09 09:00,2333.0935
2019-10-10 09:00,2423.1604
2019-10-11 09:00,2436.439
2019-10-12 09:00,2430.3535
2019-10-13 09:00,2445.8167
2019-10-14 09:00,2449.4912
2019-10-15 09:00,2565.192
2019-10-16 09:00,2524.6987
2019-10-17 09:00,2586.2056
2019-10-18 09:00,2567.9185
2019-10-19 09:00,2582.8665
2019-10-20 09:00,2563.8372
2019-10-21 09:00,2591.113
2019-10-22 09:00,2810.4292
2019-10-23 09:00,2763.3428
2019-10-24 09:00,2662.7507
2019-10-25 09:00,2470.7812
2019-10-26 09:00,2442.9402
2019-10-27 09:00,2448.8196
2019-10-28 09:00,2413.8828
2019-10-29 09:00,2465.3577
2019-10-30 09:00,2454.5178
2019-10-31 09:00,2469.9036
2019-11-01 09:00,2432.0684
2019-11-02 09:00,2455.3237
2019-11-03 08:00,2398.566
2019-11-04 08:00,2353.58
2019-11-05 08:00,2350.9731
2019-11-06 08:00,2400.2163
2019-11-07 08:00,2441.1511
2019-11-08 08:00,2426.5981
2019-11-09 08:00,2397.5703
2019-11-10 08:00,2396.6926
2019-11-11 08:00,2436.5688
2019-11-12 08:00,2408.4202
2019-11-13 08:00,2433.112
2019-11-14 08:00,2482.7507
2019-11-15 08:00,2455.8403
2019-11-16 08:00,2425.6572
2019-11-17 08:00,2472.0618
2019-11-18 08:00,2569.3416
2019-11-19 08:00,2551.28
2019-11-20 08:00,2752.1577
2019-11-21 08:00,3070.135
2019-11-22 08:00,2947.414
2019-11-23 08:00,3072.0789
2019-11-24 08:00,2997.3801
2019-11-25 08:00,3091.377
2019-11-26 08:00,3016.679
2019-11-27 08:00,2905.5808
2019-11-28 08:00,2869.1392
2019-11-29 08:00,2937.7815
2019-11-30 08:00,2964.3816
2019-12-01 08:00,3029.5947
2019-12-02 08:00,3033.9343
2019-12-03 08:00,3021.6318
2019-12-04 08:00,3054.638
2019-12-05 08:00,3038.8196
2019-12-06 08:00,3054.6633
2019-12-07 08:00,3013.931
2019-12-08 08:00,3017.3533
2019-12-09 08:00,3073.2627
2019-12-10 08:00,3143.7642
2019-12-11 08:00,3148.64
2019-12-12 08:00,3109.1597
2019-12-13 08:00,3144.8164
2019-12-14 08:00,3137.2031
2019-12-15 08:00,3174.7927
2019-12-16 08:00,3498.3916
2019-12-17 08:00,3574.6416
2019-12-18 08:00,3554.0872
2019-12-19 08:00,3498.5474
2019-12-20 08:00,3564.5688
2019-12-21 08:00,3481.1497
2019-12-22 08:00,3341.985
2019-12-23 08:00,3555.877
2019-12-24 08:00,3610.617
2019-12-25 08:00,3575.061
2019-12-26 08:00,3566.4915
2019-12-27 08:00,3518.5042
2019-12-28 08:00,3439.9353
2019-12-29 08:00,3439.7825
2019-12-30 08:00,3444.2524
2019-12-31 08:00,3409.0645
2020-01-01 08:00,3465.666
2020-01-02 08:00,3406.7522
2020-01-03 08:00,3359.576
2020-01-04 08:00,3290.6719
2020-01-05 08:00,3192.1633
2020-01-06 08:00,3207.1904
2020-01-07 08:00,3172.7444
2020-01-08 08:00,3243.2605
2020-01-09 08:00,3184.8992
2020-01-10 08:00,3159.3447
2020-01-11 08:00,3116.1382
2020-01-12 08:00,3146.017
2020-01-13 08:00,2880.6968
2020-01-14 08:00,2730.4421
2020-01-15 08:00,2758.9756
2020-01-16 08:00,2692.2705
2020-01-17 08:00,2568.8186
2020-01-18 08:00,2726.757
2020-01-19 08:00,2707.3408
2020-01-20 08:00,2672.193
2020-01-21 08:00,2687.263
2020-01-22 08:00,2752.1448
2020-01-23 08:00,2781.3027
2020-01-24 08:00,2810.5999
2020-01-25 08:00,2751.5518
2020-01-26 08:00,2649.8809
2020-01-27 08:00,2617.0955
2020-01-28 08:00,2560.993
2020-01-29 08:00,2553.3652
2020-01-30 08:00,2527.8264
2020-01-31 08:00,2473.4731
2020-02-01 08:00,2483.4731
2020-02-02 08:00,2473.4731
2020-02-03 08:00,2396.2373
2020-02-04 08:00,2282.6252
2020-02-05 08:00,2132.727
2020-02-06 08:00,2035.7125
2020-02-07 08:00,1998.3634
2020-02-08 08:00,2008.639
2020-02-09 08:00,2011.5975
2020-02-10 08:00,1991.7657
2020-02-11 08:00,1790.3383
2020-02-12 08:00,1678.8353
2020-02-13 08:00,1657.584
2020-02-14 08:00,1611.4817
2020-02-15 08:00,1746.0421
2020-02-16 08:00,1805.2091
2020-02-17 08:00,1660.67
2020-02-18 08:00,1617.2937
2020-02-19 08:00,1763.1615
2020-02-20 08:00,1716.8455
2020-02-21 08:00,1737.1318
2020-02-22 08:00,1676.8573
2020-02-23 08:00,1687.4291
2020-02-24 08:00,1797.7771
2020-02-25 08:00,1998.0974
2020-02-26 08:00,1951.1531
2020-02-27 08:00,2025.679
2020-02-28 08:00,2026.3795
2020-02-29 08:00,2048.9512
2020-03-01 08:00,1992.3784
2020-03-02 08:00,2029.4369
2020-03-03 08:00,2031.0343
2020-03-04 08:00,1977.2382
2020-03-05 08:00,1916.5112
2020-03-06 08:00,1850.98
2020-03-07 08:00,2094.8867
2020-03-08 09:00,2330.7424
2020-03-09 09:00,2244.0605
2020-03-10 09:00,2364.0293
2020-03-11 09:00,3250.7305
2020-03-12 09:00,3700.5046
2020-03-13 09:00,3588.9697
2020-03-14 09:00,3628.9612
2020-03-15 09:00,3969.8528
2020-03-16 09:00,3902.2988
2020-03-17 09:00,3923.4216
2020-03-18 09:00,3596.6406
2020-03-19 09:00,3210.289
2020-03-20 09:00,3432.133
2020-03-21 09:00,3556.214
2020-03-22 09:00,3529.3474
2020-03-23 09:00,3360.1106
2020-03-24 09:00,3350.6992
2020-03-25 09:00,3396.4453
2020-03-26 09:00,3361.8699
2020-03-27 09:00,3549.1262
2020-03-28 09:00,3541.589
2020-03-29 09:00,3429.233
2020-03-30 09:00,3442.0796
2020-03-31 09:00,3478.287
2020-04-01 09:00,3282.8467
2020-04-02 09:00,3226.3506
2020-04-03 09:00,3213.5247
2020-04-04 09:00,3179.3718
2020-04-05 09:00,2848.5417
2020-04-06 09:00,2698.974
2020-04-07 09:00,2704.4678
2020-04-08 09:00,2696.4053
2020-04-09 09:00,2977.9648
2020-04-10 09:00,2902.2656
2020-04-11 09:00,2828.1057
2020-04-12 09:00,2965.0264
2020-04-13 09:00,2867.1812
2020-04-14 09:00,2933.0981
2020-04-15 09:00,2654.629
2020-04-16 09:00,2694
2020-04-17 09:00,2487.0425
2020-04-18 09:00,2546.842
2020-04-19 09:00,2554.4907
2020-04-20 09:00,2690.0908
2020-04-21 09:00,2512.8157
2020-04-22 09:00,2422.047
2020-04-23 09:00,2443.8394
2020-04-24 09:00,2364.43
2020-04-25 09:00,2363.2085
2020-04-26 09:00,2377.1077
2020-04-27 09:00,2348.4514
2020-04-28 09:00,2188.8076
2020-04-29 09:00,2198.276
2020-04-30 09:00,2187.8582
2020-05-01 09:00,2160.0007
2020-05-02 09:00,2170.0007
2020-05-03 09:00,2160.0007
2020-05-04 09:00,2266.472
2020-05-05 09:00,2208.2666
2020-05-06 09:00,2237.5767
2020-05-07 09:00,2176.4873
2020-05-08 09:00,2161.8884
2020-05-09 09:00,2448.3105
2020-05-10 09:00,2447.804
2020-05-11 09:00,2412.9905
2020-05-12 09:00,2329.7466
2020-05-13 09:00,2276.449
2020-05-14 09:00,2330.0107
2020-05-15 09:00,2304.5308
2020-05-16 09:00,2210.8933
2020-05-17 09:00,2185.6387
2020-05-18 09:00,2175.6633
2020-05-19 09:00,2216.224
2020-05-20 09:00,2317.075
2020-05-21 09:00,2257.6982
2020-05-22 09:00,2225.7405
2020-05-23 09:00,2248.043
2020-05-24 09:00,2283.766
2020-05-25 09:00,2337.9639
2020-05-26 09:00,2247.6196
2020-05-27 09:00,2160.475
2020-05-28 09:00,2112.0056
2020-05-29 09:00,1970.0701
2020-05-30 09:00,1984.2056
2020-05-31 09:00,1949.2797
2020-06-01 09:00,1982.4657
2020-06-02 09:00,1937.0695
2020-06-03 09:00,1896.5255
2020-06-04 09:00,1920.5231
2020-06-05 09:00,1915.4801
2020-06-06 09:00,1957.8351
2020-06-07 09:00,1912.928
2020-06-08 09:00,1910.6381
2020-06-09 09:00,1905.8164
2020-06-10 09:00,1944.5978
2020-06-11 09:00,1968.3401
2020-06-12 09:00,1962.0839
2020-06-13 09:00,1975.1797
2020-06-14 09:00,2058.6565
2020-06-15 09:00,1999.0955
2020-06-16 09:00,2010.657
2020-06-17 09:00,2011.3229
2020-06-18 09:00,2020.7101
2020-06-19 09:00,2057.2686
2020-06-20 09:00,2027.9348
2020-06-21 09:00,1935.1018
2020-06-22 09:00,1918.8345
2020-06-23 09:00,2017.0898
2020-06-24 09:00,2004.9933
2020-06-25 09:00,2035.9802
2020-06-26 09:00,2056.894
2020-06-27 09:00,2078.5322
2020-06-28 09:00,2088.7332
2020-06-29 09:00,2068.7258
2020-06-30 09:00,2042.6324
2020-07-01 09:00,2071.4558
2020-07-02 09:00,2064.528
2020-07-03 09:00,2069.2822
2020-07-04 09:00,2080.5745
2020-07-05 09:00,1967.447
2020-07-06 09:00,1966.1995
2020-07-07 09:00,1911.0332
2020-07-08 09:00,1950.5643
2020-07-09 09:00,1952.382
2020-07-10 09:00,1956.0972
2020-07-11 09:00,1974.6207
2020-07-12 09:00,1937.7047
2020-07-13 09:00,1952.2278
2020-07-14 09:00,1968.0686
2020-07-15 09:00,2017.7773
2020-07-16 09:00,2020.2688
2020-07-17 09:00,2001.9507
2020-07-18 09:00,2009.5619
2020-07-19 09:00,1978.1407
2020-07-20 09:00,1931.9396
2020-07-21 09:00,1925.0222
2020-07-22 09:00,1752.1598
2020-07-23 09:00,1697.1366
2020-07-24 09:00,1648.246
2020-07-25 09:00,1514.9617
2020-07-26 09:00,1495.1561
2020-07-27 09:00,1470.6826
2020-07-28 09:00,1468.8907
2020-07-29 09:00,1484.028
2020-07-30 09:00,1377.6583
2020-07-31 09:00,1323.3832
2020-08-01 09:00,1283.3285
2020-08-02 09:00,1208.5809
2020-08-03 09:00,1215.8551
2020-08-04 09:00,1200.2605
2020-08-05 09:00,1193.3977
2020-08-06 09:00,1232.8707
2020-08-07 09:00,1217.5228
2020-08-08 09:00,1231.3171
2020-08-09 09:00,1201.5854
2020-08-10 09:00,1243.228
2020-08-11 09:00,1237.1736
2020-08-12 09:00,1215.1403
2020-08-13 09:00,1096.3104
2020-08-14 09:00,1092.3271
2020-08-15 09:00,1108.0775
2020-08-16 09:00,1085.7595
2020-08-17 09:00,1134.8519
2020-08-18 09:00,1167.7382
2020-08-19 09:00,1152.5312
2020-08-20 09:00,1180.2172
2020-08-21 09:00,1223.9242
2020-08-22 09:00,1218.6437
2020-08-23 09:00,1188.6946
2020-08-24 09:00,1242.5455
2020-08-25 09:00,1230.3325
2020-08-26 09:00,1249.8276
2020-08-27 09:00,1210.8969
2020-08-28 09:00,1196.4951
2020-08-29 09:00,1156.3925
2020-08-30 09:00,1107.7963
2020-08-31 09:00,998.3415
2020-09-01 09:00,1111.4559
2020-09-02 09:00,1195.3208
2020-09-03 09:00,1259.0118
2020-09-04 09:00,1351.0916
2020-09-05 09:00,1397.1005
2020-09-06 09:00,1392.8572
2020-09-07 09:00,1416.3158
2020-09-08 09:00,1366.7924
2020-09-09 09:00,1302.5739
2020-09-10 09:00,1312.5739
2020-09-11 09:00,1302.5739
2020-09-12 09:00,1312.5739
2020-09-13 09:00,1312.5739
2020-09-14 09:00,1312.5739
2020-09-15 09:00,1302.5739
2020-09-16 09:00,1312.5739
2020-09-17 09:00,1312.5739
2020-09-18 09:00,1312.5739
2020-09-19 09:00,1302.5739
2020-09-20 09:00,1312.5739
2020-09-21 09:00,1312.5739
2020-09-22 09:00,1302.5739
2020-09-23 09:00,1312.5739
2020-09-24 09:00,1312.5739
2020-09-25 09:00,1312.5739
2020-09-26 09:00,1302.5739
2020-09-27 09:00,1312.5739
2020-09-28 09:00,1302.5739
2020-09-29 09:00,1358.2473
2020-09-30 09:00,1339.7932
2020-10-01 09:00,1415.499
2020-10-02 09:00,1399.3954
2020-10-03 09:00,1401.1356
2020-10-04 09:00,1379.5464
2020-10-05 09:00,1385.6122
2020-10-06 09:00,1428.5413
2020-10-07 09:00,1392.3467
2020-10-08 09:00,1335.1293
2020-10-09 09:00,1305.7046
2020-10-10 09:00,1300.6709
2020-10-11 09:00,1270.0721
2020-10-12 09:00,1282.92
2020-10-13 09:00,1291.9877
2020-10-14 09:00,1294.7435
2020-10-15 09:00,1328.7391
2020-10-16 09:00,1324.9379
2020-10-17 09:00,1303.7361
2020-10-18 09:00,1274.2368
2020-10-19 09:00,1314.1036
2020-10-20 09:00,1254.2567
2020-10-21 09:00,1182.6323
2020-10-22 09:00,1184.6375
2020-10-23 09:00,1179.0863
2020-10-24 09:00,1206.2124
2020-10-25 09:00,1239.5988
2020-10-26 09:00,1249.5988
2020-10-27 09:00,1239.5988
2020-10-28 09:00,1249.5988
2020-10-29 09:00,1249.5988
2020-10-30 09:00,1249.5988
2020-10-31 09:00,1249.5988
2020-11-01 08:00,1249.5988
2020-11-02 08:00,1249.5988
2020-11-03 08:00,1249.5988
2020-11-04 08:00,1239.5988
2020-11-05 08:00,1122.5831
2020-11-06 08:00,1096.3601
2020-11-07 08:00,1086.0674
2020-11-08 08:00,1121.2299
2020-11-09 08:00,1111.7692
2020-11-10 08:00,1066.0503
2020-11-11 08:00,1067.8641
2020-11-12 08:00,1050.5587
2020-11-13 08:00,1073.7811
2020-11-14 08:00,1081.5635
2020-11-15 08:00,1075.6313
2020-11-16 08:00,1043.0061
2020-11-17 08:00,1043.6101
2020-11-18 08:00,1035.195
2020-11-19 08:00,978.9109
2020-11-20 08:00,921.65515
2020-11-21 08:00,928.16125
2020-11-22 08:00,838.3702
2020-11-23 08:00,819.2456
2020-11-24 08:00,836.91907
2020-11-25 08:00,979.86346
2020-11-26 08:00,997.19214
2020-11-27 08:00,935.11884
2020-11-28 08:00,899.4986
2020-11-29 08:00,833.8278
2020-11-30 08:00,824.5789
2020-12-01 08:00,845.7452
2020-12-02 08:00,855.7452
2020-12-03 08:00,845.7452
2020-12-04 08:00,855.7452
2020-12-05 08:00,855.7452
2020-12-06 08:00,855.7452
2020-12-07 08:00,855.7452
2020-12-08 08:00,855.7452
2020-12-09 08:00,855.7452
2020-12-10 08:00,855.7452
2020-12-11 08:00,855.7452
2020-12-12 08:00,855.7452
2020-12-13 08:00,845.7452
2020-12-14 08:00,855.7452
2020-12-15 08:00,855.7452
2020-12-16 08:00,855.7452
2020-12-17 08:00,855.7452
2020-12-18 08:00,855.7452
2020-12-19 08:00,855.7452
2020-12-20 08:00,845.7452
2020-12-21 08:00,804.0779
2020-12-22 08:00,834.23193
2020-12-23 08:00,826.2393
2020-12-24 08:00,824.0779
2020-12-25 08:00,806.898
2020-12-26 08:00,729.2313
2020-12-27 08:00,697.23425
2020-12-28 08:00,707.3482
2020-12-29 08:00,693.7564
2020-12-30 08:00,693.2644
2020-12-31 08:00,693.8556
2021-01-01 08:00,668.11316
2021-01-02 08:00,560.4068
2021-01-03 08:00,496.13834
2021-01-04 08:00,491.17776
2021-01-05 08:00,453.19006
2021-01-06 08:00,417.82278
2021-01-07 08:00,430.51303
2021-01-08 08:00,428.50583
2021-01-09 08:00,402.59
2021-01-10 08:00,537.97723
2021-01-11 08:00,501.41565
2021-01-12 08:00,495.7838
2021-01-13 08:00,440.0066
2021-01-14 08:00,467.07852
2021-01-15 08:00,477.07852
2021-01-16 08:00,477.07852
2021-01-17 08:00,477.07852
2021-01-18 08:00,477.07852
2021-01-19 08:00,477.07852
2021-01-20 08:00,477.07852
2021-01-21 08:00,477.07852
2021-01-22 08:00,477.07852
2021-01-23 08:00,467.07852
2021-01-24 08:00,477.07852
2021-01-25 08:00,477.07852
2021-01-26 08:00,477.07852
2021-01-27 08:00,477.07852
2021-01-28 08:00,477.07852
2021-01-29 08:00,477.07852
2021-01-30 08:00,477.07852
2021-01-31 08:00,477.07852
2021-02-01 08:00,477.07852
2021-02-02 08:00,467.07852
2021-02-03 08:00,386.90887
2021-02-04 08:00,355.61642
2021-02-05 08:00,371.37057
2021-02-06 08:00,406.36154
2021-02-07 08:00,364.9755
2021-02-08 08:00,365.43353
2021-02-09 08:00,377.05655
2021-02-10 08:00,359.6004
2021-02-11 08:00,363.37668
2021-02-12 08:00,359.2865
2021-02-13 08:00,365.67444
2021-02-14 08:00,365.46613
2021-02-15 08:00,372.62173
2021-02-16 08:00,367.63895
2021-02-17 08:00,350.44098
2021-02-18 08:00,347.8742
2021-02-19 08:00,340.68607
2021-02-20 08:00,347.83508
2021-02-21 08:00,393.90637
2021-02-22 08:00,437.5115
2021-02-23 08:00,416.63577
2021-02-24 08:00,425.4042
2021-02-25 08:00,452.91608
2021-02-26 08:00,477.9928
2021-02-27 08:00,530.8704
2021-02-28 08:00,452.2044
2021-03-01 08:00,452.15067
2021-03-02 08:00,441.00275
2021-03-03 08:00,446.93716
2021-03-04 08:00,476.1266
2021-03-05 08:00,459.0877
2021-03-06 08:00,430.91135
2021-03-07 08:00,408.89993
2021-03-08 08:00,390.60217
2021-03-09 08:00,390.86118
2021-03-10 08:00,399.84814
2021-03-11 08:00,405.34665
2021-03-12 08:00,384.7166
2021-03-13 08:00,389.7296
2021-03-14 09:00,410.88232
2021-03-15 09:00,404.3785
2021-03-16 09:00,412.32016
2021-03-17 09:00,402.9123
2021-03-18 09:00,402.9566
2021-03-19 09:00,396.70163
2021-03-20 09:00,412.3786
2021-03-21 09:00,415.29507
2021-03-22 09:00,435.44553
2021-03-23 09:00,431.98193
2021-03-24 09:00,466.63086
2021-03-25 09:00,454.2435
2021-03-26 09:00,443.51608
2021-03-27 09:00,438.36417
2021-03-28 09:00,421.39334
2021-03-29 09:00,409.89172
2021-03-30 09:00,406.61386
2021-03-31 09:00,388.06174
2021-04-01 09:00,364.87445
2021-04-02 09:00,364.39032
2021-04-03 09:00,365.38217
2021-04-04 09:00,361.00833
2021-04-05 09:00,364.9675
2021-04-06 09:00,385.70578
2021-04-07 09:00,372.43256
2021-04-08 09:00,371.64484
2021-04-09 09:00,356.18686
2021-04-10 09:00,358.07376
2021-04-11 09:00,362.61584
2021-04-12 09:00,342.5348
2021-04-13 09:00,332.08475
2021-04-14 09:00,316.68436
2021-04-15 09:00,322.509
2021-04-16 09:00,334.8058
2021-04-17 09:00,368.50342
2021-04-18 09:00,378.52017
2021-04-19 09:00,367.23654
2021-04-20 09:00,328.7177
2021-04-21 09:00,309.0201
2021-04-22 09:00,347.58228
2021-04-23 09:00,361.02673
2021-04-24 09:00,348.28802
2021-04-25 09:00,326.38498
2021-04-26 09:00,307.6043
2021-04-27 09:00,307.19437
2021-04-28 09:00,296.97314
2021-04-29 09:00,303.39954
2021-04-30 09:00,290.86276
2021-05-01 09:00,285.359
2021-05-02 09:00,266.01575
2021-05-03 09:00,260.52753
2021-05-04 09:00,258.79446
2021-05-05 09:00,242.63538
2021-05-06 09:00,243.61153
2021-05-07 09:00,240.45601
2021-05-08 09:00,227.40138
2021-05-09 09:00,214.84406
2021-05-10 09:00,223.5149
2021-05-11 09:00,215.19244
2021-05-12 09:00,242.92201
2021-05-13 09:00,221.56824
2021-05-14 09:00,237.76877
2021-05-15 09:00,254.7947
2021-05-16 09:00,284.43082
2021-05-17 09:00,279.81567
2021-05-18 09:00,338.22134
2021-05-19 09:00,326.1591
2021-05-20 09:00,391.70602
2021-05-21 09:00,401.96588
2021-05-22 09:00,498.85498
2021-05-23 09:00,385.5342
2021-05-24 09:00,372.4456
2021-05-25 09:00,354.03323
2021-05-26 09:00,346.9208
2021-05-27 09:00,381.55237
2021-05-28 09:00,421.82108
2021-05-29 09:00,411.9623
2021-05-30 09:00,374.8673
2021-05-31 09:00,383.41504
2021-06-01 09:00,355.02167
2021-06-02 09:00,354.84338
2021-06-03 09:00,373.57098
2021-06-04 09:00,375.43353
2021-06-05 09:00,366.60373
2021-06-06 09:00,357.94266
2021-06-07 09:00,419.90466
2021-06-08 09:00,389.20767
2021-06-09 09:00,400.58163
2021-06-10 09:00,414.8994
2021-06-11 09:00,420.90308
2021-06-12 09:00,428.4298
2021-06-13 09:00,391.94608
2021-06-14 09:00,396.01294
2021-06-15 09:00,418.8344
2021-06-16 09:00,418.75006
2021-06-17 09:00,457.08286
2021-06-18 09:00,451.91656
2021-06-19 09:00,480.24042
2021-06-20 09:00,511.97852
2021-06-21 09:00,549.0859
2021-06-22 09:00,515.4257
2021-06-23 09:00,512.6563
2021-06-24 09:00,558.5587
2021-06-25 09:00,575.8881
2021-06-26 09:00,556.1979
2021-06-27 09:00,485.0424
2021-06-28 09:00,463.22775
2021-06-29 09:00,488.60837
2021-06-30 09:00,485.09445
2021-07-01 09:00,486.23944
2021-07-02 09:00,462.71463
2021-07-03 09:00,442.51788
2021-07-04 09:00,466.7163
2021-07-05 09:00,448.02307
2021-07-06 09:00,441.8558
2021-07-07 09:00,475.75766
2021-07-08 09:00,475.79324
2021-07-09 09:00,488.80783
2021-07-10 09:00,483.70828
2021-07-11 09:00,496.4827
2021-07-12 09:00,519.8035
2021-07-13 09:00,520.47644
2021-07-14 09:00,542.6263
2021-07-15 09:00,539.2721
2021-07-16 09:00,552.55286
2021-07-17 09:00,550.9405
2021-07-18 09:00,572.4202
2021-07-19 09:00,576.58264
2021-07-20 09:00,534.44745
2021-07-21 09:00,513.83606
2021-07-22 09:00,509.6473
2021-07-23 09:00,485.23868
2021-07-24 09:00,489.72653
2021-07-25 09:00,446.29727
2021-07-26 09:00,459.5923
2021-07-27 09:00,457.57724
2021-07-28 09:00,451.53433
2021-07-29 09:00,447.18112
2021-07-30 09:00,427.13138
2021-07-31 09:00,406.5891
2021-08-01 09:00,398.63812
2021-08-02 09:00,421.48584
2021-08-03 09:00,394.10754
2021-08-04 09:00,381.84384
2021-08-05 09:00,374.4862
2021-08-06 09:00,342.98682
2021-08-07 09:00,349.32437
2021-08-08 09:00,334.34595
2021-08-09 09:00,339.90582
2021-08-10 09:00,327.11688
2021-08-11 09:00,350.21024
2021-08-12 09:00,330.9754
2021-08-13 09:00,325.62476
2021-08-14 09:00,337.64642
2021-08-15 09:00,331.1114
2021-08-16 09:00,337.12738
2021-08-17 09:00,343.89
2021-08-18 09:00,348.68585
2021-08-19 09:00,326.2584
2021-08-20 09:00,327.50662
2021-08-21 09:00,337.55005
2021-08-22 09:00,322.78204
2021-08-23 09:00,335.3064
2021-08-24 09:00,334.7744
2021-08-25 09:00,347.32114
2021-08-26 09:00,332.9028
2021-08-27 09:00,332.7096
2021-08-28 09:00,339.11307
2021-08-29 09:00,336.05176
2021-08-30 09:00,319.28638
2021-08-31 09:00,302.5671
2021-09-01 09:00,288.67395
2021-09-02 09:00,273.73557
2021-09-03 09:00,277.88135
2021-09-04 09:00,278.57053
2021-09-05 09:00,277.4412
2021-09-06 09:00,315.37088
2021-09-07 09:00,319.8133
2021-09-08 09:00,310.4977
2021-09-09 09:00,332.12057
2021-09-10 09:00,331.57782
2021-09-11 09:00,321.4009
2021-09-12 09:00,342.95267
2021-09-13 09:00,324.45807
2021-09-14 09:00,314.944
2021-09-15 09:00,304.43124
2021-09-16 09:00,319.21707
2021-09-17 09:00,317.63577
2021-09-18 09:00,328.0353
2021-09-19 09:00,359.23288
2021-09-20 09:00,364.38388
2021-09-21 09:00,367.62912
2021-09-22 09:00,357.11002
2021-09-23 09:00,385.25705
2021-09-24 09:00,377.89084
2021-09-25 09:00,361.6172
2021-09-26 09:00,361.27954
2021-09-27 09:00,388.2989
2021-09-28 09:00,387.976
2021-09-29 09:00,371.88553
2021-09-30 09:00,343.41943
2021-10-01 09:00,327.9429
2021-10-02 09:00,326.44702
2021-10-03 09:00,335.84558
2021-10-04 09:00,325.38065
2021-10-05 09:00,307.84976
2021-10-06 09:00,310.70328
2021-10-07 09:00,308.18552
2021-10-08 09:00,309.6762
2021-10-09 09:00,313.798
2021-10-10 09:00,310.70178
2021-10-11 09:00,319.29382
2021-10-12 09:00,320.4452
2021-10-13 09:00,294.36224
2021-10-14 09:00,295.00174
2021-10-15 09:00,286.73724
2021-10-16 09:00,295.59497
2021-10-17 09:00,297.88797
2021-10-18 09:00,296.45273
2021-10-19 09:00,275.7911
2021-10-20 09:00,274.9262
2021-10-21 09:00,282.86026
2021-10-22 09:00,276.04578
2021-10-23 09:00,280.8844
2021-10-24 09:00,267.77042
2021-10-25 09:00,269.53323
2021-10-26 09:00,283.22403
2021-10-27 09:00,272.21368
2021-10-28 09:00,254.69875
2021-10-29 09:00,264.54578
2021-10-30 09:00,262.80084