date,reddit_follower_growth_rate
2015-08-06 09:00,20
2015-08-07 09:00,11.051485
2015-08-08 09:00,2.449287
2015-08-09 09:00,2.20723
2015-08-10 09:00,9.177861
2015-08-11 09:00,7.75856
2015-08-12 09:00,9.580581
2015-08-13 09:00,14.54828
2015-08-14 09:00,5.43799
2015-08-15 09:00,4.589706
2015-08-16 09:00,10.413604
2015-08-17 09:00,10.986129
2015-08-18 09:00,3.758615
2015-08-19 09:00,2.650669
2015-08-20 09:00,2.195582
2015-08-21 09:00,1.308771
2015-08-22 09:00,1.160698
2015-08-23 09:00,2.166646
2015-08-24 09:00,1.019153
2015-08-25 09:00,1.148925
2015-08-26 09:00,0.37457
2015-08-27 09:00,0.888232
2015-08-28 09:00,1.281191
2015-08-29 09:00,1.137995
2015-08-30 09:00,1.273726
2015-08-31 09:00,0.554856
2015-09-01 09:00,1.267112
2015-09-02 09:00,1.262987
2015-09-03 09:00,1.25887
2015-09-04 09:00,0.36757
2015-09-05 09:00,0.206305
2015-09-06 09:00,0.64824
2015-09-07 09:00,0.45397
2015-09-08 09:00,2.264919
2015-09-09 09:00,0.644039
2015-09-10 09:00,1.239212
2015-09-11 09:00,2.044617
2015-09-12 09:00,3.128123
2015-09-13 09:00,0.848746
2015-09-14 09:00,0.737057
2015-09-15 09:00,0.84538
2015-09-16 09:00,0.843364
2015-09-17 09:00,1.211655
2015-09-18 09:00,0.532347
2015-09-19 09:00,0.95331
2015-09-20 09:00,1.202813
2015-09-21 09:00,1.069795
2015-09-22 09:00,0.062458
2015-09-23 09:00,0.353183
2015-09-24 09:00,0.353183
2015-09-25 09:00,0.526214
2015-09-26 09:00,0.721302
2015-09-27 09:00,0.719421
2015-09-28 09:00,0.824652
2015-09-29 09:00,0.716916
2015-09-30 09:00,0.821331
2015-10-01 09:00,0
2015-10-02 09:00,0.196662
2015-10-03 09:00,0.520105
2015-10-04 09:00,0.431351
2015-10-05 09:00,0.816691
2015-10-06 09:00,0.269511
2015-10-07 09:00,0.61082
2015-10-08 09:00,0.429265
2015-10-09 09:00,0.346292
2015-10-10 09:00,0.810742
2015-10-11 09:00,0.808764
2015-10-12 09:00,0.267198
2015-10-13 09:00,2.669305
2015-10-14 09:00,0.342859
2015-10-15 09:00,0.342369
2015-10-16 09:00,0.698245
2015-10-17 09:00,0.90829
2015-10-18 09:00,0.695153
2015-10-19 09:00,0.192304
2015-10-20 09:00,0.506862
2015-10-21 09:00,16.395914
2015-10-22 09:00,0.786491
2015-10-23 09:00,0.684069
2015-10-24 09:00,1.001576
2015-10-25 09:00,0.189263
2015-10-26 09:00,0.189263
2015-10-27 09:00,0.413715
2015-10-28 09:00,2.163191
2015-10-29 09:00,1.366655
2015-10-30 09:00,0.493734
2015-10-31 09:00,0.331642
2015-11-01 08:00,0.409597
2015-11-02 08:00,0.492102
2015-11-03 08:00,1.100174
2015-11-04 08:00,0.76771
2015-11-05 08:00,1.216494
2015-11-06 08:00,1.213267
2015-11-07 08:00,0.404978
2015-11-08 08:00,1.766713
2015-11-09 08:00,1.759673
2015-11-10 08:00,1.751649
2015-11-11 08:00,1.901822
2015-11-12 08:00,0.479641
2015-11-13 08:00,1.444607
2015-11-14 08:00,0.182341
2015-11-15 08:00,0.477485
2015-11-16 08:00,0.561104
2015-11-17 08:00,0.948335
2015-11-18 08:00,0.946207
2015-11-19 08:00,0.473719
2015-11-20 08:00,0.645238
2015-11-21 08:00,0.836659
2015-11-22 08:00,0.392735
2015-11-23 08:00,0.937716
2015-11-24 08:00,0.733894
2015-11-25 08:00,0.829979
2015-11-26 08:00,0.056272
2015-11-27 08:00,0.730737
2015-11-28 08:00,0.636864
2015-11-29 08:00,0.548633
2015-11-30 08:00,0.823323
2015-12-01 08:00,0.38716
2015-12-02 08:00,0.820667
2015-12-03 08:00,0.463544
2015-12-04 08:00,0.463011
2015-12-05 08:00,0.242481
2015-12-06 08:00,1.023571
2015-12-07 08:00,0.384128
2015-12-08 08:00,1.375289
2015-12-09 08:00,1.6398
2015-12-10 08:00,0.537943
2015-12-11 08:00,0.906205
2015-12-12 08:00,0.710046
2015-12-13 08:00,0.802841
2015-12-14 08:00,-0.148397
2015-12-15 08:00,0.801528
2015-12-16 08:00,0.898581
2015-12-17 08:00,1.475058
2015-12-18 08:00,0.451322
2015-12-19 08:00,0.304719
2015-12-20 08:00,0.172889
2015-12-21 08:00,0.450264
2015-12-22 08:00,0.236603
2015-12-23 08:00,0.611408
2015-12-24 08:00,-0.411395
2015-12-25 08:00,-0.23314
2015-12-26 08:00,-0.191433
2015-12-27 08:00,-0.147464
2015-12-28 08:00,-0.549786
2015-12-29 08:00,0
2015-12-30 08:00,0.054731
2015-12-31 08:00,-0.051899
2016-01-01 08:00,0.702584
2016-01-02 08:00,1.339237
2016-01-03 08:00,0.528441
2016-01-04 08:00,1.098645
2016-01-05 08:00,1.329037
2016-01-06 08:00,1.091776
2016-01-07 08:00,2.531813
2016-01-08 08:00,1.195604
2016-01-09 08:00,0.873839
2016-01-10 08:00,1.077349
2016-01-11 08:00,12.455355
2016-01-12 08:00,2.119756
2016-01-13 08:00,2.109556
2016-01-14 08:00,20
2016-01-15 08:00,7.458717
2016-01-16 08:00,2.368684
2016-01-17 08:00,5.452033
2016-01-18 08:00,3.07444
2016-01-19 08:00,9.971306
2016-01-20 08:00,4.143457
2016-01-21 08:00,1.435723
2016-01-22 08:00,8.171573
2016-01-23 08:00,9.99919
2016-01-24 08:00,20
2016-01-25 08:00,17.88627
2016-01-26 08:00,5.781119
2016-01-27 08:00,3.174914
2016-01-28 08:00,1.84121
2016-01-29 08:00,1.133328
2016-01-30 08:00,7.755382
2016-01-31 08:00,2.721721
2016-02-01 08:00,5.484918
2016-02-02 08:00,2.35401
2016-02-03 08:00,2.044617
2016-02-04 08:00,1.766713
2016-02-05 08:00,0.515126
2016-02-06 08:00,1.292016
2016-02-07 08:00,1.185233
2016-02-08 08:00,9.330335
2016-02-09 08:00,20
2016-02-10 08:00,20
2016-02-11 08:00,6.744704
2016-02-12 08:00,5.141106
2016-02-13 08:00,3.473478
2016-02-14 08:00,11.156795
2016-02-15 08:00,3.034636
2016-02-16 08:00,3.985205
2016-02-17 08:00,4.16781
2016-02-18 08:00,1.267112
2016-02-19 08:00,1.262987
2016-02-20 08:00,3.674619
2016-02-21 08:00,4.277874
2016-02-22 08:00,4.947927
2016-02-23 08:00,15.19207
2016-02-24 08:00,3.525817
2016-02-25 08:00,20
2016-02-26 08:00,5.43799
2016-02-27 08:00,3.058177
2016-02-28 08:00,7.780833
2016-02-29 08:00,16.289143
2016-03-01 08:00,20
2016-03-02 08:00,20
2016-03-03 08:00,19.74282
2016-03-04 08:00,20
2016-03-05 08:00,20
2016-03-06 08:00,17.88627
2016-03-07 08:00,8.353017
2016-03-08 08:00,8.224965
2016-03-09 08:00,9.181553
2016-03-10 08:00,7.030953
2016-03-11 08:00,20
2016-03-12 08:00,7.698386
2016-03-13 09:00,7.899507
2016-03-14 09:00,14.503285
2016-03-15 09:00,8.955152
2016-03-16 09:00,7.234594
2016-03-17 09:00,8.03288
2016-03-18 09:00,6.761588
2016-03-19 09:00,4.626377
2016-03-20 09:00,2.697437
2016-03-21 09:00,2.679996
2016-03-22 09:00,3.977964
2016-03-23 09:00,11.761866
2016-03-24 09:00,1.490425
2016-03-25 09:00,1.484991
2016-03-26 09:00,2.032455
2016-03-27 09:00,20
2016-03-28 09:00,11.77575
2016-03-29 09:00,4.714954
2016-03-30 09:00,2.957626
2016-03-31 09:00,1.842244
2016-04-01 09:00,2.02364
2016-04-02 09:00,2.659975
2016-04-03 09:00,5.103306
2016-04-04 09:00,2.860964
2016-04-05 09:00,2.070206
2016-04-06 09:00,5.368233
2016-04-07 09:00,2.681335
2016-04-08 09:00,1.845349
2016-04-09 09:00,2.536956
2016-04-10 09:00,2.869398
2016-04-11 09:00,2.851148
2016-04-12 09:00,2.278012
2016-04-13 09:00,1.883924
2016-04-14 09:00,0.861589
2016-04-15 09:00,1.869267
2016-04-16 09:00,1.100939
2016-04-17 09:00,1.231072
2016-04-18 09:00,0.636864
2016-04-19 09:00,1.294522
2016-04-20 09:00,1.289514
2016-04-21 09:00,0.844708
2016-04-22 09:00,0.787794
2016-04-23 09:00,0.68039
2016-04-24 09:00,0.840009
2016-04-25 09:00,0.578846
2016-04-26 09:00,1.203615
2016-04-27 09:00,0.948335
2016-04-28 09:00,0.946207
2016-04-29 09:00,1.260516
2016-04-30 09:00,0.827314
2016-05-01 09:00,1.253119
2016-05-02 09:00,1.536176
2016-05-03 09:00,3.080371
2016-05-04 09:00,2.105034
2016-05-05 09:00,1.747645
2016-05-06 09:00,2.794153
2016-05-07 09:00,1.498599
2016-05-08 09:00,2.34548
2016-05-09 09:00,2.638738
2016-05-10 09:00,4.451328
2016-05-11 09:00,4.253003
2016-05-12 09:00,2.009369
2016-05-13 09:00,4.041681
2016-05-14 09:00,3.5921
2016-05-15 09:00,7.077723
2016-05-16 09:00,4.843001
2016-05-17 09:00,13.704547
2016-05-18 09:00,20
2016-05-19 09:00,7.273534
2016-05-20 09:00,6.320995
2016-05-21 09:00,14.175426
2016-05-22 09:00,7.178011
2016-05-23 09:00,20
2016-05-24 09:00,20
2016-05-25 09:00,12.851157
2016-05-26 09:00,11.901392
2016-05-27 09:00,8.76206
2016-05-28 09:00,5.690626
2016-05-29 09:00,8.510401
2016-05-30 09:00,20
2016-05-31 09:00,9.439556
2016-06-01 09:00,7.403647
2016-06-02 09:00,4.019744
2016-06-03 09:00,1.533408
2016-06-04 09:00,2.165494
2016-06-05 09:00,3.817782
2016-06-06 09:00,5.606134
2016-06-07 09:00,5.705219
2016-06-08 09:00,3.268536
2016-06-09 09:00,1.477763
2016-06-10 09:00,2.930377
2016-06-11 09:00,4.233951
2016-06-12 09:00,7.838368
2016-06-13 09:00,17.34704
2016-06-14 09:00,9.88413
2016-06-15 09:00,12.572896
2016-06-16 09:00,20
2016-06-17 09:00,20
2016-06-18 09:00,20
2016-06-19 09:00,20
2016-06-20 09:00,20
2016-06-21 09:00,20
2016-06-22 09:00,7.443384
2016-06-23 09:00,3.061129
2016-06-24 09:00,2.2014
2016-06-25 09:00,2.2578
2016-06-26 09:00,2.178189
2016-06-27 09:00,2.233004
2016-06-28 09:00,3.223769
2016-06-29 09:00,2.484598
2016-06-30 09:00,2.469421
2016-07-01 09:00,2.45431
2016-07-02 09:00,2.440515
2016-07-03 09:00,2.425529
2016-07-04 09:00,2.411849
2016-07-05 09:00,2.838565
2016-07-06 09:00,0.356642
2016-07-07 09:00,0.730737
2016-07-08 09:00,1.249839
2016-07-09 09:00,0.726957
2016-07-10 09:00,0.725699
2016-07-11 09:00,1.025784
2016-07-12 09:00,1.236767
2016-07-13 09:00,1.019889
2016-07-14 09:00,2.010465
2016-07-15 09:00,0.78584
2016-07-16 09:00,0.52066
2016-07-17 09:00,0.613759
2016-07-18 09:00,2.502389
2016-07-19 09:00,2.487134
2016-07-20 09:00,20
2016-07-21 09:00,6.938224
2016-07-22 09:00,1.973446
2016-07-23 09:00,5.065738
2016-07-24 09:00,3.865289
2016-07-25 09:00,12.582738
2016-07-26 09:00,5.235498
2016-07-27 09:00,2.776258
2016-07-28 09:00,1.777813
2016-07-29 09:00,2.16089
2016-07-30 09:00,3.096723
2016-07-31 09:00,1.855723
2016-08-01 09:00,7.080655
2016-08-02 09:00,5.050336
2016-08-03 09:00,1.095589
2016-08-04 09:00,1.659089
2016-08-05 09:00,1.41893
2016-08-06 09:00,1.413651
2016-08-07 09:00,1.364932
2016-08-08 09:00,1.78186
2016-08-09 09:00,5.756542
2016-08-10 09:00,1.302054
2016-08-11 09:00,0.918049
2016-08-12 09:00,1.253119
2016-08-13 09:00,0.626752
2016-08-14 09:00,0.778696
2016-08-15 09:00,0.745306
2016-08-16 09:00,1.124023
2016-08-17 09:00,0.904817
2016-08-18 09:00,0.679165
2016-08-19 09:00,0.307101
2016-08-20 09:00,0.454501
2016-08-21 09:00,0.58924
2016-08-22 09:00,0.479102
2016-08-23 09:00,0.644639
2016-08-24 09:00,0.703204
2016-08-25 09:00,0.400374
2016-08-26 09:00,0.700723
2016-08-27 09:00,0.760638
2016-08-28 09:00,0.698245
2016-08-29 09:00,0.500284
2016-08-30 09:00,1.453525
2016-08-31 09:00,0.372066
2016-09-01 09:00,0.395786
2016-09-02 09:00,0.23435
2016-09-03 09:00,0.300918
2016-09-04 09:00,0.444459
2016-09-05 09:00,0.39426
2016-09-06 09:00,0.575396
2016-09-07 09:00,0.299495
2016-09-08 09:00,0.46782
2016-09-09 09:00,0.441828
2016-09-10 09:00,0.54525
2016-09-11 09:00,0.544686
2016-09-12 09:00,0.626159
2016-09-13 09:00,0.653655
2016-09-14 09:00,0.438677
2016-09-15 09:00,0.651848
2016-09-16 09:00,0.622015
2016-09-17 09:00,1.173327
2016-09-18 09:00,1.323954
2016-09-19 09:00,3.01415
2016-09-20 09:00,1.789972
2016-09-21 09:00,0.612583
2016-09-22 09:00,1.189216
2016-09-23 09:00,0.45397
2016-09-24 09:00,0.939836
2016-09-25 09:00,1.908165
2016-09-26 09:00,1.175703
2016-09-27 09:00,1.030957
2016-09-28 09:00,0.62972
2016-09-29 09:00,0.353677
2016-09-30 09:00,0.627939
2016-10-01 09:00,0.956159
2016-10-02 09:00,1.160698
2016-10-03 09:00,1.120931
2016-10-04 09:00,0.948335
2016-10-05 09:00,0.882736
2016-10-06 09:00,0.304719
2016-10-07 09:00,0.348749
2016-10-08 09:00,0.618472
2016-10-09 09:00,0.816029
2016-10-10 09:00,0.814044
2016-10-11 09:00,0.936305
2016-10-12 09:00,0.695153
2016-10-13 09:00,0.665754
2016-10-14 09:00,0.898581
2016-10-15 09:00,0.927858
2016-10-16 09:00,0.745306
2016-10-17 09:00,0.744034
2016-10-18 09:00,0.742764
2016-10-19 09:00,0.740859
2016-10-20 09:00,0.739591
2016-10-21 09:00,0.738323
2016-10-22 09:00,0.736424
2016-10-23 09:00,0.821994
2016-10-24 09:00,0.624974
2016-10-25 09:00,0.62379
2016-10-26 09:00,0.623198
2016-10-27 09:00,0.622015
2016-10-28 09:00,0.620833
2016-10-29 09:00,0.619652
2016-10-30 09:00,0.619062
2016-10-31 09:00,0.617882
2016-11-01 09:00,0.616703
2016-11-02 09:00,0.615525
2016-11-03 09:00,0.614936
2016-11-04 09:00,0.613759
2016-11-05 09:00,0.612583
2016-11-06 08:00,0.637461
2016-11-07 08:00,0.511815
2016-11-08 08:00,0.510713
2016-11-09 08:00,0.558829
2016-11-10 08:00,0.854143
2016-11-11 08:00,0.461411
2016-11-12 08:00,0.460879
2016-11-13 08:00,0.682841
2016-11-14 08:00,0.681615
2016-11-15 08:00,0.846726
2016-11-16 08:00,0.504118
2016-11-17 08:00,0.677942
2016-11-18 08:00,0.264889
2016-11-19 08:00,0.264889
2016-11-20 08:00,0.959012
2016-11-21 08:00,0.956872
2016-11-22 08:00,0.646438
2016-11-23 08:00,0.645238
2016-11-24 08:00,0.386148
2016-11-25 08:00,0.385643
2016-11-26 08:00,0.385138
2016-11-27 08:00,0.887545
2016-11-28 08:00,0.885482
2016-11-29 08:00,0.716916
2016-11-30 08:00,0.470498
2016-12-01 08:00,0.469962
2016-12-02 08:00,0.469426
2016-12-03 08:00,0.491558
2016-12-04 08:00,0.58519
2016-12-05 08:00,0.536822
2016-12-06 08:00,0.535702
2016-12-07 08:00,0.535143
2016-12-08 08:00,0.534024
2016-12-09 08:00,0.533464
2016-12-10 08:00,0.532905
2016-12-11 08:00,0.531788
2016-12-12 08:00,0.53123
2016-12-13 08:00,0.530672
2016-12-14 08:00,0.529556
2016-12-15 08:00,0.528998
2016-12-16 08:00,0.527884
2016-12-17 08:00,0.527327
2016-12-18 08:00,0.52677
2016-12-19 08:00,0.525657
2016-12-20 08:00,0.525101
2016-12-21 08:00,0.524545
2016-12-22 08:00,0.523434
2016-12-23 08:00,0.522879
2016-12-24 08:00,0.522324
2016-12-25 08:00,0.521214
2016-12-26 08:00,0.52066
2016-12-27 08:00,0.520105
2016-12-28 08:00,0.518997
2016-12-29 08:00,0.985598
2016-12-30 08:00,0.269048
2016-12-31 08:00,0.786491
2017-01-01 08:00,2.044617
2017-01-02 08:00,3.19927
2017-01-03 08:00,3.83708
2017-01-04 08:00,2.913264
2017-01-05 08:00,1.625424
2017-01-06 08:00,1.857803
2017-01-07 08:00,1.291182
2017-01-08 08:00,1.287014
2017-01-09 08:00,0.918748
2017-01-10 08:00,0.835321
2017-01-11 08:00,0.781291
2017-01-12 08:00,0.518997
2017-01-13 08:00,0.58519
2017-01-14 08:00,0.495915
2017-01-15 08:00,0.39172
2017-01-16 08:00,0.560535
2017-01-17 08:00,0.627939
2017-01-18 08:00,0.772872
2017-01-19 08:00,0.625567
2017-01-20 08:00,0.449207
2017-01-21 08:00,0.311399
2017-01-22 08:00,0.768355
2017-01-23 08:00,0.554289
2017-01-24 08:00,0.553723
2017-01-25 08:00,0.55259
2017-01-26 08:00,0.619062
2017-01-27 08:00,0.404466
2017-01-28 08:00,0.29005
2017-01-29 08:00,0.345801
2017-01-30 08:00,0.639252
2017-01-31 08:00,0.685297
2017-02-01 08:00,0.591559
2017-02-02 08:00,0.706311
2017-02-03 08:00,0.503022
2017-02-04 08:00,0.988494
2017-02-05 08:00,0.565093
2017-02-06 08:00,0.798904
2017-02-07 08:00,0.954022
2017-02-08 08:00,0.457155
2017-02-09 08:00,0.87111
2017-02-10 08:00,0.47587
2017-02-11 08:00,0.455031
2017-02-12 08:00,0.765779
2017-02-13 08:00,1.425103
2017-02-14 08:00,0.995024
2017-02-15 08:00,0.735791
2017-02-16 08:00,0.553723
2017-02-17 08:00,0.55259
2017-02-18 08:00,0.489384
2017-02-19 08:00,0.730737
2017-02-20 08:00,0.660299
2017-02-21 08:00,0.825317
2017-02-22 08:00,0.899965
2017-02-23 08:00,0.72507
2017-02-24 08:00,0.632693
2017-02-25 08:00,1.964802
2017-02-26 08:00,3.493034
2017-02-27 08:00,4.537157
2017-02-28 08:00,5.032781
2017-03-01 08:00,9.31536
2017-03-02 08:00,5.150034
2017-03-03 08:00,2.238891
2017-03-04 08:00,2.143686
2017-03-05 08:00,1.972365
2017-03-06 08:00,2.041295
2017-03-07 08:00,1.766713
2017-03-08 08:00,1.155196
2017-03-09 08:00,1.096353
2017-03-10 08:00,16.617813
2017-03-11 08:00,6.503957
2017-03-12 09:00,6.419989
2017-03-13 09:00,7.876933
2017-03-14 09:00,20
2017-03-15 09:00,20
2017-03-16 09:00,20
2017-03-17 09:00,20
2017-03-18 09:00,8.359805
2017-03-19 09:00,10.438461
2017-03-20 09:00,4.868525
2017-03-21 09:00,4.359032
2017-03-22 09:00,4.773378
2017-03-23 09:00,14.98229
2017-03-24 09:00,8.407462
2017-03-25 09:00,3.288758
2017-03-26 09:00,20
2017-03-27 09:00,7.918902
2017-03-28 09:00,6.602657
2017-03-29 09:00,6.517588
2017-03-30 09:00,3.018531
2017-03-31 09:00,1.957259
2017-04-01 09:00,2.849748
2017-04-02 09:00,5.447349
2017-04-03 09:00,3.294999
2017-04-04 09:00,2.911841
2017-04-05 09:00,2.807976
2017-04-06 09:00,1.530642
2017-04-07 09:00,1.443717
2017-04-08 09:00,1.717804
2017-04-09 09:00,1.595962
2017-04-10 09:00,1.5068
2017-04-11 09:00,2.170105
2017-04-12 09:00,3.45077
2017-04-13 09:00,1.380484
2017-04-14 09:00,1.42687
2017-04-15 09:00,1.751649
2017-04-16 09:00,2.14941
2017-04-17 09:00,2.040189
2017-04-18 09:00,1.966961
2017-04-19 09:00,2.14941
2017-04-20 09:00,2.073559
2017-04-21 09:00,1.169372
2017-04-22 09:00,1.640761
2017-04-23 09:00,5.10996
2017-04-24 09:00,2.842755
2017-04-25 09:00,3.327914
2017-04-26 09:00,11.227511
2017-04-27 09:00,14.809546
2017-04-28 09:00,7.806358
2017-04-29 09:00,20
2017-04-30 09:00,20
2017-05-01 09:00,19.489092
2017-05-02 09:00,16.617813
2017-05-03 09:00,20
2017-05-04 09:00,20
2017-05-05 09:00,11.747996
2017-05-06 09:00,12.63205
2017-05-07 09:00,17.547428
2017-05-08 09:00,18.154848
2017-05-09 09:00,8.926308
2017-05-10 09:00,11.8687
2017-05-11 09:00,9.642151
2017-05-12 09:00,4.141588
2017-05-13 09:00,7.288559
2017-05-14 09:00,9.233382
2017-05-15 09:00,8.475964
2017-05-16 09:00,5.57025
2017-05-17 09:00,14.357943
2017-05-18 09:00,20
2017-05-19 09:00,20
2017-05-20 09:00,20
2017-05-21 09:00,20
2017-05-22 09:00,20
2017-05-23 09:00,20
2017-05-24 09:00,20
2017-05-25 09:00,20
2017-05-26 09:00,20
2017-05-27 09:00,20
2017-05-28 09:00,20
2017-05-29 09:00,20
2017-05-30 09:00,20
2017-05-31 09:00,20
2017-06-01 09:00,20
2017-06-02 09:00,20
2017-06-03 09:00,20
2017-06-04 09:00,20
2017-06-05 09:00,20
2017-06-06 09:00,20
2017-06-07 09:00,20
2017-06-08 09:00,20
2017-06-09 09:00,20
2017-06-10 09:00,20
2017-06-11 09:00,20
2017-06-12 09:00,20
2017-06-13 09:00,20
2017-06-14 09:00,20
2017-06-15 09:00,20
2017-06-16 09:00,20
2017-06-17 09:00,20
2017-06-18 09:00,20
2017-06-19 09:00,20
2017-06-20 09:00,20
2017-06-21 09:00,20
2017-06-22 09:00,20
2017-06-23 09:00,20
2017-06-24 09:00,20
2017-06-25 09:00,20
2017-06-26 09:00,20
2017-06-27 09:00,20
2017-06-28 09:00,19.750332
2017-06-29 09:00,6.062549
2017-06-30 09:00,6.04974
2017-07-01 09:00,9.020359
2017-07-02 09:00,5.659119
2017-07-03 09:00,10.597144
2017-07-04 09:00,10.70698
2017-07-05 09:00,6.920956
2017-07-06 09:00,6.315682
2017-07-07 09:00,5.57025
2017-07-08 09:00,8.171573
2017-07-09 09:00,18.518885
2017-07-10 09:00,19.187239
2017-07-11 09:00,6.029294
2017-07-12 09:00,7.255539
2017-07-13 09:00,7.154302
2017-07-14 09:00,7.057228
2017-07-15 09:00,6.961306
2017-07-16 09:00,6.869378
2017-07-17 09:00,6.809627
2017-07-18 09:00,6.0523
2017-07-19 09:00,5.015277
2017-07-20 09:00,3.793331
2017-07-21 09:00,2.489672
2017-07-22 09:00,3.135634
2017-07-23 09:00,4.30479
2017-07-24 09:00,3.550561
2017-07-25 09:00,3.436232
2017-07-26 09:00,3.086309
2017-07-27 09:00,2.374817
2017-07-28 09:00,3.044918
2017-07-29 09:00,3.053753
2017-07-30 09:00,1.699073
2017-07-31 09:00,3.89722
2017-08-01 09:00,3.318484
2017-08-02 09:00,2.017045
2017-08-03 09:00,2.155145
2017-08-04 09:00,3.116133
2017-08-05 09:00,6.417296
2017-08-06 09:00,4.788077
2017-08-07 09:00,11.383635
2017-08-08 09:00,7.52342
2017-08-09 09:00,5.837985
2017-08-10 09:00,6.13989
2017-08-11 09:00,6.857962
2017-08-12 09:00,9.263116
2017-08-13 09:00,9.959378
2017-08-14 09:00,8.387008
2017-08-15 09:00,5.529816
2017-08-16 09:00,5.447349
2017-08-17 09:00,3.922199
2017-08-18 09:00,3.426567
2017-08-19 09:00,5.161212
2017-08-20 09:00,9.031268
2017-08-21 09:00,5.630166
2017-08-22 09:00,6.531244
2017-08-23 09:00,5.499063
2017-08-24 09:00,3.844117
2017-08-25 09:00,3.231454
2017-08-26 09:00,5.382124
2017-08-27 09:00,4.807031
2017-08-28 09:00,9.360351
2017-08-29 09:00,10.388801
2017-08-30 09:00,6.755956
2017-08-31 09:00,5.945579
2017-09-01 09:00,8.258492
2017-09-02 09:00,5.201622
2017-09-03 09:00,11.82679
2017-09-04 09:00,6.43077
2017-09-05 09:00,4.359032
2017-09-06 09:00,3.744799
2017-09-07 09:00,3.18251
2017-09-08 09:00,2.601869
2017-09-09 09:00,2.729851
2017-09-10 09:00,3.06704
2017-09-11 09:00,2.404411
2017-09-12 09:00,3.354744
2017-09-13 09:00,3.329488
2017-09-14 09:00,2.143686
2017-09-15 09:00,1.451739
2017-09-16 09:00,2.295949
2017-09-17 09:00,3.741352
2017-09-18 09:00,3.040509
2017-09-19 09:00,2.056828
2017-09-20 09:00,1.669758
2017-09-21 09:00,1.299541
2017-09-22 09:00,1.170953
2017-09-23 09:00,1.324801
2017-09-24 09:00,1.474157
2017-09-25 09:00,1.585587
2017-09-26 09:00,1.955108
2017-09-27 09:00,1.2787
2017-09-28 09:00,1.273726
2017-09-29 09:00,0.983429
2017-09-30 09:00,1.30541
2017-10-01 09:00,1.255582
2017-10-02 09:00,1.459786
2017-10-03 09:00,1.098645
2017-10-04 09:00,1.321417
2017-10-05 09:00,1.356336
2017-10-06 09:00,1.35205
2017-10-07 09:00,1.94116
2017-10-08 09:00,1.94009
2017-10-09 09:00,1.341794
2017-10-10 09:00,1.3435
2017-10-11 09:00,2.380961
2017-10-12 09:00,2.367459
2017-10-13 09:00,2.225954
2017-10-14 09:00,3.008316
2017-10-15 09:00,3.807288
2017-10-16 09:00,3.108656
2017-10-17 09:00,2.827413
2017-10-18 09:00,1.973446
2017-10-19 09:00,1.924084
2017-10-20 09:00,1.914522
2017-10-21 09:00,1.913462
2017-10-22 09:00,3.710435
2017-10-23 09:00,4.87279
2017-10-24 09:00,3.265434
2017-10-25 09:00,2.665303
2017-10-26 09:00,2.114086
2017-10-27 09:00,1.807288
2017-10-28 09:00,2.499842
2017-10-29 09:00,1.946517
2017-10-30 09:00,2.143686
2017-10-31 09:00,3.824791
2017-11-01 09:00,4.539169
2017-11-02 09:00,4.982594
2017-11-03 09:00,4.535146
2017-11-04 09:00,4.491082
2017-11-05 08:00,4.475146
2017-11-06 08:00,5.632574
2017-11-07 08:00,5.567864
2017-11-08 08:00,5.503785
2017-11-09 08:00,5.442668
2017-11-10 08:00,5.382124
2017-11-11 08:00,5.354372
2017-11-12 08:00,5.067941
2017-11-13 08:00,6.220697
2017-11-14 08:00,6.265396
2017-11-15 08:00,4.128527
2017-11-16 08:00,3.231454
2017-11-17 08:00,4.541182
2017-11-18 08:00,7.993639
2017-11-19 08:00,7.812751
2017-11-20 08:00,6.503957
2017-11-21 08:00,6.352956
2017-11-22 08:00,20
2017-11-23 08:00,20
2017-11-24 08:00,13.859865
2017-11-25 08:00,20
2017-11-26 08:00,20
2017-11-27 08:00,20
2017-11-28 08:00,20
2017-11-29 08:00,20
2017-11-30 08:00,20
2017-12-01 08:00,20
2017-12-02 08:00,20
2017-12-03 08:00,20
2017-12-04 08:00,20
2017-12-05 08:00,20
2017-12-06 08:00,20
2017-12-07 08:00,20
2017-12-08 08:00,20
2017-12-09 08:00,20
2017-12-10 08:00,20
2017-12-11 08:00,20
2017-12-12 08:00,20
2017-12-13 08:00,20
2017-12-14 08:00,20
2017-12-15 08:00,20
2017-12-16 08:00,20
2017-12-17 08:00,20
2017-12-18 08:00,20
2017-12-19 08:00,20
2017-12-20 08:00,20
2017-12-21 08:00,20
2017-12-22 08:00,20
2017-12-23 08:00,20
2017-12-24 08:00,20
2017-12-25 08:00,20
2017-12-26 08:00,20
2017-12-27 08:00,20
2017-12-28 08:00,20
2017-12-29 08:00,20
2017-12-30 08:00,10.450909
2017-12-31 08:00,20
2018-01-01 08:00,20
2018-01-02 08:00,20
2018-01-03 08:00,20
2018-01-04 08:00,20
2018-01-05 08:00,20
2018-01-06 08:00,20
2018-01-07 08:00,20
2018-01-08 08:00,20
2018-01-09 08:00,20
2018-01-10 08:00,20
2018-01-11 08:00,16.939718
2018-01-12 08:00,20
2018-01-13 08:00,20
2018-01-14 08:00,20
2018-01-15 08:00,20
2018-01-16 08:00,20
2018-01-17 08:00,14.861173
2018-01-18 08:00,8.883197
2018-01-19 08:00,6.594383
2018-01-20 08:00,7.948073
2018-01-21 08:00,6.254854
2018-01-22 08:00,5.347453
2018-01-23 08:00,5.290085
2018-01-24 08:00,4.370727
2018-01-25 08:00,2.940395
2018-01-26 08:00,7.178011
2018-01-27 08:00,20
2018-01-28 08:00,8.555356
2018-01-29 08:00,5.31297
2018-01-30 08:00,5.043747
2018-01-31 08:00,5.228708
2018-02-01 08:00,3.707012
2018-02-02 08:00,2.693405
2018-02-03 08:00,2.762549
2018-02-04 08:00,2.798295
2018-02-05 08:00,2.82324
2018-02-06 08:00,2.186294
2018-02-07 08:00,6.564121
2018-02-08 08:00,2.385884
2018-02-09 08:00,1.746645
2018-02-10 08:00,1.770744
2018-02-11 08:00,1.631165
2018-02-12 08:00,1.786927
2018-02-13 08:00,1.394393
2018-02-14 08:00,1.556571
2018-02-15 08:00,1.282022
2018-02-16 08:00,1.358912
2018-02-17 08:00,1.449954
2018-02-18 08:00,1.562162
2018-02-19 08:00,1.483182
2018-02-20 08:00,1.312978
2018-02-21 08:00,1.003765
2018-02-22 08:00,0.83599
2018-02-23 08:00,0.833984
2018-02-24 08:00,0.832648
2018-02-25 08:00,0.830646
2018-02-26 08:00,0.828646
2018-02-27 08:00,0.93419
2018-02-28 08:00,0.93419
2018-03-01 08:00,0.93419
2018-03-02 08:00,0.93419
2018-03-03 08:00,0.93419
2018-03-04 08:00,0.93419
2018-03-05 08:00,0.93419
2018-03-06 08:00,0.93419
2018-03-07 08:00,0.93419
2018-03-08 08:00,0.93419
2018-03-09 08:00,0.93419
2018-03-10 08:00,0.93419
2018-03-11 09:00,0.93419
2018-03-12 09:00,0.93419
2018-03-13 09:00,0
2018-03-14 09:00,0.623198
2018-03-15 09:00,0.718168
2018-03-16 09:00,0.451322
2018-03-17 09:00,0.603205
2018-03-18 09:00,0.647038
2018-03-19 09:00,0.55599
2018-03-20 09:00,0.534024
2018-03-21 09:00,0.46782
2018-03-22 09:00,0.415778
2018-03-23 09:00,0.34531
2018-03-24 09:00,0.012857
2018-03-25 09:00,0.926453
2018-03-26 09:00,0.37457
2018-03-27 09:00,0.437628
2018-03-28 09:00,0.459814
2018-03-29 09:00,0.338947
2018-03-30 09:00,0.25707
2018-03-31 09:00,0.335533
2018-04-01 09:00,0.501379
2018-04-02 09:00,0.353183
2018-04-03 09:00,0.174602
2018-04-04 09:00,0.258446
2018-04-05 09:00,0.297128
2018-04-06 09:00,0.210272
2018-04-07 09:00,0.304719
2018-04-08 09:00,0.432918
2018-04-09 09:00,0.31619
2018-04-10 09:00,0.356642
2018-04-11 09:00,0.398843
2018-04-12 09:00,0.450264
2018-04-13 09:00,0.264428
2018-04-14 09:00,0.251123
2018-04-15 09:00,0.332613
2018-04-16 09:00,0.254779
2018-04-17 09:00,0.194917
2018-04-18 09:00,0.247932
2018-04-19 09:00,0.479641
2018-04-20 09:00,0.310921
2018-04-21 09:00,0.294292
2018-04-22 09:00,0.402419
2018-04-23 09:00,0.516231
2018-04-24 09:00,0.418879
2018-04-25 09:00,0.400885
2018-04-26 09:00,0.292877
2018-04-27 09:00,0.228958
2018-04-28 09:00,0.220024
2018-04-29 09:00,0.335046
2018-04-30 09:00,0.44604
2018-05-01 09:00,0.377581
2018-05-02 09:00,0.698245
2018-05-03 09:00,0.463544
2018-05-04 09:00,0.356642
2018-05-05 09:00,0.401396
2018-05-06 09:00,0.665147
2018-05-07 09:00,0.408569
2018-05-08 09:00,0.454501
2018-05-09 09:00,0.369567
2018-05-10 09:00,0.329701
2018-05-11 09:00,0.2348
2018-05-12 09:00,0.327762
2018-05-13 09:00,0.400374
2018-05-14 09:00,0.271829
2018-05-15 09:00,0.226271
2018-05-16 09:00,0.299969
2018-05-17 09:00,0.28958
2018-05-18 09:00,0.230753
2018-05-19 09:00,0.242028
2018-05-20 09:00,0.228062
2018-05-21 09:00,0.218245
2018-05-22 09:00,0.297601
2018-05-23 09:00,0.271365
2018-05-24 09:00,0.21869
2018-05-25 09:00,0.176747
2018-05-26 09:00,0.229855
2018-05-27 09:00,0.410625
2018-05-28 09:00,0.126748
2018-05-29 09:00,0.229407
2018-05-30 09:00,0.207185
2018-05-31 09:00,0.191434
2018-06-01 09:00,0.171179
2018-06-02 09:00,0.163088
2018-06-03 09:00,0.041725
2018-06-04 09:00,0.439726
2018-06-05 09:00,0.235701
2018-06-06 09:00,0.214695
2018-06-07 09:00,0.194045
2018-06-08 09:00,0.147492
2018-06-09 09:00,0.164787
2018-06-10 09:00,0.152107
2018-06-11 09:00,0.199722
2018-06-12 09:00,0.133759
2018-06-13 09:00,0.178465
2018-06-14 09:00,0.147074
2018-06-15 09:00,0.130042
2018-06-16 09:00,0.072978
2018-06-17 09:00,0.181479
2018-06-18 09:00,0.298548
2018-06-19 09:00,0.058201
2018-06-20 09:00,0.125105
2018-06-21 09:00,0.108802
2018-06-22 09:00,0.062458
2018-06-23 09:00,0.114074
2018-06-24 09:00,0.144148
2018-06-25 09:00,0.118555
2018-06-26 09:00,0.131692
2018-06-27 09:00,0.099535
2018-06-28 09:00,0.106377
2018-06-29 09:00,0.119372
2018-06-30 09:00,0.064398
2018-07-01 09:00,0.138318
2018-07-02 09:00,0.14833
2018-07-03 09:00,0.160968
2018-07-04 09:00,0.155053
2018-07-05 09:00,0.141646
2018-07-06 09:00,0.107185
2018-07-07 09:00,0.126748
2018-07-08 09:00,0.198847
2018-07-09 09:00,0.132105
2018-07-10 09:00,0.133345
2018-07-11 09:00,0.124284
2018-07-12 09:00,0.116516
2018-07-13 09:00,0.074546
2018-07-14 09:00,0.075723
2018-07-15 09:00,0.136658
2018-07-16 09:00,0.135415
2018-07-17 09:00,0.114074
2018-07-18 09:00,0.108802
2018-07-19 09:00,0.171606
2018-07-20 09:00,0.262124
2018-07-21 09:00,0.084789
2018-07-22 09:00,0.194481
2018-07-23 09:00,0.137073
2018-07-24 09:00,0.15843
2018-07-25 09:00,0.139149
2018-07-26 09:00,0.121416
2018-07-27 09:00,0.097531
2018-07-28 09:00,0.077294
2018-07-29 09:00,0.125926
2018-07-30 09:00,0.166062
2018-07-31 09:00,0.179756
2018-08-01 09:00,0.19361
2018-08-02 09:00,0.235251
2018-08-03 09:00,0.148749
2018-08-04 09:00,0.179326
2018-08-05 09:00,0.243388
2018-08-06 09:00,0.378587
2018-08-07 09:00,0.253864
2018-08-08 09:00,0.178035
2018-08-09 09:00,0.224483
2018-08-10 09:00,0.118555
2018-08-11 09:00,0.276476
2018-08-12 09:00,0.282543
2018-08-13 09:00,0.312834
2018-08-14 09:00,0.152107
2018-08-15 09:00,0.246567
2018-08-16 09:00,0.166914
2018-08-17 09:00,0.130042
2018-08-18 09:00,0.097531
2018-08-19 09:00,0.176747
2018-08-20 09:00,0.136244
2018-08-21 09:00,0.166488
2018-08-22 09:00,0.12757
2018-08-23 09:00,0.123054
2018-08-24 09:00,0.160545
2018-08-25 09:00,0.113262
2018-08-26 09:00,0.14833
2018-08-27 09:00,0.149168
2018-08-28 09:00,0.166062
2018-08-29 09:00,0.170325
2018-08-30 09:00,0.191869
2018-08-31 09:00,0.21869
2018-09-01 09:00,0.122644
2018-09-02 09:00,20
2018-09-03 09:00,20
2018-09-04 09:00,6.547665
2018-09-05 09:00,0
2018-09-06 09:00,0.71629
2018-09-07 09:00,0.150007
2018-09-08 09:00,0.160545
2018-09-09 09:00,0.141229
2018-09-10 09:00,0.141229
2018-09-11 09:00,0.141229
2018-09-12 09:00,0.141229
2018-09-13 09:00,0.141229
2018-09-14 09:00,0
2018-09-15 09:00,0.124284
2018-09-16 09:00,0.124284
2018-09-17 09:00,0.124284
2018-09-18 09:00,0.124284
2018-09-19 09:00,0.124284
2018-09-20 09:00,0.124284
2018-09-21 09:00,0.124284
2018-09-22 09:00,0.124284
2018-09-23 09:00,0
2018-09-24 09:00,0.1845
2018-09-25 09:00,0.189697
2018-09-26 09:00,0.152948
2018-09-27 09:00,0.178895
2018-09-28 09:00,0.161392
2018-09-29 09:00,0.119372
2018-09-30 09:00,0.184068
2018-10-01 09:00,0.202351
2018-10-02 09:00,0.498098
2018-10-03 09:00,0.154632
2018-10-04 09:00,0.088755
2018-10-05 09:00,0.112044
2018-10-06 09:00,0.10074
2018-10-07 09:00,0.107993
2018-10-08 09:00,0.201912
2018-10-09 09:00,0.166062
2018-10-10 09:00,0.145819
2018-10-11 09:00,0.168192
2018-10-12 09:00,0.11978
2018-10-13 09:00,0.067121
2018-10-14 09:00,0.160545
2018-10-15 09:00,0.130867
2018-10-16 09:00,0.115702
2018-10-17 09:00,0.15379
2018-10-18 09:00,0.099535
2018-10-19 09:00,0.10557
2018-10-20 09:00,0.080444
2018-10-21 09:00,0.078474
2018-10-22 09:00,0.179326
2018-10-23 09:00,0.137073
2018-10-24 09:00,0.129629
2018-10-25 09:00,0.028503
2018-10-26 09:00,-0.033024
2018-10-27 09:00,-0.003643
2018-10-28 09:00,0.072587
2018-10-29 09:00,0.063622
2018-10-30 09:00,0.049356
2018-10-31 09:00,0.061683
2018-11-01 09:00,0.040965
2018-11-02 09:00,0.032263
2018-11-03 09:00,0.033394
2018-11-04 08:00,0.055116
2018-11-05 08:00,0.076508
2018-11-06 08:00,0.136658
2018-11-07 08:00,0.189263
2018-11-08 08:00,0.143731
2018-11-09 08:00,0.177176
2018-11-10 08:00,0.124284
2018-11-11 08:00,0.224037
2018-11-12 08:00,0.233899
2018-11-13 08:00,0.173745
2018-11-14 08:00,0.945498
2018-11-15 08:00,0.852792
2018-11-16 08:00,0.874522
2018-11-17 08:00,0.981262
2018-11-18 08:00,0.897198
2018-11-19 08:00,1.25887
2018-11-20 08:00,0.825982
2018-11-21 08:00,0.902043
2018-11-22 08:00,0.809423
2018-11-23 08:00,0.546941
2018-11-24 08:00,1.345208
2018-11-25 08:00,1.111681
2018-11-26 08:00,1.014011
2018-11-27 08:00,1.142673
2018-11-28 08:00,1.049537
2018-11-29 08:00,0.996478
2018-11-30 08:00,0.902043
2018-12-01 08:00,1.227824
2018-12-02 08:00,1.437497
2018-12-03 08:00,0.317631
2018-12-04 08:00,0.123054
2018-12-05 08:00,0.159698
2018-12-06 08:00,0.178035
2018-12-07 08:00,0.103555
2018-12-08 08:00,0.080444
2018-12-09 08:00,0.149588
2018-12-10 08:00,0.160545
2018-12-11 08:00,0.139565
2018-12-12 08:00,0.156318
2018-12-13 08:00,0.107993
2018-12-14 08:00,0.082417
2018-12-15 08:00,0.12757
2018-12-16 08:00,0.135415
2018-12-17 08:00,0.26766
2018-12-18 08:00,0.181479
2018-12-19 08:00,0.188396
2018-12-20 08:00,0.202789
2018-12-21 08:00,0.087564
2018-12-22 08:00,0.138734
2018-12-23 08:00,0.161816
2018-12-24 08:00,0.162664
2018-12-25 08:00,0.111233
2018-12-26 08:00,0.180617
2018-12-27 08:00,0.130867
2018-12-28 08:00,0.149168
2018-12-29 08:00,0.093134
2018-12-30 08:00,0.149168
2018-12-31 08:00,0.049739
2019-01-01 08:00,0.182341
2019-01-02 08:00,0.185365
2019-01-03 08:00,0.181048
2019-01-04 08:00,0.246112
2019-01-05 08:00,0.110017
2019-01-06 08:00,0.150007
2019-01-07 08:00,0.164787
2019-01-08 08:00,0.205425
2019-01-09 08:00,0.163513
2019-01-10 08:00,0.149588
2019-01-11 08:00,0.108802
2019-01-12 08:00,0.139565
2019-01-13 08:00,0.152528
2019-01-14 08:00,0.202789
2019-01-15 08:00,0.238409
2019-01-16 08:00,0.138318
2019-01-17 08:00,0.121825
2019-01-18 08:00,0.10557
2019-01-19 08:00,0.073762
2019-01-20 08:00,0.178035
2019-01-21 08:00,0.147911
2019-01-22 08:00,0.184932
2019-01-23 08:00,0.151687
2019-01-24 08:00,0.101543
2019-01-25 08:00,0.050889
2019-01-26 08:00,0.012857
2019-01-27 08:00,0.107185
2019-01-28 08:00,0.09673
2019-01-29 08:00,0.06907
2019-01-30 08:00,0.059747
2019-01-31 08:00,0.058974
2019-02-01 08:00,0.070631
2019-02-02 08:00,0.041725
2019-02-03 08:00,0.089948
2019-02-04 08:00,0.106781
2019-02-05 08:00,0.065953
2019-02-06 08:00,0.122234
2019-02-07 08:00,0.122234
2019-02-08 08:00,0.135415
2019-02-09 08:00,0.078081
2019-02-10 08:00,0.12757
2019-02-11 08:00,0.150847
2019-02-12 08:00,0.180617
2019-02-13 08:00,0.134172
2019-02-14 08:00,0.114074
2019-02-15 08:00,0.099937
2019-02-16 08:00,0.108398
2019-02-17 08:00,0.137073
2019-02-18 08:00,0.174174
2019-02-19 08:00,0.132105
2019-02-20 08:00,0.150427
2019-02-21 08:00,0.118555
2019-02-22 08:00,0.10074
2019-02-23 08:00,0.132932
2019-02-24 08:00,0.150427
2019-02-25 08:00,0.124284
2019-02-26 08:00,0.144148
2019-02-27 08:00,0.158852
2019-02-28 08:00,0.098733
2019-03-01 08:00,0.045152
2019-03-02 08:00,0.051273
2019-03-03 08:00,0.071022
2019-03-04 08:00,0.103152
2019-03-05 08:00,0.116516
2019-03-06 08:00,0.105167
2019-03-07 08:00,0.040585
2019-03-08 08:00,0.089948
2019-03-09 08:00,0.130454
2019-03-10 09:00,0.059361
2019-03-11 09:00,0.196225
2019-03-12 09:00,0.087961
2019-03-13 09:00,0.110422
2019-03-14 09:00,0.153369
2019-03-15 09:00,0.242028
2019-03-16 09:00,0.076901
2019-03-17 09:00,0.058974
2019-03-18 09:00,0.092736
2019-03-19 09:00,0.044008
2019-03-20 09:00,0.083207
2019-03-21 09:00,0.080444
2019-03-22 09:00,0.09633
2019-03-23 09:00,0.079655
2019-03-24 09:00,0.044008
2019-03-25 09:00,0.085978
2019-03-26 09:00,0.058201
2019-03-27 09:00,0.061683
2019-03-28 09:00,0.08955
2019-03-29 09:00,0.054347
2019-03-30 09:00,0.058974
2019-03-31 09:00,0.077687
2019-04-01 09:00,0.055116
2019-04-02 09:00,0.104361
2019-04-03 09:00,0.084789
2019-04-04 09:00,0.053577
2019-04-05 09:00,0.06401
2019-04-06 09:00,0.065175
2019-04-07 09:00,0.078474
2019-04-08 09:00,0.108802
2019-04-09 09:00,0.036794
2019-04-10 09:00,0.06751
2019-04-11 09:00,0.083207
2019-04-12 09:00,0.048208
2019-04-13 09:00,0.088358
2019-04-14 09:00,0.083998
2019-04-15 09:00,0.085581
2019-04-16 09:00,0.040965
2019-04-17 09:00,0.09673
2019-04-18 09:00,0.016931
2019-04-19 09:00,-0.002552
2019-04-20 09:00,0.002558
2019-04-21 09:00,0.009167
2019-04-22 09:00,0.015077
2019-04-23 09:00,0.006592
2019-04-24 09:00,0.002558
2019-04-25 09:00,0.042866
2019-04-26 09:00,0.016189
2019-04-27 09:00,-0.011612
2019-04-28 09:00,-0.002552
2019-04-29 09:00,0.012487
2019-04-30 09:00,0.03151
2019-05-01 09:00,0.024756
2019-05-02 09:00,0.09673
2019-05-03 09:00,0.163513
2019-05-04 09:00,0.166488
2019-05-05 09:00,0.171179
2019-05-06 09:00,0.06401
2019-05-07 09:00,0.034149
2019-05-08 09:00,0.041725
2019-05-09 09:00,0.018417
2019-05-10 09:00,0.028127
2019-05-11 09:00,0.074546
2019-05-12 09:00,0.082812
2019-05-13 09:00,0.131692
2019-05-14 09:00,0.110827
2019-05-15 09:00,0.192739
2019-05-16 09:00,0.06829
2019-05-17 09:00,0.026253
2019-05-18 09:00,0.083603
2019-05-19 09:00,0.059361
2019-05-20 09:00,0.059361
2019-05-21 09:00,0.059361
2019-05-22 09:00,0.030381
2019-05-23 09:00,0.036416
2019-05-24 09:00,0.059361
2019-05-25 09:00,0.015077
2019-05-26 09:00,0.060908
2019-05-27 09:00,0.063622
2019-05-28 09:00,0.039826
2019-05-29 09:00,0.098733
2019-05-30 09:00,0.039826
2019-05-31 09:00,0.015077
2019-06-01 09:00,0.009904
2019-06-02 09:00,0.047825
2019-06-03 09:00,0.057429
2019-06-04 09:00,0.016931
2019-06-05 09:00,0.047061
2019-06-06 09:00,0.058201
2019-06-07 09:00,0.033771
2019-06-08 09:00,0.036416
2019-06-09 09:00,0.028878
2019-06-10 09:00,0.058974
2019-06-11 09:00,0.065175
2019-06-12 09:00,0.100338
2019-06-13 09:00,0.065175
2019-06-14 09:00,0.049356
2019-06-15 09:00,0.097531
2019-06-16 09:00,0.087564
2019-06-17 09:00,0.127982
2019-06-18 09:00,0.121416
2019-06-19 09:00,0.147074
2019-06-20 09:00,0.085581
2019-06-21 09:00,0.092736
2019-06-22 09:00,0.189263
2019-06-23 09:00,0.125926
2019-06-24 09:00,0.106377
2019-06-25 09:00,0.220024
2019-06-26 09:00,0.160968
2019-06-27 09:00,0.086374
2019-06-28 09:00,0.147492
2019-06-29 09:00,0.107185
2019-06-30 09:00,0.106377
2019-07-01 09:00,0.107185
2019-07-02 09:00,0.060521
2019-07-03 09:00,0.103555
2019-07-04 09:00,0.129217
2019-07-05 09:00,0.048973
2019-07-06 09:00,0.076508
2019-07-07 09:00,0.074546
2019-07-08 09:00,0.116109
2019-07-09 09:00,0.11245
2019-07-10 09:00,0.046297
2019-07-11 09:00,0.078081
2019-07-12 09:00,0.071022
2019-07-13 09:00,0.050889
2019-07-14 09:00,0.100338
2019-07-15 09:00,0.129629
2019-07-16 09:00,0.083998
2019-07-17 09:00,0.047061
2019-07-18 09:00,0.08955
2019-07-19 09:00,0.051656
2019-07-20 09:00,0.081233
2019-07-21 09:00,0.063622
2019-07-22 09:00,0.103152
2019-07-23 09:00,0.06985
2019-07-24 09:00,0.081233
2019-07-25 09:00,0.074938
2019-07-26 09:00,0.058588
2019-07-27 09:00,0.044389
2019-07-28 09:00,0.058588
2019-07-29 09:00,0.058588
2019-07-30 09:00,0.076901
2019-07-31 09:00,0.054731
2019-08-01 09:00,0.036037
2019-08-02 09:00,0.036037
2019-08-03 09:00,0.028503
2019-08-04 09:00,0.065175
2019-08-05 09:00,0.067121
2019-08-06 09:00,0.045534
2019-08-07 09:00,0.060908
2019-08-08 09:00,0.047061
2019-08-09 09:00,0.00329
2019-08-10 09:00,0.019161
2019-08-11 09:00,0.019161
2019-08-12 09:00,0.084789
2019-08-13 09:00,0.061683
2019-08-14 09:00,0.030757
2019-08-15 09:00,0.041725
2019-08-16 09:00,0.004756
2019-08-17 09:00,0.030757
2019-08-18 09:00,0.024008
2019-08-19 09:00,0.034904
2019-08-20 09:00,0.037551
2019-08-21 09:00,0.037551
2019-08-22 09:00,0.026627
2019-08-23 09:00,0.025878
2019-08-24 09:00,0.03264
2019-08-25 09:00,0.030757
2019-08-26 09:00,0.028127
2019-08-27 09:00,0.034149
2019-08-28 09:00,0.040965
2019-08-29 09:00,0.018045
2019-08-30 09:00,-0.001459
2019-08-31 09:00,0.02065
2019-09-01 09:00,0.026627
2019-09-02 09:00,0.019161
2019-09-03 09:00,0.019905
2019-09-04 09:00,0.040205
2019-09-05 09:00,0.030005
2019-09-06 09:00,0.010641
2019-09-07 09:00,0.00329
2019-09-08 09:00,-0.004007
2019-09-09 09:00,0.03151
2019-09-10 09:00,-0.001459
2019-09-11 09:00,0.088755
2019-09-12 09:00,0.036037
2019-09-13 09:00,0.022514
2019-09-14 09:00,0.049356
2019-09-15 09:00,0.057429
2019-09-16 09:00,0.05204
2019-09-17 09:00,0.041725
2019-09-18 09:00,0.037551
2019-09-19 09:00,0.059747
2019-09-20 09:00,0.013966
2019-09-21 09:00,0.023261
2019-09-22 09:00,0.012487
2019-09-23 09:00,0.040205
2019-09-24 09:00,0.045152
2019-09-25 09:00,0.035659
2019-09-26 09:00,0.032263
2019-09-27 09:00,0.039067
2019-09-28 09:00,0.023261
2019-09-29 09:00,0.009904
2019-09-30 09:00,0.012487
2019-10-01 09:00,0.040205
2019-10-02 09:00,0.045915
2019-10-03 09:00,0.019161
2019-10-04 09:00,-0.007273
2019-10-05 09:00,-0.002552
2019-10-06 09:00,-0.005823
2019-10-07 09:00,0.040965
2019-10-08 09:00,0.039067
2019-10-09 09:00,0.02065
2019-10-10 09:00,0.021395
2019-10-11 09:00,0.030005
2019-10-12 09:00,0.009167
2019-10-13 09:00,0.030757
2019-10-14 09:00,0.01656
2019-10-15 09:00,0.030005
2019-10-16 09:00,0.040965
2019-10-17 09:00,0.011379
2019-10-18 09:00,0.008062
2019-10-19 09:00,0.013226
2019-10-20 09:00,0.02065
2019-10-21 09:00,0.030005
2019-10-22 09:00,0.030757
2019-10-23 09:00,0.018045
2019-10-24 09:00,0.085978
2019-10-25 09:00,0.091142
2019-10-26 09:00,0.00329
2019-10-27 09:00,0.00329
2019-10-28 09:00,0.047443
2019-10-29 09:00,0.011379
2019-10-30 09:00,0.030005
2019-10-31 09:00,0.027377
2019-11-01 09:00,0.006592
2019-11-02 09:00,0.001461
2019-11-03 08:00,0.008062
2019-11-04 08:00,0.042485
2019-11-05 08:00,0.028127
2019-11-06 08:00,0.019905
2019-11-07 08:00,0.018045
2019-11-08 08:00,0.01656
2019-11-09 08:00,0.011379
2019-11-10 08:00,0
2019-11-11 08:00,0.025504
2019-11-12 08:00,0.034904
2019-11-13 08:00,0.028878
2019-11-14 08:00,0.018789
2019-11-15 08:00,0.05204
2019-11-16 08:00,0.008062
2019-11-17 08:00,0.034904
2019-11-18 08:00,0.021395
2019-11-19 08:00,0.032263
2019-11-20 08:00,0.018045
2019-11-21 08:00,0.028127
2019-11-22 08:00,0.028127
2019-11-23 08:00,0.027377
2019-11-24 08:00,0.030757
2019-11-25 08:00,0.018789
2019-11-26 08:00,0.037172
2019-11-27 08:00,0.018045
2019-11-28 08:00,0.024756
2019-11-29 08:00,0.042485
2019-11-30 08:00,0.032263
2019-12-01 08:00,0.038309
2019-12-02 08:00,0.046679
2019-12-03 08:00,0.033017
2019-12-04 08:00,0.022887
2019-12-05 08:00,0.017303
2019-12-06 08:00,0.02065
2019-12-07 08:00,0.041725
2019-12-08 08:00,0.022141
2019-12-09 08:00,-0.004007
2019-12-10 08:00,0.022141
2019-12-11 08:00,0.039067
2019-12-12 08:00,0.039826
2019-12-13 08:00,0.006592
2019-12-14 08:00,0.018789
2019-12-15 08:00,0.008062
2019-12-16 08:00,0.022141
2019-12-17 08:00,0.040585
2019-12-18 08:00,0.018045
2019-12-19 08:00,0.009904
2019-12-20 08:00,0.00329
2019-12-21 08:00,0.03151
2019-12-22 08:00,0.021395
2019-12-23 08:00,0.009167
2019-12-24 08:00,-0.00328
2019-12-25 08:00,0.022887
2019-12-26 08:00,0.022887
2019-12-27 08:00,0.033771
2019-12-28 08:00,0.025504
2019-12-29 08:00,0.059361
2019-12-30 08:00,0.025504
2019-12-31 08:00,0.004756
2020-01-01 08:00,0.045915
2020-01-02 08:00,0.044008
2020-01-03 08:00,0.026253
2020-01-04 08:00,0.032263
2020-01-05 08:00,0.050122
2020-01-06 08:00,0.02065
2020-01-07 08:00,0.032263
2020-01-08 08:00,0.03151
2020-01-09 08:00,0.028127
2020-01-10 08:00,0.043247
2020-01-11 08:00,0.021395
2020-01-12 08:00,0.03793
2020-01-13 08:00,0.045534
2020-01-14 08:00,0.06985
2020-01-15 08:00,0.033017
2020-01-16 08:00,0.033017
2020-01-17 08:00,0.082022
2020-01-18 08:00,0.09154
2020-01-19 08:00,0.053193
2020-01-20 08:00,0.053193
2020-01-21 08:00,0.045534
2020-01-22 08:00,0.030381
2020-01-23 08:00,0.047443
2020-01-24 08:00,0.018789
2020-01-25 08:00,0.027002
2020-01-26 08:00,0.033771
2020-01-27 08:00,0.036416
2020-01-28 08:00,0.140397
2020-01-29 08:00,0.064398
2020-01-30 08:00,0.053193
2020-01-31 08:00,0.015448
2020-02-01 08:00,0.050506
2020-02-02 08:00,0
2020-02-03 08:00,0.044008
2020-02-04 08:00,0.042866
2020-02-05 08:00,0.100338
2020-02-06 08:00,0.108398
2020-02-07 08:00,0.078868
2020-02-08 08:00,0.10557
2020-02-09 08:00,0.081627
2020-02-10 08:00,0.11978
2020-02-11 08:00,0.184068
2020-02-12 08:00,0.128805
2020-02-13 08:00,0.136244
2020-02-14 08:00,0.114074
2020-02-15 08:00,0.117739
2020-02-16 08:00,0.102347
2020-02-17 08:00,0.092736
2020-02-18 08:00,0.085581
2020-02-19 08:00,0.094332
2020-02-20 08:00,0.089948
2020-02-21 08:00,0.048591
2020-02-22 08:00,0.097932
2020-02-23 08:00,0.06829
2020-02-24 08:00,0.081233
2020-02-25 08:00,0.074154
2020-02-26 08:00,0.054731
2020-02-27 08:00,0.056272
2020-02-28 08:00,0.043627
2020-02-29 08:00,0.065564
2020-03-01 08:00,0.063234
2020-03-02 08:00,0.063234
2020-03-03 08:00,0.089948
2020-03-04 08:00,0.079262
2020-03-05 08:00,0.057043
2020-03-06 08:00,0.049356
2020-03-07 08:00,0.059747
2020-03-08 09:00,0.06401
2020-03-09 09:00,0.070631
2020-03-10 09:00,0.056272
2020-03-11 09:00,0.090744
2020-03-12 09:00,0.093134
2020-03-13 09:00,0.057815
2020-03-14 09:00,0.074154
2020-03-15 09:00,0.080838
2020-03-16 09:00,0.042485
2020-03-17 09:00,0.06985
2020-03-18 09:00,0.0679
2020-03-19 09:00,0.067121
2020-03-20 09:00,0.074938
2020-03-21 09:00,0.038309
2020-03-22 09:00,0.08005
2020-03-23 09:00,0.060134
2020-03-24 09:00,0.335533
2020-03-25 09:00,0.177606
2020-03-26 09:00,0.055887
2020-03-27 09:00,0.056658
2020-03-28 09:00,0.040965
2020-03-29 09:00,0.039067
2020-03-30 09:00,0.054347
2020-03-31 09:00,0.044008
2020-04-01 09:00,0.047443
2020-04-02 09:00,0.081627
2020-04-03 09:00,0.047443
2020-04-04 09:00,0.045915
2020-04-05 09:00,0.081627
2020-04-06 09:00,0.083998
2020-04-07 09:00,0.052424
2020-04-08 09:00,0.06946
2020-04-09 09:00,0.103958
2020-04-10 09:00,0.081233
2020-04-11 09:00,0.051656
2020-04-12 09:00,0.115702
2020-04-13 09:00,0.066731
2020-04-14 09:00,0.062458
2020-04-15 09:00,0.109207
2020-04-16 09:00,0.065175
2020-04-17 09:00,0.055887
2020-04-18 09:00,0.11978
2020-04-19 09:00,0.110827
2020-04-20 09:00,0.095131
2020-04-21 09:00,0.051273
2020-04-22 09:00,0.06829
2020-04-23 09:00,0.094332
2020-04-24 09:00,0.083603
2020-04-25 09:00,0.107185
2020-04-26 09:00,0.114074
2020-04-27 09:00,0.086374
2020-04-28 09:00,0.128394
2020-04-29 09:00,0.108802
2020-04-30 09:00,0.117739
2020-05-01 09:00,0.061295
2020-05-02 09:00,0.101945
2020-05-03 09:00,0
2020-05-04 09:00,0.080838
2020-05-05 09:00,0.075723
2020-05-06 09:00,0.08005
2020-05-07 09:00,0.09633
2020-05-08 09:00,0.058588
2020-05-09 09:00,0.145401
2020-05-10 09:00,0.106781
2020-05-11 09:00,0.121007
2020-05-12 09:00,0.054347
2020-05-13 09:00,0.260283
2020-05-14 09:00,0.166914
2020-05-15 09:00,0.126748
2020-05-16 09:00,0.078081
2020-05-17 09:00,0.206305
2020-05-18 09:00,0.100338
2020-05-19 09:00,0.074546
2020-05-20 09:00,0.101945
2020-05-21 09:00,0.160122
2020-05-22 09:00,0.078081
2020-05-23 09:00,0.129217
2020-05-24 09:00,0.095131
2020-05-25 09:00,0.119372
2020-05-26 09:00,0.108802
2020-05-27 09:00,0.130042
2020-05-28 09:00,0.078474
2020-05-29 09:00,0.155897
2020-05-30 09:00,0.138734
2020-05-31 09:00,0.099937
2020-06-01 09:00,0.164787
2020-06-02 09:00,0.122644
2020-06-03 09:00,0.16224
2020-06-04 09:00,0.123464
2020-06-05 09:00,0.125105
2020-06-06 09:00,0.144565
2020-06-07 09:00,0.098733
2020-06-08 09:00,0.135829
2020-06-09 09:00,0.065564
2020-06-10 09:00,0.183636
2020-06-11 09:00,0.113668
2020-06-12 09:00,0.111638
2020-06-13 09:00,0.106377
2020-06-14 09:00,0.117739
2020-06-15 09:00,0.133759
2020-06-16 09:00,0.120189
2020-06-17 09:00,0.101945
2020-06-18 09:00,0.15843
2020-06-19 09:00,0.117739
2020-06-20 09:00,0.114074
2020-06-21 09:00,0.15379
2020-06-22 09:00,0.161816
2020-06-23 09:00,0.124284
2020-06-24 09:00,0.086374
2020-06-25 09:00,0.101543
2020-06-26 09:00,0.104361
2020-06-27 09:00,0.107589
2020-06-28 09:00,0.093134
2020-06-29 09:00,0.118147
2020-06-30 09:00,0.110017
2020-07-01 09:00,0.099134
2020-07-02 09:00,0.112856
2020-07-03 09:00,0.093932
2020-07-04 09:00,0.124694
2020-07-05 09:00,0.086771
2020-07-06 09:00,0.130867
2020-07-07 09:00,0.11245
2020-07-08 09:00,0.111638
2020-07-09 09:00,0.104764
2020-07-10 09:00,0.085978
2020-07-11 09:00,0.10275
2020-07-12 09:00,0.126337
2020-07-13 09:00,0.27834
2020-07-14 09:00,0.106377
2020-07-15 09:00,0.101945
2020-07-16 09:00,0.095131
2020-07-17 09:00,0.083207
2020-07-18 09:00,0.06829
2020-07-19 09:00,0.06751
2020-07-20 09:00,0.083207
2020-07-21 09:00,0.055887
2020-07-22 09:00,0.163088
2020-07-23 09:00,0.129217
2020-07-24 09:00,0.353677
2020-07-25 09:00,0.317151
2020-07-26 09:00,0.196662
2020-07-27 09:00,0.227166
2020-07-28 09:00,0.194481
2020-07-29 09:00,0.281141
2020-07-30 09:00,0.266274
2020-07-31 09:00,0.296655
2020-08-01 09:00,0.271829
2020-08-02 09:00,0.400885
2020-08-03 09:00,0.187096
2020-08-04 09:00,0.259364
2020-08-05 09:00,0.277874
2020-08-06 09:00,0.166062
2020-08-07 09:00,0.145401
2020-08-08 09:00,0.181048
2020-08-09 09:00,0.243388
2020-08-10 09:00,0.220469
2020-08-11 09:00,0.139981
2020-08-12 09:00,0.18623
2020-08-13 09:00,0.296182
2020-08-14 09:00,0.208948
2020-08-15 09:00,0.231202
2020-08-16 09:00,0.27415
2020-08-17 09:00,0.172889
2020-08-18 09:00,0.181048
2020-08-19 09:00,0.167339
2020-08-20 09:00,0.151687
2020-08-21 09:00,0.116924
2020-08-22 09:00,0.208948
2020-08-23 09:00,0.150427
2020-08-24 09:00,0.15674
2020-08-25 09:00,0.144148
2020-08-26 09:00,0.143313
2020-08-27 09:00,0.158852
2020-08-28 09:00,0.184932
2020-08-29 09:00,0.178465
2020-08-30 09:00,0.107993
2020-08-31 09:00,0.298548
2020-09-01 09:00,0.271829
2020-09-02 09:00,0.210714
2020-09-03 09:00,0.188829
2020-09-04 09:00,0.188396
2020-09-05 09:00,0.175889
2020-09-06 09:00,0.147911
2020-09-07 09:00,0.168618
2020-09-08 09:00,0.128805
2020-09-09 09:00,0.06868
2020-09-10 09:00,0.126748
2020-09-11 09:00,0
2020-09-12 09:00,0.109207
2020-09-13 09:00,0.109207
2020-09-14 09:00,0.109207
2020-09-15 09:00,0
2020-09-16 09:00,0.12757
2020-09-17 09:00,0.12757
2020-09-18 09:00,0.12757
2020-09-19 09:00,0
2020-09-20 09:00,0.132518
2020-09-21 09:00,0.132518
2020-09-22 09:00,0
2020-09-23 09:00,0.101945
2020-09-24 09:00,0.101945
2020-09-25 09:00,0.101945
2020-09-26 09:00,0
2020-09-27 09:00,0.134586
2020-09-28 09:00,0
2020-09-29 09:00,0.163937
2020-09-30 09:00,0.099937
2020-10-01 09:00,0.121825
2020-10-02 09:00,0.110827
2020-10-03 09:00,0.103152
2020-10-04 09:00,0.145401
2020-10-05 09:00,0.076115
2020-10-06 09:00,0.071413
2020-10-07 09:00,0.086771
2020-10-08 09:00,0.090744
2020-10-09 09:00,0.09593
2020-10-10 09:00,0.151267
2020-10-11 09:00,0.109612
2020-10-12 09:00,0.112856
2020-10-13 09:00,0.103152
2020-10-14 09:00,0.134172
2020-10-15 09:00,0.09553
2020-10-16 09:00,0.093932
2020-10-17 09:00,0.098733
2020-10-18 09:00,0.094731
2020-10-19 09:00,0.099535
2020-10-20 09:00,0.190131
2020-10-21 09:00,0.160968
2020-10-22 09:00,0.114481
2020-10-23 09:00,0.119372
2020-10-24 09:00,0.099535
2020-10-25 09:00,0.152107
2020-10-26 09:00,0.130867
2020-10-27 09:00,0
2020-10-28 09:00,0.139149
2020-10-29 09:00,0.139149
2020-10-30 09:00,0.139149
2020-10-31 09:00,0.139149
2020-11-01 08:00,0.139149
2020-11-02 08:00,0.139149
2020-11-03 08:00,0.139149
2020-11-04 08:00,0
2020-11-05 08:00,0.155053
2020-11-06 08:00,0.190565
2020-11-07 08:00,0.147074
2020-11-08 08:00,0.180617
2020-11-09 08:00,0.138734
2020-11-10 08:00,0.177176
2020-11-11 08:00,0.130867
2020-11-12 08:00,0.186663
2020-11-13 08:00,0.091142
2020-11-14 08:00,0.197972
2020-11-15 08:00,0.165637
2020-11-16 08:00,0.216469
2020-11-17 08:00,0.322446
2020-11-18 08:00,0.227166
2020-11-19 08:00,0.210714
2020-11-20 08:00,0.292877
2020-11-21 08:00,0.335046
2020-11-22 08:00,0.408569
2020-11-23 08:00,0.595625
2020-11-24 08:00,0.386654
2020-11-25 08:00,0.297601
2020-11-26 08:00,0.238861
2020-11-27 08:00,0.229855
2020-11-28 08:00,0.299969
2020-11-29 08:00,0.305672
2020-11-30 08:00,0.369067
2020-12-01 08:00,0.041725
2020-12-02 08:00,0.2877
2020-12-03 08:00,0
2020-12-04 08:00,0.231202
2020-12-05 08:00,0.231202
2020-12-06 08:00,0.231202
2020-12-07 08:00,0.231202
2020-12-08 08:00,0.231202
2020-12-09 08:00,0.231202
2020-12-10 08:00,0.231202
2020-12-11 08:00,0.231202
2020-12-12 08:00,0.231202
2020-12-13 08:00,0
2020-12-14 08:00,0.33797
2020-12-15 08:00,0.33797
2020-12-16 08:00,0.33797
2020-12-17 08:00,0.33797
2020-12-18 08:00,0.33797
2020-12-19 08:00,0.33797
2020-12-20 08:00,0
2020-12-21 08:00,0.295709
2020-12-22 08:00,0.353183
2020-12-23 08:00,0.295237
2020-12-24 08:00,0.324377
2020-12-25 08:00,0.309965
2020-12-26 08:00,0.632693
2020-12-27 08:00,0.665147
2020-12-28 08:00,0.54525
2020-12-29 08:00,0.591559
2020-12-30 08:00,0.575971
2020-12-31 08:00,0.529556
2021-01-01 08:00,0.932077
2021-01-02 08:00,3.003946
2021-01-03 08:00,3.170362
2021-01-04 08:00,1.913462
2021-01-05 08:00,1.927278
2021-01-06 08:00,2.300749
2021-01-07 08:00,2.94613
2021-01-08 08:00,1.890228
2021-01-09 08:00,3.956303
2021-01-10 08:00,2.92752
2021-01-11 08:00,1.49224
2021-01-12 08:00,1.134882
2021-01-13 08:00,1.259693
2021-01-14 08:00,0.911073
2021-01-15 08:00,1.192407
2021-01-16 08:00,1.192407
2021-01-17 08:00,1.192407
2021-01-18 08:00,1.192407
2021-01-19 08:00,1.192407
2021-01-20 08:00,1.192407
2021-01-21 08:00,1.192407
2021-01-22 08:00,1.192407
2021-01-23 08:00,0
2021-01-24 08:00,20
2021-01-25 08:00,20
2021-01-26 08:00,20
2021-01-27 08:00,20
2021-01-28 08:00,20
2021-01-29 08:00,20
2021-01-30 08:00,20
2021-01-31 08:00,20
2021-02-01 08:00,20
2021-02-02 08:00,0
2021-02-03 08:00,20
2021-02-04 08:00,20
2021-02-05 08:00,14.313496
2021-02-06 08:00,19.231134
2021-02-07 08:00,15.54183
2021-02-08 08:00,20
2021-02-09 08:00,12.982277
2021-02-10 08:00,8.161596
2021-02-11 08:00,5.877824
2021-02-12 08:00,6.542187
2021-02-13 08:00,6.401158
2021-02-14 08:00,5.194869
2021-02-15 08:00,3.854692
2021-02-16 08:00,3.78289
2021-02-17 08:00,4.316367
2021-02-18 08:00,4.268295
2021-02-19 08:00,7.351965
2021-02-20 08:00,6.252221
2021-02-21 08:00,5.756542
2021-02-22 08:00,5.165689
2021-02-23 08:00,3.117629
2021-02-24 08:00,2.617624
2021-02-25 08:00,2.36991
2021-02-26 08:00,2.029146
2021-02-27 08:00,2.335757
2021-02-28 08:00,1.104769
2021-03-01 08:00,1.703006
2021-03-02 08:00,1.763694
2021-03-03 08:00,1.531564
2021-03-04 08:00,1.183641
2021-03-05 08:00,1.345208
2021-03-06 08:00,1.548208
2021-03-07 08:00,1.697108
2021-03-08 08:00,1.888125
2021-03-09 08:00,1.689266
2021-03-10 08:00,1.682422
2021-03-11 08:00,1.282853
2021-03-12 08:00,1.710888
2021-03-13 08:00,2.16089
2021-03-14 09:00,2.06574
2021-03-15 09:00,1.794037
2021-03-16 09:00,1.950809
2021-03-17 09:00,1.65522
2021-03-18 09:00,1.100174
2021-03-19 09:00,1.427754
2021-03-20 09:00,1.682422
2021-03-21 09:00,1.218917
2021-03-22 09:00,1.213267
2021-03-23 09:00,1.289514
2021-03-24 09:00,1.033918
2021-03-25 09:00,0.819341
2021-03-26 09:00,0.899273
2021-03-27 09:00,0.860911
2021-03-28 09:00,1.066781
2021-03-29 09:00,1.017683
2021-03-30 09:00,1.021361
2021-03-31 09:00,0.982707
2021-04-01 09:00,1.649427
2021-04-02 09:00,1.511368
2021-04-03 09:00,1.054022
2021-04-04 09:00,1.26959
2021-04-05 09:00,1.302054
2021-04-06 09:00,1.314664
2021-04-07 09:00,0.854819
2021-04-08 09:00,0.920147
2021-04-09 09:00,1.066781
2021-04-10 09:00,1.536176
2021-04-11 09:00,1.504975
2021-04-12 09:00,1.695146
2021-04-13 09:00,2.313985
2021-04-14 09:00,2.591404
2021-04-15 09:00,4.145326
2021-04-16 09:00,3.307508
2021-04-17 09:00,5.217408
2021-04-18 09:00,4.547224
2021-04-19 09:00,4.599868
2021-04-20 09:00,4.327969
2021-04-21 09:00,5.666376
2021-04-22 09:00,3.362666
2021-04-23 09:00,2.406888
2021-04-24 09:00,2.338185
2021-04-25 09:00,2.293552
2021-04-26 09:00,2.73664
2021-04-27 09:00,3.123622
2021-04-28 09:00,3.077404
2021-04-29 09:00,2.35279
2021-04-30 09:00,3.343676
2021-05-01 09:00,4.45529
2021-05-02 09:00,20
2021-05-03 09:00,10.977442
2021-05-04 09:00,17.32712
2021-05-05 09:00,16.077555
2021-05-06 09:00,10.32703
2021-05-07 09:00,12.204152
2021-05-08 09:00,20
2021-05-09 09:00,20
2021-05-10 09:00,12.309854
2021-05-11 09:00,15.86244
2021-05-12 09:00,18.55425
2021-05-13 09:00,8.730243
2021-05-14 09:00,7.511058
2021-05-15 09:00,7.71102
2021-05-16 09:00,7.71102
2021-05-17 09:00,4.756625
2021-05-18 09:00,10.119494
2021-05-19 09:00,4.205502
2021-05-20 09:00,3.259235
2021-05-21 09:00,3.019993
2021-05-22 09:00,3.83708
2021-05-23 09:00,4.019744
2021-05-24 09:00,3.75343
2021-05-25 09:00,2.924665
2021-05-26 09:00,2.171258
2021-05-27 09:00,1.475058
2021-05-28 09:00,1.545426
2021-05-29 09:00,1.513197
2021-05-30 09:00,1.324801
2021-05-31 09:00,1.255582
2021-06-01 09:00,1.08797
2021-06-02 09:00,1.217301
2021-06-03 09:00,1.013277
2021-06-04 09:00,1.090252
2021-06-05 09:00,0.91177
2021-06-06 09:00,0.912466
2021-06-07 09:00,0.96473
2021-06-08 09:00,0.963299
2021-06-09 09:00,0.887545
2021-06-10 09:00,0.68039
2021-06-11 09:00,0.717542
2021-06-12 09:00,0.561104
2021-06-13 09:00,0.570236
2021-06-14 09:00,0.600869
2021-06-15 09:00,0.567377
2021-06-16 09:00,0.51789
2021-06-17 09:00,0.569092
2021-06-18 09:00,0.456624
2021-06-19 09:00,0.488298
2021-06-20 09:00,0.665147
2021-06-21 09:00,0.616703
2021-06-22 09:00,0.590979
2021-06-23 09:00,0.425102
2021-06-24 09:00,0.449207
2021-06-25 09:00,0.430829
2021-06-26 09:00,0.609646
2021-06-27 09:00,0.562242
2021-06-28 09:00,0.52399
2021-06-29 09:00,0.420432
2021-06-30 09:00,0.379592
2021-07-01 09:00,0.366573
2021-07-02 09:00,0.309487
2021-07-03 09:00,0.371566
2021-07-04 09:00,0.411654
2021-07-05 09:00,0.342859
2021-07-06 09:00,0.413715
2021-07-07 09:00,0.366075
2021-07-08 09:00,0.320518
2021-07-09 09:00,0.315231
2021-07-10 09:00,0.284416
2021-07-11 09:00,0.315231
2021-07-12 09:00,0.399864
2021-07-13 09:00,0.352196
2021-07-14 09:00,0.254779
2021-07-15 09:00,0.309487
2021-07-16 09:00,0.222252
2021-07-17 09:00,0.193174
2021-07-18 09:00,0.211155
2021-07-19 09:00,0.262584
2021-07-20 09:00,0.233449
2021-07-21 09:00,0.288169
2021-07-22 09:00,0.201912
2021-07-23 09:00,0.218245
2021-07-24 09:00,0.216913
2021-07-25 09:00,0.300444
2021-07-26 09:00,0.256611
2021-07-27 09:00,0.254321
2021-07-28 09:00,0.201912
2021-07-29 09:00,0.216469
2021-07-30 09:00,0.205865
2021-07-31 09:00,0.353183
2021-08-01 09:00,0.355653
2021-08-02 09:00,0.413199
2021-08-03 09:00,0.463544
2021-08-04 09:00,0.735158
2021-08-05 09:00,0.418362
2021-08-06 09:00,0.452381
2021-08-07 09:00,0.468355
2021-08-08 09:00,0.420432
2021-08-09 09:00,0.408055
2021-08-10 09:00,0.473181
2021-08-11 09:00,0.430829
2021-08-12 09:00,0.390198
2021-08-13 09:00,0.395277
2021-08-14 09:00,0.397314
2021-08-15 09:00,0.429786
2021-08-16 09:00,0.384128
2021-08-17 09:00,0.390198
2021-08-18 09:00,0.387666
2021-08-19 09:00,0.869066
2021-08-20 09:00,0.389691
2021-08-21 09:00,0.391212
2021-08-22 09:00,0.440251
2021-08-23 09:00,0.52677
2021-08-24 09:00,0.425102
2021-08-25 09:00,0.362095
2021-08-26 09:00,0.406516
2021-08-27 09:00,0.382614
2021-08-28 09:00,0.360606
2021-08-29 09:00,0.382614
2021-08-30 09:00,0.458218
2021-08-31 09:00,0.559966
2021-09-01 09:00,0.684683
2021-09-02 09:00,0.421469
2021-09-03 09:00,0.409083
2021-09-04 09:00,0.400885
2021-09-05 09:00,0.435533
2021-09-06 09:00,0.629607
2021-09-07 09:00,0.514158
2021-09-08 09:00,0.449185
2021-09-09 09:00,1.324372
2021-09-10 09:00,0.653358
2021-09-11 09:00,0.393363
2021-09-12 09:00,0.311278
2021-09-13 09:00,0.237065
2021-09-14 09:00,0.290112
2021-09-15 09:00,0.308391
2021-09-16 09:00,0.29135
2021-09-17 09:00,0.226166
2021-09-18 09:00,0.379644
2021-09-19 09:00,0.311708
2021-09-20 09:00,0.262587
2021-09-21 09:00,0.258241
2021-09-22 09:00,0.220064
2021-09-23 09:00,0.254589
2021-09-24 09:00,0.214969
2021-09-25 09:00,0.21925
2021-09-26 09:00,0.261971
2021-09-27 09:00,0.241618
2021-09-28 09:00,0.224845
2021-09-29 09:00,0.175057
2021-09-30 09:00,0.247318
2021-10-01 09:00,0.200578
2021-10-02 09:00,0.22915
2021-10-03 09:00,0.213398
2021-10-04 09:00,0.279812
2021-10-05 09:00,0.232731
2021-10-06 09:00,0.280256
2021-10-07 09:00,0.229993
2021-10-08 09:00,0.250923
2021-10-09 09:00,0.55095
2021-10-10 09:00,0.496023
2021-10-11 09:00,0.22511
2021-10-12 09:00,0.226169
2021-10-13 09:00,0.317446
2021-10-14 09:00,0.294669
2021-10-15 09:00,0.270267
2021-10-16 09:00,0.233486
2021-10-17 09:00,0.282733
2021-10-18 09:00,0.237568
2021-10-19 09:00,0.274044
2021-10-20 09:00,0.462746
2021-10-21 09:00,0.242582
2021-10-22 09:00,0.220518
2021-10-23 09:00,0.264147
2021-10-24 09:00,0.28329
2021-10-25 09:00,0.351504
2021-10-26 09:00,0.361226
2021-10-27 09:00,0.37011
2021-10-28 09:00,0.45518
2021-10-29 09:00,0.391936
2021-10-30 09:00,0.220158