,margin_call_s,margin_call_m,margin_call_l,margin_call_x,short_margin_call,long_margin_call,date
0,185146.98,0.0,0.0,0.0,185146.98,0.0,2020-06-24 00:00
1,410442.83,822655.68,107496.96,0.0,1028655.51,311939.96,2020-06-25 00:00
2,342877.27,508929.51,63755.65,0.0,578336.12,337226.31,2020-06-26 00:00
3,260259.26,108977.43,34489.23,0.0,92861.24,310864.68,2020-06-27 00:00
4,237057.78,270983.56,48131.67,0.0,125187.34,430985.67,2020-06-28 00:00
5,328887.61,311232.86,39496.0,0.0,590240.4,89376.07,2020-06-29 00:00
6,360462.13,541026.53,124527.73,0.0,699670.5099999999,326345.88,2020-06-30 00:00
7,267035.39,365626.52,45771.04,0.0,82637.13,595795.8200000001,2020-07-01 00:00
8,464622.65,776941.85,205117.44,0.0,515273.74,931408.2,2020-07-02 00:00
9,157001.82,208704.68,31462.5,0.0,301589.37,95579.63,2020-07-03 00:00
10,377654.28,762469.87,306359.75,0.0,1367364.15,79119.75,2020-07-04 00:00
11,583329.47,1096515.9,281630.12,0.0,1894951.47,66524.02,2020-07-05 00:00
12,469392.55,717692.29,161824.14,578056.3,1501858.66,425106.62,2020-07-06 00:00
13,200575.48,235690.78000000003,0.0,0.0,125191.28,311074.98,2020-07-07 00:00
14,136894.09,331307.12,0.0,0.0,341944.34,126256.87,2020-07-08 00:00
15,336788.41,396648.87,233346.0,123358.1,964547.38,125594.0,2020-07-09 00:00
16,133250.34,169909.08,0.0,0.0,267745.67,35413.75,2020-07-10 00:00
17,171130.99,246071.31,41104.0,0.0,31131.33,427174.97,2020-07-11 00:00
18,68339.06,74964.0,0.0,0.0,57500.2,85802.86,2020-07-12 00:00
19,704409.14,1317322.04,155647.69,0.0,1186765.54,990613.3299999998,2020-07-13 00:00
20,477203.53,478312.08,0.0,250710.27,766488.45,439737.43000000005,2020-07-14 00:00
21,9320848.0,1538929.27,0.0,0.0,7616925.0,3242852.27,2020-07-15 00:00
22,399397.13,0.0,0.0,0.0,221154.25,178242.88,2020-07-16 00:00
23,1383208.34,0.0,0.0,0.0,812487.9,570720.44,2020-07-17 00:00
24,680556.69,0.0,0.0,0.0,532134.44,148422.25,2020-07-18 00:00
25,204939.87,0.0,0.0,0.0,117522.37,87417.5,2020-07-19 00:00
26,676389.4400000001,0.0,0.0,0.0,661408.06,14981.38,2020-07-20 00:00
27,385667.27,0.0,0.0,0.0,72626.17,313041.1,2020-07-21 00:00
28,1073027.46,0.0,0.0,0.0,540653.4,532374.06,2020-07-22 00:00
29,80324.71,0.0,0.0,0.0,63661.05,16663.66,2020-07-23 00:00
30,1335308.66,0.0,0.0,0.0,837694.0,497614.66,2020-07-24 00:00
31,3882002.86,0.0,0.0,0.0,3596095.8,285907.06,2020-07-25 00:00
32,110581.9,0.0,0.0,0.0,59609.59,50972.31,2020-07-26 00:00
33,224042.8,0.0,0.0,0.0,221357.2,2685.6,2020-07-27 00:00
34,2891122.32,0.0,0.0,0.0,2779758.8,111363.52,2020-07-28 00:00
35,659125.34,0.0,0.0,0.0,140868.28,518257.06,2020-07-29 00:00
36,231913.81,0.0,0.0,0.0,93396.5,138517.31,2020-07-30 00:00
37,251198.89,0.0,0.0,0.0,201252.48,49946.41,2020-07-31 00:00
38,282934.85,0.0,0.0,0.0,259138.61,23796.24,2020-08-01 00:00
39,467334.87,0.0,0.0,0.0,454564.66,12770.21,2020-08-02 00:00
40,29186.81,0.0,0.0,0.0,1033.62,28153.19,2020-08-03 00:00
41,866861.4700000001,0.0,0.0,0.0,76583.67,790277.8,2020-08-04 00:00
42,1141924.47,0.0,0.0,0.0,150501.47,991423.0,2020-08-05 00:00
43,3019056.34,0.0,0.0,0.0,2645038.5,374017.84,2020-08-06 00:00
44,1112887.98,0.0,0.0,0.0,1040763.1,72124.88,2020-08-07 00:00
45,238887.59,0.0,0.0,0.0,212561.28,26326.31,2020-08-08 00:00
46,239641.85,0.0,0.0,0.0,236843.3,2798.55,2020-08-09 00:00
47,4624289.9,109704.04,0.0,0.0,4417490.54,316503.4,2020-08-10 00:00
48,249841.64,0.0,0.0,0.0,146027.38,103814.26,2020-08-11 00:00
49,405994.16,0.0,0.0,0.0,167166.69,238827.47,2020-08-12 00:00
50,210802.42,0.0,0.0,0.0,17511.78,193290.64,2020-08-13 00:00
51,881092.3999999999,0.0,0.0,0.0,538512.2,342580.2,2020-08-14 00:00
52,255815.63,0.0,0.0,0.0,189031.88,66783.75,2020-08-15 00:00
53,60248.4,0.0,0.0,0.0,50692.28,9556.12,2020-08-16 00:00
54,402854.95,0.0,0.0,0.0,216616.45,186238.5,2020-08-17 00:00
55,720243.74,0.0,0.0,0.0,140761.8,579481.94,2020-08-18 00:00
56,836096.99,133777.88,0.0,0.0,390053.07,579821.8,2020-08-19 00:00
57,944261.63,0.0,0.0,0.0,104205.23,840056.4,2020-08-20 00:00
58,1196782.55,0.0,0.0,0.0,1007609.6,189172.95,2020-08-21 00:00
59,420705.77,0.0,0.0,0.0,407337.4,13368.37,2020-08-22 00:00
60,69345.62,0.0,0.0,0.0,60609.9,8735.72,2020-08-23 00:00
61,340463.2,0.0,0.0,0.0,156026.95,184436.25,2020-08-24 00:00
62,278713.49,0.0,0.0,0.0,56583.72,222129.77,2020-08-25 00:00
63,727602.14,0.0,0.0,0.0,694495.75,33106.39,2020-08-26 00:00
64,73471.05,0.0,0.0,0.0,48581.23,24889.82,2020-08-27 00:00
65,1749838.78,173091.58,0.0,0.0,1908406.38,14523.98,2020-08-28 00:00
66,44539.19,0.0,0.0,0.0,17281.0,27258.19,2020-08-29 00:00
67,53978.2,0.0,0.0,0.0,19899.55,34078.65,2020-08-30 00:00
68,70864.85,0.0,0.0,0.0,33546.31,37318.54,2020-08-31 00:00
69,182901.49,0.0,0.0,0.0,23128.57,159772.92,2020-09-01 00:00
70,1003616.62,0.0,0.0,0.0,318002.22,685614.4,2020-09-02 00:00
71,327456.99,0.0,0.0,0.0,107029.65,220427.34,2020-09-03 00:00
72,11132621.47,1952583.1,0.0,0.0,504765.47,12580439.1,2020-09-04 00:00
73,3555919.5,0.0,0.0,0.0,803142.7,2752776.8,2020-09-05 00:00
74,2817975.4,0.0,0.0,0.0,453936.6,2364038.8,2020-09-06 00:00
75,12163819.2,0.0,0.0,0.0,3132940.2,9030879.0,2020-09-07 00:00
76,6908374.3,364823.05,0.0,0.0,4311774.05,2961423.3,2020-09-08 00:00
77,6644706.0,370889.12,0.0,0.0,4533394.32,2482200.8,2020-09-09 00:00
78,1235477.0,0.0,0.0,0.0,902033.06,333443.94,2020-09-10 00:00
79,696842.28,0.0,0.0,0.0,665335.0,31507.28,2020-09-11 00:00
80,3197751.0,133299.98,0.0,0.0,665744.2,2665306.78,2020-09-12 00:00
81,2391078.7,165112.0,0.0,0.0,685058.7,1871132.0,2020-09-13 00:00
82,32313404.0,8529066.7,0.0,0.0,28466626.5,12375844.2,2020-09-14 00:00
83,3975475.6,486866.9,0.0,0.0,3437095.1,1025247.4,2020-09-15 00:00
84,4408604.8,130805.21,0.0,0.0,3937955.71,601454.3,2020-09-16 00:00
85,1015944.23,398285.22,0.0,0.0,906693.64,507535.81000000006,2020-09-17 00:00
86,1346859.1800000002,680204.39,0.0,0.0,1387627.26,639436.31,2020-09-18 00:00
87,2269732.4000000004,4358520.5,0.0,0.0,6555661.7,72591.2,2020-09-19 00:00
88,4205100.1,4602270.07,0.0,0.0,8169212.8,638157.3700000001,2020-09-20 00:00
89,1242060.84,665176.41,0.0,0.0,1204159.38,703077.8700000001,2020-09-21 00:00
90,1088534.78,580748.48,0.0,0.0,1442242.65,227040.61,2020-09-22 00:00
91,1322100.64,896124.6,0.0,0.0,2170702.0,47523.24,2020-09-23 00:00
92,2063876.87,1441699.62,0.0,0.0,3041018.0,464558.49,2020-09-24 00:00
93,1060655.37,503391.98,0.0,0.0,1085689.0,478358.35,2020-09-25 00:00
94,2927919.74,1976017.58,0.0,0.0,700959.32,4202978.0,2020-09-26 00:00
95,1546664.64,918734.65,0.0,0.0,1701223.64,764175.6499999999,2020-09-27 00:00
96,2027024.48,1188713.85,0.0,0.0,2916002.7,299735.63,2020-09-28 00:00
97,756639.0900000001,503593.56,0.0,0.0,867298.03,392934.62,2020-09-29 00:00
98,2175076.67,1258536.6,0.0,0.0,3246748.1,186865.17,2020-09-30 00:00
99,2347638.9200000004,2087016.66,0.0,0.0,4237869.2,196786.38,2020-10-01 00:00
100,1785416.28,1360771.23,0.0,0.0,2873700.5,272487.01,2020-10-02 00:00
101,795882.18,202875.12,0.0,0.0,790491.92,208265.38,2020-10-03 00:00
102,2449053.0,2658352.6300000004,0.0,0.0,4926311.0,181094.63,2020-10-04 00:00
103,405028.84,254199.73,0.0,0.0,483395.58,175832.99,2020-10-05 00:00
104,559126.96,33162.35,0.0,0.0,168543.08,423746.23,2020-10-06 00:00
105,1639829.54,603909.2000000001,0.0,0.0,2083901.2,159837.54,2020-10-07 00:00
106,2514993.0,1263310.71,0.0,0.0,3365878.0,412425.71,2020-10-08 00:00
107,573165.97,178192.02,0.0,0.0,297548.65,453809.34,2020-10-09 00:00
108,921069.22,330296.22,0.0,0.0,925499.63,325865.80999999994,2020-10-10 00:00
109,507213.88,85186.27,0.0,0.0,126166.5,466233.65,2020-10-11 00:00
110,753708.67,428051.56,0.0,0.0,88651.11,1093109.12,2020-10-12 00:00
111,1777177.1,747239.99,0.0,0.0,466189.49,2058227.6,2020-10-13 00:00
112,4296156.8,1780577.5699999998,0.0,0.0,893814.27,5182920.1,2020-10-14 00:00
113,7547151.06,10077389.23,0.0,0.0,16656201.5,968338.79,2020-10-15 00:00
114,6063967.2,5175404.78,0.0,0.0,10506577.0,732794.98,2020-10-16 00:00
115,7475649.7,7939698.5,0.0,0.0,14126469.0,1288879.2,2020-10-17 00:00
116,4118388.8,1903084.56,0.0,0.0,5039161.9,982311.46,2020-10-18 00:00
117,6286230.0,4910200.06,0.0,0.0,8973103.5,2223326.56,2020-10-19 00:00
118,1825998.8,728172.59,0.0,0.0,1712007.6,842163.79,2020-10-20 00:00
119,1227368.76,166956.90999999997,0.0,0.0,710554.9299999999,683770.74,2020-10-21 00:00
120,1272481.8,682956.06,0.0,0.0,1063634.2000000002,891803.6599999999,2020-10-22 00:00
121,1619651.4,443119.0,0.0,0.0,552319.5800000001,1510450.8199999998,2020-10-23 00:00
122,786502.12,161007.02000000002,0.0,0.0,705756.42,241752.72,2020-10-24 00:00
123,387686.34,24702.87,0.0,0.0,146692.42,265696.79000000004,2020-10-25 00:00
124,2406503.8,1041834.06,0.0,0.0,2208142.4,1240195.46,2020-10-26 00:00
125,1362485.7,576801.81,0.0,0.0,951866.07,987421.44,2020-10-27 00:00
126,995765.34,150671.17,0.0,0.0,985215.66,161220.85,2020-10-28 00:00
127,979340.7,504380.32,0.0,0.0,986909.12,496811.9,2020-10-29 00:00
128,1114487.34,361472.47,0.0,0.0,303057.94,1172901.87,2020-10-30 00:00
129,1039761.74,297694.21,0.0,0.0,491725.39,845730.56,2020-10-31 00:00
130,526178.11,56689.11,0.0,0.0,398051.95,184815.27,2020-11-01 00:00
131,577083.48,407873.4,0.0,0.0,972916.6,12040.28,2020-11-02 00:00
132,4095737.48,1606203.44,0.0,0.0,5371362.1,330578.82,2020-11-03 00:00
133,658859.72,75512.79000000001,0.0,0.0,387936.02,346436.49,2020-11-04 00:00
134,370306.82,60424.28,0.0,0.0,233767.3,196963.8,2020-11-05 00:00
135,3322163.8,1775590.66,0.0,0.0,3608809.1,1488945.36,2020-11-06 00:00
136,1120542.7,422122.5,0.0,0.0,298144.0,1244521.2,2020-11-07 00:00
137,656286.1799999999,426371.9,0.0,0.0,252224.58,830433.5,2020-11-08 00:00
138,659264.6799999999,100245.39,0.0,0.0,290973.22,468536.85,2020-11-09 00:00
139,649168.12,290533.9,0.0,0.0,80124.92,859577.1,2020-11-10 00:00
140,714778.07,212200.93,0.0,0.0,703606.29,223372.71,2020-11-11 00:00
141,245992.31,93009.01,0.0,0.0,221473.46,117527.86,2020-11-12 00:00
142,694109.76,239436.62,0.0,0.0,185134.7,748411.6799999999,2020-11-13 00:00
143,2072385.47,1085714.09,0.0,0.0,2887975.44,270124.12,2020-11-14 00:00
144,230316.48,145987.58,0.0,0.0,64740.1,311563.96,2020-11-15 00:00
145,219859.97,17029.64,0.0,0.0,129482.81,107406.8,2020-11-16 00:00
146,442113.56,107664.44,0.0,0.0,60382.09,489395.91,2020-11-17 00:00
147,729056.5800000001,27958.45,0.0,0.0,540419.83,216595.2,2020-11-18 00:00
148,709534.18,339571.03,0.0,0.0,877879.41,171225.8,2020-11-19 00:00
149,743586.81,166303.65,0.0,0.0,296499.17,613391.29,2020-11-20 00:00
150,988830.92,543032.7,0.0,0.0,70714.98,1461148.64,2020-11-21 00:00
151,1266917.53,1081348.3,0.0,0.0,254848.77,2093417.06,2020-11-22 00:00
152,333716.05,105409.23,0.0,0.0,278607.78,160517.5,2020-11-23 00:00
153,1226858.76,994871.74,0.0,0.0,1074576.0,1147154.5,2020-11-24 00:00
154,1306473.34,405972.24,0.0,0.0,1030620.0,681825.58,2020-11-25 00:00
155,551937.0800000001,64569.88,0.0,0.0,402279.58,214227.38,2020-11-26 00:00
156,577587.09,104168.42,0.0,0.0,550432.17,131323.34,2020-11-27 00:00
157,1489854.16,963232.3,0.0,0.0,2247814.4000000004,205272.06,2020-11-28 00:00
158,120866.74,82452.74,0.0,0.0,96341.61,106977.87,2020-11-29 00:00
159,339723.78,56070.93,0.0,0.0,16738.68,379056.03,2020-11-30 00:00
160,357288.12999999995,182289.84,0.0,0.0,15661.16,523916.81,2020-12-01 00:00
161,1087948.4,659258.94,0.0,0.0,1706524.5,40682.84,2020-12-02 00:00
162,366047.95,38310.8,0.0,0.0,140218.2,264140.55,2020-12-03 00:00
163,2099196.8,488528.56,0.0,0.0,985068.7,1602656.66,2020-12-04 00:00
164,593613.64,78851.62,0.0,0.0,519854.52,152610.74000000002,2020-12-05 00:00
165,1497398.4,1836136.36,0.0,0.0,2850529.5,483005.26,2020-12-06 00:00
166,875293.4099999999,1359816.0,0.0,0.0,2133542.1,101567.31,2020-12-07 00:00
167,1874600.05,4399970.7,0.0,0.0,4771123.8,1503446.95,2020-12-08 00:00
168,2093132.27,3074085.13,0.0,0.0,4861915.1,305302.3,2020-12-09 00:00
169,787556.91,2375718.25,0.0,0.0,2898234.3,265040.86,2020-12-10 00:00
170,694294.44,621384.44,0.0,0.0,344067.63,971611.25,2020-12-11 00:00
171,331844.97,272380.47,0.0,0.0,522336.57,81888.87,2020-12-12 00:00
172,757285.0399999999,816545.06,0.0,0.0,45607.1,1528223.0,2020-12-13 00:00
173,2675764.9000000004,3961135.8,0.0,0.0,2228173.1,4408727.6,2020-12-14 00:00
174,1795010.66,1752888.7,0.0,0.0,2489587.8,1058311.56,2020-12-15 00:00
175,4028842.1,8345789.5,0.0,0.0,7955132.5,4419499.1,2020-12-16 00:00
176,1567899.1,1907264.5,0.0,0.0,1780725.3,1694438.3,2020-12-17 00:00
177,2527345.12,3008796.4,0.0,0.0,4475175.3,1060966.22,2020-12-18 00:00
178,1090939.2999999998,790266.74,0.0,0.0,1271100.64,610105.3999999999,2020-12-19 00:00
179,878540.91,1047271.28,0.0,0.0,488968.0,1436844.19,2020-12-20 00:00
180,1585903.25,4514376.3,0.0,0.0,5892161.2,208118.35,2020-12-21 00:00
181,1071226.1,933419.36,0.0,0.0,841496.5999999999,1163148.86,2020-12-22 00:00
182,2208992.72,4373507.38,0.0,0.0,5735772.1,846728.0,2020-12-23 00:00
183,1244571.23,1746819.94,0.0,0.0,1000127.47,1991263.7,2020-12-24 00:00
184,5767812.3,19611919.8,0.0,0.0,20732394.5,4647337.6,2020-12-25 00:00
185,902807.76,1556065.38,0.0,0.0,1530016.54,928856.6,2020-12-26 00:00
186,2074132.5,5379318.2,0.0,0.0,2169605.9,5283844.8,2020-12-27 00:00
187,2545234.9,5339366.8,0.0,0.0,1978965.4,5905636.3,2020-12-28 00:00
188,4424072.300000001,10143762.0,783437.94,0.0,9419330.14,5931942.1,2020-12-29 00:00
189,6704310.0,17617684.0,0.0,0.0,12036652.5,12285341.5,2020-12-30 00:00
190,3999103.7,13760963.8,0.0,0.0,14215882.2,3544185.3,2020-12-31 00:00
191,87084.74,158911.25,0.0,0.0,170137.89,75858.1,2021-01-01 00:00
192,2107095.96,3750912.8,0.0,0.0,1892456.06,3965552.7,2021-01-02 00:00
193,2137455.96,6392291.4,0.0,0.0,3458429.76,5071317.6,2021-01-03 00:00
194,1637920.2000000002,2578844.9,0.0,0.0,1732010.4,2484754.7,2021-01-04 00:00
195,2183224.26,6172225.75,0.0,0.0,7494213.6,861236.4099999999,2021-01-05 00:00
196,677735.6599999999,1587588.5,0.0,0.0,894712.8600000001,1370611.2999999998,2021-01-06 00:00
197,599887.5800000001,1712238.9,0.0,0.0,1418262.9,893863.5800000001,2021-01-07 00:00
198,1430522.2200000002,4535703.53,0.0,0.0,644475.15,5321750.6,2021-01-08 00:00
199,1350678.14,3071323.2,0.0,0.0,2970736.9000000004,1451264.44,2021-01-09 00:00
200,114324.52,323312.97,0.0,0.0,29552.22,408085.27,2021-01-10 00:00
201,2161108.8,9568557.7,0.0,0.0,643546.6000000001,11086119.9,2021-01-11 00:00
202,972239.76,1689755.12,0.0,0.0,2171073.9,490920.98,2021-01-12 00:00
203,5093956.359999999,16801232.2,0.0,0.0,18765456.8,3129731.76,2021-01-13 00:00
204,1009991.5,1480472.0,0.0,0.0,1556413.66,934049.84,2021-01-14 00:00
205,1622432.28,4568493.25,0.0,0.0,5217164.0,973761.53,2021-01-15 00:00
206,5072283.03,20537869.72,0.0,0.0,24822422.5,787730.25,2021-01-16 00:00
207,1632057.99,4441653.75,0.0,0.0,5809719.3,263992.44,2021-01-17 00:00
208,1791320.08,6665841.0,0.0,0.0,8350165.1,106995.98,2021-01-18 00:00
209,2752444.75,10673426.5,0.0,0.0,10864673.5,2561197.75,2021-01-19 00:00
210,2084021.84,5909415.6,0.0,0.0,3140219.74,4853217.699999999,2021-01-20 00:00
211,1336151.7,3008014.6,0.0,0.0,2834006.4,1510159.9,2021-01-21 00:00
212,2888258.6,7784329.3,0.0,0.0,5979067.0,4693520.9,2021-01-22 00:00
213,7135537.7,18831444.0,0.0,0.0,18714889.5,7252092.2,2021-01-23 00:00
214,4918391.4,7385714.7,817083.7,0.0,9151166.0,3970023.8,2021-01-24 00:00
215,2767456.4000000004,7193116.6,0.0,0.0,7302487.1,2658085.9000000004,2021-01-25 00:00
216,2653681.3000000003,5854261.62,0.0,0.0,8116387.2,391555.72,2021-01-26 00:00
217,1189526.0699999998,2405831.75,795582.6,0.0,2390182.1,2000758.32,2021-01-27 00:00
218,3879459.3,8829387.2,0.0,0.0,6502942.0,6205904.5,2021-01-28 00:00
219,5009209.2,11021279.2,0.0,0.0,5470584.2,10559904.2,2021-01-29 00:00
220,14440160.5,38893863.0,872821.3,0.0,35055701.0,19151143.8,2021-01-30 00:00
221,4292183.399999999,10109322.1,0.0,0.0,11602577.8,2798927.7,2021-01-31 00:00
222,5012972.2,10598052.2,0.0,0.0,12603673.0,3007351.4,2021-02-01 00:00
223,5369875.800000001,12755405.5,0.0,0.0,10759033.2,7366248.1,2021-02-02 00:00
224,7583207.3,24117100.0,951276.56,0.0,26463350.06,6188233.8,2021-02-03 00:00
225,5143992.1,11279265.2,0.0,0.0,11892158.5,4531098.800000001,2021-02-04 00:00
226,4941129.8,10964993.0,0.0,0.0,8505031.3,7401091.5,2021-02-05 00:00
227,13108250.5,35888756.0,3593844.0,0.0,46651683.0,5939167.5,2021-02-06 00:00
228,15560530.0,40972702.0,1045046.8,0.0,40864220.8,16714058.0,2021-02-07 00:00
229,6382656.0,13588724.2,0.0,0.0,13862773.0,6108607.2,2021-02-08 00:00
230,5097219.0,10594756.5,785704.4,2093614.0,7575519.5,10995774.4,2021-02-09 00:00
231,11062717.0,24877123.0,0.0,0.0,31072264.0,4867576.0,2021-02-10 00:00
232,9451658.8,27994841.0,2864588.0,0.0,30793956.0,9517131.8,2021-02-11 00:00
233,8504291.1,24469899.0,0.0,0.0,26150104.0,6824086.1,2021-02-12 00:00
234,3717118.94,10009968.0,0.0,0.0,10019472.5,3707614.44,2021-02-13 00:00
235,10990722.5,25275089.0,0.0,0.0,14284224.0,21981587.5,2021-02-14 00:00
236,22817534.2,67980954.0,2675557.0,0.0,85974893.0,7499152.2,2021-02-15 00:00
237,16282992.5,45657725.0,969431.56,0.0,53290318.56,9619830.5,2021-02-16 00:00
238,21455098.5,72331188.0,2365262.2,0.0,78115210.2,18036338.5,2021-02-17 00:00
239,5759105.4,15878257.5,929765.4,0.0,17138233.4,5428894.9,2021-02-18 00:00
240,6036468.3,10954194.0,0.0,0.0,7633074.5,9357587.8,2021-02-19 00:00
241,13307602.0,36819418.0,981619.9,0.0,24920298.0,26188341.9,2021-02-20 00:00
242,19833341.5,50962448.8,2636380.0,0.0,66907550.0,6524620.3,2021-02-21 00:00
243,13299792.5,32432586.0,0.0,0.0,29862566.0,15869812.5,2021-02-22 00:00
244,8262482.5,17053134.0,0.0,0.0,14109953.0,11205663.5,2021-02-23 00:00
245,8668569.8,24755930.0,0.0,0.0,19815034.0,13609465.8,2021-02-24 00:00
246,6024387.6,19402549.2,0.0,0.0,21934953.5,3491983.3000000003,2021-02-25 00:00
247,4855837.34,11291336.7,0.0,0.0,15117617.0,1029557.04,2021-02-26 00:00
248,4139854.94,10458781.0,0.0,0.0,12866999.0,1731636.94,2021-02-27 00:00
249,5320131.0,10748214.0,0.0,0.0,7572597.7,8495747.3,2021-02-28 00:00
250,13508679.5,31513851.0,1295076.4,0.0,14508414.5,31809192.4,2021-03-01 00:00
251,20788065.0,65246230.0,1779682.5,0.0,63181384.5,24632593.0,2021-03-02 00:00
252,7739428.8,16153924.5,1464892.9,0.0,8972842.3,16385403.9,2021-03-03 00:00
253,9753174.3,16698385.2,8677712.5,943493.25,30081637.75,5991127.5,2021-03-04 00:00
254,16748722.4,45365177.0,12192551.25,1742297.1,72797105.1,3251642.65,2021-03-05 00:00
255,11293151.0,29189957.0,6112453.9,0.0,21970750.9,24624811.0,2021-03-06 00:00
256,8256830.3,18252851.5,0.0,0.0,18762610.5,7747071.3,2021-03-07 00:00
257,10438910.9,42559996.0,1906469.0,1838949.6,50487822.6,6256502.9,2021-03-08 00:00
258,2678208.5,6646448.0,0.0,0.0,4320131.5,5004525.0,2021-03-09 00:00
259,3737644.06,9894938.1,0.0,0.0,12086838.5,1545743.66,2021-03-10 00:00
260,6998219.9,21249179.5,4589256.5,0.0,23915686.5,8920969.4,2021-03-11 00:00
261,3279600.72,9787231.94,961203.75,0.0,13018155.75,1009880.66,2021-03-12 00:00
262,15210452.5,65599042.5,17292676.0,1794386.9,96032638.9,3863919.0,2021-03-13 00:00
263,4721234.25,11355148.2,1766265.1,0.0,14648930.6,3193716.95,2021-03-14 00:00
264,4783800.6,12941758.2,0.0,0.0,14929676.2,2795882.6,2021-03-15 00:00
265,4101242.4,9730982.5,1059637.5,0.0,5193980.7,9697881.7,2021-03-16 00:00
266,3248010.8,7498996.8,1107248.6,0.0,8276102.8,3578153.4,2021-03-17 00:00
267,7178980.0,23062826.0,2823501.0,0.0,21478789.5,11586517.5,2021-03-18 00:00
268,13532757.8,67006074.5,9108057.0,0.0,86765595.0,2881294.3,2021-03-19 00:00
269,29939193.5,128853904.0,18129639.75,5478136.0,175545524.0,6855349.25,2021-03-20 00:00
270,36916141.5,122051478.0,18619172.0,1526625.5,159733525.5,19379891.5,2021-03-21 00:00
271,9984752.5,25537782.0,2798582.5,0.0,29588794.0,8732323.0,2021-03-22 00:00
272,4485948.4,11416128.7,963332.75,0.0,12220304.05,4645105.800000001,2021-03-23 00:00
273,13866507.2,29609252.0,4765842.0,0.0,40188794.0,8052807.2,2021-03-24 00:00
274,5333813.5,11528573.1,917449.8,0.0,14992655.3,2787181.1,2021-03-25 00:00
275,13040502.5,30075929.5,3142099.2,0.0,42799727.2,3458804.0,2021-03-26 00:00
276,6002314.3,16464392.0,3070126.0,0.0,4052796.8,21484035.5,2021-03-27 00:00
277,4557317.0,8485493.2,1959961.5,0.0,9085052.8,5917718.9,2021-03-28 00:00
278,7796580.5,16579422.5,5462907.0,0.0,20857933.5,8980976.5,2021-03-29 00:00
279,6167107.2,17261059.0,0.0,0.0,17499796.0,5928370.2,2021-03-30 00:00
280,7809821.56,23226886.6,940735.56,0.0,29750853.06,2226590.66,2021-03-31 00:00
281,4758519.699999999,10937466.2,1040630.5,0.0,11291028.8,5445587.6,2021-04-01 00:00
282,7634428.0,13973024.5,854500.0,0.0,8627205.3,13834747.2,2021-04-02 00:00
283,7133236.2,17857200.0,2756868.8,0.0,12987636.3,14759668.7,2021-04-03 00:00
284,6454394.8,21254466.5,2891836.5,0.0,6868267.3,23732430.5,2021-04-04 00:00
285,6400516.3,18233805.8,952548.5,0.0,21341044.0,4245826.6,2021-04-05 00:00
286,10796728.8,36097175.5,4205088.5,0.0,46641790.5,4457202.3,2021-04-06 00:00
287,6398799.1,18101301.8,0.0,0.0,20665549.0,3834551.9,2021-04-07 00:00
288,4668347.3,10221868.5,3398352.2,0.0,7336319.0,10952249.0,2021-04-08 00:00
289,5767496.5,15306973.0,846640.94,0.0,16478847.94,5442262.5,2021-04-09 00:00
290,12858266.3,45848335.7,3365929.2,0.0,60328828.2,1743703.0,2021-04-10 00:00
291,5883530.8,19999795.0,1906218.8,0.0,24175390.8,3614153.8,2021-04-11 00:00
292,2472170.1,4851254.4,0.0,0.0,5709108.2,1614316.2999999998,2021-04-12 00:00
293,2098126.6,7115361.8,1054129.2,0.0,3707604.4,6560013.2,2021-04-13 00:00
294,4238902.45,13298199.8,2666882.5,0.0,17444435.7,2759549.05,2021-04-14 00:00
295,1654394.2,5570554.9,832374.4,0.0,2161981.6,5895341.9,2021-04-15 00:00
296,4665667.53,12505304.34,0.0,0.0,16696900.0,474071.87,2021-04-16 00:00
297,1950144.03,2849629.76,873269.75,0.0,4985981.95,687061.5900000001,2021-04-17 00:00
298,12596140.94,43100106.75,2634786.8,0.0,57061677.8,1269356.69,2021-04-18 00:00
299,2379405.34,6394206.2,0.0,0.0,5820927.1,2952684.44,2021-04-19 00:00
300,17200988.9,59414978.2,3621567.0,0.0,75857520.0,4380014.1,2021-04-20 00:00
301,1981131.7,4403838.9,0.0,0.0,2240871.5,4144099.1,2021-04-21 00:00
302,2347265.7,7900039.7,870172.1,0.0,4327442.4,6790035.1,2021-04-22 00:00
303,1621639.26,3161709.0,0.0,0.0,2788549.06,1994799.2,2021-04-23 00:00
304,3220881.4,8456754.5,1883589.5,0.0,6601360.2,6959865.2,2021-04-24 00:00
305,3629592.8,6803933.6,0.0,0.0,3190166.4000000004,7243360.0,2021-04-25 00:00
306,5861589.1,22434811.0,963079.0,0.0,25445804.5,3813674.6,2021-04-26 00:00
307,6171664.8,16366810.5,990311.2,0.0,8186109.3,15342677.2,2021-04-27 00:00
308,8826251.8,24490069.0,4978692.2,0.0,16611015.0,21683998.0,2021-04-28 00:00
309,10499071.0,24250417.0,0.0,0.0,17261529.0,17487959.0,2021-04-29 00:00
310,15555711.0,52528460.0,4395119.0,0.0,64476815.0,8002475.0,2021-04-30 00:00
311,3849852.6,11548700.2,1947890.0,0.0,10160666.5,7185776.300000001,2021-05-01 00:00
312,6044655.5,18030089.2,1818436.46,0.0,20035368.56,5857812.600000001,2021-05-02 00:00
313,14072094.2,52287541.9,10751736.0,0.0,75132701.0,1978671.1,2021-05-03 00:00
314,4137282.6,9894000.0,868068.0,0.0,10692846.3,4206504.3,2021-05-04 00:00
315,1889276.8,2532073.6,0.0,0.0,2210541.9000000004,2210808.5,2021-05-05 00:00
316,4643429.0,10662145.8,3892776.5,0.0,4062756.3,15135595.0,2021-05-06 00:00
317,3077966.86,8806286.4,748970.75,0.0,11067689.55,1565534.46,2021-05-07 00:00
318,3409747.06,7596085.0,0.0,0.0,8478862.5,2526969.56,2021-05-08 00:00
319,3218725.2,10491522.7,0.0,0.0,4276255.6,9433992.3,2021-05-09 00:00
320,9647837.0,31829419.0,5027654.0,0.0,23928846.2,22576063.8,2021-05-10 00:00
321,5272709.0,12167235.0,1519744.8,0.0,8883334.5,10076354.3,2021-05-11 00:00
322,12790032.8,51395180.0,17059911.0,0.0,70169798.0,11075325.8,2021-05-12 00:00
323,3851110.1,10997064.7,0.0,0.0,13533413.0,1314761.7999999998,2021-05-13 00:00
324,28269186.8,130656476.0,21487436.0,0.0,170303026.0,10110072.8,2021-05-14 00:00
325,7032903.9,20199641.0,943539.9,0.0,22977220.4,5198864.4,2021-05-15 00:00
326,5728977.7,15563191.0,1574549.0,0.0,14837429.5,8029288.2,2021-05-16 00:00
327,7648598.8,15539637.0,2916753.2,0.0,8013860.8,18091128.2,2021-05-17 00:00
328,12012602.5,29458606.0,7648476.4,0.0,19758257.9,29361427.0,2021-05-18 00:00
329,38958968.5,127637786.0,20674456.9,0.0,156614864.0,30656347.4,2021-05-19 00:00
330,9109216.2,23284161.5,3997771.5,0.0,26895656.5,9495492.7,2021-05-20 00:00
331,5421545.0,9899228.2,1039896.44,0.0,6461770.2,9898899.44,2021-05-21 00:00
332,11670116.0,30269607.0,2843694.2,0.0,22599039.0,22184378.2,2021-05-22 00:00
333,4485922.9,10119962.5,0.0,0.0,7713043.3,6892842.1,2021-05-23 00:00
334,4362413.5,2448917.1,0.0,0.0,3584057.6,3227273.0,2021-05-24 00:00
335,6540925.2,4569797.0,0.0,0.0,4999913.4,6110808.8,2021-05-25 00:00
336,5519077.4,1644634.3,0.0,0.0,3615636.7,3548075.0,2021-05-26 00:00
337,5618776.4,2910408.3000000003,0.0,0.0,5661781.4,2867403.3000000003,2021-05-27 00:00
338,5754025.4,3598862.0,0.0,0.0,6026772.8,3326114.6,2021-05-28 00:00
339,6396680.0,2258000.96,0.0,0.0,4390513.699999999,4264167.26,2021-05-29 00:00
340,5805732.0,2413887.2,0.0,0.0,3063918.8000000003,5155700.4,2021-05-30 00:00
341,6526744.2,3050148.8,0.0,0.0,5069633.4,4507259.6,2021-05-31 00:00
342,3997082.0,1002728.07,0.0,0.0,1787956.07,3211854.0,2021-06-01 00:00
343,4656875.2,2253893.0,0.0,0.0,3021946.8,3888821.4,2021-06-02 00:00
344,5420733.0,3155847.56,0.0,0.0,5449159.2,3127421.36,2021-06-03 00:00
345,4537715.2,2108881.84,0.0,0.0,3877148.1,2769448.94,2021-06-04 00:00
346,3154460.5,1679836.15,0.0,0.0,2567720.8,2266575.85,2021-06-05 00:00
347,2833389.7,1247564.16,0.0,0.0,1537574.62,2543379.24,2021-06-06 00:00
348,8042247.7,4724044.5,0.0,0.0,9017916.7,3748375.5,2021-06-07 00:00
349,5714461.5,3117989.5,0.0,0.0,3437436.0,5395015.0,2021-06-08 00:00
350,3377594.1,952861.83,0.0,0.0,2564707.43,1765748.5,2021-06-09 00:00
351,3160385.3,951073.56,0.0,0.0,2772345.6,1339113.26,2021-06-10 00:00
352,4577457.4,1782479.94,0.0,0.0,3858952.3,2500985.04,2021-06-11 00:00
353,2361062.3,457919.92,0.0,0.0,1794277.36,1024704.86,2021-06-12 00:00
354,3034443.6,1637476.83,0.0,0.0,1212810.43,3459110.0,2021-06-13 00:00
355,3064762.2,667393.55,0.0,0.0,1887382.05,1844773.7,2021-06-14 00:00
356,2533717.85,1148467.28,0.0,0.0,2912908.6,769276.53,2021-06-15 00:00
357,3067321.2,1317539.36,0.0,0.0,2683733.0,1701127.5599999998,2021-06-16 00:00
358,4203741.0,1644761.75,0.0,0.0,4363871.8,1484630.95,2021-06-17 00:00
359,4487122.0,1763602.7000000002,0.0,0.0,3403255.0,2847469.7,2021-06-18 00:00
360,3909076.1,1543314.84,0.0,0.0,3828903.0,1623487.9400000002,2021-06-19 00:00
361,9206942.5,6035625.2,0.0,0.0,8913155.5,6329412.2,2021-06-20 00:00
362,9327231.2,3929974.2,0.0,0.0,8484193.2,4773012.2,2021-06-21 00:00
363,5719674.4,2760092.3600000003,0.0,0.0,3932411.76,4547355.0,2021-06-22 00:00
364,3118505.4,768907.5,0.0,0.0,2170899.9,1716513.0,2021-06-23 00:00
365,4652195.5,1676411.46,0.0,0.0,4476795.9,1851811.06,2021-06-24 00:00
366,5170930.5,2647840.56,0.0,0.0,4887702.5,2931068.56,2021-06-25 00:00
367,3127195.5,1529180.35,0.0,0.0,2187505.75,2468870.1,2021-06-26 00:00
368,4144750.3,1755844.06,0.0,0.0,2007272.36,3893322.0,2021-06-27 00:00
369,4687722.7,2135862.6,0.0,0.0,3286865.9,3536719.4000000004,2021-06-28 00:00
370,4273755.0,2077985.16,0.0,0.0,4341043.3,2010696.86,2021-06-29 00:00
371,5377264.4,3527005.4000000004,0.0,0.0,4247184.0,4657085.800000001,2021-06-30 00:00
372,3466958.7,1363582.16,0.0,0.0,2950689.1,1879851.76,2021-07-01 00:00
373,2297957.25,1089565.7999999998,0.0,0.0,1383118.35,2004404.7,2021-07-02 00:00
374,2160007.5,1249510.8,0.0,0.0,1268322.6,2141195.7,2021-07-03 00:00
375,3612159.9,2017772.9,0.0,0.0,3568890.8,2061042.0,2021-07-04 00:00
376,3438259.1,2107071.06,0.0,0.0,2339550.16,3205780.0,2021-07-05 00:00
377,2306706.3,942869.24,0.0,0.0,1291895.9,1957679.64,2021-07-06 00:00
378,3725513.3,1471291.12,0.0,0.0,3816270.8,1380533.62,2021-07-07 00:00
379,4285631.4,2443246.2,0.0,0.0,3923954.0,2804923.6,2021-07-08 00:00
380,2596186.96,812431.8600000001,0.0,0.0,2208369.46,1200249.36,2021-07-09 00:00
381,2528945.6,380143.8,0.0,0.0,1369462.69,1539626.71,2021-07-10 00:00
382,1830286.86,1262242.04,0.0,0.0,1708938.9,1383590.0,2021-07-11 00:00
383,3760705.0,1771363.07,0.0,0.0,3838022.9,1694045.17,2021-07-12 00:00
384,4607819.8,2777257.2,0.0,0.0,4398017.4,2987059.6,2021-07-13 00:00
385,3182118.9,938940.66,0.0,0.0,2549436.96,1571622.6,2021-07-14 00:00
386,3676307.7,1917749.06,0.0,0.0,3350781.7,2243275.06,2021-07-15 00:00
387,2489748.4,1001284.5,0.0,0.0,2288943.15,1202089.75,2021-07-16 00:00
388,2490456.7,1495152.2,0.0,0.0,1649167.7000000002,2336441.2,2021-07-17 00:00
389,2499143.5,1568979.35,0.0,0.0,3060304.3,1007818.55,2021-07-18 00:00
390,2835720.5,2613714.1,0.0,0.0,3882215.6,1567219.0,2021-07-19 00:00
391,2390095.6,954070.85,0.0,0.0,1001455.95,2342710.5,2021-07-20 00:00
392,4413071.6,3224532.56,0.0,0.0,2789201.46,4848402.7,2021-07-21 00:00
393,2040004.94,716132.56,0.0,0.0,1208742.66,1547394.84,2021-07-22 00:00
394,3608736.9,1670774.95,0.0,0.0,1478202.65,3801309.2,2021-07-23 00:00
395,2930484.8,1164074.41,0.0,0.0,2061462.76,2033096.45,2021-07-24 00:00
396,4489875.6,5735268.5,0.0,0.0,2501040.6,7724103.5,2021-07-25 00:00
397,5027244.3,4368479.7,0.0,0.0,5300057.0,4095667.0,2021-07-26 00:00
398,3041347.0,1254319.72,0.0,0.0,2338545.25,1957121.47,2021-07-27 00:00
399,1803126.2,556168.1,0.0,0.0,1133970.4,1225323.9,2021-07-28 00:00
400,2298914.1,1090888.8199999998,0.0,0.0,1281166.22,2108636.7,2021-07-29 00:00
401,2494921.46,1139361.46,0.0,0.0,914249.62,2720033.3,2021-07-30 00:00
402,3557270.36,1858817.52,0.0,0.0,1115882.6800000002,4300205.199999999,2021-07-31 00:00
403,7251353.6,3927116.5,0.0,0.0,5707166.8,5471303.3,2021-08-01 00:00
404,3899212.6,2621504.6,0.0,0.0,4680132.2,1840585.0,2021-08-02 00:00
405,3491872.1,1459918.4,0.0,0.0,1786358.3,3165432.2,2021-08-03 00:00
406,5714938.0,4033054.9,0.0,0.0,4740485.6,5007507.300000001,2021-08-04 00:00
407,3448582.8,1314100.64,0.0,0.0,1915843.84,2846839.6,2021-08-05 00:00
408,5648333.9,4335238.98,0.0,0.0,2363470.88,7620102.0,2021-08-06 00:00
409,5398945.2,1946739.45,0.0,0.0,3729744.75,3615939.9,2021-08-07 00:00
410,6394245.7,2764522.46,0.0,0.0,4304408.26,4854359.9,2021-08-08 00:00
411,4828957.0,1802050.85,0.0,0.0,3146971.55,3484036.3000000003,2021-08-09 00:00
412,3314986.6,2523293.8,0.0,0.0,1649961.5,4188318.9,2021-08-10 00:00
413,4091220.7,2578275.2,0.0,0.0,4589012.4,2080483.5,2021-08-11 00:00
414,4470875.2,3480499.8,0.0,0.0,3004004.2,4947370.8,2021-08-12 00:00
415,3001672.0,2007091.0,0.0,0.0,1958429.9,3050333.1,2021-08-13 00:00
416,2219565.96,725057.38,0.0,0.0,1817242.18,1127381.16,2021-08-14 00:00
417,3767737.2,3054801.0,0.0,0.0,2868048.6,3954489.6,2021-08-15 00:00
418,3314735.1,3501092.5,0.0,0.0,4544480.7,2271346.9,2021-08-16 00:00
419,4997322.6,3120332.5,0.0,0.0,5808366.0,2309289.1,2021-08-17 00:00
420,3046956.3,1113018.3,0.0,0.0,2909444.1,1250530.5,2021-08-18 00:00
421,2969001.6,2842614.26,742120.75,0.0,706651.86,5847084.75,2021-08-19 00:00
422,2389036.5,2136371.44,0.0,0.0,1813415.94,2711992.0,2021-08-20 00:00
423,1626322.37,1014561.75,0.0,0.0,2253687.65,387196.47,2021-08-21 00:00
424,3101140.55,1795436.28,0.0,0.0,1190018.23,3706558.6,2021-08-22 00:00
425,3040023.8,1496087.98,0.0,0.0,3157477.7,1378634.08,2021-08-23 00:00
426,3846345.9,2852698.0,0.0,0.0,4471471.1,2227572.8,2021-08-24 00:00
427,3163258.75,2022700.7,0.0,0.0,3465707.0,1720252.45,2021-08-25 00:00
428,1867430.86,1506918.5,0.0,0.0,1303032.46,2071316.9,2021-08-26 00:00
429,968566.72,365734.14,0.0,0.0,405099.08,929201.78,2021-08-27 00:00
430,1259830.9,500016.79,0.0,0.0,1168064.98,591782.71,2021-08-28 00:00
431,1271639.54,384242.36,0.0,0.0,748042.1799999999,907839.72,2021-08-29 00:00
432,4432802.9,2544889.25,0.0,0.0,2253037.65,4724654.5,2021-08-30 00:00
433,2833755.4,1584763.33,0.0,0.0,1019739.53,3398779.2,2021-08-31 00:00
434,3534770.8,2528160.9,0.0,0.0,1627164.1,4435767.6,2021-09-01 00:00
435,3014805.6,2822398.25,0.0,0.0,1314773.75,4522430.1,2021-09-02 00:00
436,1615945.25,784969.75,0.0,0.0,1342406.78,1058508.22,2021-09-03 00:00
437,1868955.04,810125.97,0.0,0.0,1597086.6,1081994.41,2021-09-04 00:00
438,1675676.15,2706345.8600000003,980117.9,1865539.6,3577333.45,3650346.06,2021-09-05 00:00
439,5640506.7,17318205.0,5070317.2,3950356.8,24544376.5,7435009.2,2021-09-06 00:00
440,5378587.0,10328118.2,923684.7,0.0,10930422.9,5699967.0,2021-09-07 00:00
441,2910862.8,6647179.8,0.0,0.0,4221079.6,5336963.0,2021-09-08 00:00
442,2766614.8,4694400.0,0.0,0.0,5108682.4,2352332.4,2021-09-09 00:00
443,2159313.5,5621786.8,0.0,0.0,4774108.5,3006991.8,2021-09-10 00:00
444,1623570.96,3450344.7,0.0,0.0,2629487.26,2444428.4,2021-09-11 00:00
445,3561979.4000000004,9163902.3,0.0,0.0,8042104.7,4683777.0,2021-09-12 00:00
446,1648538.81,2320983.24,0.0,0.0,1003623.0,2965899.05,2021-09-13 00:00
447,1551873.26,3153536.3000000003,0.0,0.0,1183718.66,3521690.9000000004,2021-09-14 00:00
448,2325694.0,5050932.2,0.0,0.0,4090277.3,3286348.9,2021-09-15 00:00
449,2091516.45,4950628.94,0.0,0.0,5809914.2,1232231.19,2021-09-16 00:00
450,1737878.3,3206985.4,0.0,0.0,2779755.8,2165107.9,2021-09-17 00:00
451,1666699.12,3539609.4,0.0,0.0,4205709.4,1000599.12,2021-09-18 00:00
452,5059786.199999999,9534397.3,0.0,0.0,11771403.3,2822780.2,2021-09-19 00:00
453,4482862.7,9603593.5,0.0,0.0,7025581.0,7060875.2,2021-09-20 00:00
454,5249349.8,10025340.3,0.0,0.0,9213226.5,6061463.6,2021-09-21 00:00
455,2584770.2,4322410.2,0.0,0.0,2203900.2,4703280.2,2021-09-22 00:00
456,4636794.6,6462811.7,0.0,0.0,6650923.4,4448682.9,2021-09-23 00:00
457,2688733.8,5027725.7,0.0,0.0,3613141.1,4103318.4,2021-09-24 00:00
458,3270514.1,6380804.5,0.0,0.0,4540899.9,5110418.7,2021-09-25 00:00
459,2493258.3,4346400.359999999,0.0,0.0,1765303.06,5074355.6,2021-09-26 00:00
460,2927988.7,6326231.9,0.0,0.0,6885989.1,2368231.5,2021-09-27 00:00
461,2062669.6,2487746.6,0.0,0.0,2288348.9,2262067.3,2021-09-28 00:00
462,2531537.5,4700420.9,1006639.5,0.0,3146646.8,5091951.1,2021-09-29 00:00
463,2707159.35,6655990.7,0.0,0.0,2555725.95,6807424.1,2021-09-30 00:00
464,2179222.2,4964284.0,0.0,0.0,1648664.2999999998,5494841.9,2021-10-01 00:00
465,1969545.7,2323249.3,0.0,0.0,1719501.5,2573293.5,2021-10-02 00:00
466,2629663.3,4240365.4,0.0,0.0,4696857.3,2173171.4,2021-10-03 00:00
467,1905443.56,2974268.6,0.0,0.0,1824056.76,3055655.4,2021-10-04 00:00
468,3043545.6,7210071.2,0.0,0.0,3934994.3,6318622.5,2021-10-05 00:00
469,2270430.4,4169995.8,0.0,0.0,3958299.9,2482126.3,2021-10-06 00:00
470,1537421.9,3239712.2,0.0,0.0,2678923.1,2098211.0,2021-10-07 00:00
471,894500.06,912457.41,0.0,0.0,975272.94,831684.53,2021-10-08 00:00
472,1264543.47,1497067.24,0.0,0.0,2219568.9,542041.8099999999,2021-10-09 00:00
473,2032158.7,3167269.1,0.0,0.0,2721758.3,2477669.5,2021-10-10 00:00
474,2456790.9,5944725.9,0.0,0.0,5749774.2,2651742.6,2021-10-11 00:00
475,1385700.28,2953356.5,0.0,0.0,2466767.4,1872289.38,2021-10-12 00:00
476,3124746.75,11714803.8,0.0,0.0,3727004.55,11112546.0,2021-10-13 00:00
477,2111929.35,2591989.05,0.0,0.0,1959727.35,2744191.05,2021-10-14 00:00
478,1838466.8,2913913.75,1932401.1,0.0,1421770.65,5263011.0,2021-10-15 00:00
479,1115498.2999999998,1575582.88,0.0,0.0,1666001.64,1025079.54,2021-10-16 00:00
480,2244047.2,6096608.8,2176724.5,0.0,6124113.600000001,4393266.9,2021-10-17 00:00
481,1581466.7999999998,1408035.62,0.0,0.0,1344559.16,1644943.26,2021-10-18 00:00
482,2046653.02,3737418.04,718754.0,0.0,555602.46,5947222.6,2021-10-19 00:00
483,5266064.3,10214112.8,0.0,0.0,6309409.3,9170767.8,2021-10-20 00:00
484,2674353.3,3272501.0,0.0,0.0,3425111.8,2521742.5,2021-10-21 00:00
485,2129591.7,2036343.35,0.0,0.0,2242461.35,1923473.7,2021-10-22 00:00
486,1858961.3,2175246.2,1176094.5,0.0,2412084.8,2798217.2,2021-10-23 00:00
487,2012797.3,3072658.55,0.0,0.0,1695986.15,3389469.7,2021-10-24 00:00
488,1288748.84,1182087.6,0.0,0.0,1224471.94,1246364.5,2021-10-25 00:00
489,4448648.0,11803113.5,0.0,1475470.4,11740798.7,5986433.2,2021-10-26 00:00
490,2420522.1,6062464.2,1007488.7,0.0,3442554.9,6047920.100000001,2021-10-27 00:00
491,2814212.5,6898214.1,0.0,0.0,2329151.1,7383275.5,2021-10-28 00:00
492,1452784.54,2685428.0,0.0,0.0,2651466.8,1486745.74,2021-10-29 00:00
493,2024371.3,5510326.0,0.0,1443461.6,5043428.1,3934730.8,2021-10-30 00:00
494,489104.14,570915.1,0.0,0.0,189967.94,870051.3,2021-10-31 00:00
